"GeneID","baseMean","log2FoldChange","lfcSE","stat","pvalue","padj","regulation","Symbol","GeneType","Description"
"9636",985.627404189307,2.00324172796074,0.420192935433846,4.76743314566297,1.86587880598192e-06,0.000125170429365974,"Up","ISG15","protein-coding","ISG15 ubiquitin like modifier"
"3604",179.916361036987,1.95788715172994,0.384159094547533,5.09655291132952,3.45893918236316e-07,3.66629060312791e-05,"Up","TNFRSF9","protein-coding","TNF receptor superfamily member 9"
"107984915",20.9842651118858,-3.5739457743115,0.771495291237665,-4.63249201246326,3.6129027899052e-06,0.00019919241200723,"Down","LOC107984915","ncRNA","uncharacterized LOC107984915"
"116362",353.293906977244,-2.1013024716393,0.478303406063538,-4.39324170599814,1.11672849946957e-05,0.000441547889852094,"Down","RBP7","protein-coding","retinol binding protein 7"
"105376759",54.1368872669445,-1.60871754720638,0.364410163836448,-4.41457924847671,1.01206636830544e-05,0.00040837037593044,"Down","LOC105376759","ncRNA","uncharacterized LOC105376759"
"1043",241.388548551925,1.95238065604511,0.458101229356995,4.26189787524807,2.02698075822852e-05,0.000661405889757677,"Up","CD52","protein-coding","CD52 molecule"
"2537",3290.17937657901,1.83941823850422,0.347472854758192,5.29370341687346,1.19863773258488e-07,1.67560385109215e-05,"Up","IFI6","protein-coding","interferon alpha inducible protein 6"
"7805",4832.49179717613,1.33595055977781,0.285347625673037,4.68183520583626,2.84318008434702e-06,0.000167626222765259,"Up","LAPTM5","protein-coding","lysosomal protein transmembrane 5"
"149086",13.9215512678296,2.93944204108668,0.680810980037812,4.31755968583736,1.57763755108687e-05,0.000556755004761255,"Up","LDC1P","pseudo","leucine decarboxylase 1, pseudogene"
"284551",12.3065078170121,2.83430396661222,0.642812955423773,4.40922035359992,1.03743425456659e-05,0.000417289985854127,"Up","LINC01226","ncRNA","long intergenic non-protein coding RNA 1226"
"105378626",78.6717245017448,-2.11304609712249,0.415712322985975,-5.08295275431076,3.71612159789384e-07,3.86446433810245e-05,"Down","LOC105378626","ncRNA","uncharacterized LOC105378626"
"64129",1414.18161931489,-2.02451083325295,0.446956834779956,-4.52954441170958,5.91110086219125e-06,0.000282650060292666,"Down","TINAGL1","protein-coding","tubulointerstitial nephritis antigen like 1"
"9132",61.8118183428414,-1.888233457825,0.335340344793031,-5.63079715025162,1.79378601302884e-08,4.58886337853039e-06,"Down","KCNQ4","protein-coding","potassium voltage-gated channel subfamily Q member 4"
"200010",104.316990410049,-1.57010844811324,0.331419083614932,-4.73753180108817,2.16336916594786e-06,0.000138705037602201,"Down","SLC5A9","protein-coding","solute carrier family 5 member 9"
"55268",1823.66929566623,-1.01666500733139,0.205308507596672,-4.95188932612877,7.34964021882912e-07,6.57407328944359e-05,"Down","ECHDC2","protein-coding","enoyl-CoA hydratase domain containing 2"
"105378741",14.4380097800917,-2.38477821044748,0.530913650510323,-4.49183818904485,7.06110643830904e-06,0.000318842250749831,"Down","LOC105378741","ncRNA","uncharacterized LOC105378741"
"105378744",13.4410002271504,-2.39201854914004,0.484634230531302,-4.93571934965815,7.98558721145612e-07,7.06876443056991e-05,"Down","LINC01767","ncRNA","long intergenic non-protein coding RNA 1767"
"57685",1032.22107292851,-1.33836222838977,0.316542037918002,-4.22807105556218,2.35703361323728e-05,0.000726477516793205,"Down","CACHD1","protein-coding","cache domain containing 1"
"101927084",69.3577073739645,-1.59291165679646,0.379340585163193,-4.19915959193027,2.67907455343357e-05,0.000791409760114754,"Down","LINC01359","ncRNA","long intergenic non-protein coding RNA 1359"
"10561",2508.37217042145,1.2915885549292,0.217719885352197,5.93234078200919,2.98645948220806e-09,1.23531550287016e-06,"Up","IFI44","protein-coding","interferon induced protein 44"
"255231",360.592925397949,1.72548866364947,0.384185491418425,4.49129054113656,7.07929006433836e-06,0.000318842250749831,"Up","MCOLN2","protein-coding","mucolipin TRP cation channel 2"
"255631",172.106485811593,1.31931085393164,0.216661250322918,6.08927924105165,1.13420141722323e-09,6.30763927291403e-07,"Up","COL24A1","protein-coding","collagen type XXIV alpha 1 chain"
"1301",4245.07741941158,3.34062827412017,0.688329621290567,4.85323916157602,1.2146106429981e-06,9.19294954709393e-05,"Up","COL11A1","protein-coding","collagen type XI alpha 1 chain"
"3749",1025.91111207709,-1.61488939315985,0.332920095654515,-4.85068163273534,1.23037902816491e-06,9.25317454880396e-05,"Down","KCNC4","protein-coding","potassium voltage-gated channel subfamily C member 4"
"963",1354.35056113085,1.35449291328765,0.291583076606395,4.64530702210838,3.39571065965731e-06,0.000190502346700336,"Up","CD53","protein-coding","CD53 molecule"
"829",4069.69492703457,1.04798705625603,0.175405580414864,5.97465059992599,2.30583838987234e-09,1.07250832163117e-06,"Up","CAPZA1","protein-coding","capping actin protein of muscle Z-line subunit alpha 1"
"333926",142.498578537152,1.37643468771017,0.252551427310015,5.45011644705757,5.03368504197369e-08,9.00501613592804e-06,"Up","PPM1J","protein-coding","protein phosphatase, Mg2+/Mn2+ dependent 1J"
"26191",461.626908557,1.14174951827547,0.237090703390164,4.81566548982971,1.46710116614986e-06,0.000106321195559336,"Up","PTPN22","protein-coding","protein tyrosine phosphatase non-receptor type 22"
"914",561.501941707957,1.76280229170559,0.37530563177232,4.69697798932844,2.64038891887952e-06,0.000161594328523387,"Up","CD2","protein-coding","CD2 molecule"
"128102",89.8955164045762,-2.2805354786394,0.386708873021239,-5.89729286742833,3.69513676909339e-09,1.4322574064689e-06,"Down","HSD3BP4","pseudo","hydroxy-delta-5-steroid dehydrogenase, 3 beta, pseudogene 4"
"644242",40.3940089220681,-1.672983661326,0.394859091384381,-4.2369131111063,2.26613779740464e-05,0.00070525957582975,"Down","LINC00622","ncRNA","long intergenic non-protein coding RNA 622"
"26227",830.565617959822,-1.36175521055082,0.266310305299977,-5.1134153784132,3.16385523072719e-07,3.44415934095587e-05,"Down","PHGDH","protein-coding","phosphoglycerate dehydrogenase"
"100996732",80.8907747175917,-1.15261523249403,0.260254873326405,-4.42879404240185,9.47614601314325e-06,0.000389740783453747,"Down","LINC02802","ncRNA","long intergenic non-protein coding RNA 2802"
"112268238",630.290898419997,1.55426252083807,0.326473517045798,4.76076140846681,1.92863945615751e-06,0.000126623102321254,"Up","LOC112268238","","replaced by ID 554313"
"112268240",26.0034596191245,-1.9010593280001,0.444581500962399,-4.27606484724357,1.90225834738375e-05,0.000631174747636461,"Down","CCDST","ncRNA","cervical cancer associated DHX9 suppressive transcript"
"7170",7561.00260860498,1.09307920529421,0.255758645801837,4.27387000688585,1.92109065043121e-05,0.000635774139965476,"Up","TPM3","protein-coding","tropomyosin 3"
"10763",3426.75522027737,-1.67657035808796,0.313814324182588,-5.34255522737859,9.16454365217171e-08,1.36306602156893e-05,"Down","NES","protein-coding","nestin"
"115352",173.87094597252,2.46232511101958,0.566419019855475,4.34717942848716,1.37899406370955e-05,0.000509071006226269,"Up","FCRL3","protein-coding","Fc receptor like 3"
"115350",165.300634728901,2.50167780247992,0.595370015557957,4.20188746007883,2.64698723996808e-05,0.000785437414590472,"Up","FCRL1","protein-coding","Fc receptor like 1"
"100505785",37.2422957039179,-1.79582580558069,0.379520817786743,-4.73182424103488,2.22511039434627e-06,0.000141598940567578,"Down","KIRREL1-IT1","ncRNA","KIRREL1 intronic transcript 1"
"477",531.52128486625,-2.84820474835656,0.652147320585378,-4.36742536302989,1.25719737132969e-05,0.000481461424451441,"Down","ATP1A2","protein-coding","ATPase Na+/K+ transporting subunit alpha 2"
"8832",1542.17484297664,1.22167803325351,0.256623820079701,4.76057925127173,1.93038112365292e-06,0.000126623102321254,"Up","CD84","protein-coding","CD84 molecule"
"2214",1915.36045169015,1.5696562419855,0.365462894027883,4.29498115304079,1.74708178116152e-05,0.000593543773249324,"Up","FCGR3A","protein-coding","Fc gamma receptor IIIa"
"84824",63.8317179544507,2.62870906501102,0.57009176937452,4.61102791905788,4.00682713997587e-06,0.000212220811376527,"Up","FCRLA","protein-coding","Fc receptor like A"
"105371586",49.5826810899222,-1.61063319138762,0.333485468157662,-4.82969527963406,1.36742150931247e-06,0.000100032809405639,"Down","FAM78B-AS1","ncRNA","FAM78B antisense RNA 1"
"6402",662.21608977301,1.94243732917171,0.428942570579923,4.5284321547884,5.94229543057974e-06,0.000283486291440807,"Up","SELL","protein-coding","selectin L"
"80133",56.16926734934,-1.91616771241772,0.462826737815906,-4.14014047991302,3.47093198024935e-05,0.000954767547513322,"Down","MROH9","protein-coding","maestro heat like repeat family member 9"
"388714",160.600096604322,-2.36351247232269,0.417753256261327,-5.65767576170414,1.5343665393687e-08,4.0466149288794e-06,"Down","FMO6P","pseudo","flavin containing dimethylaniline monoxygenase 6, pseudogene"
"4653",276.91520955129,-4.72750702203293,0.854379951332992,-5.53326071691773,3.14331702584241e-08,6.31925861012614e-06,"Down","MYOC","protein-coding","myocilin"
"100628315",942.986802534972,1.01632356147812,0.24481674263421,4.15136461069839,3.30498754709226e-05,0.000923015190280723,"Up","DNM3OS","ncRNA","DNM3 opposite strand/antisense RNA"
"60676",175.960996051866,-2.06654582779294,0.445179632903916,-4.64204935502736,3.44970428868483e-06,0.000191848554593772,"Down","PAPPA2","protein-coding","pappalysin 2"
"6004",308.609648006895,1.73294858092633,0.319414167967014,5.42539672537411,5.78259569817291e-08,9.92821229199056e-06,"Up","RGS16","protein-coding","regulator of G protein signaling 16"
"23057",220.20534774544,-2.45319459361796,0.515076733153602,-4.76277501140085,1.90948701378731e-06,0.000126223505908804,"Down","NMNAT2","protein-coding","nicotinamide nucleotide adenylyltransferase 2"
"5996",1095.37189580715,2.41666360099758,0.425360619872031,5.68144649056754,1.33560302125116e-08,3.7546589549063e-06,"Up","RGS1","protein-coding","regulator of G protein signaling 1"
"5788",5039.07231639019,1.48408462729928,0.298327527495956,4.9746821547314,6.53547842656098e-07,6.05763076479286e-05,"Up","PTPRC","protein-coding","protein tyrosine phosphatase receptor type C"
"5317",1187.58606080315,-2.28624484217308,0.495441663025434,-4.61455911521861,3.93930642804872e-06,0.000210386924931821,"Down","PKP1","protein-coding","plakophilin 1"
"25802",1239.23993394749,-1.54882559363271,0.301907213092341,-5.13013775911008,2.89530213332668e-07,3.19256979201565e-05,"Down","LMOD1","protein-coding","leiomodin 1"
"127833",156.890825918677,-1.40295607080243,0.286826627213009,-4.89130344847844,1.0017039204274e-06,8.05836153848232e-05,"Down","SYT2","protein-coding","synaptotagmin 2"
"134",224.12623816245,-1.77380757215677,0.387674508230257,-4.57550737667596,4.75067225982339e-06,0.000238951733600645,"Down","ADORA1","protein-coding","adenosine A1 receptor"
"284578",28.3200096394677,-3.17611226510179,0.676608498935922,-4.69416548875273,2.67697263170651e-06,0.000163442276525814,"Down","MFSD4A-AS1","ncRNA","MFSD4A antisense RNA 1"
"148808",143.544283698992,-1.23663410470561,0.268246728455192,-4.61006220589256,4.0254850220243e-06,0.000212768507920301,"Down","MFSD4A","protein-coding","major facilitator superfamily domain containing 4A"
"11009",59.4054315595493,2.16733348002288,0.497699931680544,4.35469917125488,1.33249780303412e-05,0.000498361970719574,"Up","IL24","protein-coding","interleukin 24"
"9214",403.604425866809,2.02214633062207,0.436615623088934,4.63141084214061,3.6318238818484e-06,0.000199429196485899,"Up","FCMR","protein-coding","Fc mu receptor"
"80342",561.904784657571,1.32618915127988,0.308338484322048,4.30108215066248,1.69966029247798e-05,0.000583633685935192,"Up","TRAF3IP3","protein-coding","TRAF3 interacting protein 3"
"148304",317.349711539369,1.00823400103025,0.234852396320348,4.29305392164267,1.76232184851671e-05,0.000597927288179769,"Up","C1orf74","protein-coding","chromosome 1 open reading frame 74"
"107984018",138.999948854521,-2.16478818788523,0.380801049450962,-5.6848272634921,1.30944943626717e-08,3.72203727539853e-06,"Down","LOC107984018","ncRNA","uncharacterized LOC107984018"
"79762",958.710626008985,-1.60686736239125,0.380306571461969,-4.22518957853962,2.38739710767204e-05,0.000734067221255603,"Down","C1orf115","protein-coding","chromosome 1 open reading frame 115"
"128312",189.426354401899,1.45422266955669,0.302422806255927,4.80857474857914,1.52010188540698e-06,0.000108623593386819,"Up","H2BC26","protein-coding","H2B clustered histone 26"
"55083",767.414374348684,1.95682197821857,0.424284376394546,4.61205287559047,3.98711533134992e-06,0.000212050285181666,"Up","KIF26B","protein-coding","kinesin family member 26B"
"54221",59.6604148041014,-2.07058360166722,0.483521927115228,-4.28229514640765,1.84975401226981e-05,0.00061856741361943,"Down","SNTG2","protein-coding","syntrophin gamma 2"
"728597",6.48982805325223,-3.82770395146027,0.859567380868222,-4.45305863932858,8.46556225208601e-06,0.000359271897608769,"Down","DCDC2C","protein-coding","doublecortin domain containing 2C"
"6664",451.315445728051,2.63689729564107,0.594975117855935,4.43194549907137,9.33866256372427e-06,0.000386572274603874,"Up","SOX11","protein-coding","SRY-box transcription factor 11"
"129607",458.073609153104,1.68996048957546,0.301766763053777,5.60022075484272,2.14079005141351e-08,5.00355907433088e-06,"Up","CMPK2","protein-coding","cytidine/uridine monophosphate kinase 2"
"91543",841.454904371037,1.98258155892626,0.385924708206424,5.1372237039195,2.78826972892027e-07,3.12370039265647e-05,"Up","RSAD2","protein-coding","radical S-adenosyl methionine domain containing 2"
"105373454",30.5508698310885,-2.119854424326,0.497086442675275,-4.26455892242229,2.00297483240122e-05,0.000656083254321229,"Down","LOC105373454","ncRNA","uncharacterized LOC105373454"
"4148",235.486430822307,2.31179183896276,0.317137539392256,7.28955595541589,3.10978258811319e-13,1.10338599889009e-09,"Up","MATN3","protein-coding","matrilin 3"
"6382",4798.73492679153,1.97700642456042,0.414165118248019,4.77347400216478,1.81074933464035e-06,0.000122835017808847,"Up","SDC1","protein-coding","syndecan 1"
"114818",279.423982544478,-1.2818251620619,0.286861075101629,-4.46845275751606,7.87874080157983e-06,0.000345026339690948,"Down","KLHL29","protein-coding","kelch like family member 29"
"105374325",49.7159823516818,-2.25148414938592,0.420677340386905,-5.35204522144022,8.69656575074965e-08,1.31730102076509e-05,"Down","LOC105374325","ncRNA","uncharacterized LOC105374325"
"102723401",22.2033430347998,-2.28320210726501,0.550027776132716,-4.15106692123508,3.30928977754953e-05,0.000923208845030231,"Down","LOC102723401","ncRNA","uncharacterized LOC102723401"
"51232",5058.73147821212,-1.25122429088287,0.27386716838307,-4.56872686956301,4.90695733351788e-06,0.000245655151675253,"Down","CRIM1","protein-coding","cysteine rich transmembrane BMP regulator 1"
"5212",207.634818256105,-1.68885217720156,0.378701097370412,-4.45959145333468,8.21160293969789e-06,0.000354248273867372,"Down","VIT","protein-coding","vitrin"
"285154",45.6082064981914,-1.64358196991427,0.307132338240741,-5.35138038322089,8.72858263491859e-08,1.31730102076509e-05,"Down","CYP1B1-AS1","ncRNA","CYP1B1 antisense RNA 1"
"107985871",25.1616734553551,-1.69541640640746,0.387057083421493,-4.3802748458196,1.18529710053388e-05,0.000460824778508477,"Down","LOC107985871","ncRNA","uncharacterized LOC107985871"
"105374468",28.440708122581,-4.74381708185824,0.845057158429426,-5.61360499054859,1.98154278005239e-08,4.78224786785852e-06,"Down","LOC105374468","ncRNA","uncharacterized LOC105374468"
"100996902",64.8618075990091,-4.59292533606565,0.846901606816453,-5.42321008615238,5.85381238084465e-08,9.98348188845119e-06,"Down","LINC01883","ncRNA","long intergenic non-protein coding RNA 1883"
"107985875",45.469384316539,-1.28098882463294,0.297390635153569,-4.30742825500021,1.65163641995609e-05,0.000573179455034682,"Down","LOC107985875","",""
"105374584",127.256382271934,-1.13331800100157,0.216469509104374,-5.23546251705651,1.64572221996541e-07,2.1480033587324e-05,"Down","LOC105374584","ncRNA","uncharacterized LOC105374584"
"56969",43.9753182993129,-2.27461193384198,0.485446397758782,-4.68560884238394,2.79128911537379e-06,0.000166124050830836,"Down","RPL23AP32","pseudo","ribosomal protein L23a pseudogene 32"
"105374771",108.245958519156,-1.58166999617104,0.289151182184963,-5.47004506161516,4.4992117201455e-08,8.40137476093155e-06,"Down","LGALSL-DT","ncRNA","LGALSL divergent transcript"
"100874334",21.4849368852761,-2.55547942236554,0.551883470973031,-4.63046921456072,3.64838026563211e-06,0.000199429196485899,"Down","TCF7L1-IT1","ncRNA","TCF7L1 intronic transcript 1"
"102724579",27.7419848061011,-2.74837250842602,0.498147559211184,-5.51718553590438,3.44471710005037e-08,6.71391482837727e-06,"Down","LOC102724579","ncRNA","uncharacterized LOC102724579"
"105374839",95.4603560729781,-2.36388439035447,0.364280880397082,-6.4891805130638,8.63045122278563e-11,1.05738113584779e-07,"Down","LOC105374839","",""
"28915",84.9012269580037,3.91011612965312,0.72264019261716,5.41087552228722,6.27173574870595e-08,1.0486506138784e-05,"Up","IGKV3-7","other","immunoglobulin kappa variable 3-7 (non-functional)"
"107985915",103.110791881004,-1.49324491022435,0.331820165966589,-4.50016323111207,6.79013007778926e-06,0.000312419258363318,"Down","LOC107985915","protein-coding","MAGE-like protein 2"
"5455",58.3475379215928,-3.41021201168063,0.786365432380522,-4.33667589044076,1.44653679354223e-05,0.000523413072876906,"Down","POU3F3","protein-coding","POU class 3 homeobox 3"
"84417",173.304992432098,-3.13783023930689,0.657047904757754,-4.77564910653474,1.79128505186595e-06,0.000122525813360521,"Down","ECRG4","protein-coding","ECRG4 augurin precursor"
"6574",1490.72800465309,1.07800816610625,0.221169148612956,4.8741344480769,1.09286545295496e-06,8.52368415167491e-05,"Up","SLC20A1","protein-coding","solute carrier family 20 member 1"
"729468",26.4466198690239,-2.65207109592967,0.476394068686028,-5.56696917584324,2.59208225455434e-08,5.57232338117723e-06,"Down","PGM5P4","pseudo","phosphoglucomutase 5 pseudogene 4"
"105373989",186.708205192142,-1.71127054699817,0.33140583315312,-5.16367056885056,2.42153716514852e-07,2.86795202587173e-05,"Down","LOC105373989","protein-coding","putative cuticle collagen 91"
"55679",728.817857387221,-1.57703080940716,0.35030115615465,-4.50192864539372,6.73395912210293e-06,0.000310953325382017,"Down","LIMS2","protein-coding","LIM zinc finger domain containing 2"
"2840",176.287999698919,-2.34410006772544,0.524628886686069,-4.46811093939651,7.89133796245844e-06,0.000345026339690948,"Down","GPR17","protein-coding","G protein-coupled receptor 17"
"112268426",219.410985094591,1.54422307727526,0.32983594208271,4.68179140067163,2.8437878461466e-06,0.000167626222765259,"Up","LOC112268426","",""
"7852",1180.48012601565,1.41759406542519,0.302947824963102,4.67933402590973,2.8780823265338e-06,0.00016891723656169,"Up","CXCR4","protein-coding","C-X-C motif chemokine receptor 4"
"9595",687.700969591047,1.23793450025051,0.291870152034312,4.24138779392892,2.22141937896292e-05,0.000697566329627851,"Up","CYTIP","protein-coding","cytohesin 1 interacting protein"
"151531",67.8603435591937,-2.54487798109978,0.511503988961569,-4.97528472117347,6.51518053104999e-07,6.05763076479286e-05,"Down","UPP2","protein-coding","uridine phosphorylase 2"
"101929532",167.10974520616,1.87929719908456,0.320530168913518,5.86308990961661,4.54332046614211e-09,1.66038891664068e-06,"Up","LOC101929532","ncRNA","uncharacterized LOC101929532"
"2191",1792.66926549227,1.85848752922492,0.315965641082798,5.88192919602264,4.05511819987054e-09,1.53262754993902e-06,"Up","FAP","protein-coding","fibroblast activation protein alpha"
"55137",426.992200886212,-1.7850952081953,0.425428537802234,-4.19599309772943,2.71678520222464e-05,0.00079977904537757,"Down","FIGN","protein-coding","fidgetin, microtubule severing factor"
"253782",2753.53664146787,1.08804983349314,0.250322014882435,4.34660065357873,1.38263618473594e-05,0.000509071006226269,"Up","CERS6","protein-coding","ceramide synthase 6"
"100861402",751.664295239891,1.16279485537043,0.273759467602533,4.24750554036976,2.16163821116133e-05,0.000690374890361163,"Up","CERS6-AS1","ncRNA","CERS6 antisense RNA 1"
"401021",157.337721857238,-1.19100641615148,0.23403290752554,-5.08905533304755,3.59851610474067e-07,3.78836374450517e-05,"Down","LOC401021","ncRNA","uncharacterized LOC401021"
"3232",133.203454529813,-1.36462766951296,0.237612560432602,-5.74307884662535,9.29704093802378e-09,2.8828231864753e-06,"Down","HOXD3","protein-coding","homeobox D3"
"107985967",54.1927895019626,-2.29546481222384,0.540308334766113,-4.24843494819952,2.15269136138692e-05,0.000690374890361163,"Down","LOC107985967","",""
"3676",1650.93897747385,1.07731126936601,0.260464279829372,4.13611904892197,3.53228987280112e-05,0.000966714773046431,"Up","ITGA4","protein-coding","integrin subunit alpha 4"
"375298",188.188122717771,1.34500411034376,0.299030250755392,4.49788644107443,6.86323368385288e-06,0.000313418282304346,"Up","CERKL","protein-coding","ceramide kinase like"
"401024",483.232513001492,-1.02994237056995,0.192462418814995,-5.35139471337509,8.72789132996537e-08,1.31730102076509e-05,"Down","FSIP2","protein-coding","fibrous sheath interacting protein 2"
"30061",8133.97486041894,1.36500324667108,0.296918542949077,4.59723139253444,4.28142049787209e-06,0.000221366178145282,"Up","SLC40A1","protein-coding","solute carrier family 40 member 1"
"6772",11136.6233110044,1.40653521893962,0.287805501498721,4.88710330975333,1.02330403792504e-06,8.1046947053246e-05,"Up","STAT1","protein-coding","signal transducer and activator of transcription 1"
"8436",1033.84464489566,-2.45924073535521,0.509329434879538,-4.82838918574743,1.37641892388339e-06,0.000100032809405639,"Down","CAVIN2","protein-coding","caveolae associated protein 2"
"105373813",58.8584138586466,-2.45264489119745,0.552812062734307,-4.43667035604512,9.1361037145745e-06,0.000381272112930253,"Down","CAVIN2-AS1","ncRNA","CAVIN2 and TMEFF2 antisense RNA 1"
"1493",187.848003704169,1.49023073249624,0.309554592005233,4.81411282850893,1.47855257843173e-06,0.000106848395653787,"Up","CTLA4","protein-coding","cytotoxic T-lymphocyte associated protein 4"
"29851",143.79833794089,2.18384664494941,0.414008490755187,5.27488371305112,1.32840294310825e-07,1.80761723886145e-05,"Up","ICOS","protein-coding","inducible T cell costimulator"
"22807",1046.27825280267,1.11158190090919,0.232065254456139,4.7899540304483,1.66819526096574e-06,0.000115966769472895,"Up","IKZF2","protein-coding","IKAROS family zinc finger 2"
"2335",104498.96613032,2.14435103126882,0.397250124032181,5.39798706543667,6.73927247590198e-08,1.10515428511875e-05,"Up","FN1","protein-coding","fibronectin 1"
"112268430",2081.85302629484,2.22904447729173,0.388196034250245,5.74205885847565,9.35322978959620e-09,2.8828231864753e-06,"Up","LOC112268430","",""
"105373878",101.893825514352,-1.73820295316945,0.415929515764467,-4.179080558817,2.92690001796162e-05,0.000845101086450273,"Down","TNS1-AS1","ncRNA","TNS1 antisense RNA 1"
"3580",120.042898551805,2.84884988517065,0.525919977091796,5.41688851776284,6.06451268480744e-08,1.02170292906085e-05,"Up","CXCR2P1","pseudo","C-X-C motif chemokine receptor 2 pseudogene 1"
"130340",176.891323379621,1.28154030335099,0.295114762595328,4.34251506797131,1.40860821280159e-05,0.000513319306266244,"Up","AP1S3","protein-coding","adaptor related protein complex 1 subunit sigma 3"
"80309",133.669795104967,-4.02296414517239,0.902868371901275,-4.45575930044018,8.35967849141221e-06,0.000358558651299779,"Down","SPHKAP","protein-coding","SPHK1 interactor, AKAP domain containing"
"92737",13.9524904133893,-2.82214673283539,0.656050987758824,-4.30171859427618,1.69478464762804e-05,0.000582741678166942,"Down","DNER","protein-coding","delta/notch like EGF repeat containing"
"85009",22.1815831694369,-1.34054894408419,0.320718768632116,-4.17982692376162,2.91731043778937e-05,0.000843284018299749,"Down","MGC16025","ncRNA","uncharacterized LOC85009"
"101927215",24.1920886103944,-1.92019661861262,0.399037532962186,-4.81207019389474,1.49374867459296e-06,0.000107340108408531,"Down","LINC01266","ncRNA","long intergenic non-protein coding RNA 1266"
"6854",228.848224025482,-2.97631505446153,0.695291475912819,-4.28067243389408,1.86329448839601e-05,0.000622206173508383,"Down","SYN2","protein-coding","synapsin II"
"116135",38.7807282099314,-3.22488524935201,0.743810203808872,-4.33562921406315,1.45343764798296e-05,0.000524426543169254,"Down","LRRC3B","protein-coding","leucine rich repeat containing 3B"
"8320",169.646628485961,1.83891653488071,0.423405682910934,4.34315506168475,1.40450926916231e-05,0.000512555722164198,"Up","EOMES","protein-coding","eomesodermin"
"1233",167.56979317656,2.2533612851636,0.459914489347722,4.89952227501998,9.60699587618451e-07,7.92794091950168e-05,"Up","CCR4","protein-coding","C-C motif chemokine receptor 4"
"105377642",8.40410220458885,-2.44990774778905,0.579156770524935,-4.23012882257856,2.33557523063413e-05,0.000721802534218842,"Down","LOC105377642","ncRNA","uncharacterized LOC105377642"
"3680",967.075778951799,-1.33420783337318,0.275821509272498,-4.83721460625845,1.31671242190895e-06,9.70724414330682e-05,"Down","ITGA9","protein-coding","integrin subunit alpha 9"
"101928153",56.2392757879238,-1.4892093158768,0.330853788386535,-4.50111006175624,6.75994886079205e-06,0.000311591012174382,"Down","ITGA9-AS1","ncRNA","ITGA9 antisense RNA 1"
"1237",26.6341727762961,2.22325270601383,0.515162559918586,4.31563331458945,1.59145969885845e-05,0.000560128598405596,"Up","CCR8","protein-coding","C-C motif chemokine receptor 8"
"105377043",89.0891944385777,-2.24550049234247,0.506038730964701,-4.43740835422162,9.10484661350297e-06,0.000380588539324564,"Down","LOC105377043","ncRNA","uncharacterized LOC105377043"
"7123",757.868162586911,-2.30700538093801,0.538001619809151,-4.28810118035777,1.80207007658223e-05,0.00060979572353342,"Down","CLEC3B","protein-coding","C-type lectin domain family 3 member B"
"1230",513.121496965292,1.16079397508672,0.269505301584612,4.30712853610522,1.65387513112518e-05,0.000573179455034682,"Up","CCR1","protein-coding","C-C motif chemokine receptor 1"
"1234",548.164730609295,1.56925932948441,0.372146720552906,4.21677591879065,2.47820013058769e-05,0.000755629508232351,"Up","CCR5","protein-coding","C-C motif chemokine receptor 5"
"3699",40.1478335069601,-1.41722351474218,0.332213060400922,-4.26600782350894,1.99001804352705e-05,0.000652674892173192,"Down","ITIH3","protein-coding","inter-alpha-trypsin inhibitor heavy chain 3"
"11170",321.876740782293,-2.21353187584485,0.507722547930688,-4.35972734491797,1.30224598751745e-05,0.000491362778968297,"Down","FAM107A","protein-coding","family with sequence similarity 107 member A"
"107986016",216.443929026777,-1.50015909844217,0.324140310389744,-4.62811643710217,3.69006539316969e-06,0.000199998417135735,"Down","LOC107986016","",""
"105377123",10.0918844939271,3.71264668073935,0.876663327495743,4.23497432172145,2.28577824183562e-05,0.000709645376002897,"Up","LOC105377123","ncRNA","uncharacterized LOC105377123"
"56999",1808.58716529033,-1.38485397942141,0.325010708611316,-4.26094877100672,2.03560893955098e-05,0.000663375132376983,"Down","ADAMTS9","protein-coding","ADAM metallopeptidase with thrombospondin type 1 motif 9"
"101929335",157.061270547251,-1.83273686704297,0.316219420325419,-5.79577581021719,6.80060614009019e-09,2.34591029316627e-06,"Down","ADAMTS9-AS1","ncRNA","ADAMTS9 antisense RNA 1"
"107986018",98.8507091080086,-1.34242456145515,0.306549125534456,-4.37914986420102,1.19143180319669e-05,0.000462506955832744,"Down","LOC107986018","ncRNA","uncharacterized LOC107986018"
"151877",134.8578063262,-1.44548914188515,0.298790804750164,-4.83779660854626,1.31286382604799e-06,9.70684462368775e-05,"Down","MAGI1-IT1","ncRNA","MAGI1 intronic transcript 1"
"84541",137.869931715591,1.47789321643935,0.288542040920586,5.12193374568284,3.02418157303435e-07,3.32036965671093e-05,"Up","KBTBD8","protein-coding","kelch repeat and BTB domain containing 8"
"101927296",61.2725826772987,-1.88410989194388,0.438153657281072,-4.30011221094348,1.70711648864937e-05,0.00058451324987962,"Down","LOC101927296","ncRNA","uncharacterized LOC101927296"
"100288801",16.0552371331842,-2.59554688871468,0.601796226424829,-4.31299960808062,1.61054403901324e-05,0.000563958507022636,"Down","FRG2C","protein-coding","FSHD region gene 2 family member C"
"401074",61.768891057097,-1.89854860698843,0.413455464505968,-4.59190594870232,4.39216307590997e-06,0.000226077094180943,"Down","LINC00960","ncRNA","long intergenic non-protein coding RNA 960"
"100846978",29.0578760406964,-1.5755663637472,0.377954355602655,-4.16866836005881,3.06384405645632e-05,0.00087404045950358,"Down","LINC00506","ncRNA","long intergenic non-protein coding RNA 506"
"1295",2305.57879560529,1.95808946598069,0.307869589735348,6.36012627185398,2.01587961285702e-10,1.6635558792293e-07,"Up","COL8A1","protein-coding","collagen type VIII alpha 1 chain"
"50852",113.260351275326,1.96804700913391,0.463338719717101,4.24753409414076,2.16136281495103e-05,0.000690374890361163,"Up","TRAT1","protein-coding","T cell receptor associated transmembrane adaptor 1"
"107986022",25.5542745280701,-3.04656251735952,0.628896879560954,-4.84429580806059,1.27061512902488e-06,9.47664030049986e-05,"Down","LOC107986022","",""
"941",111.960457634047,1.7156809214077,0.331864450942164,5.16982435610949,2.34314116730248e-07,2.78801103915963e-05,"Up","CD80","protein-coding","CD80 molecule"
"942",429.672427464967,1.6428294360646,0.333325908638685,4.92859808820136,8.28217511720308e-07,7.18218996095896e-05,"Up","CD86","protein-coding","CD86 molecule"
"83666",2739.93039315398,1.1744145559311,0.218202751135072,5.38221699690719,7.35739942742936e-08,1.18375466762577e-05,"Up","PARP9","protein-coding","poly(ADP-ribose) polymerase family member 9"
"151636",3467.6536265701,1.0861180817126,0.199496597246821,5.44429377093002,5.20113224846988e-08,9.23995591530253e-06,"Up","DTX3L","protein-coding","deltex E3 ubiquitin ligase 3L"
"8997",1047.76510182492,-1.37872052744715,0.328371152922655,-4.1986651847335,2.68492961108133e-05,0.000792224559523443,"Down","KALRN","protein-coding","kalirin RhoGEF kinase"
"105374077",13.399443753054,-3.51211092404511,0.681140439952839,-5.15622141637675,2.51982914990258e-07,2.94348261702319e-05,"Down","LOC105374077","ncRNA","uncharacterized LOC105374077"
"105374076",6.17006593449594,-3.79598663453747,0.910567354614144,-4.1688147673008,3.06187694184836e-05,0.00087404045950358,"Down","LOC105374076","ncRNA","uncharacterized LOC105374076"
"10840",363.837701149617,-3.15977275321936,0.702549394573658,-4.4975809211776,6.87310047583214e-06,0.000313418282304346,"Down","ALDH1L1","protein-coding","aldehyde dehydrogenase 1 family member L1"
"100862662",22.2948477242779,-3.83309007462229,0.832556803962552,-4.60399825739061,4.14455931041545e-06,0.00021647564767536,"Down","ALDH1L1-AS2","ncRNA","ALDH1L1 antisense RNA 2"
"131873",1416.32380288752,-2.60277608933142,0.522895317094367,-4.97762363563432,6.43696654068144e-07,6.03188564262684e-05,"Down","COL6A6","protein-coding","collagen type VI alpha 6 chain"
"7018",629.953089161035,-3.22484483447598,0.639883992777468,-5.03973356245135,4.66180390562863e-07,4.67679480446242e-05,"Down","TF","protein-coding","transferrin"
"339855",74.2762234846433,-1.7663573448437,0.41379239052172,-4.26870427128113,1.96611727114977e-05,0.000648159948847337,"Down","KY","protein-coding","kyphoscoliosis peptidase"
"51208",77.8458452788758,-1.13644261140587,0.267865156165863,-4.24259215969911,2.20952758291871e-05,0.00069611003234269,"Down","CLDN18","protein-coding","claudin 18"
"22808",1521.74181391231,-1.45571722630115,0.26089893567252,-5.57962117610309,2.41042973104434e-08,5.36205333735446e-06,"Down","MRAS","protein-coding","muscle RAS oncogene homolog"
"105374129",20.2324227786244,-2.8852676240852,0.592079818157972,-4.87310584755549,1.09857324745571e-06,8.5421583028608e-05,"Down","LOC105374129","",""
"105374145",60.1878151133599,-1.73639095505347,0.350082566920655,-4.95994693573822,7.05124384599438e-07,6.43678160049633e-05,"Down","LOC105374145","ncRNA","uncharacterized LOC105374145"
"51714",1934.94486834625,1.06547252856588,0.236596691380389,4.50332809960078,6.68974819596602e-06,0.000309470412928034,"Up","SELENOT","protein-coding","selenoprotein T"
"29909",117.265946859321,1.60054525927916,0.359432039773686,4.45298438137828,8.4684916839218e-06,0.000359271897608769,"Up","GPR171","protein-coding","G protein-coupled receptor 171"
"4311",2533.31250717738,-1.99234580790244,0.438016724484327,-4.54856104010186,5.40139770517042e-06,0.000262696874702794,"Down","MME","protein-coding","membrane metalloendopeptidase"
"100287290",895.02158050734,-1.22295742832108,0.186166867662224,-6.56914650645561,5.06044761168165e-11,8.03537419409991e-08,"Down","LOC100287290","ncRNA","uncharacterized LOC100287290"
"101928351",70.8129264553943,-1.28619722378609,0.276186763895101,-4.65698357751352,3.20876029781735e-06,0.000184464058289356,"Down","LOC101928351","ncRNA","uncharacterized LOC101928351"
"401097",93.8920463830909,1.56252946214515,0.247312180673106,6.3180449013568,2.64893058451361e-10,1.99308653567727e-07,"Up","C3orf80","protein-coding","chromosome 3 open reading frame 80"
"286827",334.854531349042,1.580011370806,0.348053279578881,4.53956754183641,5.63697219848251e-06,0.000272599286921701,"Up","TRIM59","protein-coding","tripartite motif containing 59"
"6498",4356.24907926093,1.42115758895798,0.299822587697497,4.73999507466011,2.13723414129695e-06,0.000138059186428177,"Up","SKIL","protein-coding","SKI like proto-oncogene"
"57709",37.7046276183648,-2.67001575368902,0.589133639847362,-4.5321054054574,5.83986953346881e-06,0.00027990702285565,"Down","SLC7A14","protein-coding","solute carrier family 7 member 14"
"101928583",24.665087036587,-2.83230288866843,0.496761365904164,-5.70153615612458,1.18732544472876e-08,3.49128270425877e-06,"Down","SLC7A14-AS1","ncRNA","SLC7A14 antisense RNA 1"
"22871",195.189154892735,-2.75022687026235,0.572106519976071,-4.80719372045854,1.53063657722065e-06,0.000109071712864788,"Down","NLGN1","protein-coding","neuroligin 1"
"100874010",11.1652217555498,-3.47685602322348,0.802613858756279,-4.331916257478,1.47817167100691e-05,0.000531103759658689,"Down","NLGN1-AS1","ncRNA","NLGN1 antisense RNA 1"
"27074",311.146147667018,2.22540400071258,0.436435631823732,5.09904287927476,3.4137522065459e-07,3.65400037438733e-05,"Up","LAMP3","protein-coding","lysosomal associated membrane protein 3"
"89857",686.77091127481,1.17551364137931,0.26391788440208,4.45408860427365,8.42503049456477e-06,0.000358617520984952,"Up","KLHL6","protein-coding","kelch like family member 6"
"10644",475.650513446029,-1.60891390601638,0.380971929473745,-4.22318229124873,2.40876838282616e-05,0.000738862263422768,"Down","IGF2BP2","protein-coding","insulin like growth factor 2 mRNA binding protein 2"
"131578",2171.35645977855,3.84553729979373,0.482981779709886,7.96207530251688,1.69177459573695e-15,1.44263259027143e-11,"Up","LRRC15","protein-coding","leucine rich repeat containing 15"
"152789",83.7749291547454,1.4591895242547,0.350199327635914,4.16673993666758,3.08986652886253e-05,0.000878277394904014,"Up","JAKMIP1","protein-coding","janus kinase and microtubule interacting protein 1"
"5522",280.484077139638,1.81243665470763,0.3976055327137,4.55837885941263,5.15499845210161e-06,0.000252634426056826,"Up","PPP2R2C","protein-coding","protein phosphatase 2 regulatory subunit Bgamma"
"94031",1266.60661498685,1.2867849530401,0.288014173379141,4.46778343559566,7.90342565315048e-06,0.000345026339690948,"Up","HTRA3","protein-coding","HtrA serine peptidase 3"
"112268463",122.0246607853,1.30912049104174,0.296505598682399,4.41516280589361,1.00933997705047e-05,0.00040791366971414,"Up","LOC112268463","",""
"102723525",32.3583607431514,-3.37840002741675,0.716010629142612,-4.71836574753397,2.37746781221736e-06,0.000148705089418446,"Down","LINC02498","ncRNA","long intergenic non-protein coding RNA 2498"
"579",18.0402051310611,2.99564911726373,0.671628810273095,4.46027488910973,8.18545958501901e-06,0.000353886978018807,"Up","NKX3-2","protein-coding","NK3 homeobox 2"
"107986188",232.70105032257,-2.24668402327848,0.37818503482252,-5.94070049422458,2.83806716626947e-09,1.21757287374649e-06,"Down","LOC107986188","ncRNA","uncharacterized LOC107986188"
"10891",134.968978594092,-2.22195207460936,0.471978654174595,-4.70773848553629,2.50480154860056e-06,0.000154404417388674,"Down","PPARGC1A","protein-coding","PPARG coactivator 1 alpha"
"81793",185.939918538057,1.76782432723057,0.358840650797959,4.92648846583973,8.37205518466641e-07,7.23560526128839e-05,"Up","TLR10","protein-coding","toll like receptor 10"
"399",485.949892906962,1.25642655547826,0.253352691427042,4.95919955853349,7.07842261694597e-07,6.43678160049633e-05,"Up","RHOH","protein-coding","ras homolog family member H"
"23284",353.866878133861,-2.39467046364584,0.543555644708146,-4.40556636097786,1.05507844717268e-05,0.000421734638055804,"Down","ADGRL3","protein-coding","adhesion G protein-coupled receptor L3"
"1633",628.874812473937,1.0321335090199,0.183625683501747,5.62085591371035,1.90013701132475e-08,4.67397163689517e-06,"Up","DCK","protein-coding","deoxycytidine kinase"
"4283",2455.49932830222,2.83021168381897,0.533648663384234,5.30351123878142,1.13596206920215e-07,1.59671327771041e-05,"Up","CXCL9","protein-coding","C-X-C motif chemokine ligand 9"
"3627",1768.03779111884,2.94224345214207,0.578811785433638,5.08324731145166,3.7103608394054e-07,3.86446433810245e-05,"Up","CXCL10","protein-coding","C-X-C motif chemokine ligand 10"
"6373",351.897915810834,3.27085237770969,0.583245121002384,5.60802355635361,2.04650178111937e-08,4.84755634857368e-06,"Up","CXCL11","protein-coding","C-X-C motif chemokine ligand 11"
"100505702",138.341127033355,1.67659911616079,0.398463224086182,4.20766337974057,2.58024843115373e-05,0.000772926409435301,"Up","LINC01094","ncRNA","long intergenic non-protein coding RNA 1094"
"55008",749.829552560978,1.09420190912045,0.209611055407098,5.22015361735254,1.78774779431192e-07,2.28099397644386e-05,"Up","HERC6","protein-coding","HECT and RLD domain containing E3 ubiquitin protein ligase family member 6"
"127",52.4345754488809,-1.91913174435721,0.422975217485661,-4.53722030280005,5.70005535282758e-06,0.000274611706282552,"Down","ADH4","protein-coding","alcohol dehydrogenase 4 (class II), pi polypeptide"
"130",42.1280549821468,-1.72736576123094,0.40891179425865,-4.22429918990874,2.39685457729165e-05,0.000736090441731994,"Down","ADH6","protein-coding","alcohol dehydrogenase 6 (class V)"
"27071",542.583056774716,1.05906640219841,0.227029771108447,4.66487895850679,3.08798753401645e-06,0.00017832256680634,"Up","DAPP1","protein-coding","dual adaptor of phosphotyrosine and 3-phosphoinositides 1"
"51176",607.690204955544,1.68938551599015,0.301710611846985,5.59935729687538,2.15147954880931e-08,5.00355907433088e-06,"Up","LEF1","protein-coding","lymphoid enhancer binding factor 1"
"641518",50.6706382451019,1.45081965611749,0.346974959380717,4.18133821157275,2.89798422171019e-05,0.000839594930461949,"Up","LEF1-AS1","ncRNA","LEF1 antisense RNA 1"
"105377394",40.2128340031253,-1.72978418082932,0.404380225097519,-4.27761812638631,1.88903720067464e-05,0.000629236323797638,"Down","LOC105377394","ncRNA","uncharacterized LOC105377394"
"105377441",28.8556231693895,-3.6137790400013,0.808736651624501,-4.46842495977194,7.87976452447634e-06,0.000345026339690948,"Down","LINC02511","ncRNA","long intergenic non-protein coding RNA 2511"
"729307",18.7720192354804,-3.56746162286562,0.748981165147117,-4.7630858943761,1.90654637356554e-06,0.000126223505908804,"Down","LINC02510","ncRNA","long intergenic non-protein coding RNA 2510"
"57484",1193.10254720039,-2.07634064959558,0.403071580153956,-5.15129508461625,2.5869377859353e-07,2.95983259488692e-05,"Down","RNF150","protein-coding","ring finger protein 150"
"105377485",39.8581328895197,-1.76477483765641,0.412610798761511,-4.27709319037104,1.8934955103484e-05,0.000629901198254003,"Down","LOC105377485","ncRNA","uncharacterized LOC105377485"
"345062",60.3123685030083,-1.69363275723389,0.320374293074039,-5.28641902252278,1.24733994237102e-07,1.72483515706678e-05,"Down","PRSS48","protein-coding","serine protease 48"
"105377496",30.3812371030818,-1.75568714559605,0.377126226676088,-4.65543635368539,3.23295268229493e-06,0.000185023256193443,"Down","LOC105377496","ncRNA","uncharacterized LOC105377496"
"6423",6644.34849248754,1.4531851508635,0.289554770461079,5.01868834193093,5.20254718454553e-07,5.09929356609363e-05,"Up","SFRP2","protein-coding","secreted frizzled related protein 2"
"4887",48.9001471910342,-4.99060515788744,0.919171676462054,-5.4294592464996,5.65250583891681e-08,9.7993014000222e-06,"Down","NPY2R","protein-coding","neuropeptide Y receptor Y2"
"107986321",15.8433044849079,-3.65736825103854,0.77107966494667,-4.74317819195957,2.1039104906793e-06,0.000136258830816602,"Down","NPY2R-AS1","ncRNA","NPY2R antisense RNA 1"
"4889",131.887126760892,-3.83415740429594,0.647560182451698,-5.92092829083408,3.20129435010977e-09,1.25993095483859e-06,"Down","NPY5R","protein-coding","neuropeptide Y receptor Y5"
"55601",2476.09627144637,1.09167218965235,0.251257645054514,4.34483173403739,1.39382462087333e-05,0.000510842714200309,"Up","DDX60","protein-coding","DExD/H-box helicase 60"
"133121",68.986240357107,-2.45328533942751,0.566832256613457,-4.32806233379285,1.50426900633888e-05,0.00053746102961119,"Down","ENPP6","protein-coding","ectonucleotide pyrophosphatase/phosphodiesterase 6"
"8470",2277.83358161149,-1.55794737316333,0.357119533892272,-4.36253754081482,1.28562516721403e-05,0.000487242415224729,"Down","SORBS2","protein-coding","sorbin and SH3 domain containing 2"
"79192",459.734593030766,-2.5145673885399,0.59283240425643,-4.2416159617554,2.21916180398278e-05,0.000697566329627851,"Down","IRX1","protein-coding","iroquois homeobox 1"
"107986399",68.1328925677335,-3.24435604949584,0.66881605604235,-4.85089438296978,1.22905984769235e-06,9.25317454880396e-05,"Down","LOC107986399","ncRNA","uncharacterized LOC107986399"
"10409",858.013869360748,1.00793618442328,0.225684435588607,4.46613069170889,7.9646965844579e-06,0.000345930166423773,"Up","BASP1","protein-coding","brain abundant membrane attached signal protein 1"
"107986412",28.1536597956809,1.66510726062972,0.395032923424871,4.21511008802382,2.49656376477144e-05,0.000759418480741773,"Up","SLC1A3-AS1","ncRNA","SLC1A3 antisense RNA 1"
"133584",572.837024261863,-1.84089206662276,0.437445087122349,-4.20828149821668,2.57320184529826e-05,0.000772624995380518,"Down","EGFLAM","protein-coding","EGF like, fibronectin type III and laminin G domains"
"3977",3584.52158622294,-1.53845180713555,0.369879341151496,-4.15933423679759,3.19176556636254e-05,0.000900239765365892,"Down","LIFR","protein-coding","LIF receptor subunit alpha"
"100506495",75.3100587026935,-1.58965614661763,0.339078007386686,-4.68817237328158,2.75655790466767e-06,0.000165925327805196,"Down","LIFR-AS1","ncRNA","LIFR antisense RNA 1"
"105374735",17.0496848144519,-3.79537840534479,0.838910082987235,-4.52417783778449,6.06307289010032e-06,0.000287232464212123,"Down","LOC105374735","ncRNA","uncharacterized LOC105374735"
"2533",2340.8639619538,1.24946201588637,0.267069634744061,4.67841286817857,2.89103973336344e-06,0.000169241598304127,"Up","FYB1","protein-coding","FYN binding protein 1"
"2690",1306.31877980425,-2.28681393875309,0.479176941148825,-4.77237893223839,1.82062550660696e-06,0.000122889819815354,"Down","GHR","protein-coding","growth hormone receptor"
"2255",532.198066613696,-2.22162674646894,0.474066239710221,-4.68632136265797,2.78159384413804e-06,0.000166124050830836,"Down","FGF10","protein-coding","fibroblast growth factor 10"
"101927075",94.2705786457868,-2.94665193382159,0.632899723405444,-4.65579589443733,3.22731535077715e-06,0.000185023256193443,"Down","FGF10-AS1","ncRNA","FGF10 antisense RNA 1"
"3003",241.172281404532,2.03277566481053,0.460370955353764,4.415516750505,1.00768976022724e-05,0.000407891130476792,"Up","GZMK","protein-coding","granzyme K"
"102724122",38.975326994615,-3.7791507115514,0.726359958491731,-5.20286211728784,1.96242471582132e-07,2.44891458927517e-05,"Down","LOC102724122","ncRNA","uncharacterized LOC102724122"
"202309",223.938034494506,2.18798094715144,0.300731287620599,7.27553479540772,3.45050738453627e-13,1.10338599889009e-09,"Up","GAPT","protein-coding","GRB2 binding adaptor protein, transmembrane"
"107986350",99.553259568223,-1.9962903882486,0.457933124832315,-4.35934917130006,1.30449827289817e-05,0.00049148269244891,"Down","LOC107986350","ncRNA","uncharacterized LOC107986350"
"2149",1567.39890852738,1.19193458062671,0.280039494035075,4.25630886362557,2.07829550255448e-05,0.000670453411681573,"Up","F2R","protein-coding","coagulation factor II thrombin receptor"
"1462",19968.5100276659,1.23649490761247,0.293391029441024,4.2144945943585,2.50338147971841e-05,0.000760261409973942,"Up","VCAN","protein-coding","versican"
"814",325.348908271429,1.22230885187005,0.273108050657596,4.47555042382289,7.62147082876065e-06,0.00033790722138883,"Up","CAMK4","protein-coding","calcium/calmodulin dependent protein kinase IV"
"57556",963.664950620705,-1.78731281037388,0.288854012742314,-6.1875990345626,6.108746942373e-10,3.72080867332824e-07,"Down","SEMA6A","protein-coding","semaphorin 6A"
"105379149",17.9386665519061,-4.27513709835846,1.00723803512722,-4.24441586721702,2.19163574118568e-05,0.000694794576418307,"Down","LOC105379149","ncRNA","uncharacterized LOC105379149"
"5307",504.748617796531,2.87210792002873,0.667480928057514,4.30290634428623,1.68572119964754e-05,0.000581187597431042,"Up","PITX1","protein-coding","paired like homeodomain 1"
"9542",247.184195921815,-3.51913069285088,0.645563071470127,-5.45125774440108,5.00148197557799e-08,9.00501613592804e-06,"Down","NRG2","protein-coding","neuregulin 2"
"64411",587.994034151139,-1.28124757940312,0.283825626775189,-4.5142068176175,6.35541739549836e-06,0.000297229045359486,"Down","ARAP3","protein-coding","ArfGAP with RhoGAP domain, ankyrin repeat and PH domain 3"
"11005",87.2319684791016,-2.16559675067805,0.491967641524601,-4.40190892223499,1.07302601953402e-05,0.000427572455322732,"Down","SPINK5","protein-coding","serine peptidase inhibitor Kazal type 5"
"79628",134.229690972285,-2.10552030591779,0.324736590560452,-6.48377906008048,8.94531893190262e-11,1.05738113584779e-07,"Down","SH3TC2","protein-coding","SH3 domain and tetratricopeptide repeats 2"
"22885",1374.8377470538,-1.45325305329254,0.348362229058195,-4.17167227693268,3.02372316856173e-05,0.000866213730102422,"Down","ABLIM3","protein-coding","actin binding LIM protein family member 3"
"728264",600.620869483184,-1.54563329093339,0.255441646167071,-6.0508273185903,1.44103850206698e-09,7.08935518459183e-07,"Down","CARMN","ncRNA","cardiac mesoderm enhancer-associated non-coding RNA"
"406935",36.9103842962948,-1.51258298969517,0.346542367501864,-4.3647851793678,1.27247745443607e-05,0.000483178718668955,"Down","MIR143","ncRNA","microRNA 143"
"406937",88.3637838984321,-1.43973821030861,0.34238737354013,-4.20499796888643,2.61084501596818e-05,0.000779461391740096,"Down","MIR145","ncRNA","microRNA 145"
"2196",1680.76352438835,-2.5348119723957,0.515456887910335,-4.91760229002244,8.76106794854157e-07,7.52737639665788e-05,"Down","FAT2","protein-coding","FAT atypical cadherin 2"
"26999",1002.2134236708,1.20121821243501,0.22299881814534,5.38665730350248,7.17801088134247e-08,1.16220173649685e-05,"Up","CYFIP2","protein-coding","cytoplasmic FMR1 interacting protein 2"
"8728",1088.03960169762,1.41113482287041,0.23367567814068,6.03886050143763,1.55206347649661e-09,7.49148827466723e-07,"Up","ADAM19","protein-coding","ADAM metallopeptidase domain 19"
"101927969",116.088290005105,-1.66989824631086,0.377733055615991,-4.42084223629213,9.8316937271742e-06,0.000401139376281612,"Down","SLIT3-AS2","ncRNA","SLIT3 antisense RNA 2"
"107986470",30.056012867011,-2.2320005202205,0.496443354772146,-4.4959822681984,6.92495075317512e-06,0.000314660906159371,"Down","LOC107986470","",""
"728095",42.060119437781,-2.48967821992458,0.455891917266969,-5.46111507054122,4.73153224477496e-08,8.64586127755951e-06,"Down","SLIT3-AS1","ncRNA","SLIT3 antisense RNA 1"
"114787",110.516571547194,1.7601238891526,0.371774161646389,4.73439004302492,2.19714844697098e-06,0.000140518628926029,"Up","GPRIN1","protein-coding","G protein regulated inducer of neurite outgrowth 1"
"285676",106.661188204046,-1.34893102877998,0.325151569469188,-4.14862222864898,3.3448224469121e-05,0.000927055772880882,"Down","ZNF454","protein-coding","zinc finger protein 454"
"2916",34.6665557150597,-1.46101481859956,0.323105251707345,-4.52179223605714,6.13182300351557e-06,0.000288861447559196,"Down","GRM6","protein-coding","glutamate metabotropic receptor 6"
"92304",457.264365293207,-4.3760771299407,0.660553077138143,-6.62486828295483,3.47557951968895e-11,6.35087680519162e-08,"Down","SCGB3A1","protein-coding","secretoglobin family 3A member 1"
"153579",2270.60237888225,-2.58520869451911,0.564321908184643,-4.58108866061114,4.62561676650928e-06,0.000234786762144524,"Down","BTNL9","protein-coding","butyrophilin like 9"
"101927703",18.8381487246406,-2.06960925678599,0.488085634131331,-4.24025849576452,2.23262528415038e-05,0.000697566329627851,"Down","FOXCUT","ncRNA","FOXC1 upstream transcript"
"9450",112.629847176127,1.46628539826508,0.301661582969356,4.86069649251305,1.16973474399898e-06,8.95932761107242e-05,"Up","LY86","protein-coding","lymphocyte antigen 86"
"9308",415.853113251373,1.01232793125647,0.223111601761237,4.53731640696933,5.69745929370875e-06,0.000274611706282552,"Up","CD83","protein-coding","CD83 molecule"
"105374956",15.7517685277876,-3.1905436322609,0.724166185312518,-4.40581692016454,1.05385946694243e-05,0.000421734638055804,"Down","MIR548A1HG","ncRNA","MIR548A1 host gene"
"105374986",93.017543272473,2.0586377361869,0.299280851616503,6.87861493666434,6.04372781415612e-12,1.71789605490824e-08,"Up","LOC105374986","ncRNA","uncharacterized LOC105374986"
"105374985",250.282478730169,1.88445091707528,0.362764493147196,5.19469505057277,2.05055683678414e-07,2.54647305818505e-05,"Up","LOC105374985","",""
"8356",266.968030535147,2.05544558016655,0.438265031240815,4.6899602606833,2.73258113961966e-06,0.000164990516133709,"Up","H3C12","protein-coding","H3 clustered histone 12"
"10537",1580.59208188963,2.18881515595371,0.459252965313724,4.76603380112851,1.87887752625025e-06,0.000125170429365974,"Up","UBD","protein-coding","ubiquitin D"
"100130889",33.6866154259066,-1.57294091227752,0.322979559125989,-4.87009430731169,1.11544997821911e-06,8.62097925764386e-05,"Down","PSORS1C3","ncRNA","psoriasis susceptibility 1 candidate 3"
"7148",8098.83848417303,-2.31565809901682,0.541875708337536,-4.27341189757557,1.92504368415071e-05,0.000636259270386867,"Down","TNXB","protein-coding","tenascin XB"
"106480429",252.669431137746,1.40562541147884,0.335265454856007,4.19257454390148,2.75806409964897e-05,0.000806363380539656,"Up","HLA-DQB1-AS1","ncRNA","HLA-DQB1 antisense RNA 1"
"23500",1121.00531313416,-1.55577096236762,0.350032234845248,-4.44465054212919,8.8034846136506e-06,0.000370338757496517,"Down","DAAM2","protein-coding","dishevelled associated activator of morphogenesis 2"
"11131",123.176239340525,-2.5205225836289,0.486725043442656,-5.17853481670265,2.23635341455027e-07,2.7113930355936e-05,"Down","CAPN11","protein-coding","calpain 11"
"860",893.37425777919,1.39604505488177,0.30338927274522,4.60149774660669,4.19463696556842e-06,0.00021806254654173,"Up","RUNX2","protein-coding","RUNX family transcription factor 2"
"51302",143.914537642108,-2.16764672237578,0.364897128224204,-5.94043239782338,2.84271267588977e-09,1.21757287374649e-06,"Down","CYP39A1","protein-coding","cytochrome P450 family 39 subfamily A member 1"
"9481",359.072504180676,-1.94139498697216,0.367731267541736,-5.27938513347064,1.29618105099651e-07,1.78273675519316e-05,"Down","SLC25A27","protein-coding","solute carrier family 25 member 27"
"6005",7.6944809324515,-3.8298511875208,0.870658160726503,-4.39880008053339,1.08851040074202e-05,0.000433068010447625,"Down","RHAG","protein-coding","Rh associated glycoprotein"
"1303",17498.8138758533,1.38578278482719,0.271524068298125,5.1037198783632,3.33041144167621e-07,3.59487702535699e-05,"Up","COL12A1","protein-coding","collagen type XII alpha 1 chain"
"9096",664.801068227174,-1.43431046012044,0.333421191962317,-4.30179753026179,1.69418086749173e-05,0.000582741678166942,"Down","TBX18","protein-coding","T-box transcription factor 18"
"135293",633.357138256274,-1.31232824863049,0.299994607858561,-4.37450612195406,1.21707707823622e-05,0.000468904605654203,"Down","PM20D2","protein-coding","peptidase M20 domain containing 2"
"101927405",28.2905884891483,-1.59153400046834,0.329563164824994,-4.82922295431131,1.37066871371999e-06,0.000100032809405639,"Down","LOC101927405","ncRNA","uncharacterized LOC101927405"
"55084",412.498124482734,-1.61568293471853,0.300407722240217,-5.37830027360807,7.51923343657226e-08,1.19187302803108e-05,"Down","SOBP","protein-coding","sine oculis binding protein homolog"
"1300",3388.76017687042,2.47006999443252,0.523018198682439,4.72272284340201,2.32707882880206e-06,0.000145910124015721,"Up","COL10A1","protein-coding","collagen type X alpha 1 chain"
"58527",491.292258165832,1.40884189283587,0.341030092345505,4.13113659016502,3.60974004361082e-05,0.000981342930878342,"Up","ABRACL","protein-coding","ABRA C-terminal like"
"5325",997.568925573864,-1.40296140530734,0.287771652617782,-4.87525922913174,1.08665661241556e-06,8.50117720453056e-05,"Down","PLAGL1","protein-coding","PLAG1 like zinc finger 1"
"57061",95.837815869116,-1.64222145018928,0.358711829185984,-4.57810787538266,4.69200721622898e-06,0.000237246430485603,"Down","HYMAI","ncRNA","hydatidiform mole associated and imprinted"
"7430",4658.71753931516,1.34201437723092,0.280665815198953,4.78153841528444,1.73958751047558e-06,0.00011962937551878,"Up","EZR","protein-coding","ezrin"
"84624",1369.48162803309,2.77454063431421,0.476199979772481,5.82641905117221,5.6629315471928e-09,2.01207103944842e-06,"Up","FNDC1","protein-coding","fibronectin type III domain containing 1"
"135138",86.1680596270184,-1.70938994652868,0.405451739585967,-4.21601334914545,2.48659047212631e-05,0.000757285207832562,"Down","PACRG","protein-coding","parkin coregulated"
"105378111",73.9565720478391,2.08477956566386,0.466535845098692,4.4686374853423,7.87194095714659e-06,0.000345026339690948,"Up","MEAT6","ncRNA","melanoma-associated transcript 6"
"101929504",34.4368837207411,1.87216559072086,0.452340594907034,4.13884053697553,3.49065457229355e-05,0.000959161388489943,"Up","LINC02544","ncRNA","long intergenic non-protein coding RNA 2544"
"84433",370.741354192074,1.36065634936435,0.251660623003976,5.40671136041355,6.41924657692282e-08,1.06634523331714e-05,"Up","CARD11","protein-coding","caspase recruitment domain family member 11"
"105375166",105.182007701109,-2.32029331551814,0.553294906462802,-4.19359240147665,2.74571157675034e-05,0.000804590991482558,"Down","LOC105375166","ncRNA","uncharacterized LOC105375166"
"109729180",61.3830935943004,-1.27687190883165,0.283884561629681,-4.49785610567049,6.86421276221976e-06,0.000313418282304346,"Down","SNHG26","ncRNA","small nucleolar RNA host gene 26"
"51678",633.3188028752,-1.51573258743231,0.284608016249079,-5.3256848046957,1.00573401793829e-07,1.4535981721411e-05,"Down","PALS2","protein-coding","protein associated with LIN7 2, MAGUK p55 family member"
"3200",311.448761167522,-1.4386145024522,0.332070321300981,-4.33225859154174,1.47587450716876e-05,0.000531055883844669,"Down","HOXA3","protein-coding","homeobox A3"
"285943",51.7526021032647,-1.67376605184963,0.375731850559795,-4.45468237349566,8.40174850945948e-06,0.000358558651299779,"Down","HOXA-AS2","ncRNA","HOXA cluster antisense RNA 2"
"3201",88.6145755027729,-1.8120980915853,0.434013405089375,-4.17521226380585,2.97708330989935e-05,0.000855727474537585,"Down","HOXA4","protein-coding","homeobox A4"
"644150",131.487938318954,-1.14581825591125,0.265751538710368,-4.31161475666948,1.62066624628894e-05,0.000566391856729012,"Down","WIPF3","protein-coding","WAS/WASL interacting protein family member 3"
"117",323.512202587538,-2.65800476844654,0.571219006891556,-4.65321485521079,3.2679941444992e-06,0.000185647217782181,"Down","ADCYAP1R1","protein-coding","ADCYAP receptor type I"
"107986780",128.510068642352,-2.44192118124475,0.561848887695447,-4.34622410887179,1.38501063377955e-05,0.000509071006226269,"Down","LOC107986780","",""
"80820",608.092224988853,-1.28817414687938,0.306014124239863,-4.20952513247288,2.55907976465799e-05,0.000772624995380518,"Down","EEPD1","protein-coding","endonuclease/exonuclease/phosphatase family domain containing 1"
"3624",2096.28748997184,2.57559692394877,0.447331634851212,5.75769009675661,8.52727174966932e-09,2.72680832375051e-06,"Up","INHBA","protein-coding","inhibin subunit beta A"
"165",12514.9775647374,1.09297734275351,0.169080918783644,6.46422642256921,1.01818320906259e-10,1.05738113584779e-07,"Up","AEBP1","protein-coding","AE binding protein 1"
"105375284",51.1274829627443,-2.61097710585231,0.464068159589131,-5.62627935552393,1.84138055230067e-08,4.61825463617214e-06,"Down","LOC105375284","ncRNA","uncharacterized LOC105375284"
"1956",2863.53469031868,-2.10953051810554,0.33863602219609,-6.22949237480709,4.67948931103553e-10,2.99276738887278e-07,"Down","EGFR","protein-coding","epidermal growth factor receptor"
"100507500",110.4605926053,-2.48957815971103,0.365709916279831,-6.80752161449751,9.92943964949494e-12,2.1167910426115e-08,"Down","EGFR-AS1","ncRNA","EGFR antisense RNA 1"
"105375336",30.1843741965763,-1.6367133455123,0.354910271419523,-4.61162574688523,3.99531848399511e-06,0.000212050285181666,"Down","LOC105375336","ncRNA","uncharacterized LOC105375336"
"51085",479.83477761341,-2.83654007977923,0.490869406185012,-5.77860433760689,7.53228272589458e-09,2.53540600912941e-06,"Down","MLXIPL","protein-coding","MLX interacting protein like"
"107986813",87.8580923187168,-1.00709883184321,0.231114079673884,-4.35758320420931,1.31506511677772e-05,0.000493284396149673,"Down","LOC107986813","ncRNA","uncharacterized LOC107986813"
"112268009",175.83229288784,-1.17697990632891,0.282707429919715,-4.16324362845063,3.13758276789232e-05,0.000890850636717219,"Down","LOC112268009","ncRNA","uncharacterized LOC112268009"
"54809",2396.0628057216,1.42400980705285,0.195316383284726,7.29078525367212,3.08153613485816e-13,1.10338599889009e-09,"Up","SAMD9","protein-coding","sterile alpha motif domain containing 9"
"219285",3144.70244334053,1.09711934455819,0.246283622166315,4.45469875303889,8.4011071318418e-06,0.000358558651299779,"Up","SAMD9L","protein-coding","sterile alpha motif domain containing 9 like"
"1780",82.9012888525173,-1.1405906161241,0.270267802717882,-4.22022381006551,2.44059897821384e-05,0.000746858079612174,"Down","DYNC1I1","protein-coding","dynein cytoplasmic 1 intermediate chain 1"
"105375435",15.8379179905828,-2.42474536104706,0.575969231503357,-4.20985224283274,2.55537752818094e-05,0.000772624995380518,"Down","LOC105375435","ncRNA","uncharacterized LOC105375435"
"22797",1026.06510225133,1.76043783251111,0.329834607325795,5.33733511708865,9.43226105051113e-08,1.37514344101355e-05,"Up","TFEC","protein-coding","transcription factor EC"
"105375463",66.1289404169627,-2.68383304464627,0.625827119538721,-4.28845756416636,1.79918163473882e-05,0.000609624696422363,"Down","LOC105375463","ncRNA","uncharacterized LOC105375463"
"107986838",89.1747682777875,-1.99988515058635,0.423419795395886,-4.72317348487809,2.32192615123171e-06,0.000145910124015721,"Down","LOC107986838","ncRNA","uncharacterized LOC107986838"
"107986839",17.0488424937209,-3.35716406933363,0.717453729771762,-4.6792760703908,2.87889590887722e-06,0.00016891723656169,"Down","LOC107986839","",""
"5803",189.446939360188,-3.20125525706583,0.576285782981689,-5.55497871299655,2.77645594246287e-08,5.85673070575811e-06,"Down","PTPRZ1","protein-coding","protein tyrosine phosphatase receptor type Z1"
"91584",1488.44929953162,-2.33494256195953,0.543444773269812,-4.2965590558735,1.73469769626575e-05,0.000591472699251704,"Down","PLXNA4","protein-coding","plexin A4"
"401409",105.702259567993,1.26737169187289,0.277687470877394,4.56402187635057,5.01828461995465e-06,0.000248312876494545,"Up","RAB19","protein-coding","RAB19, member RAS oncogene family"
"27147",365.544576255847,-2.11022390914953,0.442721507185593,-4.76648158017972,1.87470860277783e-06,0.000125170429365974,"Down","DENND2A","protein-coding","DENN domain containing 2A"
"28639",291.140004014666,1.70238089494862,0.387529687426231,4.39290446689373,1.11846283703887e-05,0.000441551177424819,"Up","TRBC1","other","T cell receptor beta constant 1"
"28638",669.160890783909,1.49194815064485,0.356417264284701,4.18595926782351,2.83964271958235e-05,0.000827377449343458,"Up","TRBC2","other","T cell receptor beta constant 2"
"26047",174.490754332055,2.56550773756571,0.292506278743751,8.77077835246472,1.77435419815108e-18,4.53915290971008e-14,"Up","CNTNAP2","protein-coding","contactin associated protein 2"
"1804",24.9583845864411,-2.02644752196689,0.413171235414671,-4.90461907381593,9.36088222325807e-07,7.84135312650269e-05,"Down","DPP6","protein-coding","dipeptidyl peptidase like 6"
"100131395",101.5703271392,-1.16039551867916,0.210597606781709,-5.51001284588172,3.58807512264893e-08,6.90151411936878e-06,"Down","LOC100131395","ncRNA","uncharacterized LOC100131395"
"112268014",93.2829245398892,-1.17372510083413,0.263664116453085,-4.45159211129503,8.52359561068666e-06,0.000361010965087063,"Down","LOC112268014","",""
"101929191",15.9449592328015,-1.83018643171877,0.41464566971359,-4.41385637279885,1.01545341056302e-05,0.000409091797622412,"Down","LINC03022","ncRNA","long intergenic non-protein coding RNA 3022"
"112268021",100.971805172936,-1.49895833878068,0.347829269138444,-4.30946579767,1.63649364119118e-05,0.000569416788481015,"Down","LOC112268021","",""
"377630",16.2043324406146,-2.22937120407415,0.487010318582738,-4.57766728754722,4.70189743789385e-06,0.000237246430485603,"Down","USP17L2","protein-coding","ubiquitin specific peptidase 17 like family member 2"
"4481",2200.8323798999,1.78919630678175,0.326069751843439,5.48715818215737,4.08451353004134e-08,7.68309008275865e-06,"Up","MSR1","protein-coding","macrophage scavenger receptor 1"
"4023",6250.90417000461,-2.87764817720527,0.57506124565174,-5.00407252090848,5.61316240905148e-07,5.45992094100209e-05,"Down","LPL","protein-coding","lipoprotein lipase"
"10863",699.738094896902,1.10756022075163,0.241936703676368,4.57789249800304,4.69683946939916e-06,0.000237246430485603,"Up","ADAM28","protein-coding","ADAM metallopeptidase domain 28"
"27299",676.885034225808,4.46230023116603,0.7807630821267,5.71530638847739,1.09506537746096e-08,3.29576029249485e-06,"Up","ADAMDEC1","protein-coding","ADAM like decysin 1"
"64641",347.675183476666,-1.70470647661933,0.404009953446933,-4.21946653065131,2.44881071869807e-05,0.000747559377156732,"Down","EBF2","protein-coding","EBF transcription factor 2"
"102723395",16.7879234927539,-3.17316084387854,0.722672883822334,-4.39086745180638,1.12899350415715e-05,0.00044433710497459,"Down","LOC102723395","ncRNA","uncharacterized LOC102723395"
"6422",7743.02434391325,-3.0592840327222,0.589880543096755,-5.18627723616984,2.14539367360655e-07,2.62600291666042e-05,"Down","SFRP1","protein-coding","secreted frizzled related protein 1"
"8973",37.6392030014407,3.13312643799166,0.629268708061182,4.97899609158229,6.39149332830497e-07,6.01129346781977e-05,"Up","CHRNA6","protein-coding","cholinergic receptor nicotinic alpha 6 subunit"
"101929415",113.173439431509,-4.56743956660297,0.712822359420512,-6.40754250514261,1.47883866870144e-10,1.35113038652572e-07,"Down","PENK-AS1","ncRNA","PENK antisense RNA 1"
"7274",29.8434384372284,-2.00517450581409,0.460017444067233,-4.35890971456515,1.30712021026829e-05,0.000491746312045345,"Down","TTPA","protein-coding","alpha tocopherol transfer protein"
"23213",7683.91235727571,2.46774036408526,0.374530964490985,6.58888209000048,4.43150533335268e-11,7.55778462918856e-08,"Up","SULF1","protein-coding","sulfatase 1"
"759",47.8262156134943,-1.93302030518199,0.38840889113969,-4.97676636471947,6.46552829899103e-07,6.03653813667111e-05,"Down","CA1","protein-coding","carbonic anhydrase 1"
"105375630",6.93599214012323,-3.70940499609845,0.83402509587523,-4.44759398061731,8.68374699344424e-06,0.000365996795976803,"Down","LOC105375630","ncRNA","uncharacterized LOC105375630"
"105375634",21.2088527777569,-2.18203195962041,0.514096454777686,-4.24440188089606,2.19177243049634e-05,0.000694794576418307,"Down","LOC105375634","ncRNA","uncharacterized LOC105375634"
"94241",2550.22080147035,1.12576811705836,0.20273352874354,5.5529449126418,2.80896617102955e-08,5.85673070575811e-06,"Up","TP53INP1","protein-coding","tumor protein p53 inducible nuclear protein 1"
"79666",1535.71342950223,1.50194993152847,0.235447822462627,6.37912007772711,1.78108349290784e-10,1.57116130743339e-07,"Up","PLEKHF2","protein-coding","pleckstrin homology and FYVE domain containing 2"
"4147",1586.59361139529,-1.65499544675447,0.368443864288858,-4.49185237471335,7.06063602373335e-06,0.000318842250749831,"Down","MATN2","protein-coding","matrilin 2"
"102466854",582.631478280154,1.07657002485301,0.233813623512927,4.60439391288715,4.13668821582033e-06,0.00021647564767536,"Up","MIR7705","ncRNA","microRNA 7705"
"115908",1388.66244502137,2.59700429961536,0.401889029407258,6.46199350961545,1.03332532234363e-10,1.05738113584779e-07,"Up","CTHRC1","protein-coding","collagen triple helix repeat containing 1"
"114569",2644.68479627959,1.71873454763663,0.331351834810316,5.18703796712196,2.13665183219136e-07,2.62600291666042e-05,"Up","MAL2","protein-coding","mal, T cell differentiation protein 2"
"105375726",391.543936876533,1.55536985347129,0.335890441161838,4.63058683090624,3.64630830137925e-06,0.000199429196485899,"Up","MAL2-AS1","ncRNA","MAL2 antisense RNA 1"
"28998",573.048709472929,1.26925324416431,0.298124705990468,4.25745742858659,2.06765017257106e-05,0.0006695522368951,"Up","MRPL13","protein-coding","mitochondrial ribosomal protein L13"
"8840",495.324332900183,2.23003146532644,0.406172511954387,5.49035545166795,4.0112565695345e-08,7.64103036558787e-06,"Up","CCN4","protein-coding","cellular communication network factor 4"
"23189",1991.05242891845,-1.50150140228188,0.317254517568219,-4.7327975462446,2.21446338238418e-06,0.000141272823561477,"Down","KANK1","protein-coding","KN motif and ankyrin repeat domains 1"
"107987043",142.18887954035,-1.03223360697542,0.244608172928489,-4.21994733298298,2.44359398262602e-05,0.000746858079612174,"Down","LOC107987043","ncRNA","uncharacterized LOC107987043"
"101930053",21.0600322078627,-2.74916059403955,0.622212447688684,-4.41836322023415,9.94511869520635e-06,0.000405121061243262,"Down","LOC101930053","ncRNA","uncharacterized LOC101930053"
"101930048",10.2033506461001,-2.70673408715305,0.646031785612636,-4.18978469393149,2.79219264038272e-05,0.000815409499158343,"Down","LOC101930048","","replaced by ID 101930053"
"401491",56.4108042835527,-2.35926711431281,0.388826356585712,-6.06766252943745,1.29785253430138e-09,6.77609707765705e-07,"Down","VLDLR-AS1","ncRNA","VLDLR antisense RNA 1"
"7436",1063.42583291855,-1.86359693044018,0.285333875052762,-6.53128525344417,6.52076687927758e-11,9.06788137208172e-08,"Down","VLDLR","protein-coding","very low density lipoprotein receptor"
"105375957",45.2370315551867,-1.67968784109888,0.385499230230293,-4.35717560342586,1.31751561055726e-05,0.000493480005113849,"Down","LOC105375957","ncRNA","uncharacterized LOC105375957"
"6013",42.9633469827083,1.21928520237258,0.283102072467262,4.30687487289088,1.6557720947175e-05,0.000573179455034682,"Up","RLN1","protein-coding","relaxin 1"
"4781",8316.56281077954,-1.53139742806349,0.270000698108934,-5.67182766114788,1.41282067369078e-08,3.8449764334423e-06,"Down","NFIB","protein-coding","nuclear factor I B"
"158326",1234.62091552175,-2.61022914238797,0.581151935655995,-4.4914745735839,7.07317462017567e-06,0.000318842250749831,"Down","FREM1","protein-coding","FRAS1 related extracellular matrix 1"
"25769",147.440238681228,3.35511938232484,0.683493460240196,4.90878051875694,9.16444716997421e-07,7.71200287836449e-05,"Up","SLC24A2","protein-coding","solute carrier family 24 member 2"
"158035",18.9186738986163,-2.28130358984363,0.447134191038718,-5.10205579346109,3.35983661132157e-07,3.61140084835414e-05,"Down","LINC00032","ncRNA","long intergenic non-protein coding RNA 32"
"105376001",60.9415112547575,-1.60014355215064,0.339515109000259,-4.71302604724263,2.4406498509731e-06,0.000151914122840861,"Down","LOC105376001","","replaced by ID 79817"
"1271",243.173026415959,-3.38322381166047,0.653681975306116,-5.17564188621864,2.2712874434076e-07,2.74075827251195e-05,"Down","CNTFR","protein-coding","ciliary neurotrophic factor receptor"
"646962",88.6223490620611,-2.67555030257164,0.558783253311049,-4.78817195525772,1.68307407695716e-06,0.000116684013649643,"Down","HRCT1","protein-coding","histidine rich carboxyl terminus 1"
"347252",44.2942378146818,2.29312525840486,0.548543876614276,4.1803862118715,2.9101440743731e-05,0.000842164091749012,"Up","IGFBPL1","protein-coding","insulin like growth factor binding protein like 1"
"79937",188.259388797661,-1.97009125873096,0.439672525130279,-4.4808150296569,7.43585349297705e-06,0.000331400703932646,"Down","CNTNAP3","protein-coding","contactin associated protein family member 3"
"105376050",78.8195969391296,-1.56003878956466,0.368764322521851,-4.23044935284438,2.33224952215484e-05,0.000721802534218842,"Down","LOC105376050","ncRNA","uncharacterized LOC105376050"
"441430",16.4355178363194,-2.08401853642627,0.420414150822352,-4.95706087045314,7.15675599335471e-07,6.46940395130743e-05,"Down","ANKRD20A2P","pseudo","ankyrin repeat domain 20 family member A2, pseudogene"
"107986997",369.313246867161,-1.29472215122284,0.232343905526383,-5.57243861546356,2.51198014150199e-08,5.52077925108401e-06,"Down","LOC107986997","ncRNA","uncharacterized LOC107986997"
"107984035",107.600728509254,-1.12965130304517,0.208079815503392,-5.42893264448688,5.66920728325888e-08,9.7993014000222e-06,"Down","LOC107984035","ncRNA","uncharacterized LOC107984035"
"112268035",303.662496221615,-1.07938110903832,0.193399110113564,-5.58110690584103,2.3899268214778e-08,5.36205333735446e-06,"Down","LOC112268035","",""
"105376065",32.2130164354609,-1.58827765460538,0.367813252225258,-4.31816321189177,1.57333071061071e-05,0.000556693585599492,"Down","LOC105376065","ncRNA","uncharacterized LOC105376065"
"728577",310.781828824188,-2.13187369216174,0.479682858077146,-4.44433995558557,8.81621074643807e-06,0.000370338757496517,"Down","CNTNAP3B","protein-coding","contactin associated protein family member 3B"
"100289279",55.977787100522,-2.07809498833992,0.469051550046431,-4.43041918981871,9.40500867152416e-06,0.000387437893453995,"Down","CNTNAP3C","protein-coding","contactin associated protein family member 3C"
"107987001",30.0091202948885,-1.383886755775,0.32282756223639,-4.28676766688727,1.81291726156793e-05,0.00061054305147955,"Down","FAM27E4","ncRNA","family with sequence similarity 27 member E4"
"375719",235.155038248466,-2.84728898324818,0.685369090560206,-4.15438779259927,3.26159621011301e-05,0.000916569305046782,"Down","AQP7P1","pseudo","aquaporin 7 pseudogene 1"
"110006327",31.4795253079633,-1.52508071848493,0.363410188712308,-4.19658217038117,2.70973177490535e-05,0.00079862163900494,"Down","ANKRD20A4-ANKRD20A20P","ncRNA","ANKRD20A4-ANKRD20A20P readthrough"
"441425",18.9619857992543,-1.8403953583069,0.425544004684207,-4.3248062199176,1.52666001736807e-05,0.000543941734878968,"Down","ANKRD20A3P","pseudo","ankyrin repeat domain 20 family member A3, pseudogene"
"643827",255.327428764511,-1.94241979924308,0.430664470310492,-4.51028569373895,6.47403759504747e-06,0.000301125145011826,"Down","CNTNAP3P2","pseudo","CNTNAP3 pseudogene 2"
"100507244",42.8782667276194,-1.89416655927546,0.360583675464093,-5.25305688572161,1.4959530731489e-07,1.98287417188057e-05,"Down","MAMDC2-AS1","ncRNA","MAMDC2 antisense RNA 1"
"80036",41.955755907844,-2.39047643527273,0.563655173898577,-4.24102633306595,2.22500027844551e-05,0.000697566329627851,"Down","TRPM3","protein-coding","transient receptor potential cation channel subfamily M member 3"
"4915",3875.61105498865,-2.72604494150944,0.583833264501748,-4.66921826360114,3.02348023635855e-06,0.000175389277565815,"Down","NTRK2","protein-coding","neurotrophic receptor tyrosine kinase 2"
"100506834",85.1045979717311,-1.531865578567,0.368941827502025,-4.15205179889392,3.29507653137935e-05,0.000922260917130706,"Down","GAS1RR","ncRNA","GAS1 adjacent regulatory RNA"
"54829",2994.47935902316,1.99544130114898,0.399249177794985,4.9979847476947,5.79325660823545e-07,5.57154475758945e-05,"Up","ASPN","protein-coding","asporin"
"203328",389.5291313366,1.37539686265808,0.280043496260101,4.91136870174134,9.04428400969805e-07,7.66128720318197e-05,"Up","SUSD3","protein-coding","sushi domain containing 3"
"203286",324.605896940935,-1.02219561399119,0.238807917931391,-4.28040922112503,1.86549970714147e-05,0.000622206173508383,"Down","ANKS6","protein-coding","ankyrin repeat and sterile alpha motif domain containing 6"
"58499",2070.81401996506,-1.23232445818977,0.296190248425186,-4.16058416758119,3.17434601758614e-05,0.000897305191402084,"Down","ZNF462","protein-coding","zinc finger protein 462"
"340512",34.6053782920826,-1.757503841591,0.398728809325197,-4.40776738597186,1.04441624989016e-05,0.000419438877624648,"Down","LOC340512","ncRNA","uncharacterized LOC340512"
"105376212",18.2595335928579,-3.02955151815459,0.653518632744657,-4.63575385055364,3.55638974595043e-06,0.000196500134947957,"Down","LOC105376212","ncRNA","uncharacterized LOC105376212"
"7357",2540.03828844419,1.32321305567607,0.25633940460997,5.16195727960512,2.44381068865062e-07,2.88099378050969e-05,"Up","UGCG","protein-coding","UDP-glucose ceramide glucosyltransferase"
"2934",23502.5641655605,-1.58151119808515,0.376573925683464,-4.19973633388127,2.6722597827998e-05,0.000790309245821785,"Down","GSN","protein-coding","gelsolin"
"347088",222.818573897422,-4.01511527294682,0.81415003548441,-4.9316650469196,8.15316365935549e-07,7.16749940665403e-05,"Down","ADGRD2","protein-coding","adhesion G protein-coupled receptor D2"
"169611",1823.42079495467,-1.16457043596317,0.26859028307567,-4.33586212660966,1.45189931913907e-05,0.000524426543169254,"Down","OLFML2A","protein-coding","olfactomedin like 2A"
"29941",318.001919610301,-1.25435815073383,0.246682952471086,-5.08490002316171,3.67819766974638e-07,3.85637921260049e-05,"Down","PKN3","protein-coding","protein kinase N3"
"101930421",65.3732492095442,-1.64328536189817,0.372016878578652,-4.41723334752066,9.9972285631747e-06,0.000406200079534176,"Down","LOC101930421","ncRNA","uncharacterized LOC101930421"
"414235",266.581113055491,-1.63531936615113,0.335633757525677,-4.87233280170282,1.10288181739739e-06,8.54967353110907e-05,"Down","DIP2C-AS1","ncRNA","DIP2C antisense RNA 1"
"101928080",15.8229683962158,-3.47243053280971,0.729257847660676,-4.76159501601336,1.9206882924735e-06,0.000126623102321254,"Down","LOC101928080","ncRNA","uncharacterized LOC101928080"
"254312",19.9775267855535,-3.12572529799176,0.735780882965557,-4.24817411046827,2.15519872460263e-05,0.000690374890361163,"Down","LINC00710","ncRNA","long intergenic non-protein coding RNA 710"
"439950",61.623777945223,-2.12046472647269,0.513055284965362,-4.13301409928144,3.58036753645011e-05,0.000977512938286731,"Down","CELF2-AS2","ncRNA","CELF2 antisense RNA 2"
"643650",52.7232696560288,-3.6080236228497,0.637012112759594,-5.66397961762363,1.47901982895085e-08,3.98276686991797e-06,"Down","LINC00842","ncRNA","long intergenic non-protein coding RNA 842"
"107987152",70.5257056327259,-3.35840904282684,0.615531908632027,-5.4561087666286,4.86681882231076e-08,8.82999710016694e-06,"Down","LOC107987152","",""
"5540",41.7200518551486,-3.062443172332,0.658654141586287,-4.64954667248654,3.32665400223029e-06,0.000187450358337126,"Down","NPY4R","protein-coding","neuropeptide Y receptor Y4"
"2662",168.43982270933,-2.76255235735092,0.59384255529069,-4.65199459476027,3.28739698441591e-06,0.000185647217782181,"Down","GDF10","protein-coding","growth differentiation factor 10"
"219790",381.608670740075,1.69007459102279,0.301028905261893,5.61432660279727,1.97329192585331e-08,4.78224786785852e-06,"Up","RTKN2","protein-coding","rhotekin 2"
"64072",648.961993871993,-1.03601825201055,0.236802253712834,-4.37503543892328,1.21412751591845e-05,0.000468473757348805,"Down","CDH23","protein-coding","cadherin related 23"
"219348",384.066185492938,-2.07572939609142,0.476866389166134,-4.35285321685414,1.34377124309269e-05,0.000501844612274412,"Down","PLAC9","protein-coding","placenta associated 9"
"3434",1632.12239110964,1.53713707413785,0.365138391743163,4.20973830442641,2.55666650498244e-05,0.000772624995380518,"Up","IFIT1","protein-coding","interferon induced protein with tetratricopeptide repeats 1"
"387700",32.1951213772674,-2.59942691210215,0.51634991556912,-5.03423518378436,4.79760380461653e-07,4.77557589609728e-05,"Down","SLC16A12","protein-coding","solute carrier family 16 member 12"
"10580",6319.49307374489,-2.16708879524723,0.515833792410082,-4.20113770585316,2.65576982410078e-05,0.000786341477316506,"Down","SORBS1","protein-coding","sorbin and SH3 domain containing 1"
"29760",444.172176551148,1.07557029280802,0.245548263659658,4.38028058833604,1.18526586316209e-05,0.000460824778508477,"Up","BLNK","protein-coding","B cell linker"
"84795",712.614548984358,-1.26821401080672,0.298503458492218,-4.24857392679013,2.15135653162274e-05,0.000690374890361163,"Down","PYROXD2","protein-coding","pyridine nucleotide-disulphide oxidoreductase domain 2"
"60495",209.311301156958,-4.05312661789833,0.766016323015294,-5.29117526104912,1.21532831322759e-07,1.68970265809718e-05,"Down","HPSE2","protein-coding","heparanase 2 (inactive)"
"107984268",19.7302427214762,-4.94098296890688,1.0836166161293,-4.55971502777076,5.12230835327403e-06,0.000251514188663064,"Down","LOC107984268","ncRNA","uncharacterized LOC107984268"
"106635520",37.446311421618,-2.06615060094928,0.373771843983239,-5.52783906602106,3.24199235324701e-08,6.42919754889651e-06,"Down","SNORA87","snoRNA","small nucleolar RNA, H/ACA box 87"
"196051",147.04191961792,3.20780984536822,0.650764116071998,4.92929736926877,8.25258798930722e-07,7.18087435178426e-05,"Up","PLPP4","protein-coding","phospholipid phosphatase 4"
"107984281",36.976965089909,-1.83134116044783,0.413576587181472,-4.42805810872524,9.50852875409922e-06,0.000390444915870572,"Down","LOC107984281","ncRNA","uncharacterized LOC107984281"
"3665",921.505120160446,1.12739768050409,0.250283451881211,4.50448350472317,6.65345654991512e-06,0.000308349140325958,"Up","IRF7","protein-coding","interferon regulatory factor 7"
"53841",109.895786312907,-1.20287927596327,0.28902291596285,-4.16188201532742,3.15635428863852e-05,0.000894195519512188,"Down","CDHR5","protein-coding","cadherin related family member 5"
"1028",501.029616579192,-1.49255930244102,0.361184472910641,-4.13240162405952,3.58992431250372e-05,0.000978769464783408,"Down","CDKN1C","protein-coding","cyclin dependent kinase inhibitor 1C"
"341277",159.492896226337,-2.61398703457791,0.508885610804408,-5.13668883355911,2.79621370462955e-07,3.12370039265647e-05,"Down","OVCH2","protein-coding","ovochymase 2"
"105376533",42.9738196309697,-2.32595593784515,0.558905303053243,-4.16162796298172,3.15986850624547e-05,0.000894200842110305,"Down","LOC105376533","ncRNA","uncharacterized LOC105376533"
"120065",12.7173190718359,-2.64087489058577,0.6114279915921,-4.31919200118591,1.56601496158992e-05,0.000555642090809894,"Down","OR5P2","protein-coding","olfactory receptor family 5 subfamily P member 2"
"283299",114.70872040499,-2.54050217219775,0.557036082631318,-4.56074974568427,5.09712988438411e-06,0.000250759185965989,"Down","LOC283299","ncRNA","uncharacterized LOC283299"
"55553",139.568547402019,-1.84136137225679,0.393798337284299,-4.6758993066226,2.92668195235364e-06,0.000170936935399796,"Down","SOX6","protein-coding","SRY-box transcription factor 6"
"112268084",17.5207905017638,-3.10648170889408,0.639969691762651,-4.85410754427757,1.20930099976868e-06,9.17992230744284e-05,"Down","LOC112268084","",""
"100528017",147.914374949969,-2.83433870950592,0.449398865522098,-6.30695563998158,2.84577349055908e-10,2.08001649815664e-07,"Down","SAA2-SAA4","protein-coding","SAA2-SAA4 readthrough"
"6291",31.6636953665592,-2.64654492300087,0.55331872431525,-4.78303879247184,1.72664786817116e-06,0.000119059584268341,"Down","SAA4","protein-coding","serum amyloid A4, constitutive"
"6289",425.100644831861,-2.73198277678994,0.422131990030523,-6.47186861292461,9.67982765684941e-11,1.05738113584779e-07,"Down","SAA2","protein-coding","serum amyloid A2"
"6288",2121.80273233198,-3.2167429990088,0.579847105036,-5.54757102531207,2.89665504600923e-08,5.92817835096065e-06,"Down","SAA1","protein-coding","serum amyloid A1"
"105376598",12.2321796885736,-5.32357884472291,0.993763908556621,-5.35698549613768,8.46219105394697e-08,1.31730102076509e-05,"Down","LOC105376598","ncRNA","uncharacterized LOC105376598"
"100131378",83.7294298041732,-1.52938222789776,0.316742110612923,-4.82847773205235,1.37580715166954e-06,0.000100032809405639,"Down","C11orf91","protein-coding","chromosome 11 open reading frame 91"
"60529",447.57946640004,-3.13868693929016,0.544543230827405,-5.76388936929964,8.21973062924859e-09,2.66173606275237e-06,"Down","ALX4","protein-coding","ALX homeobox 4"
"931",770.232953452685,3.14285915018241,0.655787423332982,4.79249683412515,1.64718372053686e-06,0.000115383902701518,"Up","MS4A1","protein-coding","membrane spanning 4-domains A1"
"923",338.233627742778,1.46393665909544,0.345255489622522,4.24015461910833,2.23365873879428e-05,0.000697566329627851,"Up","CD6","protein-coding","CD6 molecule"
"105369325",44.0499083102739,1.69357097528595,0.356028358642496,4.75684291482675,1.9664406751872e-06,0.000128658530313655,"Up","LOC105369325","ncRNA","uncharacterized LOC105369325"
"220001",38.2440754739924,-1.48887881941261,0.334031738085687,-4.45729746504111,8.29993929629467e-06,0.000357456308211802,"Down","VWCE","protein-coding","von Willebrand factor C and EGF domains"
"221091",166.495242647908,-2.15133793112031,0.456816165783748,-4.70941724977993,2.48426046668056e-06,0.000153508094827589,"Down","LRRN4CL","protein-coding","LRRN4 C-terminal like"
"5920",1093.23708789525,1.29995957975486,0.281068067592576,4.62507032865515,3.74471318379132e-06,0.000202531189572409,"Up","PLAAT4","protein-coding","phospholipase A and acyltransferase 4"
"116535",242.603483412742,-1.5361627792958,0.362227022293664,-4.24088398918621,2.22641194975263e-05,0.000697566329627851,"Down","MRGPRF","protein-coding","MAS related GPR family member F"
"26579",472.047723303592,-3.7965331123623,0.678932862483858,-5.59191242926846,2.24582089185416e-08,5.12969554066188e-06,"Down","MYEOV","protein-coding","myeloma overexpressed"
"105369370",561.670571849435,-4.24553219859709,0.691750232841242,-6.13737733221906,8.38949539896946e-10,4.87772889310084e-07,"Down","LOC105369370","ncRNA","uncharacterized LOC105369370"
"101928555",26.6185858528066,-3.31077071757502,0.676510019283039,-4.89389753766508,9.88583218121393e-07,8.05836153848232e-05,"Down","LINC01537","ncRNA","long intergenic non-protein coding RNA 1537"
"283208",121.095491604277,2.32494252707287,0.451852596697063,5.14535612734697,2.67013776388717e-07,3.02503507529483e-05,"Up","P4HA3","protein-coding","prolyl 4-hydroxylase subunit alpha 3"
"50507",436.01328696776,1.79873696138985,0.413782844090332,4.34705543518661,1.37977355902365e-05,0.000509071006226269,"Up","NOX4","protein-coding","NADPH oxidase 4"
"107984376",46.0795735049075,-2.82300929189105,0.58315581273898,-4.84091769338948,1.29240897365527e-06,9.61116464071195e-05,"Down","LOC107984376","",""
"84441",2483.92521549815,-1.2653292439499,0.283695174861693,-4.46017188895361,8.18939453471713e-06,0.000353886978018807,"Down","MAML2","protein-coding","mastermind like transcriptional coactivator 2"
"100422991",72.8169164334666,-1.39181332421202,0.292766579929532,-4.75400342671294,1.99427654567305e-06,0.000130146894365837,"Down","MIR1260B","ncRNA","microRNA 1260b"
"4319",40.4077009171264,3.07944511042651,0.597839998602092,5.15095195642156,2.59167579256771e-07,2.95983259488692e-05,"Up","MMP10","protein-coding","matrix metallopeptidase 10"
"4322",951.022688472811,3.37307479122243,0.750551776651939,4.49412671603956,6.98560240246136e-06,0.00031685404372299,"Up","MMP13","protein-coding","matrix metallopeptidase 13"
"440068",37.6489250587103,1.84309709445806,0.327546031238585,5.62698649557303,1.83385078267452e-08,4.61825463617214e-06,"Up","CARD17P","pseudo","caspase recruitment domain family member 17, pseudogene"
"1410",1848.79459665428,-2.96361959368869,0.555175848632861,-5.33816375655875,9.38926382730917e-08,1.37514344101355e-05,"Down","CRYAB","protein-coding","crystallin alpha B"
"107984390",19.825117819834,-1.95000750212548,0.419147141061118,-4.65232208715254,3.28217884852548e-06,0.000185647217782181,"Down","LOC107984390","ncRNA","uncharacterized LOC107984390"
"80975",59.1794773246381,-1.13050331535973,0.260399052015543,-4.34142638619225,1.41560707563791e-05,0.000515135991592731,"Down","TMPRSS5","protein-coding","transmembrane serine protease 5"
"7704",1785.90723502353,-2.57905095479978,0.61114198330982,-4.22005200957095,2.44245963726458e-05,0.000746858079612174,"Down","ZBTB16","protein-coding","zinc finger and BTB domain containing 16"
"915",176.299562960404,1.64678951100059,0.361789362667625,4.55179085105797,5.3191199476728e-06,0.000259682684162911,"Up","CD3D","protein-coding","CD3 delta subunit of T-cell receptor complex"
"220296",153.141212585682,-3.38029064188112,0.76257023738416,-4.43275973302671,9.30345231053268e-06,0.000386398593124419,"Down","HEPACAM","protein-coding","hepatic and glial cell adhesion molecule"
"120224",129.424954856942,1.11927878943778,0.199466498653915,5.61136229387468,2.00739996422946e-08,4.79937438176805e-06,"Up","TMEM45B","protein-coding","transmembrane protein 45B"
"11095",147.67614942765,-2.3240829993101,0.472978264774421,-4.91372050768238,8.93641194903157e-07,7.59505948438955e-05,"Down","ADAMTS8","protein-coding","ADAM metallopeptidase with thrombospondin type 1 motif 8"
"101929432",11.9909159550344,-4.89602771836346,1.11529841801765,-4.38988134410316,1.13412527851352e-05,0.000445671165513563,"Down","LOC101929432","ncRNA","uncharacterized LOC101929432"
"100507560",30.0211211745365,-3.88741342071805,0.738277534811827,-5.26551769140433,1.3979485577014e-07,1.88222736858512e-05,"Down","LOC100507560","ncRNA","uncharacterized LOC100507560"
"4908",19.058020292139,-3.38815323216885,0.666746400566992,-5.08162208193041,3.74225378543517e-07,3.87588406230779e-05,"Down","NTF3","protein-coding","neurotrophin 3"
"27239",101.522492377025,-1.11555773070773,0.209767637566243,-5.31806404291248,1.0487715708314e-07,1.49886448743067e-05,"Down","GPR162","protein-coding","G protein-coupled receptor 162"
"170482",36.9648300321194,3.35132158382001,0.798888404065884,4.19498088439349,2.72894601397278e-05,0.000801514316067182,"Up","CLEC4C","protein-coding","C-type lectin domain family 4 member C"
"969",205.894667262643,1.81735661165525,0.356620996384739,5.09604490503584,3.46822893423873e-07,3.66629060312791e-05,"Up","CD69","protein-coding","CD69 molecule"
"9052",1785.6869740275,1.53527643823993,0.313876295838223,4.89134241290792,1.00150560707532e-06,8.05836153848232e-05,"Up","GPRC5A","protein-coding","G protein-coupled receptor class C group 5 member A"
"2904",101.275078034984,-2.58692281302068,0.618179986619967,-4.18474047852187,2.85492075715696e-05,0.000829758732171383,"Down","GRIN2B","protein-coding","glutamate ionotropic receptor NMDA type subunit 2B"
"105369667",10.1506576246613,-3.09481322165867,0.635674581214382,-4.86854958986466,1.12420313451788e-06,8.63644582199292e-05,"Down","LOC105369667","ncRNA","uncharacterized LOC105369667"
"5800",223.178203588393,1.30027415006895,0.252716159880651,5.14519590153245,2.67241782118924e-07,3.02503507529483e-05,"Up","PTPRO","protein-coding","protein tyrosine phosphatase receptor type O"
"112268092",66.3450849743289,-1.40159480017698,0.280949272105853,-4.98878245767052,6.07610222142364e-07,5.79995697867386e-05,"Down","LOC112268092","",""
"80763",64.747245024174,-3.47420863651098,0.818122734629364,-4.24656165811711,2.17076061816623e-05,0.000691561620596869,"Down","SPX","protein-coding","spexin hormone"
"83857",1376.58476652723,-1.8504817323608,0.443960606754462,-4.16812145989391,3.0712027855955e-05,0.00087491658865372,"Down","TMTC1","protein-coding","transmembrane O-mannosyltransferase targeting cadherins 1"
"105369714",33.0711024527158,-2.71391094267283,0.532416157661345,-5.09734895085411,3.44443054546134e-07,3.66629060312791e-05,"Down","LOC105369714","ncRNA","uncharacterized LOC105369714"
"144501",416.585399039156,1.79247682371379,0.33091626138435,5.41670819141729,6.07062955270306e-08,1.02170292906085e-05,"Up","KRT80","protein-coding","keratin 80"
"3887",147.628291908653,1.34496827672058,0.221368711715646,6.07569274942625,1.23453589925043e-09,6.71955263289882e-07,"Up","KRT81","protein-coding","keratin 81"
"3489",629.892539585734,-2.30065349060363,0.427090952766128,-5.38679987413231,7.17232179754102e-08,1.16220173649685e-05,"Down","IGFBP6","protein-coding","insulin like growth factor binding protein 6"
"3229",97.6690849349187,2.46438589474103,0.545046917284688,4.52141974679554,6.14262479369099e-06,0.000288861447559196,"Up","HOXC13","protein-coding","homeobox C13"
"100124700",124.947316346261,1.67971964765413,0.286424213817728,5.86444709148457,4.5063175425195e-09,1.66038891664068e-06,"Up","HOTAIR","ncRNA","HOX transcript antisense RNA"
"3227",82.0522378641629,2.13143919264752,0.383869449163938,5.55251061862246,2.81595605038014e-08,5.85673070575811e-06,"Up","HOXC11","protein-coding","homeobox C11"
"100874365",38.1263985964856,2.07681785900435,0.416381486132783,4.98777666195767,6.10781176846018e-07,5.80855169742559e-05,"Up","HOXC-AS3","ncRNA","HOXC cluster antisense RNA 3"
"3226",320.863278491811,2.06432980969332,0.335622787101452,6.15074389770002,7.71203629191321e-10,4.58812354464474e-07,"Up","HOXC10","protein-coding","homeobox C10"
"5502",717.566851088958,-3.29169745038709,0.702523644901953,-4.68553261413215,2.79232827211552e-06,0.000166124050830836,"Down","PPP1R1A","protein-coding","protein phosphatase 1 regulatory inhibitor subunit 1A"
"283417",451.121148571604,-1.3231188176479,0.292433494175508,-4.52451187706226,6.05350536648495e-06,0.000287232464212123,"Down","DPY19L2","protein-coding","dpy-19 like 2"
"105369846",33.3905518059539,-3.93904636580805,0.807222598196893,-4.87975234415731,1.06219137431488e-06,8.33526985819735e-05,"Down","LOC105369846","ncRNA","uncharacterized LOC105369846"
"105369848",17.8745266358834,-1.6601088270416,0.400919650484576,-4.14075195624632,3.46169137031105e-05,0.000953250684987054,"Down","LNCOG","ncRNA","lncRNA osteogenesis associated"
"283310",70.3696729482747,-1.89485649693914,0.385337622704771,-4.91739291803049,8.77044035842472e-07,7.52737639665788e-05,"Down","OTOGL","protein-coding","otogelin like"
"1833",35.6501051890975,3.93663202616013,0.645023994622735,6.10307842650506,1.04044756387862e-09,5.91482879536509e-07,"Up","EPYC","protein-coding","epiphycan"
"4060",14800.0250265992,1.14377491923558,0.249359172258648,4.58685721834686,4.49968186883716e-06,0.000229762198739705,"Up","LUM","protein-coding","lumican"
"10154",2239.52651626599,1.17856209707415,0.27032945108946,4.35972511439063,1.30225926096672e-05,0.000491362778968297,"Up","PLXNC1","protein-coding","plexin C1"
"105369937",77.05188861786,-3.72714658447789,0.751433547601369,-4.96004815911561,7.04757054421062e-07,6.43678160049633e-05,"Down","LOC105369937","ncRNA","uncharacterized LOC105369937"
"6404",573.060542130686,1.01453508102163,0.215398359911004,4.71004088165204,2.47667108153905e-06,0.000153409684280707,"Up","SELPLG","protein-coding","selectin P ligand"
"4938",1188.42515271404,1.51907625644156,0.241504106753434,6.29006387039405,3.17335378945574e-10,2.2550204622738e-07,"Up","OAS1","protein-coding","2'-5'-oligoadenylate synthetase 1"
"4940",3550.40129129018,1.35522569368178,0.302881055410724,4.47444853176444,7.66087764333349e-06,0.000338481125857957,"Up","OAS3","protein-coding","2'-5'-oligoadenylate synthetase 3"
"4939",2677.55391973371,1.78134592662457,0.293731350734276,6.06454136465694,1.32330719500123e-09,6.77609707765705e-07,"Up","OAS2","protein-coding","2'-5'-oligoadenylate synthetase 2"
"54997",152.241629942104,-2.13694205553029,0.464440090643792,-4.6011145432517,4.20236242065019e-06,0.00021806254654173,"Down","TESC","protein-coding","tescalcin"
"92558",474.920709889503,1.2904554662018,0.299653386942285,4.30649384400366,1.65862543132673e-05,0.000573391294381088,"Up","BICDL1","protein-coding","BICD family like cargo adaptor 1"
"8638",216.615591909381,1.80734367867349,0.415467703758844,4.35014241136429,1.36049146384205e-05,0.00050660979080069,"Up","OASL","protein-coding","2'-5'-oligoadenylate synthetase like"
"2706",401.865072609071,2.37736463900931,0.490220885637895,4.84957844241129,1.23724135061113e-06,9.25471000916198e-05,"Up","GJB2","protein-coding","gap junction protein beta 2"
"9365",182.114333086768,-1.90059399891921,0.436956980180358,-4.34961354349968,1.36377656830116e-05,0.00050709494433547,"Down","KL","protein-coding","klotho"
"4081",156.680250270994,-2.03797871345582,0.375066767551787,-5.43364245987064,5.52151629039434e-08,9.68303595998155e-06,"Down","MAB21L1","protein-coding","mab-21 like 1"
"100507114",14.0407314035955,-3.81031107887002,0.9211642600316,-4.1364078527529,3.5278492755035e-05,0.000966714773046431,"Down","LINC00445","ncRNA","long intergenic non-protein coding RNA 445"
"105370170",89.7431473265922,-1.87844140845586,0.390439709533772,-4.81109211637035,1.50107810010734e-06,0.000107564649739344,"Down","LOC105370170","ncRNA","uncharacterized LOC105370170"
"94240",1132.15173859135,1.27402842885297,0.243893910037815,5.2236992250255,1.75383576338881e-07,2.25460434668405e-05,"Up","EPSTI1","protein-coding","epithelial stromal interaction 1"
"100189030",29.1019993357234,-3.12279595026582,0.731225891272009,-4.27063098768773,1.94920696690866e-05,0.000643414356483322,"Down","TRE-TTC2-1","tRNA","tRNA-Glu (anticodon TTC) 2-1"
"3936",4652.90757402825,1.17508446051377,0.283657974613356,4.14261034654671,3.4337506330706e-05,0.000947596641803799,"Up","LCP1","protein-coding","lymphocyte cytosolic protein 1"
"105370256",137.592218737714,-4.64184793971093,0.887903355455005,-5.22787520870694,1.71469175612288e-07,2.21541638914826e-05,"Down","LOC105370256","ncRNA","uncharacterized LOC105370256"
"10253",596.544671764997,-1.46871666449088,0.341852474939831,-4.29634644227569,1.73636149299519e-05,0.000591472699251704,"Down","SPRY2","protein-coding","sprouty RTK signaling antagonist 2"
"105370278",7.95505287889895,-3.62011192435383,0.792612507241058,-4.56731617440001,4.94008580725414e-06,0.000246349464173831,"Down","LOC105370278","ncRNA","uncharacterized LOC105370278"
"103724386",23.4246036224548,-3.4009658089126,0.789227844417408,-4.30923190681789,1.63822514393725e-05,0.000569416788481015,"Down","LINC00377","ncRNA","long intergenic non-protein coding RNA 377"
"1638",48.7987409782222,-2.71651536387128,0.540648542111403,-5.02454950356923,5.04615631079632e-07,5.00351824584463e-05,"Down","DCT","protein-coding","dopachrome tautomerase"
"9071",40.0218319440852,-2.24349562656081,0.523280312818808,-4.2873686848174,1.80802073010079e-05,0.00061054305147955,"Down","CLDN10","protein-coding","claudin 10"
"266722",171.74018715506,1.83536696610635,0.425016916613965,4.31833862220919,1.57208106341864e-05,0.000556693585599492,"Up","HS6ST3","protein-coding","heparan sulfate 6-O-sulfotransferase 3"
"101927385",99.4626376614942,-1.04446447493357,0.231452930478382,-4.51264312262023,6.4024701922781e-06,0.000298338784078066,"Down","LOC101927385","ncRNA","uncharacterized LOC101927385"
"10673",500.922766186932,1.16454989590979,0.259005537464183,4.49623551415705,6.91671217660963e-06,0.000314660906159371,"Up","TNFSF13B","protein-coding","TNF superfamily member 13b"
"6039",251.3775142557,1.03721792362641,0.248761920736825,4.16952048188971,3.05241184778095e-05,0.000873454137471279,"Up","RNASE6","protein-coding","ribonuclease A family member k6"
"57447",2173.23913348816,-2.09535234645973,0.447448006049738,-4.68289570660598,2.82850445465615e-06,0.000167497224442161,"Down","NDRG2","protein-coding","NDRG family member 2"
"102465428",126.693103502856,-2.12822544248098,0.474846630854729,-4.48192174945023,7.39738693049825e-06,0.000330261697130901,"Down","MIR6717","ncRNA","microRNA 6717"
"122664",35.0582698436653,-2.31587250468568,0.481219020874143,-4.8125123991958,1.4904462246441e-06,0.000107340108408531,"Down","TPPP2","protein-coding","tubulin polymerization promoting protein family member 2"
"112267867",26.2266760061952,2.05945088922281,0.393214676084232,5.23747208454052,1.62790913380685e-07,2.13564981851522e-05,"Up","LOC112267867","",""
"28755",634.664847585125,1.55792275106012,0.31692241943424,4.91578586911358,8.84270107812952e-07,7.54046596602365e-05,"Up","TRAC","other","T cell receptor alpha constant"
"9472",252.371910191493,-1.10575992919048,0.223835627612692,-4.94005329260542,7.81012219668171e-07,6.96162181308403e-05,"Down","AKAP6","protein-coding","A-kinase anchoring protein 6"
"145581",121.310261784108,-1.81268894965838,0.397306933269063,-4.56243976097643,5.05626031369091e-06,0.000249708979430195,"Down","LRFN5","protein-coding","leucine rich repeat and fibronectin type III domain containing 5"
"105370470",140.806221623988,2.11062817221457,0.45065612220234,4.68345611704999,2.82077865493898e-06,0.000167427284340253,"Up","LOC105370470","ncRNA","uncharacterized LOC105370470"
"9628",200.639269060354,-2.50777018948463,0.396617593049844,-6.32289195797089,2.56712800676822e-10,1.99006874754984e-07,"Down","RGS6","protein-coding","regulator of G protein signaling 6"
"8477",383.774709705874,1.50045844568148,0.324190028005785,4.62833004121492,3.68626211583801e-06,0.000199998417135735,"Up","GPR65","protein-coding","G protein-coupled receptor 65"
"11099",932.536854957426,-1.09283749600486,0.223540788418062,-4.88876103434445,1.0147258104769e-06,8.08682731576948e-05,"Down","PTPN21","protein-coding","protein tyrosine phosphatase non-receptor type 21"
"3429",3582.96130411542,1.42360586254102,0.340261040001347,4.18386384328744,2.86595803078839e-05,0.000831257804349531,"Up","IFI27","protein-coding","interferon alpha inducible protein 27"
"29933",416.085546607914,1.66613263626683,0.323379499045151,5.1522518934764,2.57377006309541e-07,2.95983259488692e-05,"Up","GPR132","protein-coding","G protein-coupled receptor 132"
"3503",5875.04691250654,2.60367409477561,0.543452767120499,4.79098507230215,1.65964475279992e-06,0.000115686735875007,"Up","IGHG4","other","immunoglobulin heavy constant gamma 4 (G4m marker)"
"3501",10615.1982997264,1.9225857809029,0.368845534115871,5.21244153195827,1.86371317248907e-07,2.36027279102056e-05,"Up","IGHG2","other","immunoglobulin heavy constant gamma 2 (G2m marker)"
"3505",7400.90630137069,2.79642673415765,0.619625226379536,4.51309374619419,6.38887650273979e-06,0.000298248610753813,"Up","IGHGP","pseudo","immunoglobulin heavy constant gamma P (non-functional)"
"3500",87177.5290681912,2.53478576225818,0.486649672264575,5.2086457809841,1.90223864610884e-07,2.39719551944613e-05,"Up","IGHG1","other","immunoglobulin heavy constant gamma 1 (G1m marker)"
"105378184",119.200063972647,1.91855876471633,0.461704690565821,4.15538070961577,3.24746345694312e-05,0.000913934105121221,"Up","LOC105378184","ncRNA","uncharacterized LOC105378184"
"3502",15919.5168924559,2.45307958309818,0.443315968088331,5.5334789623671,3.13940653217402e-08,6.31925861012614e-06,"Up","IGHG3","other","immunoglobulin heavy constant gamma 3 (G3m marker)"
"102723169",1100.62596592474,1.57468132889855,0.358581397585562,4.3914194643151,1.12613047749831e-05,0.000443893218418518,"Up","IGHV1-69D","other","immunoglobulin heavy variable 1-69D"
"4948",40.7486329230693,-2.78523071775272,0.609976373318647,-4.56612885282646,4.96813453025714e-06,0.000246846115796915,"Down","OCA2","protein-coding","OCA2 melanosomal transmembrane protein"
"6263",434.195343766571,-2.1319201761452,0.38276582325227,-5.56977673197356,2.55065972313433e-08,5.52974381671378e-06,"Down","RYR3","protein-coding","ryanodine receptor 3"
"113218500",6518.80891677502,1.10684520973081,0.230386870230266,4.80428944854603,1.55302029049632e-06,0.000110053642857276,"Up","MIR10393","ncRNA","microRNA 10393"
"8854",162.818603826122,-2.38507072969441,0.506036838190371,-4.71323538069604,2.43814283835332e-06,0.000151914122840861,"Down","ALDH1A2","protein-coding","aldehyde dehydrogenase 1 family member A2"
"107984805",1516.73913688369,-1.60793583439379,0.308051784785843,-5.21969329121603,1.79219681520294e-07,2.28099397644386e-05,"Down","LOC107984805","ncRNA","uncharacterized LOC107984805"
"105370841",159.942681078889,-1.47783088086869,0.302363007203865,-4.88760478517227,1.02070171633817e-06,8.1046947053246e-05,"Down","LOC105370841","ncRNA","uncharacterized LOC105370841"
"83660",2406.52996590582,-1.33557547203873,0.317331697704268,-4.20876792864038,2.56766938429781e-05,0.000772624995380518,"Down","TLN2","protein-coding","talin 2"
"107984791",65.5625892399294,-1.15347990247428,0.267402173771207,-4.31365192812985,1.60579698190861e-05,0.000563504779028616,"Down","LOC107984791","ncRNA","uncharacterized LOC107984791"
"8482",228.461282889705,1.28926031051954,0.308648461552145,4.17711562220674,2.95228975193805e-05,0.000849555415456458,"Up","SEMA7A","protein-coding","semaphorin 7A (John Milton Hagen blood group)"
"107984749",68.3151383772663,-1.13104431004404,0.231214517676888,-4.8917529980735,9.99418188888303e-07,8.05836153848232e-05,"Down","LOC107984749","",""
"112267869",23.5373166704906,-1.85741106677211,0.435251082151665,-4.26744732624212,1.97722436442922e-05,0.000650145934329412,"Down","LOC112267869","",""
"4916",440.478867608042,-2.14823789559957,0.356521222078244,-6.0255540555959,1.685312773077e-09,7.9840132149733e-07,"Down","NTRK3","protein-coding","neurotrophic receptor tyrosine kinase 3"
"100189264",15.0600299206415,-2.97378954392028,0.700850951082179,-4.24311266087101,2.20440697648011e-05,0.00069611003234269,"Down","TRR-TCG1-1","tRNA","tRNA-Arg (anticodon TCG) 1-1"
"56963",560.478920354346,-1.8412717489972,0.34074650169598,-5.40364094666485,6.53015980576519e-08,1.0777712783941e-05,"Down","RGMA","protein-coding","repulsive guidance molecule BMP co-receptor a"
"644192",140.129667952097,-1.23582967154713,0.270106379385487,-4.57534425643236,4.75437543595998e-06,0.000238951733600645,"Down","NR2F2-AS1","ncRNA","NR2F2 antisense RNA 1"
"105370997",23.7795894215231,-2.16869165080843,0.468440650056105,-4.62959747525901,3.66377230727253e-06,0.000199843546193275,"Down","LOC105370997","ncRNA","uncharacterized LOC105370997"
"23336",5805.85417928189,-2.2978288180625,0.482008807885055,-4.76719259165585,1.86810718096134e-06,0.000125170429365974,"Down","SYNM","protein-coding","synemin"
"64927",563.474856919601,-1.16033712734049,0.204487075744131,-5.6743787993349,1.39192823465849e-08,3.83917336214578e-06,"Down","TTC23","protein-coding","tetratricopeptide repeat domain 23"
"283875",21.2447474483837,2.25422337430149,0.509811971200655,4.42167603281772,9.79382264965403e-06,0.000400232541571006,"Up","GREP1","protein-coding","glycine rich extracellular protein 1"
"51330",527.906745687759,1.94270358032248,0.393806790060985,4.93313886238892,8.09185834802546e-07,7.13813518135129e-05,"Up","TNFRSF12A","protein-coding","TNF receptor superfamily member 12A"
"4629",5515.4875595031,-2.0526615024226,0.390513309038873,-5.25631637875439,1.46969372753428e-07,1.95821379884281e-05,"Down","MYH11","protein-coding","myosin heavy chain 11"
"10261",646.554361819483,1.21456756426604,0.154360010528546,7.86840814604265,3.591821250908e-15,2.29714928101821e-11,"Up","IGSF6","protein-coding","immunoglobulin superfamily member 6"
"50615",287.117655555168,2.39933076805155,0.47791874643649,5.02037383120395,5.15710154441793e-07,5.07419121958844e-05,"Up","IL21R","protein-coding","interleukin 21 receptor"
"283888",73.2203059044439,2.05091554734202,0.468190375554594,4.38051624814503,1.18398463002577e-05,0.000460824778508477,"Up","IL21R-AS1","ncRNA","IL21R antisense RNA 1"
"388228",419.043696072091,1.4202551938367,0.300704224217032,4.72309691536504,2.32280088112623e-06,0.000145910124015721,"Up","SBK1","protein-coding","SH3 domain binding kinase 1"
"930",104.021719475997,2.28796690742802,0.498244993793191,4.59205197428977,4.38909021071186e-06,0.000226077094180943,"Up","CD19","protein-coding","CD19 molecule"
"6693",524.563702685486,1.29120448863524,0.295763319379162,4.36566810024182,1.26734792874225e-05,0.000483065598335513,"Up","SPN","protein-coding","sialophorin"
"22928",1683.22172437515,1.27299770006928,0.275841841578614,4.61495505099605,3.93180401573401e-06,0.000210386924931821,"Up","SEPHS2","protein-coding","selenophosphate synthetase 2"
"260434",27.3565543583553,2.86114493248727,0.609953990462557,4.69075533109887,2.72198312125951e-06,0.000164990516133709,"Up","PYDC1","protein-coding","pyrin domain containing 1"
"10308",948.300697615249,1.05008058688457,0.160896204693878,6.52644721410592,6.73480361463344e-11,9.06788137208172e-08,"Up","ZNF267","protein-coding","zinc finger protein 267"
"124460",352.885722656194,1.34205120577302,0.30895862025377,4.34378948439986,1.40045723541481e-05,0.000512539298946806,"Up","SNX20","protein-coding","sorting nexin 20"
"79190",121.734632170924,-2.58387849155984,0.559483581507544,-4.61832764528588,3.86845100500613e-06,0.000208342554968562,"Down","IRX6","protein-coding","iroquois homeobox 6"
"6530",27.4089401343833,-4.13603287418367,0.662474150766861,-6.24331208907686,4.28400906534224e-10,2.81009025409193e-07,"Down","SLC6A2","protein-coding","solute carrier family 6 member 2"
"4500",36.4273171554868,-2.02454647250784,0.409934421275323,-4.93870816266025,7.86418009687275e-07,6.98546719577079e-05,"Down","MT1L","pseudo","metallothionein 1L, pseudogene"
"51090",93.1592457718565,-1.05746058172436,0.248110929720066,-4.26204755637912,2.02562320990092e-05,0.000661405889757677,"Down","PLLP","protein-coding","plasmolipin"
"6367",122.186909853316,1.67766560522293,0.320723994037658,5.23087026979947,1.68713881867969e-07,2.1908825004804e-05,"Up","CCL22","protein-coding","C-C motif chemokine ligand 22"
"283867",19.8457288398883,2.89131334536988,0.559164709518266,5.17077221819097,2.33128596479317e-07,2.78801103915963e-05,"Up","LINC00922","ncRNA","long intergenic non-protein coding RNA 922"
"794",366.61094923276,-2.38296653990565,0.443126491253946,-5.37762148492274,7.54762843175024e-08,1.19187302803108e-05,"Down","CALB2","protein-coding","calbindin 2"
"100132529",126.808700506399,-4.43994337152204,0.650979944122161,-6.82039963229476,9.07875985209824e-12,2.11138940487616e-08,"Down","TAT-AS1","ncRNA","TAT antisense RNA 1"
"6898",995.01361562683,-4.9314940801169,0.734529229947063,-6.71381597771448,1.8959939732368e-11,3.73102444794952e-08,"Down","TAT","protein-coding","tyrosine aminotransferase"
"170692",294.934287198042,-2.97153944220685,0.505263807581744,-5.88116425047147,4.07390639495948e-09,1.53262754993902e-06,"Down","ADAMTS18","protein-coding","ADAM metallopeptidase with thrombospondin type 1 motif 18"
"102724163",21.0607602895498,2.06306518278686,0.447028259469175,4.61506658491044,3.92969308232939e-06,0.000210386924931821,"Up","CDH13-AS2","ncRNA","CDH13 antisense RNA 2"
"105371401",36.0547364481851,2.3805470325365,0.486462095367884,4.89359202948018,9.90119817197673e-07,8.05836153848232e-05,"Up","LOC105371401","ncRNA","uncharacterized LOC105371401"
"10381",688.695396587124,2.11571272508769,0.441503970855178,4.79205820276004,1.65078994561628e-06,0.000115383902701518,"Up","TUBB3","protein-coding","tubulin beta 3 class III"
"101928991",16.6391101632321,-2.63907031490203,0.445543130768022,-5.92326563390807,3.15610412205709e-09,1.25993095483859e-06,"Down","CCDC92B","protein-coding","coiled-coil domain containing 92B"
"83394",175.411753554458,-1.09699819421632,0.255875539116785,-4.28723354331903,1.80912063727681e-05,0.00061054305147955,"Down","PITPNM3","protein-coding","PITPNM family member 3"
"100189387",36.8666998319071,-2.70950795123553,0.498668077729561,-5.433489874812,5.52624208489292e-08,9.68303595998155e-06,"Down","TRI-AAT5-5","tRNA","tRNA-Ile (anticodon AAT) 5-5"
"230",350.940499028807,-2.27442286235058,0.48683546835065,-4.67185119041572,2.98497192937202e-06,0.000173548981584534,"Down","ALDOC","protein-coding","aldolase, fructose-bisphosphate C"
"2124",1108.29166401193,1.1781653524668,0.23894120180637,4.93077520143028,8.19039428424208e-07,7.17557077326989e-05,"Up","EVI2B","protein-coding","ecotropic viral integration site 2B"
"2123",627.347911123665,1.18211048379379,0.213677038445803,5.5322298193197,3.16185248258989e-08,6.31925861012614e-06,"Up","EVI2A","protein-coding","ecotropic viral integration site 2A"
"6356",12.6322954310021,3.80772717719555,0.841311472437389,4.52594229597758,6.01269859143684e-06,0.00028590493562479,"Up","CCL11","protein-coding","C-C motif chemokine ligand 11"
"414062",98.5259089226283,1.50405562239036,0.265082376840932,5.67391782250729,1.3956810361956e-08,3.83917336214578e-06,"Up","CCL3L3","protein-coding","C-C motif chemokine ligand 3 like 3"
"9560",126.38615081241,2.04993076148401,0.368467347279509,5.56339870172808,2.6457046908138e-08,5.64020145003321e-06,"Up","CCL4L2","protein-coding","C-C motif chemokine ligand 4 like 2"
"3861",2018.23800753469,-2.28053311096036,0.476747797441944,-4.78352102138043,1.72250867981355e-06,0.000119059584268341,"Down","KRT14","protein-coding","keratin 14"
"146894",574.277426859709,-3.40681436587744,0.69754318641338,-4.88401927254793,1.0394490834359e-06,8.18190352383302e-05,"Down","CD300LG","protein-coding","CD300 molecule like family member g"
"107985077",54.0529379907778,-4.24533171940986,0.940409596744592,-4.51434325437116,6.35132763849784e-06,0.000297229045359486,"Down","LOC107985077","ncRNA","uncharacterized LOC107985077"
"6442",34.2833892375801,-1.77166993552804,0.424550652799846,-4.17304725324093,3.00552576539369e-05,0.000862933334795751,"Down","SGCA","protein-coding","sarcoglycan alpha"
"3131",336.992666486644,-2.740969116179,0.565125876691611,-4.85019219474662,1.23341901381524e-06,9.25317454880396e-05,"Down","HLF","protein-coding","HLF transcription factor, PAR bZIP family member"
"81671",9221.66911385575,1.64908418593508,0.326675541608804,5.0480797485288,4.4627286865713e-07,4.51247135414494e-05,"Up","VMP1","protein-coding","vacuole membrane protein 1"
"80774",638.323375370442,1.15514291625965,0.275329907537803,4.19548652229524,2.72286478444029e-05,0.000800647435810936,"Up","LIMD2","protein-coding","LIM domain containing 2"
"201134",570.189031394832,-1.29803098277751,0.268589972325064,-4.83276040256094,1.34652808674619e-06,9.89852917101752e-05,"Down","CEP112","protein-coding","centrosomal protein 112"
"105371867",42.5268657560329,-1.65613207309776,0.357837326570029,-4.62817026097374,3.68910669062313e-06,0.000199998417135735,"Down","LOC105371867","ncRNA","uncharacterized LOC105371867"
"27092",607.686109616688,1.8276415064907,0.36887339109688,4.95465802251562,7.24576105264688e-07,6.52679786087368e-05,"Up","CACNG4","protein-coding","calcium voltage-gated channel auxiliary subunit gamma 4"
"9120",363.178311452972,1.80583914200498,0.336711672291985,5.36316169176045,8.17777404974212e-08,1.28345899227302e-05,"Up","SLC16A6","protein-coding","solute carrier family 16 member 6"
"105371873",62.1388319149277,-1.27069473880894,0.282993951313553,-4.49018338699765,7.11618793442945e-06,0.000319940807976405,"Down","LOC105371873","",""
"101928104",35.9569380080389,-2.54139210948015,0.55967767870281,-4.54081376868638,5.60375142631948e-06,0.000271506001871411,"Down","LINC01482","ncRNA","long intergenic non-protein coding RNA 1482"
"105371877",37.8274305918904,-2.58146833843605,0.560035467998546,-4.60947294581484,4.03691058614908e-06,0.000212932467247146,"Down","LOC105371877","",""
"100133319",27.7276297492827,-2.22481099983311,0.458003142577104,-4.85763260774693,1.18797574074221e-06,9.0448795832343e-05,"Down","PRO1804","ncRNA","uncharacterized LOC100133319"
"3773",68.1946778715612,-2.4742040346868,0.588562433817659,-4.20380896320225,2.62460477390278e-05,0.000782548243892551,"Down","KCNJ16","protein-coding","potassium inwardly rectifying channel subfamily J member 16"
"8535",981.450746653504,1.15519573944079,0.271970175093766,4.24750890071869,2.16160579943966e-05,0.000690374890361163,"Up","CBX4","protein-coding","chromobox 4"
"91133",592.601676059977,-1.79954795860834,0.319947045192127,-5.62451813714272,1.86026509339793e-08,4.62032054556368e-06,"Down","L3MBTL4","protein-coding","L3MBTL histone methyl-lysine binding protein 4"
"11031",2834.09017687023,1.56100453034817,0.293840534170523,5.31242067999468,1.08178518179787e-07,1.52896290169907e-05,"Up","RAB31","protein-coding","RAB31, member RAS oncogene family"
"147495",818.930101082671,-1.9388978157073,0.304515206769149,-6.36716253443844,1.92557097145218e-10,1.64199855305632e-07,"Down","APCDD1","protein-coding","APC down-regulated 1"
"3909",1971.1786640605,-2.02808256899941,0.44266105194948,-4.5815699395005,4.61498206953361e-06,0.000234712666605982,"Down","LAMA3","protein-coding","laminin subunit alpha 3"
"105372031",111.471836245914,-1.68465341493052,0.306890300726975,-5.48943192710829,4.03228480710798e-08,7.64103036558787e-06,"Down","LOC105372031","ncRNA","uncharacterized LOC105372031"
"105372059",11.5706375259177,-3.42864358954457,0.800431654281371,-4.28349325167907,1.83981681358989e-05,0.000616857060619352,"Down","LOC105372059","ncRNA","uncharacterized LOC105372059"
"494470",178.270392554215,-1.91657071955993,0.339171639539819,-5.65073990903336,1.59758664278566e-08,4.17035321385131e-06,"Down","RNF165","protein-coding","ring finger protein 165"
"105372095",9.03478199469653,-3.02913299179814,0.670647242519081,-4.51673070393926,6.28016895406528e-06,0.000294787673730088,"Down","LOC105372095","ncRNA","uncharacterized LOC105372095"
"5366",273.950057910783,1.6919042371074,0.391868646771516,4.31752897570773,1.57785700278285e-05,0.000556755004761255,"Up","PMAIP1","protein-coding","phorbol-12-myristate-13-acetate-induced protein 1"
"23239",702.755695294794,-1.12633602136907,0.262986298218625,-4.28286959814432,1.84498309174422e-05,0.000617779547814143,"Down","PHLPP1","protein-coding","PH domain and leucine rich repeat protein phosphatase 1"
"105372160",66.6838968748796,-1.62401034484594,0.38148908645895,-4.25702963070398,2.07160908194102e-05,0.000669986138232809,"Down","LOC105372160","ncRNA","uncharacterized LOC105372160"
"2587",8.17863062756742,-5.44639101186362,1.09779135007705,-4.9612260212119,7.0049623534888e-07,6.43678160049633e-05,"Down","GALR1","protein-coding","galanin receptor 1"
"105372228",19.9553564229671,3.42889010948724,0.78490643202865,4.36853358511156,1.25083583634827e-05,0.000479743363800022,"Up","LOC105372228","ncRNA","uncharacterized LOC105372228"
"257000",95.623611794119,2.14530054284088,0.491433451585947,4.36539380035609,1.26893941865947e-05,0.000483065598335513,"Up","TINCR","protein-coding","TINCR ubiquitin domain containing"
"79958",358.953511024547,1.0986584097836,0.234264976328743,4.68981077325811,2.73457817374297e-06,0.000164990516133709,"Up","DENND1C","protein-coding","DENN domain containing 1C"
"84941",302.47180914434,1.42312675666773,0.255049294522481,5.57981059830882,2.40780626100809e-08,5.36205333735446e-06,"Up","HSH2D","protein-coding","hematopoietic SH2 domain containing"
"3594",146.000483576013,1.28543703442686,0.302780097738777,4.245447583995,2.18157504486458e-05,0.000693308505119602,"Up","IL12RB1","protein-coding","interleukin 12 receptor subunit beta 1"
"1311",813.26184919992,4.1388544188937,0.513040386362192,8.0673072313878,7.18655454229955e-16,9.19232191505535e-12,"Up","COMP","protein-coding","cartilage oligomeric matrix protein"
"148113",135.488242342688,1.6643957222817,0.304684439994144,5.46268697644582,4.68981144501835e-08,8.63127743787477e-06,"Up","CILP2","protein-coding","cartilage intermediate layer protein 2"
"126374",495.238540482781,-1.13135821869823,0.205097800549028,-5.51618893849515,3.46429816803142e-08,6.71391482837727e-06,"Down","WTIP","protein-coding","WT1 interacting protein"
"163175",167.681067366659,-1.88691301421124,0.448935609272019,-4.20308163406998,2.63305575138602e-05,0.000784154042281224,"Down","LGI4","protein-coding","leucine rich repeat LGI family member 4"
"933",257.617554136871,2.20532730777631,0.474994508691108,4.64284800650285,3.43639151175501e-06,0.000191524548265178,"Up","CD22","protein-coding","CD22 molecule"
"126393",1481.43956477004,-2.73541417074583,0.620681291755072,-4.40711554719335,1.04756311350191e-05,0.000420043253442097,"Down","HSPB6","protein-coding","heat shock protein family B (small) member 6"
"1346",234.562969311355,-1.52534498763584,0.311933372899123,-4.88997048779749,1.00851096790368e-06,8.06241486903498e-05,"Down","COX7A1","protein-coding","cytochrome c oxidase subunit 7A1"
"94274",272.526217713057,-2.36456965367271,0.514356873265714,-4.59713824500832,4.28333430466401e-06,0.000221366178145282,"Down","PPP1R14A","protein-coding","protein phosphatase 1 regulatory inhibitor subunit 14A"
"57716",199.572964548157,-1.10919478035841,0.263782054000256,-4.20496680322816,2.61120480306959e-05,0.000779461391740096,"Down","PRX","protein-coding","periaxin"
"7040",1580.11710336963,1.12350882836617,0.270551192189277,4.15266633746771,3.28623722974358e-05,0.000920794313376784,"Up","TGFB1","protein-coding","transforming growth factor beta 1"
"478",38.5726487361113,1.69196212089647,0.355088040930511,4.7649087715336,1.8893911445917e-06,0.000125543907171285,"Up","ATP1A3","protein-coding","ATPase Na+/K+ transporting subunit alpha 3"
"1088",17.3607560305992,-3.59489788488323,0.735752003618863,-4.88601847796731,1.0289554564586e-06,8.1243020021987e-05,"Down","CEACAM8","protein-coding","CEA cell adhesion molecule 8"
"147920",36.4368911739504,2.31920479321038,0.390459192594604,5.93968547084076,2.85569433292117e-09,1.21757287374649e-06,"Up","IGFL2","protein-coding","IGF like family member 2"
"64344",202.34647278627,-3.78137652568111,0.576329069737002,-6.56114141076846,5.33974518410204e-11,8.03537419409991e-08,"Down","HIF3A","protein-coding","hypoxia inducible factor 3 subunit alpha"
"4909",53.1025256489784,-2.13973007387964,0.501564484661264,-4.26611161538824,1.98909295532299e-05,0.000652674892173192,"Down","NTF4","protein-coding","neurotrophin 4"
"3270",43.7385913869507,-1.71860220900828,0.392669388173001,-4.37671552907277,1.20481051699009e-05,0.000466285365289568,"Down","HRC","protein-coding","histidine rich calcium binding protein"
"256236",248.696529291375,1.73264281905222,0.334354454102108,5.18205394842171,2.19455714989886e-07,2.6733886194625e-05,"Up","NAPSB","pseudo","napsin B aspartic peptidase, pseudogene"
"94030",67.6020070564653,-1.65003468846199,0.38492347626398,-4.28665641409307,1.813825029804e-05,0.00061054305147955,"Down","LRRC4B","protein-coding","leucine rich repeat containing 4B"
"9622",39.9438589572497,3.2619376020843,0.609610286628734,5.3508572175241,8.75385714682452e-08,1.31730102076509e-05,"Up","KLK4","protein-coding","kallikrein related peptidase 4"
"27181",92.7542310829223,1.34556568094085,0.234905949624337,5.72810387771227,1.01559374430141e-08,3.0929665674665e-06,"Up","SIGLEC8","protein-coding","sialic acid binding Ig like lectin 8"
"23547",87.0049862393805,2.50957871402066,0.483398432165204,5.19153258892449,2.08570070912628e-07,2.57760364931732e-05,"Up","LILRA4","protein-coding","leukocyte immunoglobulin like receptor A4"
"148170",175.831100436268,-1.0424320788957,0.216956792038962,-4.80479117108487,1.54913107440234e-06,0.000110053642857276,"Down","CDC42EP5","protein-coding","CDC42 effector protein 5"
"6939",42.2240574892633,-2.4609460701006,0.562013936466756,-4.37879901265787,1.19335124331864e-05,0.000462550174342081,"Down","TCF15","protein-coding","transcription factor 15"
"55423",76.9509290407329,1.71372704617497,0.386800844176455,4.43051526897181,9.40081902503078e-06,0.000387437893453995,"Up","SIRPG","protein-coding","signal regulatory protein gamma"
"107984104",63.6747485041954,-2.36555429894418,0.441947085637482,-5.35257359041526,8.67120199283003e-08,1.31730102076509e-05,"Down","LOC107984104","",""
"105372501",19.7711840758541,-2.72818099418763,0.439340589683504,-6.20971760463331,5.30799008483898e-10,3.31192688659392e-07,"Down","LOC105372501","ncRNA","uncharacterized LOC105372501"
"107984088",57.5609543932731,-1.93657682991886,0.335503974307404,-5.77214274113035,7.82697669673549e-09,2.56704766481907e-06,"Down","LOC107984088","ncRNA","uncharacterized LOC107984088"
"102724545",133.546757216311,-1.63468018302113,0.306112695927084,-5.34012540077891,9.28823111031671e-08,1.37347704198914e-05,"Down","LOC102724545","ncRNA","uncharacterized LOC102724545"
"80332",719.840461455815,-2.46258437922897,0.479843871763843,-5.13205341182505,2.86598137837447e-07,3.18771894006851e-05,"Down","ADAM33","protein-coding","ADAM metallopeptidase domain 33"
"116835",492.945275829764,-1.30784667710895,0.297003542988144,-4.40347163522276,1.06532218232766e-05,0.00042516493086281,"Down","HSPA12B","protein-coding","heat shock protein family A (Hsp70) member 12B"
"101929329",14.7210188285673,2.91122294093729,0.688445813482624,4.22868856767442,2.35057457860335e-05,0.000725360661879747,"Up","LAMP5-AS1","ncRNA","LAMP5 antisense RNA 1"
"24141",157.185399338438,2.51989227912975,0.479185113230268,5.25870318078691,1.45074834022478e-07,1.94309131097541e-05,"Up","LAMP5","protein-coding","lysosomal associated membrane protein family member 5"
"105372539",107.290428661472,-1.40855379538315,0.312459058174369,-4.50796275074574,6.54530633770618e-06,0.000303887525827948,"Down","LOC105372539","",""
"100379174",17.3504742286422,-2.30960806836121,0.497285242167768,-4.64443315931346,3.41011426979717e-06,0.000190891779540375,"Down","MACROD2-AS1","ncRNA","MACROD2 antisense RNA 1"
"1472",22.6092018208873,3.20564787727561,0.775049425255583,4.13605606664183,3.53325898209058e-05,0.000966714773046431,"Up","CST4","protein-coding","cystatin S"
"1470",23.9683617404148,4.77416171640777,0.954394582914357,5.00229339297935,5.66522834603702e-07,5.46897628484223e-05,"Up","CST2","protein-coding","cystatin SA"
"79953",102.727965809219,2.26042797392827,0.495048062278579,4.5660778137866,4.96934366489763e-06,0.000246846115796915,"Up","SYNDIG1","protein-coding","synapse differentiation inducing 1"
"8530",143.08606829245,1.28501239320323,0.296854111235983,4.32876737954866,1.49946209705281e-05,0.000536492858276994,"Up","CST7","protein-coding","cystatin F"
"101927200",6.18888721775607,3.54621552920734,0.854585101349827,4.14963416002228,3.33007067547093e-05,0.00092456247220495,"Up","LOC101927200","ncRNA","uncharacterized LOC101927200"
"60598",277.845108947837,1.55739223146792,0.308995161707023,5.04018322767324,4.65086350663441e-07,4.67679480446242e-05,"Up","KCNK15","protein-coding","potassium two pore domain channel subfamily K member 15"
"55959",4128.04349353027,1.01971621513148,0.222310665763573,4.58689740156662,4.49881624801079e-06,0.000229762198739705,"Up","SULF2","protein-coding","sulfatase 2"
"112268266",73.2283815809778,2.37824578891175,0.548244462525615,4.33792943015934,1.43831318244129e-05,0.000521913869974652,"Up","LOC112268266","",""
"55653",324.648369774466,1.76833672805683,0.282615881931466,6.25703239312518,3.92371938252215e-10,2.69598951871504e-07,"Up","BCAS4","protein-coding","breast carcinoma amplified sequence 4"
"105372669",46.5693269473561,-2.37267095029732,0.36792250154261,-6.44883349169808,1.12714312276428e-10,1.10902212948292e-07,"Down","LOC105372669","ncRNA","uncharacterized LOC105372669"
"8537",328.294828106605,1.97546759567796,0.265813679003713,7.43177553195209,1.07149524141589e-13,5.48219825318025e-10,"Up","BCAS1","protein-coding","brain enriched myelin associated protein 1"
"5105",350.324324498819,-3.83914308021185,0.744894692316676,-5.15394071109816,2.55068616697434e-07,2.95283773678899e-05,"Down","PCK1","protein-coding","phosphoenolpyruvate carboxykinase 1"
"81030",215.391339576076,1.3275807995672,0.293514434403567,4.52305114828474,6.0954502652379e-06,0.000287700754031948,"Up","ZBP1","protein-coding","Z-DNA binding protein 1"
"1917",1188.94123251893,2.132677603853,0.420740910909608,5.06886197313764,4.00201303518662e-07,4.09517989864577e-05,"Up","EEF1A2","protein-coding","eukaryotic translation elongation factor 1 alpha 2"
"85441",2481.32699152423,1.03335173584267,0.230485230765706,4.48337506229674,7.34716266971401e-06,0.000328592859119972,"Up","HELZ2","protein-coding","helicase with zinc finger 2"
"4661",37.7238358569756,2.35987975307316,0.539869903839884,4.3712007953921,1.23565091477971e-05,0.000474630956484903,"Up","MYT1","protein-coding","myelin transcription factor 1"
"64092",509.408616974947,1.58671933149688,0.315957619673504,5.02193722416482,5.11529036383396e-07,5.05248486824712e-05,"Up","SAMSN1","protein-coding","SAM domain, SH3 domain and nuclear localization signals 1"
"112268282",52.1031479688839,-2.00992930278398,0.476928088342684,-4.21432360960002,2.50527858888294e-05,0.000760261409973942,"Down","LOC112268282","",""
"114614",129.827771478457,1.19317108750493,0.273814751487821,4.35758512286726,1.31505359210495e-05,0.000493284396149673,"Up","MIR155HG","ncRNA","MIR155 host gene"
"100996571",59.3906211908911,-2.11193147549258,0.425669968051215,-4.96142935608387,6.99763204882874e-07,6.43678160049633e-05,"Down","CYYR1-AS1","ncRNA","CYYR1 antisense RNA 1"
"116159",1234.67424713173,-1.56689535200489,0.333173042164297,-4.70294757891071,2.56432274944228e-06,0.000157693520615943,"Down","CYYR1","protein-coding","cysteine and tyrosine rich 1"
"11096",2014.85073707893,-1.71267185215785,0.349239571849256,-4.90400283991041,9.3903130605315e-07,7.84135312650269e-05,"Down","ADAMTS5","protein-coding","ADAM metallopeptidase with thrombospondin type 1 motif 5"
"112268279",47.1159100446535,-2.18645515135443,0.417335895211178,-5.23907762654361,1.6138115023259e-07,2.12806834291243e-05,"Down","LOC112268279","",""
"112268280",161.557873488971,-2.76197554532185,0.455440094567993,-6.06441017877822,1.32438767056075e-09,6.77609707765705e-07,"Down","LOC112268280","",""
"102724355",13.3692111666276,-2.97362639673742,0.629383063650634,-4.72466859767306,2.30490923637973e-06,0.000145590587864361,"Down","LOC102724355","ncRNA","uncharacterized LOC102724355"
"105372759",41.5447465813298,-3.2534800741013,0.5202367310789,-6.25384537411271,4.0046752291131e-10,2.69598951871504e-07,"Down","LOC105372759","ncRNA","uncharacterized LOC105372759"
"284825",87.6264002637256,-2.89243825717396,0.606762775530874,-4.76700017505735,1.86989147492965e-06,0.000125170429365974,"Down","LINC01697","ncRNA","long intergenic non-protein coding RNA 1697"
"4599",4434.51029219931,1.76351205277189,0.309750164714795,5.69333693299455,1.24580196643244e-08,3.6216029437812e-06,"Up","MX1","protein-coding","MX dynamin like GTPase 1"
"100130418",238.799068805054,-1.93929583893674,0.419578582476578,-4.62200865327772,3.80042157173159e-06,0.0002051105161351,"Down","CECR7","ncRNA","cat eye syndrome chromosome region, candidate 7"
"102724638",434.094982350099,1.83059111251565,0.410954957043798,4.45448115697154,8.40963141192509e-06,0.000358558651299779,"Up","LOC102724638","ncRNA","uncharacterized LOC102724638"
"4320",2538.46611139623,3.75528633729148,0.658248385895192,5.70496854646205,1.16364574602935e-08,3.46144017150267e-06,"Up","MMP11","protein-coding","matrix metallopeptidase 11"
"440823",955.186064403412,1.39490507938901,0.238778296098133,5.84184200232225,5.16267596763534e-09,1.86016305076123e-06,"Up","MIAT","ncRNA","myocardial infarction associated transcript"
"101929594",130.510695618408,-1.07925915432324,0.22732901919739,-4.74756438106176,2.05880865737976e-06,0.000134016394588013,"Down","LOC101929594","ncRNA","uncharacterized LOC101929594"
"114904",699.898775302422,1.0737500383624,0.156956493205026,6.84106797008906,7.86049468981488e-12,2.01087175154844e-08,"Up","C1QTNF6","protein-coding","C1q and TNF related 6"
"5880",745.794845493378,1.02875065260926,0.248306237622487,4.14307212923633,3.42684106845862e-05,0.000946711103815426,"Up","RAC2","protein-coding","Rac family small GTPase 2"
"85352",83.9603961648874,1.84789762824495,0.332991088185003,5.54939064080388,2.8666699957248e-08,5.9141251476316e-06,"Up","SHISAL1","protein-coding","shisa like 1"
"7477",176.161310457589,2.30462303016283,0.541057358812523,4.25948005812335,2.04902977860677e-05,0.000666899234049851,"Up","WNT7B","protein-coding","Wnt family member 7B"
"105379413",18.1528683029447,2.15421879977595,0.484357303483797,4.447581948866,8.68423325611443e-06,0.000365996795976803,"Up","LOC105379413","ncRNA","uncharacterized LOC105379413"
"8908",1392.35373514374,-2.5448742764737,0.59539396950184,-4.2742694868122,1.91764984230332e-05,0.000635457490489682,"Down","GYG2","protein-coding","glycogenin 2"
"395",324.523993384214,-1.57493803100451,0.339153991816135,-4.64372547281804,3.42182176440064e-06,0.000191128917853487,"Down","ARHGAP6","protein-coding","Rho GTPase activating protein 6"
"51284",547.747877807719,1.63237006637867,0.306608502937337,5.32395563312961,1.01534681227514e-07,1.45924731188891e-05,"Up","TLR7","protein-coding","toll like receptor 7"
"100532742",193.204622687642,-1.35525774990212,0.301187569008319,-4.49971343227876,6.80451300711396e-06,0.000312518943892261,"Down","PIR-FIGF","ncRNA","PIR-FIGF readthrough"
"2277",124.938797873013,-3.59614764817619,0.620679750884525,-5.79388588567834,6.87761988849466e-09,2.34591029316627e-06,"Down","VEGFD","protein-coding","vascular endothelial growth factor D"
"59272",25.9218858653759,-2.06500879955499,0.465853694085871,-4.4327410639237,9.30425820360573e-06,0.000386398593124419,"Down","ACE2","protein-coding","angiotensin converting enzyme 2"
"5475",43.5973095447373,2.60726990930399,0.55017459175403,4.73898640246484,2.14789915559434e-06,0.000138059186428177,"Up","PPEF1","protein-coding","protein phosphatase with EF-hand domain 1"
"5251",99.8932339740743,1.12324451094494,0.270838685825455,4.14728238516422,3.36444999234843e-05,0.000931486576885905,"Up","PHEX","protein-coding","phosphate regulating endopeptidase X-linked"
"139411",218.772003497884,-2.60490504863387,0.58093612901166,-4.48397839030182,7.3264085093243e-06,0.000328238498223352,"Down","PTCHD1","protein-coding","patched domain containing 1"
"1756",3181.65973667738,-2.80071125640721,0.502681525101453,-5.57154205307616,2.52494399334231e-08,5.52077925108401e-06,"Down","DMD","protein-coding","dystrophin"
"286442",10.3482779202738,3.17245116008712,0.762113295245707,4.16270281581207,3.14502580443356e-05,0.000891973948215291,"Up","LINC01281","ncRNA","long intergenic non-protein coding RNA 1281"
"4128",1491.18780384104,-2.87136472491925,0.544029685148826,-5.27795597060803,1.30632841581716e-07,1.78708521569169e-05,"Down","MAOA","protein-coding","monoamine oxidase A"
"50943",148.771808569713,1.65751034614242,0.296202946013766,5.59586043437052,2.19530253502283e-08,5.05948013071657e-06,"Up","FOXP3","protein-coding","forkhead box P3"
"11279",907.211545177659,-1.13546392438451,0.247347463190372,-4.59056223879927,4.42053612834985e-06,0.000227080633002903,"Down","KLF8","protein-coding","KLF transcription factor 8"
"4435",103.997862689803,-3.08178867021436,0.664091156195222,-4.64061091834268,3.47380653744418e-06,0.000192769889025807,"Down","CITED1","protein-coding","Cbp/p300 interacting transactivator with Glu/Asp rich carboxy-terminal domain 1"
"27334",601.793341830261,2.43314351015592,0.378862028384736,6.42224168130424,1.34281999543179e-10,1.27229707863467e-07,"Up","P2RY10","protein-coding","P2Y receptor family member 10"
"101060146",44.750726680063,-2.44736278007414,0.50018712418925,-4.89289440235203,9.93637261115838e-07,8.05836153848232e-05,"Down","CHMP1B2P","pseudo","charged multivesicular body protein 1B2, pseudogene"
"64102",69.4219893387423,-2.7586685037994,0.597421448851636,-4.6176254788008,3.88155977031815e-06,0.000208609374042603,"Down","TNMD","protein-coding","tenomodulin"
"139221",140.47833653607,1.58075741710505,0.36589709095997,4.32022406343205,1.55870852901234e-05,0.000553817799849911,"Up","PWWP3B","protein-coding","PWWP domain containing 3B"
"79836",314.703741549655,-1.04989431172368,0.253511066208984,-4.14141413005693,3.45171097381582e-05,0.00095152661780341,"Down","LONRF3","protein-coding","LON peptidase N-terminal domain and ring finger 3"
"158800",10.9005387555158,-2.21999734633571,0.534395732821478,-4.15421982248,3.26399279531553e-05,0.000916569305046782,"Down","RHOXF1","protein-coding","Rhox homeobox family member 1"
"4068",174.151832741661,1.83084948966039,0.382961966379932,4.78076062478754,1.74633200343882e-06,0.000119771220675528,"Up","SH2D1A","protein-coding","SH2 domain containing 1A"
"54440",589.518986378307,1.22589447121955,0.293449900616761,4.17752559684982,2.94697508405672e-05,0.000849555415456458,"Up","SASH3","protein-coding","SAM and SH3 domain containing 3"
"57826",1439.89675256655,1.23260718102502,0.290444212661999,4.24386896790899,2.19698667622955e-05,0.00069558555880327,"Up","RAP2C","protein-coding","RAP2C, member of RAS oncogene family"
"644596",47.8437008865438,-2.08853722647467,0.494122944311848,-4.22675621627594,2.37084283683295e-05,0.000729854409769681,"Down","SMIM10L2B","protein-coding","small integral membrane protein 10 like 2B"
"633",6632.99602973731,1.73012635271388,0.305730670374457,5.65898851624808,1.52267742566605e-08,4.0466149288794e-06,"Up","BGN","protein-coding","biglycan"
"3581",56.2421845436258,1.77255051937359,0.408398842776039,4.34024373655152,1.42324761361528e-05,0.000517180688231621,"Up","IL9R","protein-coding","interleukin 9 receptor"
"4575",229.130613192864,-1.16387117040472,0.233237111481857,-4.99007710655537,6.0355195680404e-07,5.78279631421758e-05,"Down","TRNS2","tRNA","tRNA-Ser"
"4568",209.398945306527,-1.0449657946084,0.245653433262657,-4.25382125024527,2.1015308094905e-05,0.000676243536709257,"Down","TRNL2","tRNA","tRNA-Leu"
