"pathway","pval","padj","log2err","ES","NES","size","leadingEdge"
"REACTOME_DENGUE_VIRUS_INFECTION",1.26567456701688e-49,1.70612931633875e-46,1.83722496482485,0.57236095325927,3.18920588692772,396,"P4HA3;POLR2K;H2BC26;SDC1;H3C12;H4C12;H4C11;SPCS3;HYOU1;IFIH1;HSPA8;H2AC25;TIMD4;SRSF2;CPSF3;SNRPB2;H2AC17;H2AC15;STAT2;PDIA3;H3C8;H2AC19;H2AC18;EIF4E;H2BC12;CALR;CANX;DNAJB11;H2AC7;H3C10;EIF4A3;H2BC9;GPC6;DPM1;POLR2B;DDX3X;BCAS2;LY96;SNRPG;MAGT1;H2BC10;H2AC14;SPCS1;LY6E;KPNA2;H2BC8;RPN1;H2AC4;DYNLT1;UBE2I;H4C9;H4C16;CRNKL1;SUMO1;STT3B;HNRNPF;H2BC7;NEK2;CLEC5A;H2BC21;H2BC5;HSPA5;H2BC13;OSTC;H2AC13;H3C4;SF3B1;AUP1;CSTF2;H4C14;UBA3;DDX23;H2AC16;H2BC14;SRSF1;H2BC4;H4C15;H2BC17;H3C7;SRSF7;POLR2D;XPO1;EIF4G2;HNRNPH2;PTBP1;CDC73;MAP1LC3B;CTR9;NRBP1;CSTF1;AP2M1;SNRPB;CGAS;U2AF1;CD2BP2;AP2S1;NUDT21;PPIL1;HNRNPA2B1;H3C3;SF3B6;TSG101;ALYREF;SRSF3;SPCS2;PPIL4;HNRNPL;DNAJC3;H2AC8;H3C13;H4C1;RPN2;CLDN1;H2BC6;SRSF11;HNRNPH1;HNRNPC;SF3B4;DNAJA2;STT3A;U2SURP;HSP90AB1;SRSF9;KDELR1;DDX5;H2BC3;H3C11;LEO1;H3C14;SNRPA1;C4B;DNAJC10;SDC4;C4A;H3C15;UBA6;H2AC11;H2AC21;HNRNPK;H2BC15;DAXX;PAPOLA;ELAVL1;CPSF2;POLR2G;H2AC12;FUS;SNRPE;P4HA1;CDC40;H2BC11;LYN;CCAR1;BAG2;CTNNBL1;RNPS1;SEC11A;CD300A;CLINT1;DHX9;RICTOR;TRIM25;CLP1;DNAJC8;HSP90AA1;H2BC18;KPNA1;DHX15;WBP11;SNRPF;UFD1;AP2B1;IPO7;EIF4G1;SNRNP40;POLR2J;H2AC6;P4HA2;DAD1;NCBP2;H3C2;UBA1;U2AF2;TMEM258;POLR2H;ISY1;SF3B5;RBM22;PCBP1;SEC11C;PRPF19;H4C8;P4HB;RTF1;RETREG1;PDCD6IP;BECN1;EMC4;PCF11;SMNDC1;UBA5;SNRPD1;AQR;PRCC;HNRNPM;RIPK1;SRSF6;OST4;HNRNPU;H4C4;CDC5L;HNRNPA3;H2AC20;UBC;XRN1;CSTF2T;H3C6;CSTF3;BUD31;DPM2;KPNA4;SF3B3;SNRPD3"
"REACTOME_CELL_CYCLE_CHECKPOINTS",2.49140731162108e-48,1.67920852803261e-45,1.81454230543492,0.628370062155291,3.38769957238021,286,"H2BC26;UBE2D1;H4C12;H4C11;PSMA5;YWHAZ;PPP2CA;PSMC2;PSMA6;PSMA4;BUB1;PSMA2;KIF2A;MAPRE1;BUB3;H2BC12;RAD17;H2BC9;UBE2N;CCNE2;YWHAQ;PLK1;ZW10;CENPQ;CDC6;CENPU;ZWILCH;H2BC10;RAD1;PSMD6;ZWINT;H2BC8;CDKN1A;CCNB1;H4C9;PSMA1;DBF4;CDK1;H4C16;PKMYT1;H2AX;H2BC7;PSMD14;CENPK;RPA3;H2BC21;YWHAH;H2BC5;RMI1;PSMD12;CDC7;H2BC13;SKA1;PPP1CC;UBE2S;TOPBP1;PSMB4;PSMD1;SGO2;NUP37;YWHAB;MAD2L1;H4C14;UBE2V2;KIF18A;H2BC14;H2BC4;H4C15;H2BC17;UBE2C;PSMB1;CDKN1B;XPO1;BUB1B;RFC4;KNL1;CENPA;SKP1;BLM;BIRC5;KIF2C;PSMA3;RBX1;PSMD2;PSMB2;PSMC6;CCNB2;CENPE;CDC20;ERCC6L;ADRM1;CLSPN;CENPI;CDKN2A;PSMC4;DNA2;CDK2;SKA2;H4C1;PSMD7;UBE2E1;SPC25;H2BC6;PHF20;DSN1;MCM2;H2BC3;GSK3B;ORC6;DYNLL1;RHNO1;CDCA8;NDC80;ANAPC11;CKAP5;PSMA7;FBXW11;NUF2;CENPL;CCNA2;H2BC15;RMI2;PLK3;BARD1;PPP2R5E;RAD9A;DYNC1LI1;H2BC11;DYNLL2;MCM4;ORC3;CHEK1;SGO1;MCM6;GTSE1;EXO1;SPC24;BRIP1;PSMB3;CDC25A;MCM10;RFC5;AURKB;NUP160;RCC2;CDC25C;SEM1;CCNE1;PSMB5;CENPF;CENPH;CSNK1A1;CENPP;KNTC1;ORC2;H4C8;MIS12;NUP43;CLIP1;RPA2;SPDL1;CDC23;CENPN;CUL1;CENPM;SEC13;PSMD8;INCENP;PSMD11;RNF168;PSMD3;PPP2R1A;RANBP2;H4C4;ITGB3BP;UBC;ORC5;SEH1L;MCM8;PSMC5;PSMC3;MDM2;WEE1;NBN;NUP107;CDC27;ATM;MAPK14;PIAS4;PSMB7;ORC1;CHEK2;RFC2;ATRIP;PSMC1;BRCC3;UBB"
"REACTOME_M_PHASE",2.50323661937895e-47,1.12478765430761e-44,1.79157248947691,0.567468447761811,3.16637728966162,395,"TNPO1;H2BC26;TUBB3;H3C12;UBE2D1;H4C12;H4C11;RAB2A;PSMA5;PPP2CA;PSMC2;PSMA6;PSMA4;RAD21;NUP210;WAPL;BUB1;PSMA2;KIF2A;MAPRE1;RAB1A;H3C8;H2AC19;H2AC18;NEK6;BUB3;H2BC12;H2AC7;H3C10;H2BC9;NUP50;TUBA1C;PLK1;ZW10;CENPQ;CENPU;ZWILCH;H2BC10;NEDD1;H2AC14;PSMD6;ZWINT;H2BC8;H2AC4;UBE2I;CHMP2B;CCNB1;KIF23;H4C9;PSMA1;CDK1;H4C16;H2AX;SUMO1;H2BC7;PSMD14;NEK2;CENPK;H2BC21;H2BC5;PSMD12;H2BC13;SKA1;PPP1CC;CNEP1R1;UBE2S;PSMB4;H3C4;PSMD1;SGO2;NUP37;MAD2L1;H4C14;VRK2;SMC4;KIF18A;CEP135;H2BC14;H2BC4;GORASP2;H4C15;H2BC17;UBE2C;PSMB1;H3C7;XPO1;BUB1B;CHMP4B;KNL1;CENPA;PTTG1;BLZF1;BIRC5;RAE1;KIF2C;PLK4;PRKCB;PDS5A;FBXO5;CSNK2A1;PSMA3;NCAPH;PSMD2;PSMB2;TMPO;PSMC6;H3C3;CCNB2;CENPE;MZT1;NUP155;LEMD3;CDC20;ERCC6L;CCP110;ADRM1;CENPI;PSMC4;H2AC8;TUBA4B;H3C13;BANF1;LMNB1;SKA2;H4C1;PSMD7;UBE2E1;SPC25;H2BC6;TUBA1B;SPAST;CDCA5;DSN1;H2BC3;H3C11;DYNLL1;H3C14;CDCA8;NDC80;ANAPC11;NCAPG;RCC1;CKAP5;H3C15;PSMA7;ESPL1;NUF2;MASTL;TUBA1A;LPIN2;HAUS2;NUP153;CENPL;NDC1;H2BC15;NUP205;NUP62;KIF20A;PPP2R5E;DYNC1LI1;H2BC11;DYNLL2;H3-3A;RB1;RAN;HSP90AA1;SGO1;SPC24;NCAPG2;PSMB3;H2AC6;STAG2;AURKB;IST1;NUP160;RCC2;H3C2;SEM1;PSMB5;CENPF;CENPH;CENPP;KNTC1;H4C8;CETN2;ARPP19;MIS12;H2AZ2;NUP43;ENSA;CLIP1;RAB1B;H3-3B;ANKLE2;SPDL1;CDC23;CENPN;SET;CENPM;SEC13;CEP70;PSMD8;INCENP;PSMD11;CHMP7;TUBA4A;PSMD3;PPP2R1A;TUBB;H2AJ;RANBP2;CSNK1D;H4C4;H2AC20;ITGB3BP;UBC;PPP2R2A;HAUS1;SEH1L;MAPK1;CHMP2A;H3C6;CHMP4A;SMC3;PSMC5;PSMC3;CEP43;CEP41"
"HALLMARK_INTERFERON_GAMMA_RESPONSE",2.45934726754044e-45,8.28800029161127e-43,1.75655466618793,0.685159482801831,3.52173265610192,197,"CASP3;OAS2;IFI44;MX1;CXCL11;CMPK2;CXCL9;EPSTI1;HERC6;RSAD2;CD69;CXCL10;CD86;EIF2AK2;STAT1;RIGI;ISG15;MARCHF1;SP110;MYD88;ZBP1;IRF7;HELZ2;OAS3;PTPN1;SAMD9L;PSMB10;OASL;PTPN6;DDX60;B2M;IFIT1;IFI27;IRF9;IFI44L;NAMPT;UBE2L6;IFI30;IL2RB;FCGR1A;IFIH1;ADAR;TRAFD1;PSME1;RTP4;PSMB8;GCH1;PSMA2;CASP8;ST8SIA4;TRIM14;STAT2;LAP3;ISG20;PARP14;TDRD7;LCP2;PSME2;SPPL2A;CCL5;TAPBP;BPGM;NMI;NCOA3;GZMA;VAMP8;LY6E;SLAMF7;BST2;SECTM1;HLA-DQA1;MX2;CDKN1A;PARP12;IRF8;MTHFD2;IFIT2;HLA-B;HIF1A;PNP;TNFAIP3;CFB;RNF213;MVP;ITGB7;TRIM26;IFIT3;LYSMD2;CD74;TAP1;HLA-DRB1;HLA-A;OGFR;IRF1;PSMA3;PSMB2;RAPGEF6;TRIM21;CASP7;IRF5;PSMB9;IDO1;IFITM3;CASP1;PLSCR1;KLRK1;SOCS3;RIPK2;NFKB1;TNFAIP6;IL4R;ICAM1;PIM1;CCL2;IFI35;HLA-DMA;ZNFX1;TRIM25"
"REACTOME_REGULATION_OF_T_CELL_ACTIVATION_BY_CD28_FAMILY",1.28329379432663e-41,3.4597600695046e-39,1.67817787124255,0.611582160743996,3.26168530821756,267,"LEF1;ICOS;CD80;CD86;STAT1;CTLA4;H2BC26;H3C12;CD3D;H4C12;H4C11;PTPN6;PSMA5;PPP2CA;PSMC2;PSMA6;CD3E;PSMA4;HLA-DRA;CD3G;CSK;LCK;PSMA2;H3C8;H2AC19;H2AC18;H2BC12;HLA-DPA1;H2AC7;HLA-DQB1;H3C10;H2BC9;HLA-DQB2;PIK3CG;TRAV29DV5;CUL3;CD247;MAGT1;H2BC10;H2AC14;PSMD6;DERL1;H2BC8;RPN1;H2AC4;HLA-DPB1;HLA-DQA1;GRAP2;H4C9;PSMA1;H4C16;H2AX;SEL1L;HIF1A;STT3B;H2BC7;PSMD14;NEK2;H2BC21;H2BC5;PSMD12;H2BC13;OSTC;PSMB4;TRIB3;BTLA;COPS5;CDC42;H3C4;PSMD1;H4C14;H2BC14;PAK2;H2BC4;H4C15;H2BC17;PSMB1;H3C7;RBBP7;TRAV19;PAK1;SKP1;HLA-DRB1;ERLEC1;PRKAG1;CSNK2A1;IRF1;PSMA3;RBX1;PSMD2;PSMB2;PSMC6;H3C3;TRAV8-4;CD4;ADRM1;CD28;PSMC4;RAC1;H2AC8;H3C13;PDPK1;H4C1;PDCD1;PSMD7;RPN2;PIK3R5;H2BC6;STT3A;DPY30;H2BC3;GSK3B;H3C11;H3C14;RBBP4;VAV1;MOV10;GRB2;H3C15;PSMA7;EZH2;NFKB1;H2BC15;HLA-DQA2;PPP2R5E;H2BC11;LYN;RNF5;TRBV7-9;H3-3A;SRC;PIK3R3;RICTOR;PRKAB1;PSMB3;TRBV12-3;H2AC6;DAD1;PIK3CB;HLA-DRB5;H3C2;TMEM258;SEM1;PSMB5;H4C8;H2AZ2;DERL3;H3-3B;CUL1;NFE2L2;PSMD8;PSMD11;RELA;PSMD3;PPP2R1A;OST4;H2AJ;H4C4;H2AC20;CD274;DERL2;UBC"
"REACTOME_DENGUE_VIRUS_HOST_INTERACTIONS",1.61749954007418e-38,3.63398230003332e-36,1.61530228892975,0.584619298097191,3.15182830222045,286,"POLR2K;H2BC26;SDC1;H3C12;H4C12;H4C11;IFIH1;HSPA8;H2AC25;SRSF2;CPSF3;SNRPB2;H2AC17;H2AC15;STAT2;H3C8;H2AC19;H2AC18;H2BC12;H2AC7;H3C10;EIF4A3;H2BC9;GPC6;POLR2B;DDX3X;BCAS2;LY96;SNRPG;H2BC10;H2AC14;H2BC8;H2AC4;DYNLT1;UBE2I;H4C9;H4C16;CRNKL1;HNRNPF;H2BC7;NEK2;CLEC5A;H2BC21;H2BC5;H2BC13;H2AC13;H3C4;SF3B1;AUP1;CSTF2;H4C14;DDX23;H2AC16;H2BC14;SRSF1;H2BC4;H4C15;H2BC17;H3C7;SRSF7;POLR2D;HNRNPH2;PTBP1;CDC73;CTR9;NRBP1;CSTF1;SNRPB;CGAS;U2AF1;CD2BP2;NUDT21;PPIL1;HNRNPA2B1;H3C3;SF3B6;ALYREF;SRSF3;PPIL4;HNRNPL;H2AC8;H3C13;H4C1;H2BC6;SRSF11;HNRNPH1;HNRNPC;SF3B4;U2SURP;HSP90AB1;SRSF9;DDX5;H2BC3;H3C11;LEO1;H3C14;SNRPA1;C4B;SDC4;C4A;H3C15;H2AC11;H2AC21;HNRNPK;H2BC15;DAXX;PAPOLA;ELAVL1;CPSF2;POLR2G;H2AC12;FUS;SNRPE;CDC40;H2BC11;CCAR1;CTNNBL1;RNPS1;DHX9;RICTOR;TRIM25;CLP1;DNAJC8;HSP90AA1;H2BC18;DHX15;WBP11;SNRPF;SNRNP40;POLR2J;H2AC6;NCBP2;H3C2;U2AF2;POLR2H;ISY1;SF3B5;RBM22;PCBP1;PRPF19;H4C8;RTF1;RETREG1;PDCD6IP;BECN1;PCF11;SMNDC1;SNRPD1;AQR;PRCC;HNRNPM;RIPK1;SRSF6;HNRNPU;H4C4;CDC5L;HNRNPA3;H2AC20"
"HALLMARK_ALLOGRAFT_REJECTION",4.37141541563321e-35,8.41809711467653e-33,1.54318309134871,0.64663618764598,3.29936850165559,188,"IGSF6;INHBA;CXCL9;CCL22;CD80;PTPRC;CD86;STAT1;LY86;CD2;FYB1;GPR65;UBE2D1;CD3D;CCL11;IRF7;PSMB10;PTPN6;ABI1;CCR1;B2M;F2R;TRAT1;IL12RB1;CCR5;TGFB1;CD3E;BCAT1;HLA-DRA;IL2RB;CD3G;CSK;GALNT1;LCK;IL2RG;HLA-DMB;LIF;IL18;CCL4;ST8SIA4;ITGAL;SIT1;LCP2;HLA-DOA;CXCR3;IL12B;ITK;TNF;UBE2N;SRGN;CD8A;CCL5;TAPBP;BCL10;TLR1;CD247;GZMA;TPD52;LTB;TLR6;CD7;CD79A;HLA-DQA1;IRF8;CD96;CCR2;HIF1A;MAP4K1;FASLG;CAPG;CD1D;CTSS;GZMB;CD74;MRPL3;TAP1;HLA-A;ITGB2;PRKCB;CD8B;IL1B;HCLS1;CD4;CCL19;THY1;ELF4;ABCE1;CD28;CDKN2A;SPI1;IFNG;CRTAM;NME1;IL2RA;ZAP70;EIF3J;MAP3K7;RIPK2;IFNGR2;IL4R;ICAM1;CCL2;CXCL13;LYN;HLA-DMA;WAS"
"REACTOME_CO_INHIBITION_BY_PD_1",8.68673906411476e-35,1.46371553230334e-32,1.53645895003215,0.622186814466581,3.22934372735306,216,"LEF1;STAT1;H2BC26;H3C12;CD3D;H4C12;H4C11;PTPN6;PSMA5;PSMC2;PSMA6;CD3E;PSMA4;HLA-DRA;CD3G;CSK;LCK;PSMA2;H3C8;H2AC19;H2AC18;H2BC12;HLA-DPA1;H2AC7;HLA-DQB1;H3C10;H2BC9;HLA-DQB2;TRAV29DV5;CUL3;CD247;MAGT1;H2BC10;H2AC14;PSMD6;DERL1;H2BC8;RPN1;H2AC4;HLA-DPB1;HLA-DQA1;H4C9;PSMA1;H4C16;H2AX;SEL1L;HIF1A;STT3B;H2BC7;PSMD14;NEK2;H2BC21;H2BC5;PSMD12;H2BC13;OSTC;PSMB4;COPS5;H3C4;PSMD1;H4C14;H2BC14;H2BC4;H4C15;H2BC17;PSMB1;H3C7;RBBP7;TRAV19;SKP1;HLA-DRB1;ERLEC1;PRKAG1;CSNK2A1;IRF1;PSMA3;RBX1;PSMD2;PSMB2;PSMC6;H3C3;TRAV8-4;CD4;ADRM1;PSMC4;H2AC8;H3C13;H4C1;PDCD1;PSMD7;RPN2;H2BC6;STT3A;DPY30;H2BC3;GSK3B;H3C11;H3C14;RBBP4;MOV10;H3C15;PSMA7;EZH2;NFKB1;H2BC15;HLA-DQA2;H2BC11;RNF5;TRBV7-9;H3-3A;PRKAB1;PSMB3;TRBV12-3;H2AC6;DAD1;HLA-DRB5;H3C2;TMEM258;SEM1;PSMB5;H4C8;H2AZ2;DERL3;H3-3B;CUL1;NFE2L2;PSMD8;PSMD11;RELA;PSMD3;OST4;H2AJ;H4C4;H2AC20;CD274;DERL2;UBC"
"HALLMARK_E2F_TARGETS",2.0128907281767e-34,3.01486300175799e-32,1.52292160289117,0.63347675340647,3.25921850277522,200,"DCK;SMC6;JPT1;RRM2;HMGB3;RAD21;SRSF2;PRPS1;DCTPP1;PLK1;ZW10;DONSON;DEPDC1;RAD1;KPNA2;ATAD2;GSPT1;CDKN1A;CDK1;H2AZ1;CKS2;H2AX;MTHFD2;MYBL2;RPA3;UBE2S;PPP1R8;E2F8;MAD2L1;SMC4;RAD51AP1;AURKA;BRCA2;CNOT9;GINS1;SRSF1;TK1;ASF1A;CDKN1B;HMMR;XPO1;CSE1L;BUB1B;RBBP7;MXD3;KIF4A;PTTG1;BIRC5;RACGAP1;STMN1;SNRPB;KIF2C;TRIP13;PLK4;PRDX4;TFRC;NUDT21;PCNA;HMGB2;DLGAP5;TMPO;CCNB2;CENPE;CDC20;USP1;CCP110;HMGA1;DSCC1;CDKN2A;EIF2S1;LMNB1;TOP2A;CTCF;SPC25;UBE2T;DEK;KIF22;NME1;MCM2;CDKN3;ORC6;TACC3;CDCA8;ESPL1;EZH2;NUP153;NUP205;BARD1;SPAG5;MCM4;MELK;RAN;CHEK1;MCM6;SPC24;UBR7;CDC25A;IPO7;DCLRE1B;AURKB;TRA2B;MKI67;CKS1B;SLBP;CCNE1;CDCA3;PAICS;TIMELESS;ORC2;ASF1B;GINS4;RPA2;GINS3;CENPM;CTPS1;HELLS;TUBB;DNMT1;ANP32E;CBX5;NOLC1;DIAPH3;AK2;CDK4;SMC3;RNASEH2A;KIF18B;NOP56;PRIM2;PA2G4;MSH2;WEE1;NBN;CIT;RANBP1;SYNCRIP;NUP107;RAD51C;PRKDC;CHEK2;RFC2;XRCC6"
"REACTOME_DNA_REPLICATION",3.27267288263981e-34,4.41156304579846e-32,1.52292160289117,0.65309087730791,3.31021825562529,181,"H2BC26;H3C12;UBE2D1;H4C12;H4C11;PSMA5;PSMC2;PSMA6;PSMA4;PSMA2;H3C8;H2AC19;H2AC18;H2BC12;H2AC7;H3C10;H2BC9;POLD4;CCNE2;CDC6;H2BC10;H2AC14;PSMD6;H2BC8;H2AC4;H4C9;PSMA1;DBF4;H4C16;H2AX;H2BC7;PSMD14;RPA3;H2BC21;H2BC5;PSMD12;CDC7;H2BC13;UBE2S;PSMB4;H3C4;PSMD1;H4C14;H2BC14;GINS1;H2BC4;H4C15;H2BC17;UBE2C;PSMB1;H3C7;RFC4;SKP1;PSMA3;PCNA;SSBP1;RBX1;PSMD2;PSMB2;PSMC6;H3C3;ADRM1;PRIM1;PSMC4;DNA2;H2AC8;H3C13;CDK2;H4C1;PSMD7;UBE2E1;H2BC6;MCM2;H2BC3;H3C11;ORC6;H3C14;ANAPC11;H3C15;PSMA7;FEN1;CCNA2;H2BC15;H2BC11;H3-3A;MCM4;KPNA6;ORC3;MCM6;KPNA1;PSMB3;MCM10;RFC5;H2AC6;H3C2;SEM1;CCNE1;PSMB5;ORC2;MGME1;H4C8;H2AZ2;GINS2;GINS4;H3-3B;RPA2;CDC23;GINS3;CUL1;PSMD8;PSMD11;PSMD3;H2AJ;H4C4;H2AC20;UBC;ORC5;H3C6;POLE3;MCM8;PSMC5;PSMC3;PRIM2"
"REACTOME_NEUTROPHIL_DEGRANULATION",6.14053827240731e-33,7.52495053745914e-31,1.49547932629977,0.483108111044554,2.73873588397163,458,"ACTR2;RAB31;PTPRC;CD53;RAP1B;CTSH;SELL;PTPRJ;CAP1;PTPN6;PSMA5;CAB39;B2M;RAP2C;NRAS;PSMC2;CLEC4C;SNAP23;OLR1;COMMD3;BIN2;FAF2;PYCARD;HSPA8;MNDA;SIGLEC5;RAP2B;ITGAX;ITGAV;C3AR1;S100A7;RAB18;TYROBP;PLAC8;ATP6AP2;PSMA2;ITGAL;HLA-C;ATP6V0C;LYZ;CTSD;ARSB;AGA;LPCAT1;CEACAM6;GLB1;SERPINB1;S100P;CRISPLD2;CPNE3;PLAU;DNAJC13;CYBB;PLAUR;S100A11;FCGR2A;FCER1G;DDX3X;NEU1;GM2A;CYBA;ADA2;MAGT1;RAB10;VAMP8;HPSE;DOK3;IQGAP1;BST2;HEXB;PSMD6;NCKAP1L;CTSZ;DYNLT1;CTSB;MANBA;FRMPD3;PSAP;SLC15A4;CLEC12A;ADAM8;HLA-B;RAP1A;PSMD14;CLEC5A;PSMD12;PNP;RAB6A;AMPD3;PAFAH1B2;CD55;PSMD1;ASAH1;COTL1;DIAPH1;FUCA1;TBC1D10C;MVP;PSMB1;GDI2;PGAM1;CTSS;OSTF1;MAN2B1;CAND1;HMOX2;LAMP2;CCT8;GYG1;PKM;ITGB2;GRN;ADAM10;PRDX4;LAMTOR2;PSMD2;CD177;KCNAB2;SVIP;ALDOA;NPC2;CD58;RHOA;CMTM6;NDUFC2;SCAMP1;DNAJC3;ARHGAP9;CCT2;CD68;RAC1;PPIA;PSMD7;ARPC5;DNAJC5;HSP90AB1;DSN1;CPPED1;GCA;DYNLL1;CTSA;ALOX5;RAB7A;ATP6V1D;DOCK2;NFKB1;TMEM30A;GLIPR1;TNFAIP6;C6orf120;CAPN1;UNC13D;XRCC5;DYNC1LI1;MIF;TMC6;AGL;CD300A;SRP14;COPB1;CANT1;HSP90AA1;OSCAR;RNASET2;FRK;MOSPD2;RAB14;NFAM1;TMEM179B;GPR84;SIGLEC9;PSEN1;PTAFR;ARHGAP45;PGM2;RHOG;IST1;KCMF1;ITGAM;ORM1;SLC27A2;GAA;RAB27A;ILF2;C5AR1;FUCA2;DEGS1;HVCN1;LAIR1;NCSTN;FPR1;VAPA;TICAM2;HSPA6;RAB37;B4GALT1;PSMD11;SIGLEC14;RAB5C;RHOF;PSMD3;CNN2;RNASE2;TUBB;CKAP4;CPNE1;GUSB;PDAP1;APEH;MAPK1;MLEC;SNAP29;COMMD9;RAB5B;APRT;AOC1;PRCP;PSMC3;GGH;DSP;PA2G4;GLA;STK10;LAMTOR1;GMFG;LILRB2;TLR2;DBNL;CDK13;NIT2;ANXA2;MAPK14;SURF4;PSMB7;GSDMD;CRISP3;CSNK2B;GOLGA7;MMP9;ROCK1;ARL8A;XRCC6;TUBB4B;PLEKHO2;ADGRG3;TCIRG1;RAB4B;CTSC;ACTR10;TRPM2"
"REACTOME_CLASS_I_MHC_MEDIATED_ANTIGEN_PROCESSING_PRESENTATION",1.66309675460189e-32,1.72450340400258e-30,1.48156758833633,0.517610118822778,2.86964860781466,359,"ZNRF2;DTX3L;HERC6;KBTBD8;UBE2W;MYD88;UBE2D1;BTBD1;PSMB10;ELOC;PSMA5;B2M;PSMC2;ANAPC13;PSMA6;SNAP23;UBE2F;PSMA4;UBE2L6;FCGR1A;PSME1;SEC61G;ITGAV;PSMB8;BTK;WWP1;PSMA2;PDIA3;HLA-C;CALR;CANX;CUL5;PSME2;UFL1;UBE2N;RNF19B;FBXL16;CYBB;SEC61A1;UBE2B;UBE2K;MKRN1;TAPBP;RNF138;TLR1;CUL3;LY96;CYBA;VAMP8;TLR6;UBE4A;KCTD6;SEC24A;PSMD6;FCGR1BP;UBE2D2;SEC31A;PSMA1;FBXO41;RNF7;HLA-B;PSMD14;PSMD12;HSPA5;UBE2S;PSMB4;SIAH2;UBE2A;PSMD1;ELOB;UBA3;UBE2V2;TRIP12;FBXO4;ITCH;RBBP6;RNF213;UBE2C;PSMB1;UBE2Z;CTSS;CUL2;CCNF;SKP1;CTSL;TAP1;ERAP2;HLA-A;RNF4;PSMA3;NEDD4;RBX1;PSMD2;PSMB2;PSMC6;UBR1;UBE2J1;CDC20;CHUK;UBE2G1;TRIM21;ADRM1;RNF34;PSMC4;ASB7;SEC22B;PSMB9;SPSB1;UBE2D3;PSMD7;VHL;UBE2E1;LTN1;UBE2V1;AREL1;UBE2Q2;ANAPC11;SEC24D;SOCS3;UBA6;PSMA7;FBXW11;UBE2M;TRIM11;HERC5;RNF6;SAR1B;SEC61B;RNF115;UBE2Q1;UBE3A;RLIM;CTSV;NCF1;FBXO6;RNF19A;PSMB3;SEC24C;LRR1;UBA1;SEM1;SEC61A2;RNF114;DZIP3;PSMB5;RNF111;HLA-F;FBXO22;BECN1;RNF14;TRIM37;UBA5;TRAF7;CDC23;NCF2;UBE3C;CUL1;SIAH1;SEC13;PSMD8;PSMD11;UBE2L3;PSMD3;STX4;TAP2;STUB1;UBC;MEX3C;RNF126;PSMC5;IKBKB;PSMC3;TRIM69;RNF25;TRAIP;TLR2;KLHL42;SPSB2;CDC27;PSMB7;FBXL19;DCAF1;ZNRF1;FGG;RBCK1;SMURF2;TPP2;PSMC1;UBE2H;UBB"
"REACTOME_MITOTIC_METAPHASE_AND_ANAPHASE",1.63364978106395e-32,1.72450340400258e-30,1.48156758833633,0.599718392546219,3.11429767512398,220,"TNPO1;TUBB3;UBE2D1;PSMA5;PPP2CA;PSMC2;PSMA6;PSMA4;RAD21;WAPL;BUB1;PSMA2;KIF2A;MAPRE1;BUB3;TUBA1C;PLK1;ZW10;CENPQ;CENPU;ZWILCH;PSMD6;ZWINT;UBE2I;CHMP2B;CCNB1;PSMA1;CDK1;SUMO1;PSMD14;CENPK;PSMD12;SKA1;PPP1CC;UBE2S;PSMB4;PSMD1;SGO2;NUP37;MAD2L1;VRK2;KIF18A;UBE2C;PSMB1;XPO1;BUB1B;CHMP4B;KNL1;CENPA;PTTG1;BIRC5;KIF2C;PDS5A;FBXO5;PSMA3;PSMD2;PSMB2;TMPO;PSMC6;CCNB2;CENPE;NUP155;LEMD3;CDC20;ERCC6L;ADRM1;CENPI;PSMC4;TUBA4B;BANF1;LMNB1;SKA2;PSMD7;UBE2E1;SPC25;TUBA1B;SPAST;CDCA5;DSN1;DYNLL1;CDCA8;NDC80;ANAPC11;RCC1;CKAP5;PSMA7;ESPL1;NUF2;TUBA1A;CENPL;NDC1;NUP205;NUP62;PPP2R5E;DYNC1LI1;DYNLL2;RAN;SGO1;SPC24;PSMB3;STAG2;AURKB;IST1;NUP160;RCC2;SEM1;PSMB5;CENPF;CENPH;CENPP;KNTC1;MIS12;NUP43;CLIP1;ANKLE2;SPDL1;CDC23;CENPN;CENPM;SEC13;PSMD8;INCENP;PSMD11;CHMP7;TUBA4A;PSMD3;PPP2R1A;RANBP2;ITGB3BP;UBC;PPP2R2A;SEH1L;CHMP2A;CHMP4A;SMC3;PSMC5;PSMC3"
"REACTOME_DNA_REPAIR",1.07558568417653e-31,1.03563535876426e-29,1.46045153084133,0.530112382666758,2.89791809072827,327,"COPS8;XRCC4;POLR2K;H2BC26;ISG15;ACTB;CDK7;DCLRE1A;H4C12;H4C11;TINF2;TDP2;UBE2L6;GEN1;MBD4;H2AC19;H2AC18;PPP4C;H2BC12;H2AC7;RAD17;H2BC9;UBE2N;POLD4;UBE2B;POLR2B;USP7;H2BC10;H2AC14;RAD1;KPNA2;H2BC8;H2AC4;SMARCA5;UBE2I;H4C9;H4C16;H2AX;SUMO1;SUMO3;H2BC7;PCLAF;RPA3;H2BC21;H2BC5;RMI1;H2BC13;NEIL3;FANCF;TOPBP1;COPS5;H4C14;UBE2V2;RAD51AP1;BRCA2;H2BC14;H2BC4;H4C15;H2BC17;POLR2D;TDG;POLB;RFC4;BLM;SUMO2;RUVBL1;TCEA1;RNF4;PCNA;RBX1;PARP1;ERCC4;USP1;CLSPN;DNA2;H2AC8;DCLRE1C;CDK2;H4C1;UBE2T;H2BC6;EME1;POT1;PPP4R2;SLX4;H2BC3;RHNO1;POLQ;FEN1;CUL4B;CCNA2;H2BC15;RMI2;PALB2;FANCI;XRCC5;SPRTN;POLR2G;BARD1;ACTL6A;RAD9A;H2BC11;TERF2IP;GTF2H3;TRIM25;FANCD2;CHEK1;EXO1;XRCC2;BRIP1;USP10;UFD1;RFC5;POLR2J;DCLRE1B;H2AC6;SEM1;POLR2H;CENPX;RAD51;ISY1;DTL;GTF2H2;LIG4;RNF111;PRPF19;RAD23B;TIMELESS;FIGNL1;H4C8;CETN2;H2AZ2;DDB1;BAZ1B;COPS4;ADPRS;ASCC3;RPA2;AQR;POLM;RNF168;COPS3;H2AJ;MPG;TERF1;KDM4A;H4C4;H2AC20;UBC;EYA3;COPS2;COPS6;GTF2H5;ASCC1;MSH6;POLE3;SLX1A;MSH2;NBN;SLX1B;RAD51C;NPLOC4;POLR2C;ATM;SIRT6;PIAS4;PRKDC;CHEK2;RFC2;POLH;XRCC6;ATRIP;BRCC3;UBB"
"REACTOME_PROCESSING_OF_CAPPED_INTRON_CONTAINING_PRE_MRNA",3.07478381946528e-31,2.76320572575946e-29,1.45334466856494,0.542911953261192,2.92766099166094,290,"POLR2K;HSPA8;SRSF2;NUP210;CPSF3;SNRPB2;EIF4E;EIF4A3;NUP50;POLR2B;BCAS2;SNRPG;FYTTD1;PRPF40A;PPP1CA;SNIP1;CRNKL1;HNRNPF;XRN2;PPP1R8;SF3B1;NUP37;CSTF2;USP39;DDX23;SRSF1;RBBP6;RBM7;SRSF7;POLR2D;SNRNP25;SNRPC;WTAP;HNRNPH2;PTBP1;ZRSR2;CSTF1;RAE1;SNRPB;U2AF1;SNRNP27;UBL5;NUDT21;PPIL1;HNRNPA2B1;SF3B6;THOC2;ALYREF;NUP155;SRSF3;PPIL4;HNRNPL;MAGOH;MFAP1;SDE2;SRSF10;SRSF11;THOC6;HNRNPH1;HNRNPC;SF3B4;U2SURP;SRSF9;LSM3;DDX5;DDX41;SNRPA1;NUP153;NDC1;HNRNPK;NUP205;PAPOLA;NUP62;ZCRB1;CPSF2;POLR2G;FUS;SNRPE;CDC40;CCAR1;CTNNBL1;RNPS1;DHX9;CLP1;DNAJC8;DHX15;WBP11;MAGOHB;SNRPF;SNRNP40;POLR2J;NCBP2;TRA2B;NUP160;LSM5;U2AF2;MTREX;POLR2H;SLBP;ISY1;SF3B5;RBM22;PCBP1;SARNP;PRPF19;PAPOLG;NUP43;SNRNP48;THOC3;METTL14;PCF11;SMNDC1;SNRPD1;RBM39;AQR;ZMAT2;PRCC;HNRNPM;SEC13;RBM8A;SRSF6;HNRNPU;RANBP2;THOC7;CDC5L;HNRNPA3;UBC;SEH1L;CSTF2T;RNF113A;NKAP;PRPF3;CSTF3;BUD31;SF3B3;SNRPD3;SLU7;PPP1R10;CWC15;PRPF4;PUF60;NUP107;POLR2C;FIP1L1;SF3B2;LSM4;LENG1;PPWD1;SYF2;UBB;LSM7;CHTOP;PPIL2;LSM8;ZNF830;PPIL3;PPIG;NUP93;TXNL4A;NUP58;GLE1;DDX39A;SNRNP200;NXT1;DDX46;SF3A3;IK;PHF5A;RBMX;NUP133;BUD13;NUP42;ACIN1;NCBP1;LSM2"
"REACTOME_G2_M_CHECKPOINTS",7.77807567748638e-31,6.55302875828228e-29,1.44620288250144,0.659618712356839,3.24111288491401,153,"H2BC26;H4C12;H4C11;PSMA5;YWHAZ;PSMC2;PSMA6;PSMA4;PSMA2;H2BC12;RAD17;H2BC9;UBE2N;YWHAQ;CDC6;H2BC10;RAD1;PSMD6;H2BC8;CCNB1;H4C9;PSMA1;DBF4;CDK1;H4C16;PKMYT1;H2AX;H2BC7;PSMD14;RPA3;H2BC21;YWHAH;H2BC5;RMI1;PSMD12;CDC7;H2BC13;TOPBP1;PSMB4;PSMD1;YWHAB;H4C14;UBE2V2;H2BC14;H2BC4;H4C15;H2BC17;PSMB1;RFC4;BLM;PSMA3;PSMD2;PSMB2;PSMC6;CCNB2;ADRM1;CLSPN;PSMC4;DNA2;CDK2;H4C1;PSMD7;H2BC6;MCM2;H2BC3;ORC6;RHNO1;PSMA7;CCNA2;H2BC15;RMI2;BARD1;RAD9A;H2BC11;MCM4;ORC3;CHEK1;MCM6;GTSE1;EXO1;BRIP1;PSMB3;CDC25A;MCM10;RFC5;CDC25C;SEM1;PSMB5;ORC2;H4C8;RPA2;PSMD8;PSMD11;RNF168;PSMD3;H4C4;UBC;ORC5;MCM8;PSMC5;PSMC3;WEE1;NBN;ATM;PIAS4;PSMB7;ORC1;CHEK2;RFC2;ATRIP;PSMC1;BRCC3;UBB"
"REACTOME_INTERFERON_SIGNALING",4.73386986720393e-30,3.75368034175935e-28,1.42456271623384,0.555598399982407,2.96210753106014,268,"OAS1;OAS2;IFI44;MX1;IFI6;RSAD2;EIF2AK2;STAT1;RIGI;TUBB3;ISG15;IFIT5;ACTB;IRF7;OAS3;PTPN1;OASL;PTPN6;B2M;PPP2CA;IFIT1;IFI27;IRF9;IFI44L;HLA-DRA;UBE2L6;IFI30;FCGR1A;IFIH1;ADAR;HSPA8;PSMB8;NUP210;TRIM14;STAT2;ISG20;HLA-C;GBP1;EIF4E;HLA-DPA1;HLA-DQB1;EIF4A3;EIF2S2;GBP5;UBE2N;HLA-DQB2;NUP50;TUBA1C;BST2;KPNA2;ACTG1;HLA-DPB1;FCGR1BP;UBE2I;HLA-DQA1;MX2;IRF8;CDK1;SUMO1;IFIT2;HLA-B;HSPA5;FANCF;NUP37;EIF4E2;TRIM26;IFIT3;EIF4G2;HLA-H;HLA-DRB1;RAE1;IFITM1;HLA-A;IRF1;NEDD4;NUP155;SMAD7;CHUK;TRIM21;ABCE1;DNAJC3;IRF5;EIF2S1;TUBA4B;TRIM22;UBE2E1;IFNG;TUBA1B;IFITM3;CASP1;GBP3;SP100;SOCS3;EIF2S3;IFNGR2;TUBA1A;NUP153;HERC5;EIF2AK3;PGGT1B;NDC1;NUP205;HLA-DQA2;NUP62;ICAM1;PIM1;IFI35;DHX9;TRIM25;PDE12;KPNA1;PTAFR;USP18;EIF4G1;RNASEL;HLA-DRB5;NUP160;CENPX;SAMHD1;ILF2;HLA-F;NUP43;TRIM34;BECN1;IFNAR2;SEC13;TRIM38;TRIM62;TUBA4A;PPP2R1A;RANBP2;UBC;SEH1L;MAPK1;KPNA4;ATF6;NCK1;IKBKB;MAVS;TUBB8;NUP107;EIF4A2;HSPA1L;IFNAR1;PIN1;EIF4A1;TUBB4B;TARBP2;UBB;GBP2;XAF1;VCAM1;KPNA3;NUP93;SPHK1;GBP4;TUBB1;NUP58"
"HALLMARK_INTERFERON_ALPHA_RESPONSE",2.21300761891951e-29,1.64088140093245e-27,1.40995143033448,0.743392702858745,3.36164341588791,97,"SAMD9;OAS1;IFI44;MX1;CXCL11;CMPK2;PARP9;EPSTI1;HERC6;RSAD2;LAMP3;CXCL10;EIF2AK2;ISG15;SP110;SELL;IRF7;HELZ2;SAMD9L;OASL;DDX60;B2M;IFI27;IRF9;IFI44L;UBE2L6;IFI30;IFIH1;ADAR;TRAFD1;PSME1;RTP4;PSMB8;CASP8;TRIM14;STAT2;LAP3;ISG20;HLA-C;PARP14;TDRD7;PSME2;NMI;LY6E;BST2;PARP12;IFIT2;ELF1;TRIM26;IFIT3;CD74;TAP1;IFITM1;OGFR;IRF1;PSMA3;TRIM21;PSMB9;IFITM3;CASP1;PLSCR1;MOV10;RIPK2;IL4R;IFI35;TRIM25"
"REACTOME_RHO_GTPASE_EFFECTORS",2.31281503098788e-29,1.64088140093245e-27,1.40995143033448,0.520726625847422,2.83461938238346,316,"ACTR2;CYFIP2;ACTR3;ARPC2;H2BC26;TUBB3;H3C12;ACTB;H4C12;H4C11;ABI1;YWHAZ;PPP2CA;ARPC1B;RAC2;ARPC3;BTK;BUB1;KIF2A;MAPRE1;H3C8;H2AC19;H2AC18;BUB3;H2BC12;H2AC7;H3C10;H2BC9;PFN1;CYBB;LIMK1;CFL1;TUBA1C;YWHAQ;PLK1;ZW10;CENPQ;CYBA;CENPU;ZWILCH;H2BC10;H2AC14;ARPC4;IQGAP1;ACTG1;ZWINT;H2BC8;NCKAP1L;H2AC4;H4C9;WIPF1;H4C16;H2AX;KIF5B;H2BC7;CENPK;H2BC21;YWHAH;H2BC5;H2BC13;SKA1;PPP1CC;CDC42;H3C4;SGO2;NUP37;YWHAB;MAD2L1;H4C14;ARPC1A;DIAPH1;KIF18A;H2BC14;PAK2;H2BC4;H4C15;H2BC17;H3C7;CDKN1B;XPO1;BUB1B;KNL1;PAK1;CENPA;BIRC5;KIF2C;PRKCB;H3C3;CENPE;CDC20;RHOA;ERCC6L;WASL;CENPI;RAC1;MYL12B;H2AC8;TUBA4B;H3C13;PDPK1;SKA2;H4C1;NCOA2;SPC25;H2BC6;ARPC5;TUBA1B;DSN1;CDH1;PFN2;FMNL3;H2BC3;H3C11;DYNLL1;H3C14;CDCA8;NDC80;CKAP5;GRB2;H3C15;NUF2;TUBA1A;CENPL;H2BC15;EVL;PPP2R5E;DYNC1LI1;H2BC11;NCF1;DYNLL2;PRC1;H3-3A;WAS;SRC;GOPC;SGO1;SPC24;RHOC;KIF14;DVL3;H2AC6;AURKB;RHOG;NUP160;RCC2;CDC25C;H3C2;CENPF;CENPH;CENPP;KNTC1;H4C8;MIS12;H2AZ2;NUP43;CLIP1;H3-3B;IQGAP3;SPDL1;CENPN;NCF2;KTN1;BRK1;CENPM;SEC13;INCENP;TUBA4A;PPP2R1A;H2AJ;RANBP2;H4C4;H2AC20;ITGB3BP;PRKCZ;SEH1L"
"REACTOME_DNA_REPLICATION_PRE_INITIATION",5.50758789632315e-29,3.7121142421218e-27,1.39518713415833,0.661245673707659,3.21494474664985,146,"H2BC26;H3C12;UBE2D1;H4C12;H4C11;PSMA5;PSMC2;PSMA6;PSMA4;PSMA2;H3C8;H2AC19;H2AC18;H2BC12;H2AC7;H3C10;H2BC9;CDC6;H2BC10;H2AC14;PSMD6;H2BC8;H2AC4;H4C9;PSMA1;DBF4;H4C16;H2AX;H2BC7;PSMD14;RPA3;H2BC21;H2BC5;PSMD12;CDC7;H2BC13;UBE2S;PSMB4;H3C4;PSMD1;H4C14;H2BC14;H2BC4;H4C15;H2BC17;UBE2C;PSMB1;H3C7;PSMA3;PSMD2;PSMB2;PSMC6;H3C3;ADRM1;PRIM1;PSMC4;H2AC8;H3C13;CDK2;H4C1;PSMD7;UBE2E1;H2BC6;MCM2;H2BC3;H3C11;ORC6;H3C14;ANAPC11;H3C15;PSMA7;H2BC15;H2BC11;H3-3A;MCM4;KPNA6;ORC3;MCM6;KPNA1;PSMB3;MCM10;H2AC6;H3C2;SEM1;PSMB5;ORC2;H4C8;H2AZ2;H3-3B;RPA2;CDC23;PSMD8;PSMD11;PSMD3;H2AJ;H4C4;H2AC20;UBC;ORC5;H3C6;POLE3;MCM8;PSMC5;PSMC3;PRIM2"
"HALLMARK_MYC_TARGETS_V1",9.20491101915089e-29,5.90867621610257e-27,1.39518713415833,0.597727835726176,3.07529141574123,200,"PSMA6;PSMA4;SRSF2;CBX3;PSMA2;VBP1;SNRPB2;NDUFAB1;BUB3;EIF4E;CANX;EIF2S2;YWHAQ;CCT5;SNRPG;ETF1;PTGES3;GLO1;KPNA2;GSPT1;PSMA1;H2AZ1;HSPE1;PSMD14;HPRT1;COPS5;PSMD1;CSTF2;MAD2L1;SRSF1;PGK1;ERH;SRSF7;XPO1;EIF4G2;RFC4;DDX18;ACP1;U2AF1;TCP1;PRDX4;PCNA;SSBP1;DDX21;PSMB2;PSMC6;HNRNPA2B1;CDC20;SRSF3;USP1;ABCE1;CCT2;PSMC4;SRPK1;EIF2S1;CDK2;PPIA;PSMD7;UBE2E1;DEK;HNRNPC;TOMM70;VDAC3;HSP90AB1;NME1;MCM2;EIF3J;STARD7;SNRPA1;PSMA7;HSPD1;CCNA2;EPRS1;RNPS1;VDAC1;MCM4;RAN;FAM120A;MCM6;GOT2;DHX15;PSMB3;SSB;XPOT;AP3S1;PPM1G;NCBP2;TRA2B;G3BP1;CCT4;PCBP1;CCT3;RAD23B;ORC2;ILF2;COX5A;TUFM;EIF4H;PWP1;SNRPD1;LDHA;CCT7;CNBP;CUL1;SET;PSMD8;HDGF;NHP2;CTPS1;UBE2L3;PSMD3;HNRNPU;HNRNPA3;RRM1;IARS1;EIF1AX;MRPL9;TARDBP;NOLC1;CDK4;POLE3;SF3B3;NOP56;SNRPD3;PRDX3;PA2G4;GNL3;CLNS1A;RANBP1;SYNCRIP;EIF4A1;XRCC6;HDAC2;LSM7;RUVBL2;KARS1;APEX1;MRPS18B;SERBP1;TXNL4A"
"REACTOME_SIGNALING_BY_INTERLEUKINS",1.20556341797925e-28,7.38681585198197e-27,1.38774608305349,0.470905524367981,2.65488758797797,434,"CASP3;CAPZA1;CCL3L3;FN1;CCL22;IGHG1;CD80;CXCL10;IL21R;CD86;STAT1;IGHG4;SDC1;H3C12;MYD88;RAP1B;CCL11;LGALS9;BLNK;TBK1;IL24;PTPN6;IL9R;PSMA5;CCR1;YWHAZ;IL12RB1;PPP2CA;CCR5;PSMC2;PSMA6;TGFB1;LCP1;PSMA4;CISH;IL2RB;MMP1;IRAK4;HSPA8;ITGAX;LCK;IL2RG;LIF;BOLA2B;IL21;IL18;PSMA2;CASP8;CCL4;STAT2;H3C8;N4BP1;VAMP7;IL7R;CANX;PTPN7;PSME2;MAPKAPK2;H3C10;OPRD1;IL12B;TNF;UBE2N;COL1A2;IL20;MAPK9;CCL5;CFL1;PSMD6;GATA3;HAVCR2;OSM;MCL1;CDKN1A;PSMA1;BOLA2;CCR2;HIF1A;HNRNPF;SOD1;CCL3;PSMD14;PSMD12;EBI3;IL32;PSMB4;HCK;CDC42;H3C4;PSMD1;JUNB;IL13RA1;FASLG;PAK2;PSMB1;H3C7;GSTO1;STX3;NOD2;SKP1;HSP90B1;IGHE;BCL2L1;BIRC5;ITGB2;HMOX1;MMP2;TCP1;SYK;IL1B;PSMA3;RPS6KA1;RBX1;PSMD2;PSMB2;PSMC6;HNRNPA2B1;H3C3;BRWD1;CD4;CCL19;HSPA9;MMP3;CHUK;ADRM1;PSMC4;IL10RB;H3C13;LMNB1;PPIA;PSMD7;ATF2;ELK1;IFNG;CASP1;UBE2V1;TAB3;IL2RA;CCL20;H3C11;H3C14;ARF1;SNRPA1;BATF;ALOX5;MAP3K7;VAV1;GRB2;SOCS3;H3C15;STXBP2;RALA;PSMA7;RIPK2;FBXW11;NFKB1;IL4R;ICAM1;PIM1;CCL2;LYN;MIF;PIK3R3;HSP90AA1;PTK2B;CREB1;PSMB3;PTAFR;USP18;ATF1;PIK3CB;IL10;TIMP1;H3C2;ITGAM;MUC1;SEM1;PSMB5;TXLNA;MAPKAPK3;VRK3;IL23A;P4HB;USP14;IL23R;OPRM1;FPR1;CUL1;CSF2RB;CSF2RA;STX1A;PSMD8;PSMD11;RELA;PTPN12;JAK3;POU2F1;PSMD3;STX4;PPP2R1A;CNN2;STAT4"
"REACTOME_HIV_INFECTION",3.04052942772465e-28,1.78201463850993e-26,1.38026491759359,0.582622308808828,3.02520459960993,218,"XRCC4;POLR2K;CXCR4;CDK7;ELOC;GTF2E1;AP1S3;PSMA5;B2M;CCR5;PSMC2;PSMA6;PSMA4;AP1S2;NUP210;LCK;CHMP5;PSMA2;TAF9;CUL5;VTA1;NUP50;POLR2B;TAF5;CCNT1;CD247;GTF2B;TAF13;AP1G1;PSMD6;CHMP2B;PSMA1;APOBEC3G;PSMD14;AP1S1;PSMD12;SUPT4H1;GTF2A1;PSMB4;HCK;TAF2;PSMD1;NUP37;ELOB;PAK2;GTF2A2;PSMB1;POLR2D;XPO1;CHMP4B;ATP6V1H;TAF12;SKP1;AP2M1;RAE1;HLA-A;CD8B;AP2S1;TCEA1;CCNT2;PSMA3;RBX1;PSMD2;PSMB2;PSMC6;TAF9B;TSG101;CD4;NUP155;TAF11;HMGA1;ADRM1;CD28;PSMC4;RAC1;BANF1;PPIA;PSMD7;ARF1;RCC1;DOCK2;PSMA7;FEN1;NUP153;NDC1;NUP205;NUP62;XRCC5;POLR2G;AP1B1;GTF2H3;RAN;KPNA1;PSMB3;AP2B1;POLR2J;NCBP2;NUP160;TAF4;SEM1;GTF2E2;POLR2H;PSMB5;GTF2H2;LIG4;VPS37C;NUP43;SUPT16H;SLC25A5;PDCD6IP;TBP;SEC13;PSMD8;PSMD11;CHMP7;PSMD3;RANBP2;TAF7;UBC;SEH1L;CCNK;CHMP2A;GTF2H5;AP1M2;CHMP4A;NELFCD;PSMC5;PSMC3;VPS4B;RNMT;RANBP1;NUP107;POLR2C;PSMB7;XRCC6;PSMC1;UBB"
"KEGG_SYSTEMIC_LUPUS_ERYTHEMATOSUS",3.21890011567979e-28,1.80794889830681e-26,1.38026491759359,0.688454412856428,3.27079457072713,122,"CD80;CD86;H2BC26;H3C12;H4C12;H4C11;FCGR3A;HLA-DRA;FCGR1A;H2AC25;HLA-DMB;H2AC17;H2AC15;H3C8;H2AC19;H2AC18;H2BC12;HLA-DPA1;H2AC7;HLA-DOA;HLA-DQB1;H3C10;TNF;H2BC9;FCGR2A;H2BC10;H2AC14;H2BC8;H2AC4;HLA-DPB1;HLA-DQA1;H4C9;H4C16;H2AZ1;H2AX;H2BC7;H2BC21;H2BC5;H2BC13;MACROH2A1;H2AC13;H3C4;H4C14;RO60;H2AC16;H2BC14;H2BC4;H4C15;H2BC17;H3C7;HLA-DRB1;SNRPB;H3C3;TRIM21;CD28;H2AC8;H3C13;H4C1;H2BC6;IFNG;H2BC3;H3C11;H3C14;C4B;C4A;H3C15;H2AC11;H2AC21;H2BC15;HLA-DQA2;H2AC12;H2BC11;HLA-DMA;H3-3A;H2BC18;SSB;H2AC6;HLA-DRB5;IL10;H3C2;HLA-DOB;H4C8;H2AZ2;C2;CD40LG;H3-3B;SNRPD1;C1QB;H2AJ;H4C4;H2AC20;H3-5"
"REACTOME_TCR_SIGNALING",6.65485074372607e-27,3.5882955210171e-25,1.34223377296446,0.69594518878765,3.19989876357521,109,"CARD11;PTPRC;PTPN22;FYB1;UBE2D1;CD3D;PTPRJ;PSMA5;TRAT1;PSMC2;PSMA6;CD3E;PSMA4;HLA-DRA;CD3G;CSK;LCK;PSMA2;LCP2;HLA-DPA1;HLA-DQB1;ITK;UBE2N;HLA-DQB2;BCL10;TRAV29DV5;CD247;PSMD6;HLA-DPB1;HLA-DQA1;GRAP2;UBE2D2;PSMA1;PSMD14;PSMD12;PSMB4;PSMD1;PAG1;PAK2;PSMB1;VASP;TRAV19;PAK1;SKP1;HLA-DRB1;PSMA3;PSMD2;PSMB2;PSMC6;TRAV8-4;CD4;CHUK;ADRM1;PSMC4;PDPK1;PSMD7;LAT;UBE2V1;ZAP70;MAP3K7;ENAH;PSMA7;RIPK2;FBXW11;NFKB1;HLA-DQA2;EVL;TRBV7-9;WAS;PSMB3;TRBV12-3;PIK3CB;CD101;HLA-DRB5;SEM1;PSMB5;MALT1;CUL1;PSMD8;PSMD11;RELA;PSMD3;UBC;PSMC5;NCK1;IKBKB;PSMC3"
"REACTOME_REGULATION_OF_PD_L1_CD274_EXPRESSION",7.81107051325742e-27,4.049739635335e-25,1.34223377296446,0.593602320752506,3.02534860897344,193,"LEF1;STAT1;H2BC26;H3C12;H4C12;H4C11;PSMA5;PSMC2;PSMA6;PSMA4;PSMA2;H3C8;H2AC19;H2AC18;H2BC12;H2AC7;H3C10;H2BC9;CUL3;MAGT1;H2BC10;H2AC14;PSMD6;DERL1;H2BC8;RPN1;H2AC4;H4C9;PSMA1;H4C16;H2AX;SEL1L;HIF1A;STT3B;H2BC7;PSMD14;NEK2;H2BC21;H2BC5;PSMD12;H2BC13;OSTC;PSMB4;COPS5;H3C4;PSMD1;H4C14;H2BC14;H2BC4;H4C15;H2BC17;PSMB1;H3C7;RBBP7;SKP1;ERLEC1;PRKAG1;CSNK2A1;IRF1;PSMA3;RBX1;PSMD2;PSMB2;PSMC6;H3C3;ADRM1;PSMC4;H2AC8;H3C13;H4C1;PDCD1;PSMD7;RPN2;H2BC6;STT3A;DPY30;H2BC3;GSK3B;H3C11;H3C14;RBBP4;MOV10;H3C15;PSMA7;EZH2;NFKB1;H2BC15;H2BC11;RNF5;H3-3A;PRKAB1;PSMB3;H2AC6;DAD1;H3C2;TMEM258;SEM1;PSMB5;H4C8;H2AZ2;DERL3;H3-3B;CUL1;NFE2L2;PSMD8;PSMD11;RELA;PSMD3;OST4;H2AJ;H4C4;H2AC20;CD274;DERL2;UBC;RBBP5;H3C6;CDK4;PSMC5;PSMC3"
"REACTOME_SEPARATION_OF_SISTER_CHROMATIDS",3.75637476852181e-26,1.87540488443237e-24,1.32671609800481,0.605735115204271,3.05828778375754,175,"TUBB3;UBE2D1;PSMA5;PPP2CA;PSMC2;PSMA6;PSMA4;RAD21;WAPL;BUB1;PSMA2;KIF2A;MAPRE1;BUB3;TUBA1C;PLK1;ZW10;CENPQ;CENPU;ZWILCH;PSMD6;ZWINT;PSMA1;PSMD14;CENPK;PSMD12;SKA1;PPP1CC;UBE2S;PSMB4;PSMD1;SGO2;NUP37;MAD2L1;KIF18A;UBE2C;PSMB1;XPO1;BUB1B;KNL1;CENPA;PTTG1;BIRC5;KIF2C;PDS5A;PSMA3;PSMD2;PSMB2;PSMC6;CENPE;CDC20;ERCC6L;ADRM1;CENPI;PSMC4;TUBA4B;SKA2;PSMD7;UBE2E1;SPC25;TUBA1B;CDCA5;DSN1;DYNLL1;CDCA8;NDC80;ANAPC11;CKAP5;PSMA7;ESPL1;NUF2;TUBA1A;CENPL;PPP2R5E;DYNC1LI1;DYNLL2;SGO1;SPC24;PSMB3;STAG2;AURKB;NUP160;RCC2;SEM1;PSMB5;CENPF;CENPH;CENPP;KNTC1;MIS12;NUP43;CLIP1;SPDL1;CDC23;CENPN;CENPM;SEC13;PSMD8;INCENP;PSMD11;TUBA4A;PSMD3;PPP2R1A;RANBP2;ITGB3BP;UBC;SEH1L"
"REACTOME_TRANSCRIPTIONAL_REGULATION_BY_RUNX1",6.63642435697175e-26,3.19496429757068e-24,1.31888879607587,0.568499117091863,2.95068782413898,216,"FOXP3;CTLA4;H2BC26;H3C12;RUNX2;CDK7;H4C12;H4C11;PSMA5;CBX4;PSMC2;PSMA6;PSMA4;NFATC2;TNFRSF18;PSMA2;THBS1;BLK;CTSK;CBFB;H3C8;H2AC19;H2AC18;H2BC12;H2AC7;H3C10;H2BC9;TCF3;H2BC10;H2AC14;KCTD6;PSMD6;H2BC8;GATA3;H2AC4;PAX5;OCLN;H4C9;PSMA1;H4C16;H2AX;H2BC7;PSMD14;H2BC21;H2BC5;PSMD12;H2BC13;ELF1;PSMB4;CBX2;H3C4;PSMD1;H4C14;RYBP;H2BC14;ITCH;H2BC4;H4C15;H2BC17;PSMB1;H3C7;CTSL;PRKCB;BMI1;CSNK2A1;PSMA3;PSMD2;PSMB2;PSMC6;H3C3;HDAC1;CBX8;ADRM1;PSMC4;H2AC8;SPI1;H3C13;H4C1;PSMD7;ARID1A;H2BC6;IFNG;SOCS4;DPY30;IL2RA;H2BC3;H3C11;H3C14;MOV10;SOCS3;H3C15;PSMA7;H2BC15;ARID2;ACTL6A;CTSV;H2BC11;H3-3A;SRC;PSMB3;SIN3A;H2AC6;TCF12;H3C2;SEM1;PSMB5;H4C8;H2AZ2;SETD1B;RUNX1;H3-3B;PSMD8;PSMD11;PSMD3;MYB;SMARCD1;H2AJ;TP73;H4C4;RNF2;H2AC20;NR4A3;SMARCB1;UBC"
"REACTOME_RUNX1_REGULATES_TRANSCRIPTION_OF_GENES_INVOLVED_IN_DIFFERENTIATION_OF_HSCS",2.78501317697757e-25,1.29455095260888e-23,1.30309315086572,0.685466555112341,3.19050517936523,113,"H2BC26;H3C12;CDK7;H4C12;H4C11;PSMA5;PSMC2;PSMA6;PSMA4;PSMA2;CBFB;H3C8;H2AC19;H2AC18;H2BC12;H2AC7;H3C10;H2BC9;TCF3;H2BC10;H2AC14;PSMD6;H2BC8;GATA3;H2AC4;H4C9;PSMA1;H4C16;H2AX;H2BC7;PSMD14;H2BC21;H2BC5;PSMD12;H2BC13;PSMB4;H3C4;PSMD1;H4C14;H2BC14;ITCH;H2BC4;H4C15;H2BC17;PSMB1;H3C7;PSMA3;PSMD2;PSMB2;PSMC6;H3C3;ADRM1;PSMC4;H2AC8;SPI1;H3C13;H4C1;PSMD7;H2BC6;H2BC3;H3C11;H3C14;H3C15;PSMA7;H2BC15;H2BC11;H3-3A;PSMB3;H2AC6;TCF12;H3C2;SEM1;PSMB5;H4C8;H2AZ2;RUNX1;H3-3B;PSMD8;PSMD11;PSMD3;MYB;H2AJ;TP73;H4C4;H2AC20;UBC"
"REACTOME_REGULATION_OF_HOMOTYPIC_CELL_CELL_ADHESION",1.33028449339755e-24,5.97741165699965e-23,1.28710367230144,0.559029453383622,2.89832188380685,214,"ADAM19;H2BC26;H3C12;ACTB;H4C12;H4C11;PSMA5;SPCS3;PSMC2;PSMA6;PSMA4;WT1;STRAP;PSMA2;H3C8;H2AC19;H2AC18;H2BC12;CANX;H2AC7;H3C10;ZNF217;H2BC9;TCF3;H2BC10;CDH11;H2AC14;SPCS1;ACTG1;PSMD6;H2BC8;RPN1;H2AC4;CTSB;H4C9;PSMA1;H4C16;H2AX;H2BC7;PSMD14;H2BC21;H2BC5;PSMD12;H2BC13;OSTC;PSMB4;CSNK2A3;H3C4;PSMD1;H4C14;H2BC14;H2BC4;H4C15;H2BC17;CBLL1;PSMB1;H3C7;CTSS;RBBP7;CTSL;PKM;CSNK2A1;PSMA3;PSMD2;PSMB2;PSMC6;H3C3;HDAC1;SPCS2;ZC3H12A;ADRM1;PSMC4;H2AC8;H3C13;H4C1;PSMD7;RPN2;ARID1A;H2BC6;SP1;STT3A;CDH1;H2BC3;H3C11;H3C14;RBBP4;MOV10;H3C15;PSMA7;EZH2;H2BC15;DNTTIP1;MTBP;H2BC11;SEC11A;H3-3A;RB1;SRC;PSMB3;H2AC6;DAD1;TCF12;H3C2;TMEM258;SEM1;PSMB5;SEC11C;H4C8;H2AZ2;TGIF2;H3-3B;SIRT1;GANAB;PSMD8;PSMD11;PSMD3;ACTA1;OST4;H2AJ;H4C4;H2AC20;UBC;MAPK1;DNM2;H3C6;PSMC5;PSMC3;MDM2;SNAI1"
"REACTOME_CHROMOSOME_MAINTENANCE",2.16561909636385e-24,9.41695013515634e-23,1.27903397725049,0.641930169531333,3.08747859613674,135,"POLR2K;H2BC26;H4C12;H4C11;TINF2;H2AC19;H2AC18;H2BC12;H2AC7;H2BC9;POLD4;POLR2B;CENPQ;CENPU;H2BC10;H2AC14;H2BC8;H2AC4;SMARCA5;H4C9;H4C16;H2AX;H2BC7;CENPK;RPA3;H2BC21;H2BC5;H2BC13;H4C14;H2BC14;H2BC4;H4C15;H2BC17;POLR2D;RBBP7;RFC4;OIP5;KNL1;CENPA;BLM;RUVBL1;NOP10;PCNA;DSCC1;CENPI;PRIM1;DNA2;H2AC8;CDK2;H4C1;HJURP;H2BC6;POT1;H2BC3;MIS18A;RBBP4;FEN1;CENPL;CCNA2;H2BC15;DAXX;POLR2G;H2BC11;TERF2IP;H3-3A;RFC5;POLR2J;H2AC6;POLR2H;CENPX;CENPH;CENPP;H4C8;H2AZ2;H3-3B;RPA2;CENPN;CENPM;NHP2;CHTF8;H2AJ;TERF1;H4C4;H2AC20;ITGB3BP"
"HALLMARK_MTORC1_SIGNALING",3.39932609389572e-24,1.43196611705357e-22,1.27091304449619,0.565896823948506,2.91152183463195,200,"EDEM1;ACTR2;ACTR3;CXCR4;DAPP1;TBK1;PSMC2;STARD4;PSMA4;BCAT1;M6PR;RRM2;NAMPT;IFI30;SQLE;CORO1A;BUB1;RAB1A;CALR;PRDX1;CANX;NHERF1;EIF2S2;SDF2L1;SLC7A5;STIP1;SLC6A6;SLA;PLK1;ETF1;XBP1;YKT6;RPN1;CDKN1A;TXNRD1;MTHFD2;HSPE1;PSMD14;PSMD12;HSPA5;PNP;CCT6A;HPRT1;TRIB3;COPS5;HSPA4;AURKA;GSR;SLC7A11;PGK1;RIT1;CCNF;SERP1;HSP90B1;ITGB2;TCEA1;TFRC;PSMA3;PSMC6;ALDOA;HSPA9;PNO1;CD9;EEF1E1;EGLN3;PSMC4;UBE2D3;PPIA;SSR1;MCM2;ERO1A;GSK3B;ARPC5L;ATP6V1D;SLC1A4;GLRX;HSPD1;FADS2;NUP205;SLC2A1;ATP2A2;P4HA1;CACYBP;BHLHE40;EPRS1;SEC11A;PSMG1;MCM4;PIK3R3;UFM1;IDI1;SHMT2;TPI1;CDC25A;GAPDH;SORD;IMMT;GGA2;PSMB5;SERPINH1;BTG2;PPA1;LDHA;G6PD;DHCR24;ABCF2;SYTL2;HMGCR;TUBA4A;DHFR;PDAP1;GMPS"
"REACTOME_MITOTIC_PROPHASE",3.81451586421242e-24,1.55817193483586e-22,1.27091304449619,0.633298630479596,3.0488348220703,138,"H2BC26;H3C12;H4C12;H4C11;RAB2A;PPP2CA;NUP210;RAB1A;H3C8;H2AC19;H2AC18;NEK6;H2BC12;H2AC7;H3C10;H2BC9;NUP50;PLK1;H2BC10;H2AC14;H2BC8;H2AC4;CCNB1;H4C9;CDK1;H4C16;H2AX;H2BC7;H2BC21;H2BC5;H2BC13;CNEP1R1;H3C4;NUP37;H4C14;VRK2;SMC4;H2BC14;H2BC4;GORASP2;H4C15;H2BC17;H3C7;BLZF1;RAE1;PRKCB;TMPO;H3C3;CCNB2;NUP155;LEMD3;H2AC8;H3C13;BANF1;LMNB1;H4C1;H2BC6;H2BC3;H3C11;H3C14;H3C15;MASTL;LPIN2;NUP153;NDC1;H2BC15;NUP205;NUP62;H2BC11;H3-3A;RB1;NCAPG2;H2AC6;NUP160;H3C2;H4C8;ARPP19;H2AZ2;NUP43;ENSA;RAB1B;H3-3B;SET;SEC13;PPP2R1A;H2AJ;RANBP2;H4C4;H2AC20;SEH1L;MAPK1;H3C6"
"REACTOME_TRANSCRIPTIONAL_REGULATION_BY_TP53",4.05603481545045e-24,1.60809850918447e-22,1.27091304449619,0.474160116177306,2.61099359456133,352,"TP53INP1;POLR2K;RRM2B;CDK7;ELOC;PMAIP1;YWHAZ;PPP2CA;DYRK2;COX7A2;TAF9;MEAF6;PRDX1;RAD17;CCNE2;PRDM1;TIGAR;TP53RK;CNOT11;YWHAQ;POLR2B;TAF5;CCNT1;USP7;CNOT6;PRELID1;TAF13;PIP4K2A;RAD1;PIP4P1;PIP4K2C;CDKN1A;CCNB1;TXNRD1;CDK1;TPX2;RPA3;YWHAH;NDUFA4;RMI1;SUPT4H1;TOPBP1;TAF2;E2F8;LAMTOR5;COX6C;YWHAB;BAX;ELOB;AURKA;GSR;CNOT9;SGK1;POLR2D;CDKN1B;E2F7;BRD7;RBBP7;RFC4;TAF12;BLM;BIRC5;PRKAG1;TCEA1;CSNK2A1;CCNT2;PCNA;LAMTOR2;TAF9B;HDAC1;TAF11;CYCS;CDK5;RNF34;CDKN2A;DNA2;COX8A;PDPK1;RABGGTB;CDK2;ATF2;PHF20;CNOT2;CASP1;TXN;CHM;RHNO1;RBBP4;CNOT1;BBC3;MOV10;CCNA2;RMI2;DAXX;SCO2;FANCI;PLK3;POLR2G;BARD1;RAD9A;GTF2H3;KAT6A;CHD4;RICTOR;FANCD2;PRKAB1;COX7B;CHEK1;EXO1;CASP6;CASP2;BRIP1;CNOT8;RFC5;HIPK1;COX7A2L;POLR2J;AURKB;CDC25C;RHEB;TAF4;POLR2H;CCNE1;E2F1;GTF2H2;SLC38A9;COX5A;RBL1;SUPT16H;ARID3A;RBL2;COX6B1;RPA2;BTG2;G6PD;BRPF3;PRDX5;TBP;COX6A1;PPP2R1A;GATAD2B;TP73;TAF7;UBC;TMEM219;CCNK;GTF2H5;ING2;NELFCD;TP53BP2;MDM2;USP2;MSH2;LAMTOR1;NBN;TNFRSF10B;AKT1;CNOT6L;CDK13;POLR2C;ATM;MAPK14;CDK12;CSNK2B;CNOT7;PIN1;CHEK2;RFC2;ATRIP;HDAC2;UBB;TRIAP1;TNFRSF10A;CDK5R1;HUS1;RRAGC;PPP2R5C;LAMTOR3;MTA2;KMT5A;GLS;BID;COX5B;PMS2;CTDP1"
"REACTOME_SARS_COV_INFECTIONS",6.85818768478702e-24,2.64138199974083e-22,1.26273988547916,0.437995705769707,2.47528291440491,454,"PARP9;TLR7;STAT1;RIGI;SDC1;ISG15;ATP1A3;ZBP1;IRF7;BLNK;TBK1;PTPN6;B2M;YWHAZ;ITGA4;PYCARD;IFIH1;SERPINE1;BTK;GALNT1;NUP210;REST;MGAT4A;STAT2;HLA-C;IGLV3-1;PARP14;CANX;UBE2N;GPC6;NUP50;YWHAQ;NMI;TLR1;CUL3;SNRPG;MAGT1;PTGES3;RPS27L;G3BP2;BST2;KPNA2;SEC24A;RPN1;CD79A;UBE2I;CHMP2B;SUMO1;HLA-B;STT3B;YWHAH;OSTC;NUP37;YWHAB;MAN2A1;ITCH;FKBP1A;DDX20;VPS33A;TLR8;ARID4B;RBBP7;CHMP4B;SMN1;NOD2;IGHV3-11;SIKE1;MAP1LC3B;CTSL;BCL2L1;IGHV3-33;AP2M1;RAE1;SNRPB;HLA-A;AP2S1;SYK;MGAT2;RBX1;PSMC6;HDAC1;NUP155;FKBP4;CHUK;SRPK2;ST6GAL1;SRPK1;PDPK1;PDCD1;PPIA;RPN2;VHL;RCAN3;IGHV1-69;CASP1;UBE2V1;SP1;TOMM70;STT3A;TAB3;HSP90AB1;ZDHHC20;DDX5;GSK3B;IGHV4-34;FUT8;RBBP4;MAP3K7;VAV1;IGLV1-47;SDC4;SEC24D;GRB2;RIPK2;IFNGR2;NFKB1;IGHD;MGAT5;NUP153;SAR1B;NDC1;NUP205;NUP62;ZCRB1;VPS41;ZDHHC5;SNRPE;IGHV4-59;RIPK3;RB1;CHD4;TRIM25;HSP90AA1;PARP8;SEC24C;SNRPF;SMN2;IGHV3-30;AP2B1;BRMS1;GEMIN7;VPS16;DAD1;PPIB;NUP160;ZDHHC9;TMEM258;IGKV1D-39;G3BP1;IGHV4-39;IGKV1-39;CSNK1A1;HLA-F;IGKV3-15;IGKV2-28;NUP43;IGLV3-21;TUFM;IGKV2D-28;VPS18;BECN1;RUNX1;EDEM2;IGLV3-27;IGHV2-5;SNRPD1;GANAB;CNBP;IFNAR2;PARP10;NFE2L2;TKFC;RIPK1;SEC13;IGKV4-1;IGKV1-5;CHMP7;VPS45;RELA;JAK3;OST4;TUBB;GATAD2B;MGAT4B;RANBP2;IGLV3-25;IGKV3-20;UBC;LARP1;SEH1L;ST6GALNAC4;IGKV1-16;CHMP2A;IGKV1-33;CRB3;CHMP4A;CYSLTR1;IGKV2D-40;SNRPD3;NCK1;IKBKB;IGHV2-70;SAP30;MAVS;AKT1;NUP107;TLR2;TRAF3;IFNAR1;CD79B;GOLGA7;ROCK1;ISCU;ST3GAL1;IGKV1D-33;HDAC2;UBB;GSK3A;IGKV3D-20;IRAK1;PPIG;NUP93;MTA2;NUP58;TLR9;GPC1;PIK3R4;KPNB1;IGKV3-11;GEMIN6;ANO9;NPM1;PATJ;IGLV6-57;MTA3;PARP4;DDOST;NUP133;NFKBIA;NUP42;IGLC2;IMPDH1;MOGS;GPC4;IGHV3-53;GJA1;SUDS3"
"HALLMARK_G2M_CHECKPOINT",7.1008599610486e-24,2.65887756319264e-22,1.26273988547916,0.564697043552949,2.90646719422035,199,"HOXC10;TGFB1;JPT1;HMGB3;HSPA8;SQLE;RAD21;SRSF2;BUB1;SLC38A1;BUB3;H2BC12;CUL5;DR1;SLC7A5;NUP50;CCNT1;CUL3;PLK1;CDC6;TLE3;KPNA2;GSPT1;KIF23;KIF20B;DBF4;CDK1;H2AZ1;CKS2;H2AX;KIF5B;TPX2;HIF1A;MYBL2;NEK2;TOP1;CDC7;UBE2S;MAD2L1;NUSAP1;SS18;SMC4;AURKA;BRCA2;SRSF1;UBE2C;KIF11;CDKN1B;HMMR;PBK;XPO1;CCNF;KIF4A;KNL1;CENPA;PTTG1;BIRC5;RACGAP1;STMN1;KIF2C;PLK4;FBXO5;HMGN2;TMPO;CCNB2;CENPE;E2F3;STIL;CDC20;HMGA1;TTK;LMNB1;TOP2A;SRSF10;CTCF;KIF22;MCM2;CDKN3;ORC6;TACC3;NDC80;MTF2;E2F2;POLQ;ESPL1;EZH2;CCNA2;BARD1;PRC1;CHEK1;MCM6;EXO1;CDC25A;AURKB;TRA2B;MKI67;CKS1B;G3BP1;E2F1;CENPF;RAD23B;H2AZ2;RBL1;BCL3;CBX1;GINS2;RPA2;SNRPD1;KIF15;CUL1;INCENP;HNRNPU;TROAP;ORC5;MARCKS;ATF5;NOLC1;CDK4"
"REACTOME_ESTROGEN_DEPENDENT_GENE_EXPRESSION",5.19087229291842e-23,1.89116104077136e-21,1.24623277191648,0.614285320324169,2.98662576111374,146,"POLR2K;H2BC26;H3C12;H4C12;H4C11;RAD21;CBFB;H3C8;H2AC19;H2AC18;H2BC12;H2AC7;CTSD;H3C10;ZNF217;H2BC9;NRIP1;POLR2B;CCNT1;NCOA3;EBAG9;TLE3;H2BC10;PTGES3;H2AC14;KPNA2;KCTD6;H2BC8;GATA3;H2AC4;H4C9;H4C16;H2AX;H2BC7;H2BC21;H2BC5;H2BC13;GTF2A1;H3C4;H4C14;FOXA1;H2BC14;H2BC4;GTF2A2;H4C15;H2BC17;H3C7;POLR2D;CXXC5;H3C3;CHD1;HDAC1;FKBP4;USF1;H2AC8;H3C13;H4C1;NCOA2;ATF2;H2BC6;SP1;HSP90AB1;DDX5;H2BC3;H3C11;H3C14;MOV10;H3C15;H2BC15;POLR2G;H2BC11;H3-3A;HSP90AA1;POLR2J;H2AC6;STAG2;H3C2;POLR2H;H4C8;H2AZ2;RUNX1;H3-3B;TBP;MED1;POU2F1;MYB;H2AJ;H4C4;H2AC20"
"REACTOME_HCMV_LATE_EVENTS",8.69706504239073e-23,3.08516938872177e-21,1.23789667319529,0.65779138097177,3.07188988196374,114,"H2BC26;H3C12;H4C12;H4C11;H2AC25;NUP210;H2AC17;H2AC15;H3C8;H2AC19;H2AC18;H2BC12;H2AC7;H3C10;H2BC9;NUP50;H2BC10;H2AC14;H2BC8;H2AC4;CHMP2B;H4C9;H4C16;H2BC7;H2BC21;H2BC5;H2BC13;H2AC13;H3C4;NUP37;H4C14;H2AC16;H2BC14;H2BC4;H4C15;H2BC17;H3C7;VPS25;CHMP4B;RAE1;H3C3;TSG101;NUP155;H2AC8;H3C13;H4C1;H2BC6;H2BC3;H3C11;H3C14;H3C15;H2AC11;H2AC21;NUP153;NDC1;HNRNPK;H2BC15;NUP205;NUP62;H2AC12;H2BC11;H2BC18;H2AC6;NUP160;H3C2;H4C8;VPS37C;NUP43;SEC13;CHMP7;RANBP2;H4C4;H2AC20;SEH1L;CHMP2A;H3C6;CHMP4A"
"REACTOME_S_PHASE",1.92650396161684e-22,6.65878805194745e-21,1.22950405660873,0.603214202234276,2.95939973767321,150,"UBE2D1;CDK7;PSMA5;PSMC2;PSMA6;PSMA4;RAD21;WAPL;PSMA2;LIN54;POLD4;CCNE2;CDC6;PSMD6;CDKN1A;PSMA1;PSMD14;RPA3;PSMD12;UBE2S;PSMB4;PSMD1;GINS1;UBE2C;PSMB1;CDKN1B;RFC4;SKP1;PDS5A;E2F5;PSMA3;PCNA;RBX1;PSMD2;PSMB2;PSMC6;ESCO2;ADRM1;PRIM1;PSMC4;DNA2;CDK2;PSMD7;UBE2E1;CDCA5;MCM2;GSK3B;ORC6;RBBP4;ANAPC11;PSMA7;FEN1;CCNA2;RB1;MCM4;ORC3;MCM6;PSMB3;CDC25A;RFC5;STAG2;CKS1B;MAX;SEM1;CCNE1;E2F1;PSMB5;ESCO1;ORC2;RBL2;GINS2;GINS4;RPA2;CDC23;GINS3;CUL1;PSMD8;PSMD11;PSMD3;UBC;ORC5;CDK4;SMC3;PTK6;POLE3;MCM8;PSMC5;PSMC3;PRIM2;WEE1;AKT1;CDC27;PSMB7;ORC1;RFC2;PSMC1;UBB"
"REACTOME_SIGNALING_BY_THE_B_CELL_RECEPTOR_BCR",2.72791502502268e-22,9.19307363432643e-21,1.22105375677186,0.594348787523329,2.92040155515292,153,"KRAS;REL;CARD11;DAPP1;CD22;CD19;BLNK;PTPN6;PSMA5;NRAS;PSMC2;PSMA6;ORAI2;PSMA4;BTK;NFATC2;PSMA2;BLK;NFKBIE;IGLV3-1;BCL10;PIK3AP1;PSMD6;CD79A;RASGRP1;PSMA1;PSMD14;PSMD12;PSMB4;PSMD1;FKBP1A;PSMB1;IGHV3-11;SKP1;IGHV3-33;PRKCB;SYK;PSMA3;PSMD2;PSMB2;PSMC6;CHUK;ADRM1;PSMC4;PPIA;PSMD7;IGHV1-69;IGHV4-34;MAP3K7;VAV1;IGLV1-47;GRB2;PSMA7;FBXW11;NFKB1;IGHD;IGHV4-59;LYN;PSMB3;IGHV3-30;IGKV1D-39;SEM1;PSMB5;IGHV4-39;IGKV1-39;IGKV3-15;IGKV2-28;IGLV3-21;IGKV2D-28;MALT1;IGLV3-27;IGHV2-5;CUL1;IGKV4-1;PSMD8;IGKV1-5;PSMD11;RELA;PSMD3;IGLV3-25;IGKV3-20;UBC;IGKV1-16;IGKV1-33;ORAI1;IGKV2D-40;PSMC5;NCK1;IKBKB;PSMC3;RASGRP3;IGHV2-70;PIK3CD"
"REACTOME_DNA_DOUBLE_STRAND_BREAK_REPAIR",4.89787293498999e-22,1.61032505277232e-20,1.21254456769062,0.581634089171887,2.89888820339132,166,"XRCC4;H2BC26;H4C12;H4C11;TDP2;GEN1;PPP4C;H2BC12;RAD17;H2BC9;UBE2N;POLD4;H2BC10;RAD1;KPNA2;H2BC8;SMARCA5;UBE2I;H4C9;H4C16;H2AX;SUMO1;H2BC7;RPA3;H2BC21;H2BC5;RMI1;H2BC13;TOPBP1;H4C14;UBE2V2;RAD51AP1;BRCA2;H2BC14;H2BC4;H4C15;H2BC17;RFC4;BLM;SUMO2;RNF4;PCNA;PARP1;ERCC4;CLSPN;DNA2;DCLRE1C;CDK2;H4C1;H2BC6;EME1;PPP4R2;SLX4;H2BC3;RHNO1;POLQ;FEN1;CCNA2;H2BC15;RMI2;PALB2;XRCC5;BARD1;RAD9A;H2BC11;CHEK1;EXO1;XRCC2;BRIP1;RFC5;SEM1;RAD51;LIG4;TIMELESS;FIGNL1;H4C8;BAZ1B;RPA2;POLM;RNF168;KDM4A;H4C4;UBC;EYA3;POLE3;SLX1A;NBN;SLX1B;RAD51C;ATM;SIRT6;PIAS4;PRKDC;CHEK2;RFC2;POLH;XRCC6;ATRIP;BRCC3;UBB"
"REACTOME_DEUBIQUITINATION",6.01977516959756e-22,1.93206117348036e-20,1.21254456769062,0.501198856130974,2.66492200424821,261,"H2BC26;RIGI;UBE2D1;ACTB;CYLD;PSMA5;PSMC2;PSMA6;TGFB1;PSMA4;IFIH1;USP15;H2AC25;PSMA2;BIRC3;H2AC17;H2AC15;H2AC19;H2AC18;H2BC12;H2AC7;H2BC9;USP12;USP7;H2BC10;H2AC14;PSMD6;H2BC8;GATA3;USP16;H2AC4;PSMA1;STAM;CDK1;HIF1A;H2BC7;PSMD14;H2BC21;H2BC5;PSMD12;H2BC13;BIRC2;H2AC13;PSMB4;TNFAIP3;SIAH2;PSMD1;ABRAXAS2;KDM1B;H2AC16;H2BC14;H2BC4;H2BC17;PSMB1;POLB;NOD2;RUVBL1;VCPIP1;PSMA3;TNIP3;PSMD2;PSMB2;PSMC6;TAF9B;IDE;CDC20;SMAD7;RHOA;NEDD8;CCP110;ADRM1;CLSPN;PSMC4;H2AC8;PSMD7;H2BC6;TOMM70;VDAC3;USP37;H2BC3;MAP3K7;MAT2B;H2AC11;H2AC21;PSMA7;RIPK2;TGFBR1;CCNA2;H2BC15;H2AC12;OTUB1;BARD1;ACTL6A;H2BC11;VDAC1;TRIM25;H2BC18;USP5;STAM2;PSMB3;USP10;USP18;CDC25A;UFD1;H2AC6;USP28;SEM1;PSMB5;TNKS2;RAD23B;YOD1;ASXL2;USP8;USP14;STAMBP;BECN1;VDAC2;USP9X;RIPK1;PSMD8;PSMD11;PSMD3;TADA2B;H2AC20;UBC;PSMC5;PSMC3;MDM2;AXIN1;USP2;MAVS;TNIP2;HCFC1;TRAF3;PSMB7;TADA3;SMURF2;MYSM1;PSMC1;BRCC3;UBB"
"REACTOME_CELLULAR_SENESCENCE",6.7525588409928e-22,2.06873848128598e-20,1.21254456769062,0.559673590947564,2.85657197345781,190,"H2BC26;H3C12;UBE2D1;H4C12;H4C11;CBX4;TINF2;H3C8;H2AC19;H2AC18;H2BC12;H2AC7;MAPKAPK2;H3C10;H2BC9;MAPK9;CCNE2;H2BC10;H2AC14;H1-3;H2BC8;H2AC4;CDKN1A;H4C9;H4C16;H2AX;H2BC7;H2BC21;H2BC5;H2BC13;UBE2S;CBX2;H3C4;H4C14;H2BC14;H2BC4;H4C15;H2BC17;ASF1A;UBE2C;H3C7;CDKN1B;RBBP7;BMI1;RPS6KA1;H3C3;E2F3;H1-5;CBX8;HMGA1;CDKN2D;CDKN2A;H2AC8;H3C13;LMNB1;CDK2;H4C1;UBE2E1;H2BC6;SP1;TXN;POT1;H2BC3;H3C11;H3C14;RBBP4;ANAPC11;E2F2;MOV10;H3C15;EZH2;NFKB1;CCNA2;H2BC15;H1-2;H2BC11;TERF2IP;H3-3A;RB1;H2AC6;H3C2;TNIK;CCNE1;E2F1;H1-0;MAPKAPK3;H4C8;H2AZ2;UBN1;H3-3B;CDC23;RELA;H2AJ;TERF1;H4C4;RNF2;H2AC20;UBC;MAPK1;H3C6;CDK4;IGFBP7;MDM2;NBN;CDC27;SUZ12;ATM;IL1A;MAPK14"
"REACTOME_IMMUNOREGULATORY_INTERACTIONS_BETWEEN_A_LYMPHOID_AND_A_NON_LYMPHOID_CELL",6.64434452568433e-22,2.06873848128598e-20,1.21254456769062,0.562707621932864,2.84140922149485,178,"SIGLEC8;LILRA4;SH2D1A;CD22;CD19;CD3D;SELL;B2M;FCGR3A;ITGA4;CD3E;SIGLEC12;CD226;FCGR1A;CD3G;SIGLEC5;LILRB4;TYROBP;MICB;ITGAL;SLAMF6;HLA-C;IGLV3-1;CD300LF;COL1A2;CD8A;TRAV29DV5;CD247;SLAMF7;SIGLEC7;LILRB1;PILRA;CD96;COL1A1;HLA-B;NECTIN2;CLEC2D;CD1D;ITGB7;IGHV3-11;TRAV19;IGHV3-33;IFITM1;HLA-A;ITGB2;CD8B;TRAV8-4;JAML;ICAM3;ULBP1;SIGLEC6;SIGLEC10;NCR3;HCST;IGHV1-69;CD1A;CRTAM;CDH1;COL3A1;IGHV4-34;CD300C;TREM2;IGLV1-47;KLRK1;ICAM1;IGHV4-59;TRBV7-9;CD300A;OSCAR;SIGLEC9;TRBV12-3;IGHV3-30;IGKV1D-39;CLEC2B;IGHV4-39;CD1B;IGKV1-39;CD1C;KLRB1;HLA-F;IGKV3-15;IGKV2-28;IGLV3-21;IGKV2D-28;CD40LG;IGLV3-27;LAIR1;IGHV2-5;IGKV4-1;IGKV1-5;LAIR2;NCR1;IGLV3-25;IGKV3-20;TREML2;TREM1;KLRG1;IGKV1-16;IGKV1-33"
"REACTOME_ADHERENS_JUNCTIONS_INTERACTIONS",8.6816215694133e-22,2.60062797234869e-20,1.20397524075264,0.524916848139512,2.75422059906013,234,"ADAM19;H2BC26;H3C12;ACTB;H4C12;H4C11;PSMA5;SPCS3;PSMC2;PSMA6;PSMA4;WT1;STRAP;PSMA2;H3C8;H2AC19;H2AC18;H2BC12;CANX;H2AC7;H3C10;ZNF217;H2BC9;TCF3;H2BC10;CDH11;H2AC14;SPCS1;ACTG1;PSMD6;H2BC8;RPN1;H2AC4;CTSB;H4C9;PSMA1;H4C16;H2AX;H2BC7;PSMD14;H2BC21;H2BC5;PSMD12;H2BC13;OSTC;PSMB4;CSNK2A3;H3C4;PSMD1;H4C14;NECTIN2;H2BC14;H2BC4;H4C15;H2BC17;CBLL1;PSMB1;H3C7;CTSS;RBBP7;CTSL;PKM;CSNK2A1;PSMA3;PSMD2;PSMB2;PSMC6;H3C3;HDAC1;SPCS2;ZC3H12A;ADRM1;PSMC4;H2AC8;H3C13;CDH2;H4C1;PSMD7;RPN2;ARID1A;H2BC6;SP1;STT3A;CDH1;H2BC3;H3C11;H3C14;RBBP4;MOV10;H3C15;PSMA7;EZH2;H2BC15;DNTTIP1;MTBP;H2BC11;SEC11A;H3-3A;RB1;SRC;PSMB3;H2AC6;DAD1;TCF12;H3C2;TMEM258;SEM1;PSMB5;SEC11C;H4C8;H2AZ2;TGIF2;H3-3B;SIRT1;GANAB;CDH7;PSMD8;PSMD11;PSMD3;ACTA1;OST4;H2AJ;H4C4;H2AC20;UBC;MAPK1;DNM2;H3C6;PSMC5;PSMC3;MDM2;SNAI1"
"REACTOME_HATS_ACETYLATE_HISTONES",9.34535692745932e-22,2.73859589961199e-20,1.20397524075264,0.608613306643158,2.93832076424132,140,"H2BC26;H3C12;ACTB;H4C12;H4C11;H2AC25;TAF9;H2AC17;H2AC15;MEAF6;H3C8;H2AC19;H2AC18;H2BC12;H2AC7;H3C10;DR1;H2BC9;ENY2;H2BC10;H2AC14;H2BC8;MORF4L2;H2AC4;H4C9;H4C16;H2BC7;H2BC21;H2BC5;H2BC13;H2AC13;H3C4;H4C14;MSL2;H2AC16;H2BC14;H2BC4;H4C15;H2BC17;HAT1;H3C7;RBBP7;JADE3;TAF12;RUVBL1;H3C3;H2AC8;H3C13;H4C1;NCOA2;ATF2;H2BC6;PHF20;H2BC3;H3C11;H3C14;H3C15;H2AC11;H2AC21;H2BC15;H2AC12;ACTL6A;H2BC11;YEATS4;KAT6A;H2BC18;H2AC6;MSL3;H3C2;VPS72;MORF4L1;H4C8;SAP130;MRGBP;BRPF3;KANSL2;TADA2B;H4C4;H2AC20;TADA1"
"REACTOME_FC_EPSILON_RECEPTOR_FCERI_SIGNALING",1.8486505493498e-21,5.30208710749687e-20,1.19534448258848,0.567944888787547,2.86922395691496,173,"KRAS;CARD11;LAT2;UBE2D1;PSMA5;NRAS;PSMC2;PSMA6;VAV3;PSMA4;BTK;NFATC2;PSMA2;IGLV3-1;LCP2;ITK;UBE2N;MAPK9;BCL10;FCER1G;PSMD6;RASGRP1;GRAP2;UBE2D2;PSMA1;PSMD14;PSMD12;PSMB4;PSMD1;PAK2;PSMB1;IGHV3-11;PAK1;SKP1;IGHE;IGHV3-33;SYK;PSMA3;PSMD2;PSMB2;PSMC6;CHUK;ADRM1;PSMC4;RAC1;PDPK1;PSMD7;LAT;IGHV1-69;UBE2V1;TAB3;IGHV4-34;MAP3K7;VAV1;IGLV1-47;GRB2;PSMA7;FBXW11;NFKB1;MS4A2;IGHV4-59;LYN;VAV2;PSMB3;IGHV3-30;PIK3CB;IGKV1D-39;SEM1;PSMB5;IGHV4-39;IGKV1-39;IGKV3-15;IGKV2-28;IGLV3-21;IGKV2D-28;MALT1;IGLV3-27;IGHV2-5;CUL1;IGKV4-1;PSMD8;IGKV1-5;PSMD11;RELA;PSMD3;IGLV3-25;IGKV3-20;UBC;MAPK1;IGKV1-16;IGKV1-33;IGKV2D-40;PSMC5;IKBKB;PSMC3;IGHV2-70"
"REACTOME_DOWNSTREAM_TCR_SIGNALING",2.16318635990771e-21,6.07494836074081e-20,1.19534448258848,0.693366722015045,3.09697717368625,87,"CARD11;UBE2D1;CD3D;PSMA5;TRAT1;PSMC2;PSMA6;CD3E;PSMA4;HLA-DRA;CD3G;LCK;PSMA2;HLA-DPA1;HLA-DQB1;UBE2N;HLA-DQB2;BCL10;TRAV29DV5;CD247;PSMD6;HLA-DPB1;HLA-DQA1;UBE2D2;PSMA1;PSMD14;PSMD12;PSMB4;PSMD1;PSMB1;TRAV19;SKP1;HLA-DRB1;PSMA3;PSMD2;PSMB2;PSMC6;TRAV8-4;CD4;CHUK;ADRM1;PSMC4;PDPK1;PSMD7;UBE2V1;MAP3K7;PSMA7;RIPK2;FBXW11;NFKB1;HLA-DQA2;TRBV7-9;PSMB3;TRBV12-3;PIK3CB;HLA-DRB5;SEM1;PSMB5;MALT1;CUL1;PSMD8;PSMD11;RELA;PSMD3;UBC;PSMC5;IKBKB;PSMC3"
"REACTOME_HCMV_INFECTION",2.52324178667138e-21,6.94148964986332e-20,1.19534448258848,0.586371546076347,2.89587163052299,158,"H2BC26;TUBB3;H3C12;H4C12;H4C11;H2AC25;NUP210;H2AC17;H2AC15;H3C8;H2AC19;H2AC18;H2BC12;H2AC7;H3C10;H2BC9;NUP50;TUBA1C;H2BC10;H2AC14;H2BC8;H2AC4;CHMP2B;H4C9;H4C16;H2BC7;H2BC21;H2BC5;H2BC13;H2AC13;H3C4;NUP37;H4C14;H2AC16;H2BC14;H2BC4;H4C15;H2BC17;H3C7;VPS25;RBBP7;CHMP4B;RAE1;H3C3;TSG101;NUP155;H2AC8;TUBA4B;H3C13;H4C1;H2BC6;ELK1;TUBA1B;H2BC3;H3C11;DYNLL1;H3C14;RBBP4;TBL1XR1;H3C15;H2AC11;H2AC21;EZH2;NFKB1;TUBA1A;NUP153;NDC1;HNRNPK;H2BC15;NUP205;DAXX;NUP62;H2AC12;DYNC1LI1;H2BC11;DYNLL2;H2BC18;CREB1;H2AC6;NUP160;H3C2;H4C8;VPS37C;NUP43;CBX1;SEC13;CHMP7;TUBA4A;RANBP2;H4C4;H2AC20;SEH1L;CHMP2A;H3C6;CHMP4A"
"REACTOME_MRNA_SPLICING",4.85763284051333e-21,1.30961781380239e-19,1.18665095279281,0.53241587075144,2.75585653637179,211,"POLR2K;HSPA8;SRSF2;SNRPB2;EIF4A3;POLR2B;BCAS2;SNRPG;PRPF40A;SNIP1;CRNKL1;HNRNPF;PPP1R8;SF3B1;USP39;DDX23;SRSF1;RBM7;SRSF7;POLR2D;SNRNP25;SNRPC;HNRNPH2;PTBP1;ZRSR2;SNRPB;U2AF1;SNRNP27;UBL5;PPIL1;HNRNPA2B1;SF3B6;ALYREF;SRSF3;PPIL4;HNRNPL;MAGOH;MFAP1;SDE2;SRSF10;SRSF11;HNRNPH1;HNRNPC;SF3B4;U2SURP;SRSF9;LSM3;DDX5;DDX41;SNRPA1;HNRNPK;ZCRB1;POLR2G;FUS;SNRPE;CDC40;CCAR1;CTNNBL1;RNPS1;DHX9;DNAJC8;DHX15;WBP11;MAGOHB;SNRPF;SNRNP40;POLR2J;NCBP2;TRA2B;LSM5;U2AF2;MTREX;POLR2H;ISY1;SF3B5;RBM22;PCBP1;PRPF19;SNRNP48;SMNDC1;SNRPD1;RBM39;AQR;ZMAT2;PRCC;HNRNPM;RBM8A;SRSF6;HNRNPU;CDC5L;HNRNPA3;RNF113A;NKAP;PRPF3;BUD31;SF3B3;SNRPD3;SLU7;CWC15;PRPF4;PUF60;POLR2C;SF3B2;LSM4;LENG1;PPWD1;SYF2;LSM7;PPIL2;LSM8;ZNF830;PPIL3;PPIG;TXNL4A;SNRNP200;DDX46;SF3A3;IK;PHF5A;RBMX;BUD13;ACIN1;NCBP1;LSM2"
"REACTOME_ESR_MEDIATED_SIGNALING",6.47320428002215e-21,1.71095673911174e-19,1.18665095279281,0.530327566970128,2.75441212648649,215,"KRAS;POLR2K;H2BC26;H3C12;UHMK1;GNG5;H4C12;H4C11;GNAI3;NRAS;RAD21;CBFB;H3C8;H2AC19;H2AC18;H2BC12;H2AC7;CTSD;H3C10;ZNF217;H2BC9;NRIP1;GNG10;POLR2B;CCNT1;NCOA3;EBAG9;HSPB1;TLE3;H2BC10;PTGES3;H2AC14;GNB2;KPNA2;KCTD6;H2BC8;GATA3;H2AC4;H4C9;H4C16;H2AX;H2BC7;H2BC21;H2BC5;H2BC13;GTF2A1;H3C4;H4C14;FOXA1;H2BC14;H2BC4;GTF2A2;H4C15;H2BC17;H3C7;POLR2D;CDKN1B;XPO1;MMP2;CXXC5;H3C3;CHD1;HDAC1;MMP3;FKBP4;ZDHHC7;USF1;H2AC8;H3C13;PDPK1;H4C1;NCOA2;ATF2;H2BC6;ELK1;SP1;GNB4;HSP90AB1;DDX5;H2BC3;H3C11;H3C14;MOV10;H3C15;H2BC15;POLR2G;H2BC11;H3-3A;SRC;PIK3R3;HSP90AA1;CREB1;GNGT2;POLR2J;H2AC6;STAG2;H3C2;POLR2H;GNB1;H4C8;H2AZ2;RUNX1;H3-3B;TBP;MED1;POU2F1;MYB;H2AJ;H4C4;H2AC20;PRKCZ;MAPK1;H3C6;GNAI2;SMC3"
"REACTOME_HDACS_DEACETYLATE_HISTONES",9.24770849117558e-21,2.39729058578936e-19,1.1778932614942,0.676549636347578,3.05264013252597,92,"H2BC26;H3C12;H4C12;H4C11;H2AC25;REST;H2AC17;H2AC15;H3C8;H2AC19;H2AC18;H2BC12;H2AC7;H3C10;H2BC9;H2BC10;H2AC14;H2BC8;H2AC4;H4C9;H4C16;H2BC7;H2BC21;H2BC5;H2BC13;H2AC13;H3C4;H4C14;H2AC16;H2BC14;H2BC4;H4C15;H2BC17;H3C7;ARID4B;RBBP7;H3C3;HDAC1;H2AC8;H3C13;H4C1;H2BC6;H2BC3;H3C11;H3C14;RBBP4;TBL1XR1;H3C15;H2AC11;H2AC21;H2BC15;H2AC12;H2BC11;CHD4;H2BC18;BRMS1;H2AC6;H3C2"
"REACTOME_HCMV_EARLY_EVENTS",1.30983273660036e-20,3.33142363950431e-19,1.1778932614942,0.607423375411958,2.92130955256884,134,"H2BC26;TUBB3;H3C12;H4C12;H4C11;H2AC25;NUP210;H2AC17;H2AC15;H3C8;H2AC19;H2AC18;H2BC12;H2AC7;H3C10;H2BC9;NUP50;TUBA1C;H2BC10;H2AC14;H2BC8;H2AC4;H4C9;H4C16;H2BC7;H2BC21;H2BC5;H2BC13;H2AC13;H3C4;NUP37;H4C14;H2AC16;H2BC14;H2BC4;H4C15;H2BC17;H3C7;RBBP7;RAE1;H3C3;NUP155;H2AC8;TUBA4B;H3C13;H4C1;H2BC6;ELK1;TUBA1B;H2BC3;H3C11;DYNLL1;H3C14;RBBP4;TBL1XR1;H3C15;H2AC11;H2AC21;EZH2;NFKB1;TUBA1A;NUP153;NDC1;H2BC15;NUP205;DAXX;NUP62;H2AC12;DYNC1LI1;H2BC11;DYNLL2;H2BC18;CREB1;H2AC6;NUP160;H3C2;H4C8;NUP43;CBX1;SEC13;TUBA4A;RANBP2;H4C4;H2AC20;SEH1L"
"REACTOME_HOMOLOGY_DIRECTED_REPAIR",1.80810066021092e-20,4.49368620614581e-19,1.16906996676109,0.59416147145526,2.85442369282432,136,"H2BC26;H4C12;H4C11;GEN1;PPP4C;H2BC12;RAD17;H2BC9;UBE2N;POLD4;H2BC10;RAD1;H2BC8;UBE2I;H4C9;H4C16;H2AX;H2BC7;RPA3;H2BC21;H2BC5;RMI1;H2BC13;TOPBP1;H4C14;UBE2V2;RAD51AP1;BRCA2;H2BC14;H2BC4;H4C15;H2BC17;RFC4;BLM;SUMO2;RNF4;PCNA;PARP1;ERCC4;CLSPN;DNA2;CDK2;H4C1;H2BC6;EME1;PPP4R2;SLX4;H2BC3;RHNO1;POLQ;FEN1;CCNA2;H2BC15;RMI2;PALB2;BARD1;RAD9A;H2BC11;CHEK1;EXO1;XRCC2;BRIP1;RFC5;SEM1;RAD51;TIMELESS;FIGNL1;H4C8;RPA2;RNF168;H4C4;UBC;POLE3;SLX1A;NBN;SLX1B;RAD51C;ATM;SIRT6;PIAS4;RFC2;POLH;ATRIP;BRCC3;UBB"
"REACTOME_SIGNALING_BY_WNT",1.83347730962923e-20,4.49368620614581e-19,1.16906996676109,0.464944758669448,2.51739056287659,306,"KRAS;LEF1;SFRP2;H2BC26;H3C12;GNG5;H4C12;H4C11;PSMA5;WNT7B;YWHAZ;PPP2CA;PSMC2;TMED5;PSMA6;RAC2;PSMA4;XIAP;PSMA2;H3C8;WNT9A;H2AC19;H2AC18;H2BC12;H2AC7;H3C10;H2BC9;PFN1;VPS29;GNG10;CUL3;TLE3;H2BC10;H2AC14;GNB2;PSMD6;H2BC8;DACT1;H2AC4;CLTC;H4C9;PSMA1;H4C16;PRICKLE1;H2AX;H2BC7;PSMD14;H2BC21;H2BC5;PSMD12;H2BC13;RUNX3;VPS35;PSMB4;H3C4;PSMD1;DKK1;H4C14;H2BC14;H2BC4;H4C15;H2BC17;PSMB1;H3C7;XPO1;KREMEN2;CDC73;SKP1;AP2M1;RUVBL1;PRKCB;AP2S1;CSNK2A1;PSMA3;RBX1;PSMD2;PSMB2;PSMC6;H3C3;HDAC1;RHOA;CHD8;ADRM1;PSMC4;RAC1;H2AC8;H3C13;LGR5;BCL9;H4C1;PSMD7;H2BC6;GNB4;CCDC88C;DPY30;H2BC3;GSK3B;H3C11;LEO1;H3C14;WNT2;MAP3K7;MOV10;VPS26A;H3C15;PSMA7;H2BC15;PPP2R5E;PLCB2;H2BC11;H3-3A;DVL3;PSMB3;GNGT2;AP2B1;H2AC6;H3C2;SEM1;PSMB5;FZD6;TNKS2;PYGO2;GNB1;CSNK1A1;H4C8;H2AZ2;KLHL12;USP8;H3-3B;CUL1;PDE6G;PSMD8;PSMD11;PSMD3;PPP2R1A;H2AJ;H4C4;H2AC20;UBC;FZD2;DKK2;ROR2;RBBP5"
"REACTOME_UB_SPECIFIC_PROCESSING_PROTEASES",2.58189241184394e-20,6.21498387708147e-19,1.16906996676109,0.548393139487426,2.77612133090825,184,"H2BC26;RIGI;CYLD;PSMA5;PSMC2;PSMA6;PSMA4;IFIH1;USP15;H2AC25;PSMA2;BIRC3;H2AC17;H2AC15;H2AC19;H2AC18;H2BC12;H2AC7;H2BC9;USP12;USP7;H2BC10;H2AC14;PSMD6;H2BC8;GATA3;USP16;H2AC4;PSMA1;HIF1A;H2BC7;PSMD14;H2BC21;H2BC5;PSMD12;H2BC13;BIRC2;H2AC13;PSMB4;SIAH2;PSMD1;H2AC16;H2BC14;H2BC4;H2BC17;PSMB1;POLB;RUVBL1;PSMA3;PSMD2;PSMB2;PSMC6;TAF9B;IDE;CDC20;SMAD7;CCP110;ADRM1;CLSPN;PSMC4;H2AC8;PSMD7;H2BC6;TOMM70;VDAC3;USP37;H2BC3;MAP3K7;MAT2B;H2AC11;H2AC21;PSMA7;TGFBR1;CCNA2;H2BC15;H2AC12;OTUB1;H2BC11;VDAC1;H2BC18;USP5;STAM2;PSMB3;USP10;USP18;CDC25A;UFD1;H2AC6;USP28;SEM1;PSMB5;TNKS2;USP8;USP14;BECN1;VDAC2;USP9X;RIPK1;PSMD8;PSMD11;PSMD3;TADA2B;H2AC20;UBC"
"REACTOME_MRNA_3_END_PROCESSING",2.66289924251471e-20,6.29752312089444e-19,1.16906996676109,0.578356305709667,2.83480282104426,151,"POLR2K;SRSF2;CPSF3;SNRPB2;EIF4A3;POLR2B;SNRPG;FYTTD1;PRPF40A;PPP1CA;HNRNPF;XRN2;PPP1R8;SF3B1;CSTF2;SRSF1;RBBP6;SRSF7;POLR2D;SNRPC;HNRNPH2;PTBP1;CSTF1;SNRPB;U2AF1;NUDT21;HNRNPA2B1;SF3B6;THOC2;ALYREF;SRSF3;HNRNPL;MAGOH;SRSF10;SRSF11;THOC6;HNRNPH1;HNRNPC;SF3B4;U2SURP;SRSF9;DDX5;SNRPA1;HNRNPK;PAPOLA;CPSF2;POLR2G;FUS;SNRPE;CDC40;CCAR1;RNPS1;DHX9;CLP1;DNAJC8;DHX15;MAGOHB;SNRPF;POLR2J;NCBP2;TRA2B;U2AF2;POLR2H;SF3B5;PCBP1;SARNP;PAPOLG;THOC3;PCF11;SMNDC1;SNRPD1;RBM39;HNRNPM;RBM8A;SRSF6;HNRNPU;THOC7;HNRNPA3;UBC;CSTF2T;CSTF3;SF3B3;SNRPD3;SLU7;PPP1R10;PUF60;POLR2C;FIP1L1;SF3B2;UBB;CHTOP"
"REACTOME_ANTIGEN_PROCESSING_UBIQUITINATION_PROTEASOME_DEGRADATION",3.65455333409091e-20,8.49368602474922e-19,1.16017957183021,0.476192695056385,2.55708006081956,283,"ZNRF2;DTX3L;HERC6;KBTBD8;UBE2W;UBE2D1;BTBD1;ELOC;PSMA5;PSMC2;ANAPC13;PSMA6;UBE2F;PSMA4;UBE2L6;WWP1;PSMA2;CUL5;UFL1;UBE2N;RNF19B;FBXL16;UBE2B;UBE2K;MKRN1;RNF138;CUL3;UBE4A;KCTD6;PSMD6;UBE2D2;PSMA1;FBXO41;RNF7;PSMD14;PSMD12;UBE2S;PSMB4;SIAH2;UBE2A;PSMD1;ELOB;UBA3;UBE2V2;TRIP12;FBXO4;ITCH;RBBP6;RNF213;UBE2C;PSMB1;UBE2Z;CUL2;CCNF;SKP1;RNF4;PSMA3;NEDD4;RBX1;PSMD2;PSMB2;PSMC6;UBR1;UBE2J1;CDC20;UBE2G1;TRIM21;ADRM1;RNF34;PSMC4;ASB7;SPSB1;UBE2D3;PSMD7;VHL;UBE2E1;LTN1;UBE2V1;AREL1;UBE2Q2;ANAPC11;SOCS3;UBA6;PSMA7;FBXW11;UBE2M;TRIM11;HERC5;RNF6;RNF115;UBE2Q1;UBE3A;RLIM;FBXO6;RNF19A;PSMB3;LRR1;UBA1;SEM1;RNF114;DZIP3;PSMB5;RNF111;FBXO22;RNF14;TRIM37;UBA5;TRAF7;CDC23;UBE3C;CUL1;SIAH1;PSMD8;PSMD11;UBE2L3;PSMD3;STUB1;UBC;MEX3C;RNF126;PSMC5;PSMC3;TRIM69;RNF25;TRAIP;KLHL42;SPSB2;CDC27;PSMB7;FBXL19;DCAF1;ZNRF1;RBCK1;SMURF2;TPP2;PSMC1;UBE2H;UBB"
"REACTOME_DEPOSITION_OF_NEW_CENPA_CONTAINING_NUCLEOSOMES_AT_THE_CENTROMERE",4.95648715064337e-20,1.13243130153683e-18,1.16017957183021,0.726667974829986,3.10221268396508,69,"H2BC26;H4C12;H4C11;H2AC19;H2AC18;H2BC12;H2AC7;H2BC9;CENPQ;CENPU;H2BC10;H2AC14;H2BC8;H2AC4;SMARCA5;H4C9;H4C16;H2AX;H2BC7;CENPK;H2BC21;H2BC5;H2BC13;H4C14;H2BC14;H2BC4;H4C15;H2BC17;RBBP7;OIP5;KNL1;CENPA;RUVBL1;CENPI;H2AC8;H4C1;HJURP;H2BC6;H2BC3;MIS18A;RBBP4;CENPL;H2BC15;H2BC11;H2AC6;CENPX;CENPH;CENPP;H4C8;H2AZ2;CENPN;CENPM;H2AJ;H4C4;H2AC20;ITGB3BP"
"REACTOME_CHROMATIN_ORGANIZATION",5.07682761345794e-20,1.14059393715688e-18,1.16017957183021,0.480099977316621,2.56990897629288,280,"H2BC26;H3C12;ACTB;H4C12;H4C11;H2AC25;REST;TAF9;H2AC17;H2AC15;MEAF6;H3C8;H2AC19;H2AC18;H2BC12;H2AC7;H3C10;DR1;H2BC9;ENY2;H2BC10;H2AC14;H2BC8;MORF4L2;H2AC4;H4C9;H4C16;H2AX;H2BC7;H2BC21;H2BC5;H2BC13;H2AC13;H3C4;H4C14;SS18;MSL2;KDM1B;H2AC16;H2BC14;H2BC4;H4C15;H2BC17;HAT1;BCL11B;H3C7;ARID4B;BRD7;RBBP7;JADE3;TAF12;RUVBL1;H3C3;HDAC1;BRWD1;KDM5B;H2AC8;H3C13;H4C1;NCOA2;ARID1A;ATF2;H2BC6;PHF20;DPY30;H2BC3;H3C11;H3C14;RBBP4;TBL1XR1;H3C15;H2AC11;H2AC21;EZH2;NFKB1;KDM7A;H2BC15;ARID2;H2AC12;KDM6A;ACTL6A;H2BC11;YEATS4;KAT6A;CHD4;H2BC18;BRMS1;H2AC6;MSL3;H3C2;VPS72;MORF4L1;H4C8;H2AZ2;SETD1B;SAP130;MRGBP;KDM2A;KDM5C;BRPF3;SS18L1;KANSL2;RELA;SMARCD1;TADA2B;GATAD2B;H2AJ;KDM4A;H4C4;H2AC20;TADA1;SMARCB1;RBBP5;H3C6;CDK4;ATXN7L3;DPF2;SUV39H2;SAP30;NFKB2;HCFC1;PHF8;SUZ12;TADA3;TAF5L;MSL1;KDM2B;HDAC2;SMARCE1;H3C1;RUVBL2;SUPT20H;MTA2;KMT5A;PRMT6;KMT5C;JADE2;USP22;H4C6;ASH2L;MTA3;AEBP2;CLOCK;EPC1;NSD1;CARM1;SUDS3;HDAC3;KMT5B"
"REACTOME_TRANSCRIPTIONAL_REGULATION_BY_SMALL_RNAS",6.79795374227005e-20,1.50223633517705e-18,1.15122052214226,0.712010331183264,3.08570941993131,73,"POLR2K;H2BC26;H3C12;H4C12;H4C11;H3C8;H2AC19;H2AC18;H2BC12;H2AC7;H3C10;H2BC9;POLR2B;H2BC10;H2AC14;H2BC8;H2AC4;H4C9;H4C16;H2AX;H2BC7;H2BC21;H2BC5;H2BC13;H3C4;H4C14;H2BC14;H2BC4;H4C15;H2BC17;H3C7;POLR2D;H3C3;H2AC8;H3C13;H4C1;H2BC6;H2BC3;H3C11;H3C14;H3C15;H2BC15;POLR2G;H2BC11;H3-3A;RAN;POLR2J;H2AC6;H3C2;POLR2H;H4C8;H2AZ2;H3-3B;H2AJ;H4C4;H2AC20"
"REACTOME_TELOMERE_MAINTENANCE",1.52491386787521e-19,3.3154578933803e-18,1.14219120216838,0.635339133482415,2.91445861237939,108,"POLR2K;H2BC26;H4C12;H4C11;TINF2;H2AC19;H2AC18;H2BC12;H2AC7;H2BC9;POLD4;POLR2B;H2BC10;H2AC14;H2BC8;H2AC4;H4C9;H4C16;H2AX;H2BC7;RPA3;H2BC21;H2BC5;H2BC13;H4C14;H2BC14;H2BC4;H4C15;H2BC17;POLR2D;RFC4;BLM;RUVBL1;NOP10;PCNA;DSCC1;PRIM1;DNA2;H2AC8;CDK2;H4C1;H2BC6;POT1;H2BC3;FEN1;CCNA2;H2BC15;DAXX;POLR2G;H2BC11;TERF2IP;H3-3A;RFC5;POLR2J;H2AC6;POLR2H;H4C8;H2AZ2;H3-3B;RPA2;NHP2;CHTF8;H2AJ;TERF1;H4C4;H2AC20"
"REACTOME_DISEASES_OF_PROGRAMMED_CELL_DEATH",1.86942154211881e-19,3.99996863297803e-18,1.14219120216838,0.649049403214935,2.95824696189442,101,"H2BC26;H3C12;H4C12;H4C11;CASP8;H3C8;H2AC19;H2AC18;H2BC12;PRDX1;H2AC7;H3C10;H2BC9;H2BC10;H2AC14;H2BC8;H2AC4;H4C9;H4C16;H2AX;H2BC7;H2BC21;H2BC5;H2BC13;H3C4;BCL2L11;H4C14;FASLG;H2BC14;H2BC4;H4C15;H2BC17;H3C7;RBBP7;FADD;H3C3;CDK5;CDKN2A;PRIM1;H2AC8;H3C13;LMNB1;H4C1;H2BC6;H2BC3;H3C11;H3C14;RBBP4;H3C15;EZH2;H2BC15;CAPN1;H2BC11;H3-3A;RIPK3;TRADD;CDC25A;H2AC6;CDC25C;H3C2;H4C8;H2AZ2;H3-3B;RIPK1;H2AJ;H4C4;H2AC20;DNMT1"
"REACTOME_CONDENSATION_OF_PROPHASE_CHROMOSOMES",2.41676433207679e-19,4.99588906684848e-18,1.13308993200902,0.718516887101259,3.0674149377921,69,"H2BC26;H3C12;H4C12;H4C11;H3C8;H2AC19;H2AC18;H2BC12;H2AC7;H3C10;H2BC9;PLK1;H2BC10;H2AC14;H2BC8;H2AC4;CCNB1;H4C9;CDK1;H4C16;H2AX;H2BC7;H2BC21;H2BC5;H2BC13;H3C4;H4C14;SMC4;H2BC14;H2BC4;H4C15;H2BC17;H3C7;H3C3;H2AC8;H3C13;H4C1;H2BC6;H2BC3;H3C11;H3C14;H3C15;H2BC15;H2BC11;H3-3A;RB1;NCAPG2;H2AC6;H3C2;H4C8;H2AZ2;H3-3B;SET;H2AJ;H4C4;H2AC20"
"REACTOME_DNA_DAMAGE_TELOMERE_STRESS_INDUCED_SENESCENCE",2.44605844519288e-19,4.99588906684848e-18,1.13308993200902,0.703824597010879,3.05542063674539,75,"H2BC26;H4C12;H4C11;TINF2;H2AC19;H2AC18;H2BC12;H2AC7;H2BC9;CCNE2;H2BC10;H2AC14;H1-3;H2BC8;H2AC4;CDKN1A;H4C9;H4C16;H2AX;H2BC7;H2BC21;H2BC5;H2BC13;H4C14;H2BC14;H2BC4;H4C15;H2BC17;ASF1A;CDKN1B;H1-5;HMGA1;H2AC8;LMNB1;CDK2;H4C1;H2BC6;POT1;H2BC3;CCNA2;H2BC15;H1-2;H2BC11;TERF2IP;RB1;H2AC6;CCNE1;H1-0;H4C8;H2AZ2;UBN1;H2AJ;TERF1;H4C4;H2AC20"
"REACTOME_HOST_INTERACTIONS_OF_HIV_FACTORS",2.43920344515886e-19,4.99588906684848e-18,1.13308993200902,0.622777805417823,2.942262108534,118,"ELOC;AP1S3;PSMA5;B2M;PSMC2;PSMA6;PSMA4;AP1S2;NUP210;LCK;PSMA2;CUL5;NUP50;CCNT1;CD247;AP1G1;PSMD6;PSMA1;APOBEC3G;PSMD14;AP1S1;PSMD12;PSMB4;HCK;PSMD1;NUP37;ELOB;PAK2;PSMB1;XPO1;ATP6V1H;SKP1;AP2M1;RAE1;HLA-A;CD8B;AP2S1;PSMA3;RBX1;PSMD2;PSMB2;PSMC6;CD4;NUP155;HMGA1;ADRM1;CD28;PSMC4;RAC1;BANF1;PPIA;PSMD7;ARF1;RCC1;DOCK2;PSMA7;NUP153;NDC1;NUP205;NUP62;AP1B1;RAN;KPNA1;PSMB3;AP2B1;NUP160;SEM1;PSMB5;NUP43;SLC25A5;SEC13;PSMD8;PSMD11;PSMD3;RANBP2;UBC;SEH1L;AP1M2;PSMC5;PSMC3"
"HALLMARK_INFLAMMATORY_RESPONSE",6.61542867307887e-19,1.33098475392691e-17,1.12391496374483,0.531642940203913,2.70956694976781,193,"INHBA;RGS1;CXCL11;MSR1;RGS16;CXCL9;CCL22;GPR132;LAMP3;TNFRSF9;CD69;CXCL10;EIF2AK2;SELL;IRF7;ABI1;GNAI3;CD48;OLR1;NAMPT;IL2RB;SERPINE1;RTP4;C3AR1;LCK;CCR7;LIF;GPR183;GCH1;IL18;SEMA4D;KCNA3;IL7R;LCP2;IL12B;CCL5;CYBB;PLAUR;TAPBP;CD70;NMI;TLR1;PDPN;LY6E;BST2;OSM;RASGRP1;CDKN1A;HIF1A;CLEC5A;EBI3;CD55;SELENOS;CXCR6;KLF6;NOD2;SLAMF1;MMP14;IFITM1;IRF1;IL1B;SELE;ADRM1;TPBG;PIK3R5;CCL20;SGMS2;ATP2C1;AHR;RIPK2;IFNGR2;NFKB1;ATP2A2;TNFAIP6;IL4R;ICAM1;CCL2;LYN;TNFSF9;P2RX7;PSEN1;PTAFR;RHOG;IL10;TIMP1"
"REACTOME_ASSEMBLY_OF_THE_ORC_COMPLEX_AT_THE_ORIGIN_OF_REPLICATION",1.02358867676973e-18,2.01580079222899e-17,1.11466447751729,0.728915236345054,3.07451643246258,65,"H2BC26;H3C12;H4C12;H4C11;H3C8;H2AC19;H2AC18;H2BC12;H2AC7;H3C10;H2BC9;H2BC10;H2AC14;H2BC8;H2AC4;H4C9;H4C16;H2AX;H2BC7;H2BC21;H2BC5;H2BC13;H3C4;H4C14;H2BC14;H2BC4;H4C15;H2BC17;H3C7;H3C3;H2AC8;H3C13;H4C1;H2BC6;H2BC3;H3C11;ORC6;H3C14;H3C15;H2BC15;H2BC11;H3-3A;KPNA6;ORC3;KPNA1;H2AC6;H3C2;ORC2;H4C8;H2AZ2;H3-3B;H2AJ;H4C4;H2AC20;ORC5;H3C6"
"REACTOME_REGULATION_OF_ENDOGENOUS_RETROELEMENTS_BY_THE_HUMAN_SILENCING_HUB_HUSH_COMPLEX",1.03182681501335e-18,2.01580079222899e-17,1.11466447751729,0.721183341856171,3.0464168982159,67,"H2BC26;H3C12;H4C12;H4C11;H3C8;H2AC19;H2AC18;H2BC12;H2AC7;H3C10;H2BC9;H2BC10;H2AC14;H2BC8;H2AC4;H4C9;H4C16;H2AX;H2BC7;H2BC21;H2BC5;H2BC13;H3C4;H4C14;H2BC14;H2BC4;RBM7;H4C15;H2BC17;H3C7;H3C3;H2AC8;H3C13;H4C1;H2BC6;H2BC3;ZCCHC8;H3C11;H3C14;H3C15;H2BC15;H2BC11;H3-3A;H2AC6;H3C2;MTREX;PPHLN1;H4C8;H2AZ2;H3-3B;H2AJ;H4C4;H2AC20"
"REACTOME_MITOTIC_SPINDLE_CHECKPOINT",1.05047684097497e-18,2.02291825947751e-17,1.11466447751729,0.622590301448656,2.86156441870791,110,"UBE2D1;PPP2CA;BUB1;KIF2A;MAPRE1;BUB3;PLK1;ZW10;CENPQ;CENPU;ZWILCH;ZWINT;CENPK;SKA1;PPP1CC;UBE2S;SGO2;NUP37;MAD2L1;KIF18A;UBE2C;XPO1;BUB1B;KNL1;CENPA;BIRC5;KIF2C;CENPE;CDC20;ERCC6L;CENPI;SKA2;UBE2E1;SPC25;DSN1;DYNLL1;CDCA8;NDC80;ANAPC11;CKAP5;NUF2;CENPL;PPP2R5E;DYNC1LI1;DYNLL2;SGO1;SPC24;AURKB;NUP160;RCC2;CENPF;CENPH;CENPP;KNTC1;MIS12;NUP43;CLIP1;SPDL1;CDC23;CENPN;CENPM;SEC13;INCENP;PPP2R1A;RANBP2;ITGB3BP;SEH1L"
"REACTOME_RNA_POLYMERASE_I_PROMOTER_ESCAPE",1.13531554983228e-18,2.15550050869566e-17,1.11466447751729,0.66655536063843,2.97722211255854,87,"POLR2K;H2BC26;H3C12;CDK7;H4C12;H4C11;RRN3;CBX3;H3C8;H2AC19;H2AC18;H2BC12;H2AC7;H3C10;H2BC9;H2BC10;H2AC14;H2BC8;H2AC4;H4C9;H4C16;H2AX;H2BC7;H2BC21;H2BC5;H2BC13;H3C4;H4C14;H2BC14;H2BC4;H4C15;H2BC17;H3C7;H3C3;H2AC8;H3C13;H4C1;H2BC6;H2BC3;H3C11;H3C14;H3C15;H2BC15;H2BC11;POLR1H;GTF2H3;H3-3A;H2AC6;H3C2;POLR2H;GTF2H2;H4C8;H2AZ2;POLR1F;H3-3B;TAF1B;TBP;H2AJ;H4C4;H2AC20;GTF2H5;H3C6;TAF1D"
"REACTOME_ANTIGEN_PROCESSING_CROSS_PRESENTATION",1.36005679119995e-18,2.54632854796879e-17,1.11466447751729,0.656039854845615,2.95749942178158,96,"MYD88;PSMB10;PSMA5;B2M;PSMC2;PSMA6;SNAP23;PSMA4;FCGR1A;PSME1;SEC61G;ITGAV;PSMB8;BTK;PSMA2;PDIA3;HLA-C;CALR;PSME2;CYBB;SEC61A1;TAPBP;TLR1;LY96;CYBA;VAMP8;TLR6;PSMD6;FCGR1BP;PSMA1;HLA-B;PSMD14;PSMD12;PSMB4;PSMD1;PSMB1;CTSS;CTSL;TAP1;HLA-A;PSMA3;PSMD2;PSMB2;PSMC6;CHUK;ADRM1;PSMC4;SEC22B;PSMB9;PSMD7;PSMA7;SEC61B;CTSV;NCF1;PSMB3;SEM1;SEC61A2;PSMB5;HLA-F;NCF2;PSMD8;PSMD11;PSMD3;STX4;TAP2;UBC;PSMC5;IKBKB;PSMC3;TLR2;PSMB7;FGG;PSMC1;UBB"
"REACTOME_TRANSCRIPTIONAL_REGULATION_OF_GRANULOPOIESIS",2.22327668874597e-18,4.10544791291722e-17,1.10533657731401,0.672108447854791,2.98680199700359,85,"LEF1;H2BC26;H3C12;H4C12;H4C11;CBFB;H3C8;H2AC19;H2AC18;H2BC12;H2AC7;H3C10;H2BC9;H2BC10;H2AC14;H2BC8;H2AC4;CDKN1A;H4C9;H4C16;H2AX;H2BC7;H2BC21;H2BC5;H2BC13;H3C4;H4C14;H2BC14;H2BC4;H4C15;H2BC17;H3C7;RARA;H3C3;H2AC8;SPI1;H3C13;CDK2;H4C1;H2BC6;GFI1;DEK;H2BC3;H3C11;H3C14;H3C15;H2BC15;H2BC11;H3-3A;CREB1;H2AC6;H3C2;E2F1;H4C8;H2AZ2;RUNX1;H3-3B;MYB;H2AJ;H4C4;H2AC20;H3C6;CDK4"
"REACTOME_MITOTIC_G1_PHASE_AND_G1_S_TRANSITION",2.80137400331586e-18,5.10304345468889e-17,1.10533657731401,0.578018892197444,2.78737795183127,139,"CDK7;PSMA5;PPP2CA;PSMC2;PSMA6;PSMA4;RRM2;PSMA2;LIN54;CCNE2;CDC6;PSMD6;CDKN1A;CCNB1;PSMA1;DBF4;CDK1;MYBL2;PSMD14;RPA3;PSMD12;CDC7;PSMB4;PSMD1;TK1;PSMB1;CDKN1B;SKP1;FBXO5;E2F5;PSMA3;PCNA;PSMD2;PSMB2;PSMC6;HDAC1;E2F3;ADRM1;CDKN2D;CDKN2A;PRIM1;PSMC4;CDK2;TOP2A;PSMD7;MCM2;ORC6;RBBP4;E2F2;PSMA7;CCNA2;LYN;RB1;SRC;MCM4;ORC3;MCM6;PSMB3;CDC25A;MCM10;CKS1B;MAX;SEM1;CCNE1;E2F1;PSMB5;ORC2;RBL1;RBL2;RPA2;CUL1;PSMD8;PSMD11;PSMD3;PPP2R1A;DHFR;UBC;PPP2R2A;ORC5;CDK4;PTK6;POLE3;MCM8;PSMC5;PSMC3;PRIM2;WEE1;AKT1;PSMB7;ORC1;DYRK1A;PSMC1;UBB"
"REACTOME_SYNTHESIS_OF_DNA",2.94574146136815e-18,5.29447931989902e-17,1.10533657731401,0.621133620853232,2.8492943930774,108,"UBE2D1;PSMA5;PSMC2;PSMA6;PSMA4;PSMA2;POLD4;CCNE2;CDC6;PSMD6;PSMA1;PSMD14;RPA3;PSMD12;UBE2S;PSMB4;PSMD1;GINS1;UBE2C;PSMB1;RFC4;SKP1;PSMA3;PCNA;RBX1;PSMD2;PSMB2;PSMC6;ADRM1;PRIM1;PSMC4;DNA2;CDK2;PSMD7;UBE2E1;MCM2;ORC6;ANAPC11;PSMA7;FEN1;CCNA2;MCM4;ORC3;MCM6;PSMB3;RFC5;SEM1;CCNE1;PSMB5;ORC2;GINS2;GINS4;RPA2;CDC23;GINS3;CUL1;PSMD8;PSMD11;PSMD3;UBC;ORC5;POLE3;MCM8;PSMC5;PSMC3;PRIM2;CDC27;PSMB7;ORC1;RFC2;PSMC1;UBB;CDT1"
"REACTOME_ERCC6_CSB_AND_EHMT2_G9A_POSITIVELY_REGULATE_RRNA_EXPRESSION",2.9930424872202e-18,5.30871220101688e-17,1.10533657731401,0.707729281867575,3.05379847915006,72,"H2BC26;H3C12;H4C12;H4C11;CBX3;H3C8;H2AC19;H2AC18;H2BC12;H2AC7;H3C10;H2BC9;H2BC10;H2AC14;H2BC8;H2AC4;H4C9;H4C16;H2AX;H2BC7;H2BC21;H2BC5;H2BC13;H3C4;H4C14;H2BC14;H2BC4;H4C15;H2BC17;H3C7;RBBP7;H3C3;HDAC1;H2AC8;H3C13;H4C1;H2BC6;H2BC3;H3C11;H3C14;RBBP4;H3C15;H2BC15;H2BC11;H3-3A;CHD4;H2AC6;H3C2;H4C8;H2AZ2;H3-3B;GATAD2B;H2AJ;H4C4;H2AC20"
"REACTOME_RESOLUTION_OF_SISTER_CHROMATID_COHESION",3.07117933386107e-18,5.37655810655159e-17,1.10533657731401,0.607152201081022,2.88988182679829,123,"TUBB3;PPP2CA;RAD21;WAPL;BUB1;KIF2A;MAPRE1;BUB3;TUBA1C;PLK1;ZW10;CENPQ;CENPU;ZWILCH;ZWINT;CCNB1;CDK1;CENPK;SKA1;PPP1CC;SGO2;NUP37;MAD2L1;KIF18A;XPO1;BUB1B;KNL1;CENPA;BIRC5;KIF2C;PDS5A;CCNB2;CENPE;CDC20;ERCC6L;CENPI;TUBA4B;SKA2;SPC25;TUBA1B;CDCA5;DSN1;DYNLL1;CDCA8;NDC80;CKAP5;NUF2;TUBA1A;CENPL;PPP2R5E;DYNC1LI1;DYNLL2;SGO1;SPC24;STAG2;AURKB;NUP160;RCC2;CENPF;CENPH;CENPP;KNTC1;MIS12;NUP43;CLIP1;SPDL1;CENPN;CENPM;SEC13;INCENP;TUBA4A;PPP2R1A;RANBP2;ITGB3BP;SEH1L"
"REACTOME_REGULATION_OF_ENDOGENOUS_RETROELEMENTS_BY_KRAB_ZFP_PROTEINS",3.28675332491927e-18,5.68018395127074e-17,1.10533657731401,0.632251680264063,2.88766047605789,104,"H2BC26;H3C12;H4C12;H4C11;H3C8;H2AC19;H2AC18;H2BC12;H2AC7;H3C10;H2BC9;ZNF28;ZNF816;H2BC10;H2AC14;H2BC8;H2AC4;UBE2I;H4C9;H4C16;H2AX;H2BC7;H2BC21;H2BC5;H2BC13;ZNF264;H3C4;H4C14;H2BC14;H2BC4;H4C15;H2BC17;H3C7;RBBP7;SUMO2;H3C3;HDAC1;ZNF354A;H2AC8;H3C13;H4C1;H2BC6;H2BC3;H3C11;H3C14;RBBP4;H3C15;ZNF765;ZNF547;H2BC15;H2BC11;H3-3A;CHD4;ZNF669;H2AC6;H3C2;ZNF320;H4C8;H2AZ2;ZNF680;H3-3B;GATAD2B;H2AJ;H4C4;H2AC20;CBX5;H3C6;ZNF708"
"REACTOME_ANTIMICROBIAL_MECHANISM_OF_IFN_STIMULATED_GENES",3.70968802899945e-18,6.32994868745729e-17,1.0959292864312,0.549663359155427,2.72796695937075,163,"OAS1;OAS2;MX1;EIF2AK2;STAT1;RIGI;TUBB3;ISG15;ACTB;OAS3;OASL;PPP2CA;IFIT1;UBE2L6;ADAR;HSPA8;NUP210;GBP1;EIF4E;EIF4A3;EIF2S2;GBP5;UBE2N;NUP50;TUBA1C;KPNA2;ACTG1;UBE2I;MX2;CDK1;SUMO1;FANCF;NUP37;EIF4E2;EIF4G2;RAE1;NEDD4;NUP155;CHUK;ABCE1;DNAJC3;EIF2S1;TUBA4B;UBE2E1;TUBA1B;CASP1;GBP3;EIF2S3;TUBA1A;NUP153;HERC5;PGGT1B;NDC1;NUP205;NUP62;PIM1;DHX9;TRIM25;PDE12;KPNA1;USP18;EIF4G1;RNASEL;NUP160;CENPX;ILF2;NUP43;BECN1;SEC13;TUBA4A;PPP2R1A;RANBP2;UBC;SEH1L;KPNA4;NCK1;IKBKB;MAVS;TUBB8;NUP107;EIF4A2;HSPA1L;PIN1;EIF4A1;TUBB4B;TARBP2;UBB;GBP2;KPNA3;NUP93;SPHK1;GBP4;TUBB1;NUP58;KPNB1;NPM1;PRKRA;NUP133;DUS2;NUP42"
"REACTOME_INHIBITION_OF_DNA_RECOMBINATION_AT_TELOMERE",5.1050045029098e-18,8.60193258740301e-17,1.0959292864312,0.72087925669198,3.045757013004,63,"POLR2K;H2BC26;H4C12;H4C11;TINF2;H2AC19;H2AC18;H2BC12;H2AC7;H2BC9;POLR2B;H2BC10;H2AC14;H2BC8;H2AC4;H4C9;H4C16;H2AX;H2BC7;H2BC21;H2BC5;H2BC13;H4C14;H2BC14;H2BC4;H4C15;H2BC17;POLR2D;H2AC8;H4C1;H2BC6;POT1;H2BC3;H2BC15;DAXX;POLR2G;H2BC11;TERF2IP;H3-3A;POLR2J;H2AC6;POLR2H;H4C8;H2AZ2;H3-3B;H2AJ;TERF1;H4C4;H2AC20"
"REACTOME_CHROMATIN_MODIFICATIONS_DURING_THE_MATERNAL_TO_ZYGOTIC_TRANSITION_MZT",5.3186691560949e-18,8.8513160770567e-17,1.0959292864312,0.722901000694165,3.0491487828164,65,"H2BC26;H3C12;H4C12;H4C11;H3C8;H2AC19;H2AC18;H2BC12;H2AC7;H3C10;H2BC9;H2BC10;H2AC14;H2BC8;H2AC4;H4C9;H4C16;H2AX;H2BC7;H2BC21;H2BC5;H2BC13;UHRF1;H3C4;H4C14;H2BC14;H2BC4;H4C15;H2BC17;H3C7;H3C3;KDM5B;H2AC8;H3C13;H4C1;H2BC6;H2BC3;H3C11;H3C14;H3C15;H2BC15;KDM6A;H2BC11;H3-3A;TET3;H2AC6;H3C2;H4C8;H2AZ2;H3-3B;H2AJ;H4C4;H2AC20;H3C6;METTL23"
"REACTOME_MATERNAL_TO_ZYGOTIC_TRANSITION_MZT",6.58454907720157e-18,1.08243562878875e-16,1.0959292864312,0.616091464962181,2.82493213532673,107,"H2BC26;H3C12;H4C12;H4C11;ELOC;H3C8;H2AC19;H2AC18;EIF4E;H2BC12;H2AC7;H3C10;EIF4A3;H2BC9;CNOT11;CNOT6;H2BC10;H2AC14;H2BC8;H2AC4;H4C9;H4C16;H2AX;H2BC7;H2BC21;H2BC5;H2BC13;UHRF1;H3C4;H4C14;PAIP2;CNOT9;H2BC14;H2BC4;H4C15;H2BC17;H3C7;POLR2D;H3C3;KDM5B;SRPK1;H2AC8;H3C13;H4C1;H2BC6;CNOT2;PAIP1;H2BC3;H3C11;H3C14;CNOT1;H3C15;H2BC15;KDM6A;H2BC11;H3-3A;CNOT8;TET3;EIF4G1;H2AC6;H3C2;H4C8;H2AZ2"
"REACTOME_SENESCENCE_ASSOCIATED_SECRETORY_PHENOTYPE_SASP",7.58541316968675e-18,1.23194421117322e-16,1.0864405425825,0.616981374023459,2.83024700421686,108,"H2BC26;H3C12;UBE2D1;H4C12;H4C11;H3C8;H2AC19;H2AC18;H2BC12;H2AC7;H3C10;H2BC9;H2BC10;H2AC14;H2BC8;H2AC4;CDKN1A;H4C9;H4C16;H2AX;H2BC7;H2BC21;H2BC5;H2BC13;UBE2S;H3C4;H4C14;H2BC14;H2BC4;H4C15;H2BC17;UBE2C;H3C7;CDKN1B;RPS6KA1;H3C3;CDKN2D;CDKN2A;H2AC8;H3C13;CDK2;H4C1;UBE2E1;H2BC6;H2BC3;H3C11;H3C14;ANAPC11;H3C15;NFKB1;CCNA2;H2BC15;H2BC11;H3-3A;H2AC6;H3C2;H4C8;H2AZ2;H3-3B;CDC23;RELA;H2AJ;H4C4;H2AC20;UBC;MAPK1;H3C6;CDK4"
"REACTOME_PRC2_METHYLATES_HISTONES_AND_DNA",1.49826136401814e-17,2.37606625728995e-16,1.07686819261983,0.699557975499573,3.00047434713062,71,"H2BC26;H3C12;H4C12;H4C11;H3C8;H2AC19;H2AC18;H2BC12;H2AC7;H3C10;H2BC9;H2BC10;H2AC14;H2BC8;H2AC4;H4C9;H4C16;H2AX;H2BC7;H2BC21;H2BC5;H2BC13;H3C4;H4C14;H2BC14;H2BC4;H4C15;H2BC17;H3C7;RBBP7;H3C3;H2AC8;H3C13;H4C1;H2BC6;H2BC3;H3C11;H3C14;RBBP4;MTF2;EPOP;H3C15;EZH2;H2BC15;JARID2;H2BC11;H3-3A;H2AC6;H3C2;H4C8;H2AZ2;H3-3B;H2AJ;H4C4;H2AC20;DNMT1"
"REACTOME_RUNX1_REGULATES_GENES_INVOLVED_IN_MEGAKARYOCYTE_DIFFERENTIATION_AND_PLATELET_FUNCTION",1.48446934751756e-17,2.37606625728995e-16,1.07686819261983,0.642836809517544,2.90052545736651,92,"H2BC26;H3C12;H4C12;H4C11;THBS1;CBFB;H3C8;H2AC19;H2AC18;H2BC12;H2AC7;H3C10;H2BC9;H2BC10;H2AC14;H2BC8;H2AC4;H4C9;H4C16;H2AX;H2BC7;H2BC21;H2BC5;H2BC13;H3C4;H4C14;H2BC14;H2BC4;H4C15;H2BC17;H3C7;H3C3;HDAC1;H2AC8;H3C13;H4C1;H2BC6;DPY30;H2BC3;H3C11;H3C14;MOV10;H3C15;H2BC15;H2BC11;H3-3A;SIN3A;H2AC6;H3C2;H4C8;H2AZ2;SETD1B;RUNX1;H3-3B;H2AJ;H4C4;H2AC20;NR4A3;RBBP5;H3C6"
"REACTOME_DNA_METHYLATION",1.57407777631076e-17,2.46727539821733e-16,1.07686819261983,0.733668134117386,3.05406613011047,60,"H2BC26;H3C12;H4C12;H4C11;H3C8;H2AC19;H2AC18;H2BC12;H2AC7;H3C10;H2BC9;H2BC10;H2AC14;H2BC8;H2AC4;H4C9;H4C16;H2AX;H2BC7;H2BC21;H2BC5;H2BC13;UHRF1;H3C4;H4C14;H2BC14;H2BC4;H4C15;H2BC17;H3C7;H3C3;H2AC8;H3C13;H4C1;H2BC6;H2BC3;H3C11;H3C14;H3C15;H2BC15;H2BC11;H3-3A;H2AC6;H3C2;H4C8;H2AZ2;H3-3B;H2AJ;H4C4;H2AC20;DNMT1"
"REACTOME_NEGATIVE_EPIGENETIC_REGULATION_OF_RRNA_EXPRESSION",2.01966095513285e-17,3.10009303073033e-16,1.07686819261983,0.623789886915989,2.85604203230112,105,"POLR2K;H2BC26;H3C12;CDK7;H4C12;H4C11;H3C8;H2AC19;H2AC18;H2BC12;H2AC7;H3C10;H2BC9;H2BC10;H2AC14;H2BC8;H2AC4;SMARCA5;H4C9;H4C16;H2AX;H2BC7;H2BC21;H2BC5;H2BC13;H3C4;H4C14;H2BC14;H2BC4;H4C15;H2BC17;H3C7;ARID4B;H3C3;HDAC1;H2AC8;H3C13;H4C1;H2BC6;H2BC3;H3C11;H3C14;H3C15;H2BC15;H2BC11;POLR1H;GTF2H3;H3-3A;SIN3A;H2AC6;H3C2;POLR2H;GTF2H2;H4C8;H2AZ2;POLR1F;SAP130;H3-3B;SIRT1;TAF1B;TBP;BAZ2A;H2AJ;H4C4;H2AC20;DNMT1;GTF2H5;H3C6;TAF1D"
"REACTOME_RHO_GTPASES_ACTIVATE_FORMINS",2.02379960463108e-17,3.10009303073033e-16,1.07686819261983,0.575651803579356,2.76219791371767,137,"TUBB3;ACTB;PPP2CA;BUB1;KIF2A;MAPRE1;BUB3;PFN1;TUBA1C;PLK1;ZW10;CENPQ;CENPU;ZWILCH;ACTG1;ZWINT;CENPK;SKA1;PPP1CC;CDC42;SGO2;NUP37;MAD2L1;DIAPH1;KIF18A;XPO1;BUB1B;KNL1;CENPA;BIRC5;KIF2C;CENPE;CDC20;RHOA;ERCC6L;CENPI;RAC1;TUBA4B;SKA2;SPC25;TUBA1B;DSN1;PFN2;FMNL3;DYNLL1;CDCA8;NDC80;CKAP5;NUF2;TUBA1A;CENPL;EVL;PPP2R5E;DYNC1LI1;DYNLL2;SRC;SGO1;SPC24;RHOC;DVL3;AURKB;NUP160;RCC2;CENPF;CENPH;CENPP;KNTC1;MIS12;NUP43;CLIP1;SPDL1;CENPN;CENPM;SEC13;INCENP;TUBA4A;PPP2R1A;RANBP2;ITGB3BP;SEH1L"
"REACTOME_DEFECTIVE_PYROPTOSIS",2.19206538429295e-17,3.32011700901899e-16,1.07686819261983,0.697156825385342,2.97622686197123,69,"H2BC26;H3C12;H4C12;H4C11;H3C8;H2AC19;H2AC18;H2BC12;H2AC7;H3C10;H2BC9;H2BC10;H2AC14;H2BC8;H2AC4;H4C9;H4C16;H2AX;H2BC7;H2BC21;H2BC5;H2BC13;H3C4;H4C14;H2BC14;H2BC4;H4C15;H2BC17;H3C7;RBBP7;H3C3;PRIM1;H2AC8;H3C13;H4C1;H2BC6;H2BC3;H3C11;H3C14;RBBP4;H3C15;EZH2;H2BC15;H2BC11;H3-3A;H2AC6;H3C2;H4C8;H2AZ2;H3-3B;H2AJ;H4C4;H2AC20;DNMT1"
"REACTOME_RNA_POLYMERASE_I_TRANSCRIPTION",2.45986382959686e-17,3.68432938032952e-16,1.07686819261983,0.608807540878547,2.79153353725266,107,"POLR2K;H2BC26;H3C12;CDK7;H4C12;H4C11;RRN3;CBX3;H3C8;H2AC19;H2AC18;H2BC12;H2AC7;H3C10;H2BC9;H2BC10;H2AC14;H2BC8;H2AC4;H4C9;H4C16;H2AX;H2BC7;H2BC21;H2BC5;H2BC13;H3C4;H4C14;H2BC14;H2BC4;H4C15;H2BC17;H3C7;RBBP7;H3C3;HDAC1;H2AC8;H3C13;H4C1;H2BC6;H2BC3;H3C11;H3C14;RBBP4;H3C15;H2BC15;H2BC11;POLR1H;GTF2H3;H3-3A;CHD4;H2AC6;H3C2;POLR2H;GTF2H2;H4C8;H2AZ2;POLR1F;H3-3B;TAF1B;TBP;GATAD2B;H2AJ;H4C4;H2AC20;GTF2H5;H3C6;TAF1D"
"REACTOME_REGULATION_OF_ENDOGENOUS_RETROELEMENTS",2.70378359029032e-17,3.96163073881668e-16,1.07686819261983,0.574406437169993,2.75622216852523,137,"H2BC26;H3C12;ACTB;H4C12;H4C11;H3C8;H2AC19;H2AC18;H2BC12;H2AC7;H3C10;H2BC9;ZNF28;ZNF816;H2BC10;H2AC14;H2BC8;H2AC4;UBE2I;H4C9;H4C16;H2AX;H2BC7;H2BC21;H2BC5;H2BC13;ZNF264;H3C4;H4C14;SS18;H2BC14;H2BC4;RBM7;H4C15;H2BC17;H3C7;RBBP7;SUMO2;SPOCD1;H3C3;HDAC1;ZNF354A;H2AC8;H3C13;H4C1;ARID1A;H2BC6;H2BC3;ZCCHC8;H3C11;H3C14;RBBP4;H3C15;ZNF765;ZNF547;H2BC15;ACTL6A;H2BC11;H3-3A;CHD4;ZNF669;H2AC6;H3C2;MTREX;ZNF320;PPHLN1;H4C8;H2AZ2;ZNF680;H3-3B;SS18L1;SMARCD1;GATAD2B;H2AJ;H4C4;H2AC20;SMARCB1;CBX5;H3C6;ZNF708;DPF2"
"REACTOME_SIRT1_NEGATIVELY_REGULATES_RRNA_EXPRESSION",2.6853656088697e-17,3.96163073881668e-16,1.07686819261983,0.710679968595067,2.99934885128026,64,"H2BC26;H3C12;H4C12;H4C11;H3C8;H2AC19;H2AC18;H2BC12;H2AC7;H3C10;H2BC9;H2BC10;H2AC14;H2BC8;H2AC4;H4C9;H4C16;H2AX;H2BC7;H2BC21;H2BC5;H2BC13;H3C4;H4C14;H2BC14;H2BC4;H4C15;H2BC17;H3C7;H3C3;H2AC8;H3C13;H4C1;H2BC6;H2BC3;H3C11;H3C14;H3C15;H2BC15;H2BC11;H3-3A;H2AC6;H3C2;H4C8;H2AZ2;H3-3B;SIRT1;TAF1B;TBP;H2AJ;H4C4;H2AC20;H3C6;TAF1D"
"REACTOME_G2_M_DNA_DAMAGE_CHECKPOINT",2.79132582923938e-17,4.04592173958568e-16,1.06720998682811,0.640204102225598,2.8921809908123,93,"H2BC26;H4C12;H4C11;YWHAZ;H2BC12;RAD17;H2BC9;UBE2N;YWHAQ;H2BC10;RAD1;H2BC8;CCNB1;H4C9;CDK1;H4C16;H2AX;H2BC7;RPA3;H2BC21;YWHAH;H2BC5;RMI1;H2BC13;TOPBP1;YWHAB;H4C14;UBE2V2;H2BC14;H2BC4;H4C15;H2BC17;RFC4;BLM;DNA2;H4C1;H2BC6;H2BC3;RHNO1;CCNA2;H2BC15;RMI2;BARD1;RAD9A;H2BC11;CHEK1;EXO1;BRIP1;RFC5;CDC25C;H4C8;RPA2;RNF168;H4C4;WEE1;NBN;ATM;PIAS4;CHEK2;RFC2;ATRIP;BRCC3"
"REACTOME_ASPARAGINE_N_LINKED_GLYCOSYLATION",3.81654950454008e-17,5.47309439587237e-16,1.06720998682811,0.448861449358157,2.43534126534092,305,"EDEM1;CAPZA1;CAPZA2;TUBB3;RNF103;DCTN5;SEC23IP;F5;ARCN1;ARF3;MGAT4A;ST8SIA4;PDIA3;RAB1A;CALR;CANX;GLB1;TUBA1C;DPM1;NEU1;TMED2;MAGT1;PPP6R1;ARF4;YKT6;RNF139;SEC24A;B4GALT4;DERL1;NPL;CTSZ;RPN1;TMED9;SEC31A;LMAN2;SEL1L;STT3B;TMED7;OSTC;ST6GAL2;TFG;CD55;ALG8;MAN2A1;FUCA1;COPZ1;LMAN1;COPG1;EDEM3;TRAPPC10;DPAGT1;NAGK;HK1;GFUS;ALG10B;MGAT2;ALG1;COG2;NUS1;TRAPPC4;COPB2;CAPZB;ST6GAL1;TUBA4B;SEC22B;RPN2;TUBA1B;NSF;STT3A;KDELR1;DYNLL1;ARF1;CTSA;FUT8;UGGT1;KDELR2;TMED3;SEC24D;TUBA1A;NAPA;MGAT5;SAR1B;ARF5;NAPG;PMM2;MANEA;DYNC1LI1;RNF5;ALG6;NANS;DYNLL2;COPA;COPB1;B4GALT3;B4GALNT2;NANP;SEC24C;TRAPPC6B;SEC16A;DAD1;AMDHD2;TMEM258;BET1;TRAPPC3;GNPNAT1;RAD23B;GFPT2;GMPPA;RAB1B;EDEM2;GANAB;B4GALT1;ALG3;SEC13;ALG10;DCTN4;PGM3;TUBA4A;DOLK;OST4;MGAT4B;CSNK1D;DERL2;UBC;ARFGAP1;SCFD1;ST6GALNAC4;SLC35A1;MLEC;SRD5A3;B4GALT5;DPM2;SYVN1;NEU3;PPP6R3;SEC22A;MARCHF6;NGLY1;ALG2;ACTR1A;CMAS;TUBB8;ARFGAP3;GFPT1;TBC1D20;DOLPP1;TMED10;ST3GAL1;TUBB4B;KDELR3;PSMC1;AMFR;UBB;CTSC;ACTR10;CNIH1;PREB;MPDU1;UAP1;COG4;TUBB1"
"REACTOME_FCERI_MEDIATED_NF_KB_ACTIVATION",4.19232762297354e-17,5.94869224817718e-16,1.06720998682811,0.594367216763635,2.82902872642422,123,"CARD11;UBE2D1;PSMA5;PSMC2;PSMA6;PSMA4;PSMA2;IGLV3-1;UBE2N;BCL10;FCER1G;PSMD6;RASGRP1;UBE2D2;PSMA1;PSMD14;PSMD12;PSMB4;PSMD1;PSMB1;IGHV3-11;SKP1;IGHE;IGHV3-33;PSMA3;PSMD2;PSMB2;PSMC6;CHUK;ADRM1;PSMC4;PDPK1;PSMD7;IGHV1-69;UBE2V1;TAB3;IGHV4-34;MAP3K7;IGLV1-47;PSMA7;FBXW11;NFKB1;MS4A2;IGHV4-59;LYN;PSMB3;IGHV3-30;IGKV1D-39;SEM1;PSMB5;IGHV4-39;IGKV1-39;IGKV3-15;IGKV2-28;IGLV3-21;IGKV2D-28;MALT1;IGLV3-27;IGHV2-5;CUL1;IGKV4-1;PSMD8;IGKV1-5;PSMD11;RELA;PSMD3;IGLV3-25;IGKV3-20;UBC;IGKV1-16;IGKV1-33;IGKV2D-40;PSMC5;IKBKB;PSMC3;IGHV2-70"
"KEGG_ANTIGEN_PROCESSING_AND_PRESENTATION",5.09008607649737e-17,7.14732919908172e-16,1.06720998682811,0.727106861274855,3.02675328902205,60,"B2M;HLA-DRA;IFI30;HSPA8;PSME1;HLA-DMB;PDIA3;HLA-C;CALR;CANX;HLA-DPA1;HLA-DOA;PSME2;HLA-DQB1;CD8A;TAPBP;RFX5;CTSB;HLA-DPB1;HLA-DQA1;HLA-B;HSPA5;HSPA4;CTSS;CD74;CTSL;TAP1;HLA-DRB1;HLA-A;CD8B;CD4;KLRC4;HSP90AB1;HLA-DQA2;KLRC3;NFYA;HLA-DMA;HSP90AA1;CREB1;HLA-DRB5;HLA-DOB;HLA-F;HSPA6;NFYB;TAP2;KLRC2;LTA"
"REACTOME_TCF_DEPENDENT_SIGNALING_IN_RESPONSE_TO_WNT",5.51287170545596e-17,7.66118665871611e-16,1.06720998682811,0.498711505540361,2.57854620969516,212,"LEF1;SFRP2;H2BC26;H3C12;H4C12;H4C11;PSMA5;YWHAZ;PPP2CA;PSMC2;PSMA6;PSMA4;XIAP;PSMA2;H3C8;WNT9A;H2AC19;H2AC18;H2BC12;H2AC7;H3C10;H2BC9;CUL3;TLE3;H2BC10;H2AC14;PSMD6;H2BC8;DACT1;H2AC4;H4C9;PSMA1;H4C16;H2AX;H2BC7;PSMD14;H2BC21;H2BC5;PSMD12;H2BC13;RUNX3;PSMB4;H3C4;PSMD1;DKK1;H4C14;H2BC14;H2BC4;H4C15;H2BC17;PSMB1;H3C7;XPO1;KREMEN2;CDC73;RUVBL1;CSNK2A1;PSMA3;RBX1;PSMD2;PSMB2;PSMC6;H3C3;HDAC1;CHD8;ADRM1;PSMC4;H2AC8;H3C13;LGR5;BCL9;H4C1;PSMD7;H2BC6;CCDC88C;DPY30;H2BC3;GSK3B;H3C11;LEO1;H3C14;H3C15;PSMA7;H2BC15;PPP2R5E;H2BC11;H3-3A;DVL3;PSMB3;H2AC6;H3C2;SEM1;PSMB5;FZD6;TNKS2;PYGO2;CSNK1A1;H4C8;H2AZ2;KLHL12;USP8;H3-3B;PSMD8;PSMD11;PSMD3;PPP2R1A;H2AJ;H4C4;H2AC20;UBC;FZD2;DKK2;RBBP5;H3C6;PSMC5;PSMC3;AXIN1"
"REACTOME_REGULATION_OF_CDH1_GENE_TRANSCRIPTION",6.58972335909781e-17,9.06423172251414e-16,1.05746357275086,0.620538085211498,2.81054082054966,100,"H2BC26;H3C12;H4C12;H4C11;WT1;STRAP;H3C8;H2AC19;H2AC18;H2BC12;H2AC7;H3C10;ZNF217;H2BC9;TCF3;H2BC10;H2AC14;H2BC8;H2AC4;H4C9;H4C16;H2AX;H2BC7;H2BC21;H2BC5;H2BC13;H3C4;H4C14;H2BC14;H2BC4;H4C15;H2BC17;H3C7;RBBP7;PKM;H3C3;HDAC1;H2AC8;H3C13;H4C1;ARID1A;H2BC6;SP1;CDH1;H2BC3;H3C11;H3C14;RBBP4;H3C15;EZH2;H2BC15;DNTTIP1;H2BC11;H3-3A;RB1;H2AC6;TCF12;H3C2;H4C8;H2AZ2;TGIF2;H3-3B;SIRT1;H2AJ;H4C4;H2AC20;MAPK1;H3C6"
"REACTOME_POSITIVE_EPIGENETIC_REGULATION_OF_RRNA_EXPRESSION",8.97451310464179e-17,1.22198420859163e-15,1.05746357275086,0.622132610604158,2.8334012154675,102,"POLR2K;H2BC26;H3C12;ACTB;H4C12;H4C11;CBX3;H3C8;H2AC19;H2AC18;H2BC12;H2AC7;H3C10;H2BC9;H2BC10;H2AC14;H2BC8;H2AC4;SMARCA5;H4C9;H4C16;H2AX;H2BC7;H2BC21;H2BC5;H2BC13;H3C4;SF3B1;H4C14;H2BC14;H2BC4;H4C15;H2BC17;H3C7;RBBP7;DDX21;H3C3;HDAC1;H2AC8;H3C13;H4C1;H2BC6;DEK;H2BC3;GSK3B;H3C11;H3C14;RBBP4;H3C15;H2BC15;H2BC11;POLR1H;H3-3A;CHD4;H2AC6;H3C2;POLR2H;H4C8;H2AZ2;POLR1F;BAZ1B;H3-3B;TAF1B;TBP;GATAD2B;H2AJ;H4C4;H2AC20"
"REACTOME_MEIOSIS",9.99621823097793e-17,1.34749021753582e-15,1.05746357275086,0.602521425869818,2.77034398215617,109,"H2BC26;H3C12;H4C12;H4C11;TINF2;RAD21;H3C8;H2AC19;H2AC18;H2BC12;H2AC7;H3C10;H2BC9;H2BC10;H2AC14;H2BC8;H2AC4;UBE2I;H4C9;H4C16;H2AX;H2BC7;RPA3;H2BC21;H2BC5;H2BC13;H3C4;H4C14;BRCA2;H2BC14;H2BC4;H4C15;H2BC17;H3C7;SYCP2;BLM;H3C3;H2AC8;H3C13;LMNB1;CDK2;H4C1;H2BC6;POT1;H2BC3;H3C11;H3C14;H3C15;H2BC15;H2BC11;TERF2IP;H3-3A;H2AC6;STAG2;H3C2;RAD51;FIGNL1;H4C8;H2AZ2;H3-3B;RPA2;H2AJ;TERF1;H4C4;H2AC20;DIDO1;REC8;H3C6;CDK4;SMC3"
"REACTOME_MEIOTIC_RECOMBINATION",1.1050560867718e-16,1.47486693561226e-15,1.05746357275086,0.671777999879598,2.92822905410932,80,"H2BC26;H3C12;H4C12;H4C11;H3C8;H2AC19;H2AC18;H2BC12;H2AC7;H3C10;H2BC9;H2BC10;H2AC14;H2BC8;H2AC4;H4C9;H4C16;H2AX;H2BC7;RPA3;H2BC21;H2BC5;H2BC13;H3C4;H4C14;BRCA2;H2BC14;H2BC4;H4C15;H2BC17;H3C7;BLM;H3C3;H2AC8;H3C13;CDK2;H4C1;H2BC6;H2BC3;H3C11;H3C14;H3C15;H2BC15;H2BC11;H3-3A;H2AC6;H3C2;RAD51;FIGNL1;H4C8;H2AZ2;H3-3B;RPA2;H2AJ;H4C4;H2AC20;H3C6;CDK4"
"REACTOME_MRNA_POLYADENYLATION",1.18177242746041e-16,1.56179336491827e-15,1.04762648849882,0.583632017968621,2.78983069970655,127,"POLR2K;SRSF2;CPSF3;SNRPB2;POLR2B;SNRPG;PRPF40A;PPP1CA;HNRNPF;XRN2;PPP1R8;SF3B1;CSTF2;SRSF1;RBBP6;SRSF7;POLR2D;SNRPC;HNRNPH2;PTBP1;CSTF1;SNRPB;U2AF1;NUDT21;HNRNPA2B1;SF3B6;SRSF3;HNRNPL;SRSF10;SRSF11;HNRNPH1;HNRNPC;SF3B4;U2SURP;SRSF9;DDX5;SNRPA1;HNRNPK;PAPOLA;CPSF2;POLR2G;FUS;SNRPE;CDC40;CCAR1;DHX9;CLP1;DNAJC8;DHX15;SNRPF;POLR2J;NCBP2;TRA2B;U2AF2;POLR2H;SF3B5;PCBP1;PAPOLG;PCF11;SMNDC1;SNRPD1;RBM39;HNRNPM;SRSF6;HNRNPU;HNRNPA3;UBC;CSTF2T;CSTF3;SF3B3;SNRPD3;PPP1R10;PUF60;POLR2C;FIP1L1;SF3B2"
"KEGG_SPLICEOSOME",1.52428752154927e-16,1.99489279519263e-15,1.04762648849882,0.580440473413686,2.76830442579578,126,"HSPA8;SRSF2;SNRPB2;EIF4A3;BCAS2;SNRPG;PRPF40A;CRNKL1;SF3B1;USP39;DDX23;SRSF1;SRSF7;SNRPC;PRPF38B;SNRPB;U2AF1;SNRNP27;PPIL1;SF3B6;THOC2;ALYREF;SRSF3;MAGOH;SRSF10;HNRNPC;SF3B4;U2SURP;SRSF9;LSM3;DDX5;SNRPA1;HNRNPK;SNRPE;CDC40;CTNNBL1;DHX15;WBP11;MAGOHB;SNRPF;SNRNP40;NCBP2;TRA2B;LSM5;U2AF2;ISY1;SF3B5;RBM22;PCBP1;PRPF19;TRA2A;THOC3;SMNDC1;SNRPD1;AQR;ZMAT2;HSPA6;HNRNPM;RBM8A;SRSF6;HNRNPU;CDC5L;HNRNPA3;PRPF3;BUD31;SF3B3;SNRPD3;SLU7;CWC15;PRPF4;PUF60;PRPF40B;HSPA1L;SF3B2;LSM4;SYF2;LSM7;LSM8;TXNL4A;SNRNP200;DDX46;SF3A3;PHF5A;RBMX;ACIN1;NCBP1;LSM2"
"REACTOME_OXIDATIVE_STRESS_INDUCED_SENESCENCE",1.87707458302345e-16,2.43297744030347e-15,1.04762648849882,0.586123140298301,2.76763415364497,119,"H2BC26;H3C12;H4C12;H4C11;CBX4;H3C8;H2AC19;H2AC18;H2BC12;H2AC7;MAPKAPK2;H3C10;H2BC9;MAPK9;H2BC10;H2AC14;H2BC8;H2AC4;H4C9;H4C16;H2AX;H2BC7;H2BC21;H2BC5;H2BC13;CBX2;H3C4;H4C14;H2BC14;H2BC4;H4C15;H2BC17;H3C7;RBBP7;BMI1;H3C3;E2F3;CBX8;CDKN2D;CDKN2A;H2AC8;H3C13;H4C1;H2BC6;TXN;H2BC3;H3C11;H3C14;RBBP4;E2F2;MOV10;H3C15;EZH2;H2BC15;H2BC11;H3-3A;H2AC6;H3C2;TNIK;E2F1;MAPKAPK3;H4C8;H2AZ2;H3-3B;H2AJ;H4C4;RNF2;H2AC20;UBC;MAPK1;H3C6;CDK4"
"REACTOME_REGULATION_OF_ENDOGENOUS_RETROELEMENTS_BY_PIWI_INTERACTING_RNAS_PIRNAS",2.09595985229982e-16,2.69081321990491e-15,1.04762648849882,0.629378985232706,2.83980279593673,92,"H2BC26;H3C12;ACTB;H4C12;H4C11;H3C8;H2AC19;H2AC18;H2BC12;H2AC7;H3C10;H2BC9;H2BC10;H2AC14;H2BC8;H2AC4;H4C9;H4C16;H2AX;H2BC7;H2BC21;H2BC5;H2BC13;H3C4;H4C14;SS18;H2BC14;H2BC4;H4C15;H2BC17;H3C7;RBBP7;SPOCD1;H3C3;HDAC1;H2AC8;H3C13;H4C1;ARID1A;H2BC6;H2BC3;H3C11;H3C14;RBBP4;H3C15;H2BC15;ACTL6A;H2BC11;H3-3A;CHD4;H2AC6;H3C2;H4C8;H2AZ2;H3-3B;SS18L1;SMARCD1;GATAD2B;H2AJ;H4C4;H2AC20;SMARCB1"
"REACTOME_PROCESSING_OF_DNA_DOUBLE_STRAND_BREAK_ENDS",2.303541866112e-16,2.92940984482922e-15,1.03769615548758,0.631494406992458,2.84391640103743,94,"H2BC26;H4C12;H4C11;PPP4C;H2BC12;RAD17;H2BC9;UBE2N;H2BC10;RAD1;H2BC8;UBE2I;H4C9;H4C16;H2AX;H2BC7;RPA3;H2BC21;H2BC5;RMI1;H2BC13;TOPBP1;H4C14;UBE2V2;H2BC14;H2BC4;H4C15;H2BC17;RFC4;BLM;SUMO2;RNF4;CLSPN;DNA2;CDK2;H4C1;H2BC6;PPP4R2;H2BC3;RHNO1;CCNA2;H2BC15;RMI2;BARD1;RAD9A;H2BC11;CHEK1;EXO1;BRIP1;RFC5;TIMELESS;H4C8;RPA2;RNF168;H4C4;UBC;NBN;ATM;SIRT6;PIAS4;RFC2;ATRIP;BRCC3;UBB"
"REACTOME_BASE_EXCISION_REPAIR",3.29411103788498e-16,4.14996418604575e-15,1.03769615548758,0.644092421213522,2.8658221530404,86,"H2BC26;H4C12;H4C11;TINF2;MBD4;H2AC19;H2AC18;H2BC12;H2AC7;H2BC9;POLD4;H2BC10;H2AC14;H2BC8;H2AC4;H4C9;H4C16;H2AX;H2BC7;RPA3;H2BC21;H2BC5;H2BC13;NEIL3;H4C14;H2BC14;H2BC4;H4C15;H2BC17;TDG;POLB;RFC4;PCNA;PARP1;H2AC8;H4C1;H2BC6;POT1;H2BC3;FEN1;H2BC15;H2BC11;TERF2IP;RFC5;H2AC6;H4C8;H2AZ2;ADPRS;RPA2;H2AJ;MPG;TERF1;H4C4;H2AC20"
"HALLMARK_TNFA_SIGNALING_VIA_NFKB",4.06052829814205e-16,5.06814087582916e-15,1.03769615548758,0.498258613084351,2.56451194441503,199,"INHBA;REL;CXCL11;ID2;SLC16A6;CD80;TNFRSF9;CD69;CXCL10;RIGI;CD83;CCN1;SERPINB8;OLR1;NAMPT;IFIH1;SERPINE1;LIF;GPR183;GCH1;IL18;CCL4;BIRC3;NFKBIE;CCNL1;IL7R;IL12B;TNF;TRAF1;PLAU;RNF19B;CCL5;PLAUR;TRIB1;PLEK;DUSP5;TIPARP;PMEPA1;PANX1;BCL2A1;MCL1;CDKN1A;DUSP2;IFIT2;SAT1;BIRC2;NINJ1;TNFAIP3;IER3;JUNB;F2RL1;SGK1;KLF6;KLF10;LITAF;GADD45B;TAP1;IRF1;IL1B;DRAM1;ZC3H12A;SPSB1;CCL20;YRDC;SDC4;SOCS3;PHLDA2;SLC2A6;RIPK2;IFNGR2;NFKB1;TNFAIP6;ICAM1;CCL2;BHLHE40;TNFSF9;TNFAIP8;EHD1;MXD1;IL23A;BCL3;GFPT2;TGIF1;BTG2;NFE2L2;IER2;MSC;B4GALT1;IER5;RELA;RELB"
"KEGG_LYSOSOME",4.32808761353642e-16,5.29831571086494e-15,1.03769615548758,0.581752956975368,2.74699844112886,119,"PPT1;LAMP3;LAPTM5;CTSH;AP1S3;CD164;M6PR;ATP6V0B;AP1S2;ATP6AP1;CTSK;ATP6V0C;CTSD;ARSB;AGA;GLB1;ATP6V0D1;NEU1;GM2A;HEXB;AP1G1;CLN3;CTSZ;CTSB;MANBA;CLTC;PSAP;AP1S1;ARSG;ASAH1;PLA2G15;AP4E1;AP3M2;FUCA1;LIPA;CTSS;MAN2B1;LAMP2;ATP6V1H;CTSL;GBA1;NPC2;ACP2;CD68;DNASE2;CTSA;IDS;TPP1;NAGA;AP3M1;CTSV;AP1B1;AP3B1;LAPTM4B;AP3S1;GGA2;GAA;HEXA;NPC1;GUSB;ATP6V0D2;AP1M2;ATP6V0A2;ACP5;ENTPD4;GLA;ABCA2;LAPTM4A;GALC;CTSO;LGMN;GNPTAB;TCIRG1;CTSC"
"REACTOME_B_WICH_COMPLEX_POSITIVELY_REGULATES_RRNA_EXPRESSION",4.30716545663206e-16,5.29831571086494e-15,1.03769615548758,0.63790492243416,2.84925266966854,87,"POLR2K;H2BC26;H3C12;ACTB;H4C12;H4C11;H3C8;H2AC19;H2AC18;H2BC12;H2AC7;H3C10;H2BC9;H2BC10;H2AC14;H2BC8;H2AC4;SMARCA5;H4C9;H4C16;H2AX;H2BC7;H2BC21;H2BC5;H2BC13;H3C4;SF3B1;H4C14;H2BC14;H2BC4;H4C15;H2BC17;H3C7;DDX21;H3C3;H2AC8;H3C13;H4C1;H2BC6;DEK;H2BC3;GSK3B;H3C11;H3C14;H3C15;H2BC15;H2BC11;POLR1H;H3-3A;H2AC6;H3C2;POLR2H;H4C8;H2AZ2;POLR1F;BAZ1B;H3-3B;TAF1B;TBP;H2AJ;H4C4;H2AC20;H3C6;TAF1D"
"REACTOME_CELL_CELL_COMMUNICATION",4.36285640879828e-16,5.29831571086494e-15,1.03769615548758,0.422736926532578,2.30401016584089,323,"ADAM19;H2BC26;H3C12;FYB1;ACTB;H4C12;SIRPG;H4C11;PTPN6;PSMA5;SPCS3;PSMC2;PSMA6;PSMA4;WT1;STRAP;TYROBP;PSMA2;H3C8;H2AC19;H2AC18;H2BC12;CANX;H2AC7;H3C10;ZNF217;H2BC9;TCF3;CD2AP;H2BC10;CDH11;H2AC14;SPCS1;IQGAP1;PARD6B;ACTG1;PSMD6;H2BC8;RPN1;H2AC4;CTSB;H4C9;PSMA1;H4C16;H2AX;H2BC7;PSMD14;H2BC21;H2BC5;PSMD12;H2BC13;CLDN3;OSTC;PSMB4;CSNK2A3;H3C4;PSMD1;H4C14;NECTIN2;H2BC14;H2BC4;H4C15;H2BC17;CBLL1;PSMB1;H3C7;CTSS;CLDN4;RBBP7;CLDN9;VASP;CTSL;PKM;CSNK2A1;PSMA3;PSMD2;PSMB2;PSMC6;H3C3;HDAC1;SPCS2;WASL;ZC3H12A;ADRM1;PSMC4;H2AC8;H3C13;CDH2;H4C1;PSMD7;RPN2;ARID1A;CLDN1;H2BC6;SP1;STT3A;CDH1;CLDN7;H2BC3;H3C11;H3C14;RBBP4;MOV10;GRB2;H3C15;PSMA7;EZH2;H2BC15;DNTTIP1;MTBP;H2BC11;SEC11A;H3-3A;LIMS1;RB1;SRC;PTK2B;PSMB3;F11R;H2AC6;DAD1;PIK3CB;TCF12;H3C2;TMEM258;SEM1;PRKCI;PSMB5;SEC11C;H4C8;H2AZ2;TGIF2;H3-3B;SIRT1;GANAB;CLDN12;CDH7;PSMD8;PSMD11;PSMD3;ACTA1;OST4;H2AJ;H4C4;H2AC20;UBC;CASK;MAPK1;DNM2;CRB3;H3C6;SFTPA2;PSMC5;NCK1;PSMC3;MDM2"
"REACTOME_INTERFERON_ALPHA_BETA_SIGNALING",5.34772973167904e-16,6.43637471277084e-15,1.02766987054358,0.697073417578906,2.94517595070264,63,"OAS1;OAS2;MX1;IFI6;RSAD2;EIF2AK2;STAT1;ISG15;IFIT5;IRF7;OAS3;PTPN1;OASL;PTPN6;IFIT1;IFI27;IRF9;ADAR;PSMB8;STAT2;ISG20;HLA-C;BST2;MX2;IRF8;IFIT2;HLA-B;IFIT3;HLA-H;IFITM1;HLA-A;IRF1;ABCE1;IRF5;IFITM3;SOCS3;IFI35;KPNA1;USP18;RNASEL;SAMHD1;HLA-F"
"REACTOME_REPRODUCTION",5.84957571771169e-16,6.9780779358189e-15,1.02766987054358,0.547200327290572,2.62881666681251,136,"H2BC26;H3C12;CXCR4;H4C12;H4C11;EOMES;TINF2;RAD21;H3C8;H2AC19;H2AC18;H2BC12;H2AC7;H3C10;H2BC9;PRDM1;H2BC10;H2AC14;PDPN;H2BC8;H2AC4;UBE2I;H4C9;H4C16;H2AX;H2BC7;RPA3;H2BC21;H2BC5;H2BC13;H3C4;H4C14;BRCA2;H2BC14;H2BC4;H4C15;H2BC17;H3C7;SYCP2;BLM;H3C3;CD9;H2AC8;H3C13;LMNB1;CDK2;H4C1;H2BC6;POT1;H2BC3;H3C11;H3C14;H3C15;H2BC15;H2BC11;TERF2IP;H3-3A;H2AC6;STAG2;H3C2;RAD51;FIGNL1;H4C8;H2AZ2;H3-3B;HVCN1;RPA2;B4GALT1;H2AJ;TERF1;H4C4;H2AC20;DIDO1;REC8;H3C6;CDK4;SMC3"
"HALLMARK_UNFOLDED_PROTEIN_RESPONSE",6.06751283785706e-16,7.17456781178185e-15,1.02766987054358,0.596314674035802,2.76801127532759,112,"EDEM1;SPCS3;YWHAZ;IFIT1;PDIA6;HYOU1;HERPUD1;TARS1;DNAJB9;EIF4E;CALR;SLC30A5;EIF4A3;SLC7A5;ATP6V0D1;CNOT6;SPCS1;XBP1;POP4;SEC31A;H2AX;MTHFD2;KIF5B;HSPA5;SERP1;HSP90B1;PARN;LSM1;HSPA9;DCP2;DNAJC3;SRPRA;SRPRB;EIF2S1;BANF1;SSR1;CNOT2;PAIP1;ERO1A;WIPI1;DNAJA4;SLC1A4;EIF2AK3;NFYA;FUS;CCL2;NABP1;SEC11A;ALDH18A1;XPOT;EIF4G1;CKS1B;MTREX;NFYB;EXOSC9;NHP2;ARFGAP1;IARS1;YIF1A;CHAC1;NOLC1;NOP56;ATF6;EXOC2;EDC4;EXOSC1;EIF4A2;ASNS;LSM4;EIF4A1;SHC1;KDELR3;EIF4EBP1;SDAD1;PREB"
"REACTOME_MITOTIC_PROMETAPHASE",6.6923289547095e-16,7.84457341821601e-15,1.02766987054358,0.496445170369936,2.55517824625206,199,"TUBB3;PPP2CA;RAD21;WAPL;BUB1;KIF2A;MAPRE1;NEK6;BUB3;TUBA1C;PLK1;ZW10;CENPQ;CENPU;ZWILCH;NEDD1;ZWINT;CCNB1;CDK1;NEK2;CENPK;SKA1;PPP1CC;SGO2;NUP37;MAD2L1;SMC4;KIF18A;CEP135;XPO1;BUB1B;KNL1;CENPA;BIRC5;KIF2C;PLK4;PDS5A;CSNK2A1;NCAPH;CCNB2;CENPE;MZT1;CDC20;ERCC6L;CCP110;CENPI;TUBA4B;SKA2;SPC25;TUBA1B;CDCA5;DSN1;DYNLL1;CDCA8;NDC80;NCAPG;CKAP5;NUF2;TUBA1A;HAUS2;CENPL;PPP2R5E;DYNC1LI1;DYNLL2;HSP90AA1;SGO1;SPC24;STAG2;AURKB;NUP160;RCC2;CENPF;CENPH;CENPP;KNTC1;CETN2;MIS12;NUP43;CLIP1;SPDL1;CENPN;CENPM;SEC13;CEP70;INCENP;TUBA4A;PPP2R1A;TUBB;RANBP2;CSNK1D;ITGB3BP;HAUS1;SEH1L;SMC3;CEP43;CEP41;HAUS3;ACTR1A;TUBB8"
"REACTOME_SARS_COV_2_INFECTION",7.66085965503551e-16,8.90244725429988e-15,1.02766987054358,0.439541506990194,2.36026893124457,283,"PARP9;TLR7;STAT1;RIGI;SDC1;ISG15;IRF7;TBK1;PTPN6;B2M;YWHAZ;IFIH1;GALNT1;NUP210;MGAT4A;STAT2;HLA-C;PARP14;CANX;UBE2N;GPC6;NUP50;YWHAQ;TLR1;SNRPG;MAGT1;RPS27L;G3BP2;KPNA2;SEC24A;RPN1;UBE2I;CHMP2B;SUMO1;HLA-B;STT3B;YWHAH;OSTC;NUP37;YWHAB;MAN2A1;DDX20;VPS33A;TLR8;CHMP4B;SMN1;NOD2;SIKE1;MAP1LC3B;CTSL;RAE1;SNRPB;HLA-A;MGAT2;NUP155;CHUK;SRPK2;ST6GAL1;SRPK1;PDPK1;RPN2;VHL;UBE2V1;TOMM70;STT3A;TAB3;HSP90AB1;ZDHHC20;DDX5;GSK3B;FUT8;MAP3K7;SDC4;SEC24D;RIPK2;MGAT5;NUP153;SAR1B;NDC1;NUP205;NUP62;ZCRB1;VPS41;ZDHHC5;SNRPE;RB1;TRIM25;HSP90AA1;PARP8;SEC24C;SNRPF;SMN2;GEMIN7;VPS16;DAD1;NUP160;ZDHHC9;TMEM258;G3BP1;CSNK1A1;HLA-F;NUP43;TUFM;VPS18;BECN1;EDEM2;SNRPD1;GANAB;CNBP;IFNAR2;PARP10;TKFC;SEC13;CHMP7;VPS45;OST4;MGAT4B;RANBP2;UBC;LARP1;SEH1L;ST6GALNAC4;CHMP2A;CRB3"
"REACTOME_GENE_SILENCING_BY_RNA",1.1153734211619e-15,1.28506271087713e-14,1.01754479730988,0.60492514909349,2.75713678437316,101,"POLR2K;H2BC26;H3C12;H4C12;H4C11;H3C8;H2AC19;H2AC18;H2BC12;H2AC7;H3C10;H2BC9;POLR2B;H2BC10;H2AC14;H2BC8;H2AC4;H4C9;H4C16;TSNAX;H2AX;H2BC7;H2BC21;H2BC5;H2BC13;H3C4;H4C14;H2BC14;H2BC4;H4C15;H2BC17;H3C7;POLR2D;H3C3;H2AC8;H3C13;H4C1;H2BC6;H2BC3;H3C11;H3C14;TSN;H3C15;H2BC15;POLR2G;H2BC11;H3-3A;RAN;HSP90AA1;TDRD1;POLR2J;H2AC6;MOV10L1;H3C2;POLR2H;H4C8;H2AZ2;H3-3B;H2AJ;H4C4;H2AC20;BCDIN3D;MYBL1;H3C6;TDRKH;TDRD12"
"REACTOME_RECOGNITION_AND_ASSOCIATION_OF_DNA_GLYCOSYLASE_WITH_SITE_CONTAINING_AN_AFFECTED_PURINE",1.29924237042255e-15,1.48421925027932e-14,1.01754479730988,0.739376013612768,2.988538825615,51,"H2BC26;H4C12;H4C11;TINF2;H2AC19;H2AC18;H2BC12;H2AC7;H2BC9;H2BC10;H2AC14;H2BC8;H2AC4;H4C9;H4C16;H2AX;H2BC7;H2BC21;H2BC5;H2BC13;NEIL3;H4C14;H2BC14;H2BC4;H4C15;H2BC17;H2AC8;H4C1;H2BC6;POT1;H2BC3;H2BC15;H2BC11;TERF2IP;H2AC6;H4C8;H2AZ2;H2AJ;MPG;TERF1;H4C4;H2AC20"
"REACTOME_REGULATION_OF_PD_L1_CD274_TRANSCRIPTION",1.49390606486636e-15,1.69225661801669e-14,1.01754479730988,0.610907292571354,2.77085584149185,98,"LEF1;STAT1;H2BC26;H3C12;H4C12;H4C11;H3C8;H2AC19;H2AC18;H2BC12;H2AC7;H3C10;H2BC9;H2BC10;H2AC14;H2BC8;H2AC4;H4C9;H4C16;H2AX;HIF1A;H2BC7;H2BC21;H2BC5;H2BC13;H3C4;H4C14;H2BC14;H2BC4;H4C15;H2BC17;H3C7;RBBP7;IRF1;H3C3;H2AC8;H3C13;H4C1;H2BC6;DPY30;H2BC3;H3C11;H3C14;RBBP4;H3C15;EZH2;NFKB1;H2BC15;H2BC11;H3-3A;H2AC6;H3C2;H4C8;H2AZ2;H3-3B;NFE2L2;RELA;H2AJ;H4C4;H2AC20;CD274;RBBP5;H3C6"
"REACTOME_UCH_PROTEINASES",2.33482571234403e-15,2.62278755019979e-14,1.00731795687447,0.627556693135003,2.80303148698122,87,"ACTB;PSMA5;PSMC2;PSMA6;TGFB1;PSMA4;USP15;H2AC25;PSMA2;H2AC17;H2AC15;H2AC19;H2AC18;H2AC7;H2AC14;PSMD6;H2AC4;PSMA1;PSMD14;PSMD12;H2AC13;PSMB4;PSMD1;KDM1B;H2AC16;PSMB1;RUVBL1;PSMA3;PSMD2;PSMB2;PSMC6;SMAD7;NEDD8;ADRM1;PSMC4;H2AC8;PSMD7;H2AC11;H2AC21;PSMA7;TGFBR1;H2AC12;BARD1;ACTL6A;PSMB3;H2AC6;SEM1;PSMB5;ASXL2;PSMD8;PSMD11;PSMD3;H2AC20;UBC"
"REACTOME_ACTIVATED_PKN1_STIMULATES_TRANSCRIPTION_OF_AR_ANDROGEN_RECEPTOR_REGULATED_GENES_KLK2_AND_KLK3",2.36124759587779e-15,2.6305469084655e-14,1.00731795687447,0.689600864378797,2.91360397647395,63,"H2BC26;H3C12;H4C12;H4C11;H3C8;H2AC19;H2AC18;H2BC12;H2AC7;H3C10;H2BC9;H2BC10;H2AC14;H2BC8;H2AC4;H4C9;H4C16;H2AX;H2BC7;H2BC21;H2BC5;H2BC13;H3C4;H4C14;H2BC14;H2BC4;H4C15;H2BC17;H3C7;H3C3;H2AC8;H3C13;H4C1;NCOA2;H2BC6;H2BC3;H3C11;H3C14;H3C15;H2BC15;H2BC11;H3-3A;H2AC6;H3C2;H4C8;H2AZ2;H3-3B;H2AJ;H4C4;H2AC20"
"REACTOME_HIV_LIFE_CYCLE",3.76179226541932e-15,4.15647210966004e-14,0.996986217533181,0.529217964111727,2.58727782870922,149,"XRCC4;POLR2K;CXCR4;CDK7;ELOC;GTF2E1;CCR5;NUP210;CHMP5;TAF9;VTA1;NUP50;POLR2B;TAF5;CCNT1;GTF2B;TAF13;CHMP2B;SUPT4H1;GTF2A1;TAF2;NUP37;ELOB;GTF2A2;POLR2D;XPO1;CHMP4B;TAF12;RAE1;TCEA1;CCNT2;TAF9B;TSG101;CD4;NUP155;TAF11;HMGA1;BANF1;PPIA;RCC1;FEN1;NUP153;NDC1;NUP205;NUP62;XRCC5;POLR2G;GTF2H3;RAN;KPNA1;POLR2J;NCBP2;NUP160;TAF4;GTF2E2;POLR2H;GTF2H2;LIG4;VPS37C;NUP43;SUPT16H;PDCD6IP;TBP;SEC13;CHMP7;RANBP2;TAF7;UBC;SEH1L;CCNK;CHMP2A;GTF2H5;CHMP4A;NELFCD;VPS4B;RNMT;RANBP1;NUP107;POLR2C"
"REACTOME_MITOTIC_G2_G2_M_PHASES",3.89552335908812e-15,4.26924023418763e-14,0.996986217533181,0.496194059038038,2.53257267337656,190,"TUBB3;CDK7;PSMA5;PPP2CA;PSMC2;PSMA6;PSMA4;PSMA2;MAPRE1;LIN54;TUBA1C;PLK1;NEDD1;PSMD6;CDKN1A;CCNB1;PSMA1;CDK1;PKMYT1;TPX2;MYBL2;PSMD14;NEK2;PSMD12;PSMB4;PSMD1;AURKA;CEP135;PSMB1;HMMR;XPO1;SKP1;PLK4;PSMA3;RBX1;PSMD2;PSMB2;PSMC6;CCNB2;RAB8A;E2F3;MZT1;CCP110;ADRM1;PSMC4;TUBA4B;FOXM1;CDK2;HJURP;PSMD7;TUBA1B;HSP90AB1;DYNLL1;RBBP4;CKAP5;FKBPL;PSMA7;FBXW11;TUBA1A;HAUS2;CCNA2;HSP90AA1;SGO1;GTSE1;BORA;PSMB3;CDC25A;LCMT1;CDC25C;SEM1;E2F1;PSMB5;CENPF;CETN2;CUL1;CEP70;PSMD8;PSMD11;TUBA4A;PSMD3;PPP2R1A;TUBB;CSNK1D;UBC;PPP2R2A;HAUS1;OBI1;PSMC5;PSMC3;CEP43;CEP41;HAUS3;ACTR1A;WEE1;TUBB8"
"HALLMARK_COMPLEMENT",4.22094696637652e-15,4.58857783118996e-14,0.996986217533181,0.488344854858774,2.49131559115375,192,"CASP3;FN1;DOCK10;CTSH;IRF7;MMP13;GZMK;GNAI3;PHEX;DYRK2;OLR1;F5;APOC1;CR2;SERPINE1;USP15;LCK;PDP1;KIF2A;ATOX1;LAP3;PPP4C;GMFB;LCP2;CTSD;PFN1;CCL5;PLAUR;PIK3CG;FCER1G;GZMA;PLA2G7;PLEK;DUSP5;GNB2;SPOCK2;GATA3;USP16;CTSB;RASGRP1;APOBEC3G;HSPA5;TNFAIP3;CD55;CFB;LIPA;CTSS;GZMB;LAMP2;CTSL;MMP14;ERAP2;VCPIP1;IRF1;RNF4;CASP7;RABIF;PSMB9;PIK3R5;CASP1;GNB4;GCA;PLSCR1;GRB2;F7;MSRB1;PIM1;ADAM9;CTSV;LYN;WAS;SRC;PRDM4;PSEN1;GNGT2;HPCAL4;RHOG;TIMP1;ITGAM;EHD1;USP8;USP14;C2;CD40LG;CASP4;DPP4"
"REACTOME_APC_C_MEDIATED_DEGRADATION_OF_CELL_CYCLE_PROTEINS",4.90495698800771e-15,5.28950561586751e-14,0.996986217533181,0.653151589406609,2.83544061073097,75,"UBE2D1;PSMA5;PSMC2;PSMA6;PSMA4;PSMA2;BUB3;PLK1;PSMD6;CCNB1;PSMA1;CDK1;PSMD14;NEK2;PSMD12;UBE2S;PSMB4;PSMD1;MAD2L1;AURKA;UBE2C;PSMB1;BUB1B;SKP1;PTTG1;FBXO5;PSMA3;PSMD2;PSMB2;PSMC6;CDC20;ADRM1;PSMC4;CDK2;PSMD7;UBE2E1;ANAPC11;PSMA7;CCNA2;RB1;PSMB3;AURKB;SEM1;PSMB5;CDC23;CUL1;PSMD8;PSMD11;PSMD3;UBC;PSMC5;PSMC3;CDC27;PSMB7;PSMC1;UBB"
"REACTOME_NEDDYLATION",5.74213378661974e-15,6.14317170187572e-14,0.996986217533181,0.474008549105222,2.46700707228895,222,"COPS8;KBTBD8;UBD;UBE2D1;BTBD1;ELOC;PSMA5;COMMD8;PSMC2;PSMA6;UBE2F;PSMA4;CISH;COMMD3;PSMA2;DCAF13;FEM1C;CUL5;DCUN1D1;FBXL16;DCAF7;CUL3;KCTD6;PSMD6;UBE2D2;CDKN1A;PSMA1;FBXO41;RNF7;HIF1A;PSMD14;PSMD12;PSMB4;COPS5;PSMD1;ELOB;SOCS6;UBA3;FBXO4;PSMB1;CUL2;CAND1;RBBP7;CCNF;SKP1;COMMD7;BIRC5;WSB2;PSMA3;RBX1;PSMD2;PSMB2;PSMC6;NEDD8;ADRM1;PSMC4;DPP3;ASB7;SPSB1;UBE2D3;PSMD7;VHL;SOCS3;PSMA7;FBXW11;UBE2M;CUL4B;FEM1B;PALB2;FBXO6;PSMB3;LRR1;UFD1;SEM1;PSMB5;DTL;DDB1;COPS4;FBXO22;DCAF11;COMMD5;CUL1;NFE2L2;PSMD8;PSMD11;DCAF10;PSMD3;TULP4;COPS3;DCAF17;UBC;COPS2;COPS6;RBBP5;COMMD9;PSMC5;PSMC3;SQSTM1;NAE1;KLHL42;SPSB2;PUM2;NPLOC4;PSMB7;FBXL19;DCAF6;PSMC1;UBB;UBXN7"
"REACTOME_PROTEIN_UBIQUITINATION",6.07987681239727e-15,6.45328656937915e-14,0.996986217533181,0.642477644118749,2.80757855357137,78,"UBE2W;UBE2D1;PEX2;H2BC12;PEX13;H2BC9;UBE2N;UBE2B;UBE2K;BCL10;USP7;H2BC10;DERL1;H2BC8;UBE2D2;H2BC7;H2BC5;H2BC13;UBE2S;UBE2A;UBE2V2;SELENOS;H2BC14;OTULIN;H2BC4;H2BC17;UBE2C;UBE2Z;CDC73;CTR9;HLA-A;PCNA;UBE2G1;UBE2D3;UBE2E1;UBE2T;H2BC6;UBE2Q2;H2BC3;WAC;LEO1;UBA6;H2BC15;RNF181;H2BC11;USP5;UBA1;RTF1;RNF40;USP9X;UBE2L3;UBC"
"REACTOME_SIGNALING_BY_NUCLEAR_RECEPTORS",7.11623997166673e-15,7.49429022016152e-14,0.986546283587582,0.430379730215709,2.32172772810658,285,"KRAS;POLR2K;H2BC26;H3C12;UHMK1;GNG5;H4C12;H4C11;GNAI3;NRAS;APOC1;RAD21;APOC2;CBFB;H3C8;H2AC19;H2AC18;H2BC12;H2AC7;CTSD;H3C10;ZNF217;H2BC9;NRIP1;GNG10;POLR2B;CCNT1;NCOA3;DLAT;EBAG9;HSPB1;TLE3;H2BC10;PTGES3;H2AC14;GNB2;KPNA2;KCTD6;H2BC8;GATA3;H2AC4;H4C9;H4C16;H2AX;H2BC7;H2BC21;H2BC5;H2BC13;GTF2A1;H3C4;APOE;H4C14;FOXA1;KDM1B;H2BC14;H2BC4;GTF2A2;H4C15;H2BC17;H3C7;POLR2D;CDKN1B;XPO1;MMP2;RARA;CXXC5;H3C3;ABCG1;CHD1;HDAC1;MMP3;FKBP4;ZDHHC7;USF1;H2AC8;H3C13;PDPK1;H4C1;SDR16C5;NCOA2;ATF2;H2BC6;ELK1;SP1;GNB4;HSP90AB1;DDX5;H2BC3;H3C11;H3C14;TBL1XR1;MOV10;H3C15;H2BC15;POLR2G;H2BC11;H3-3A;SRC;PIK3R3;HSP90AA1;CREB1;GNGT2;PDHB;ARL4C;POLR2J;H2AC6;STAG2;H3C2;RDH14;POLR2H;GNB1;H4C8;H2AZ2;RUNX1;H3-3B;TBP;MED1;POU2F1;MYB;H2AJ;KDM4A;H4C4;H2AC20;PRKCZ;MAPK1;H3C6;GNAI2;RDH11;SMC3"
"REACTOME_DOWNSTREAM_SIGNALING_EVENTS_OF_B_CELL_RECEPTOR_BCR",7.22987031093028e-15,7.55493424739072e-14,0.986546283587582,0.666953680624093,2.82953287105562,68,"KRAS;REL;CARD11;PSMA5;NRAS;PSMC2;PSMA6;PSMA4;NFATC2;PSMA2;NFKBIE;BCL10;PSMD6;RASGRP1;PSMA1;PSMD14;PSMD12;PSMB4;PSMD1;FKBP1A;PSMB1;SKP1;PRKCB;PSMA3;PSMD2;PSMB2;PSMC6;CHUK;ADRM1;PSMC4;PPIA;PSMD7;MAP3K7;PSMA7;FBXW11;NFKB1;PSMB3;SEM1;PSMB5;MALT1;CUL1;PSMD8;PSMD11;RELA;PSMD3;UBC;PSMC5;IKBKB;PSMC3;RASGRP3"
"REACTOME_SIGNALING_BY_NOTCH",8.21822536267307e-15,8.52166752991023e-14,0.986546283587582,0.460317608652503,2.39931291082982,228,"STAT1;H2BC26;H3C12;H4C12;H4C11;PSMA5;YWHAZ;PSMC2;PSMA6;PSMA4;IKZF1;PSMA2;H3C8;H2AC19;H2AC18;H2BC12;H2AC7;H3C10;H2BC9;MDK;TMED2;TLE3;H2BC10;ATP2A3;NEURL1;H2AC14;PSMD6;APH1A;H2BC8;H2AC4;H4C9;PSMA1;H4C16;PTCRA;H2AX;SEL1L;HIF1A;H2BC7;PSMD14;H2BC21;H2BC5;PSMD12;H2BC13;RAB6A;PSMB4;H3C4;PSMD1;H4C14;H2BC14;ITCH;H2BC4;H4C15;H2BC17;PSMB1;H3C7;GZMB;SKP1;PSENEN;ADAM10;PSMA3;DLGAP5;RBX1;PSMD2;PSMB2;PSMC6;H3C3;HDAC1;E2F3;ADRM1;PSMC4;H2AC8;H3C13;H4C1;PSMD7;H2BC6;CCNC;H2BC3;H3C11;H3C14;TACC3;TBL1XR1;MOV10;H3C15;PSMA7;H2BC15;ATP2A2;H2BC11;H3-3A;ADAM17;CREB1;PSMB3;MAML1;PSEN1;H2AC6;H3C2;SEM1;E2F1;PRKCI;PSMB5;LFNG;H4C8;H2AZ2;RUNX1;H3-3B;NCSTN;CUL1;B4GALT1;PSMD8;PSMD11;PSMD3;H2AJ;H4C4;H2AC20;UBC"
"REACTOME_CELL_JUNCTION_ORGANIZATION",9.73698361752998e-15,1.00194304705576e-13,0.986546283587582,0.430342844973192,2.32063035764894,290,"ADAM19;H2BC26;H3C12;ACTB;H4C12;H4C11;PSMA5;SPCS3;PSMC2;PSMA6;PSMA4;WT1;STRAP;PSMA2;H3C8;H2AC19;H2AC18;H2BC12;CANX;H2AC7;H3C10;ZNF217;H2BC9;TCF3;H2BC10;CDH11;H2AC14;SPCS1;PARD6B;ACTG1;PSMD6;H2BC8;RPN1;H2AC4;CTSB;H4C9;PSMA1;H4C16;H2AX;H2BC7;PSMD14;H2BC21;H2BC5;PSMD12;H2BC13;CLDN3;OSTC;PSMB4;CSNK2A3;H3C4;PSMD1;H4C14;NECTIN2;H2BC14;H2BC4;H4C15;H2BC17;CBLL1;PSMB1;H3C7;CTSS;CLDN4;RBBP7;CLDN9;VASP;CTSL;PKM;CSNK2A1;PSMA3;PSMD2;PSMB2;PSMC6;H3C3;HDAC1;SPCS2;ZC3H12A;ADRM1;PSMC4;H2AC8;H3C13;CDH2;H4C1;PSMD7;RPN2;ARID1A;CLDN1;H2BC6;SP1;STT3A;CDH1;CLDN7;H2BC3;H3C11;H3C14;RBBP4;MOV10;H3C15;PSMA7;EZH2;H2BC15;DNTTIP1;MTBP;H2BC11;SEC11A;H3-3A;LIMS1;RB1;SRC;PSMB3;F11R;H2AC6;DAD1;TCF12;H3C2;TMEM258;SEM1;PRKCI;PSMB5;SEC11C;H4C8;H2AZ2;TGIF2;H3-3B;SIRT1;GANAB;CLDN12;CDH7;PSMD8;PSMD11;PSMD3;ACTA1;OST4;H2AJ;H4C4;H2AC20;UBC;MAPK1;DNM2;CRB3;H3C6"
"REACTOME_ACTIVATION_OF_ANTERIOR_HOX_GENES_IN_HINDBRAIN_DEVELOPMENT_DURING_EARLY_EMBRYOGENESIS",1.1932788178473e-14,1.21859079277134e-13,0.986546283587582,0.569146232929323,2.6888841907899,118,"POLR2K;H2BC26;H3C12;H4C12;H4C11;H3C8;H2AC19;H2AC18;H2BC12;H2AC7;H3C10;H2BC9;POLR2B;NCOA3;CNOT6;H2BC10;H2AC14;H2BC8;H2AC4;H4C9;H4C16;H2AX;H2BC7;H2BC21;H2BC5;H2BC13;H3C4;H4C14;CNOT9;H2BC14;H2BC4;H4C15;H2BC17;H3C7;POLR2D;RBBP7;RARA;H3C3;PAGR1;H2AC8;H3C13;H4C1;CTCF;HOXB2;H2BC6;DPY30;H2BC3;H3C11;H3C14;RBBP4;H3C15;EZH2;H2BC15;POLR2G;KDM6A;H2BC11;H3-3A;POLR2J;H2AC6;H3C2;PKNOX1;POLR2H;H4C8;H2AZ2;H3-3B;MAFB;H2AJ;H4C4;H2AC20;RBBP5;H3C6"
"REACTOME_FORMATION_OF_THE_BETA_CATENIN_TCF_TRANSACTIVATING_COMPLEX",1.40800352430712e-14,1.42705921110226e-13,0.986546283587582,0.618360836286522,2.76761698997471,89,"LEF1;H2BC26;H3C12;H4C12;H4C11;H3C8;H2AC19;H2AC18;H2BC12;H2AC7;H3C10;H2BC9;TLE3;H2BC10;H2AC14;H2BC8;H2AC4;H4C9;H4C16;H2AX;H2BC7;H2BC21;H2BC5;H2BC13;RUNX3;H3C4;H4C14;H2BC14;H2BC4;H4C15;H2BC17;H3C7;CDC73;RUVBL1;H3C3;HDAC1;H2AC8;H3C13;BCL9;H4C1;H2BC6;DPY30;H2BC3;H3C11;LEO1;H3C14;H3C15;H2BC15;H2BC11;H3-3A;H2AC6;H3C2;PYGO2;H4C8;H2AZ2;H3-3B;H2AJ;H4C4;H2AC20;RBBP5;H3C6"
"REACTOME_MHC_CLASS_II_ANTIGEN_PRESENTATION",1.6862241709186e-14,1.69629118089423e-13,0.97599468306432,0.562146630664088,2.65441868340254,119,"CAPZA1;CAPZA2;TUBB3;CTSH;DCTN5;AP1S3;HLA-DRA;IFI30;AP1S2;HLA-DMB;KIF2A;CTSK;CANX;HLA-DPA1;HLA-DOA;CTSD;HLA-DQB1;HLA-DQB2;TUBA1C;AP1G1;SEC24A;CTSB;HLA-DPB1;HLA-DQA1;KIF23;CLTC;SEC31A;KIF5B;AP1S1;KIF18A;KIF11;CTSS;CD74;KIF4A;CTSL;RACGAP1;HLA-DRB1;AP2M1;KIF2C;AP2S1;CENPE;CAPZB;TUBA4B;TUBA1B;KIF22;DYNLL1;ARF1;CTSA;RAB7A;SEC24D;LAG3;TUBA1A;SAR1B;HLA-DQA2;KIF20A;CTSV;AP1B1;DYNC1LI1;DYNLL2;HLA-DMA;SEC24C;AP2B1;HLA-DRB5;HLA-DOB;KIF15;SEC13;DCTN4;KIF3B;TUBA4A;KIF3A;AP1M2;DNM2"
"REACTOME_CLEC7A_DECTIN_1_SIGNALING",1.73279986157219e-14,1.73023275066616e-13,0.97599468306432,0.617315041006232,2.75728633963487,87,"CARD11;CCL22;UBE2D1;PSMA5;PSMC2;PSMA6;PSMA4;PYCARD;NFATC2;PSMA2;CASP8;UBE2N;BCL10;PSMD6;UBE2D2;PSMA1;PSMD14;PSMD12;CLEC7A;PSMB4;PSMD1;UBA3;PSMB1;SKP1;SYK;IL1B;PSMA3;PSMD2;PSMB2;PSMC6;CHUK;ADRM1;PSMC4;PDPK1;PSMD7;UBE2V1;TAB3;MAP3K7;PSMA7;FBXW11;NFKB1;UBE2M;SRC;PSMB3;SEM1;PSMB5;MALT1;CUL1;PSMD8;PSMD11;RELA;RELB;PSMD3;UBC;PSMC5;IKBKB;PSMC3;NFKB2;PSMB7;PSMC1;UBB"
"REACTOME_TNFR2_NON_CANONICAL_NF_KB_PATHWAY",1.86011561146782e-14,1.84370282666076e-13,0.97599468306432,0.614367432485224,2.74340293508315,88,"TNFRSF9;TNFRSF12A;TNFSF13B;PSMA5;PSMC2;PSMA6;PSMA4;TNFSF8;TNFRSF18;PSMA2;BIRC3;TNF;CD70;LTB;PSMD6;PSMA1;PSMD14;PSMD12;BIRC2;CD27;PSMB4;PSMD1;TNFRSF11B;UBA3;FASLG;PSMB1;TNFRSF13C;SKP1;PSMA3;PSMD2;PSMB2;PSMC6;TNFRSF4;CHUK;ADRM1;PSMC4;PSMD7;PSMA7;FBXW11;UBE2M;TNFSF9;PSMB3;TNFRSF13B;SEM1;PSMB5;CD40LG;CUL1;TNFSF14;PSMD8;PSMD11;RELB;PSMD3;LTA;UBC;PSMC5;PSMC3;NFKB2;TRAF3;PSMB7;PSMC1;UBB;TRAF2;TNFSF11;TNFSF13;PSMD13;EDARADD"
"REACTOME_AMYLOID_FIBER_FORMATION",4.58928864824648e-14,4.51559204221624e-13,0.965327754226083,0.60301574347182,2.71846092805259,96,"H2BC26;H3C12;H4C12;H4C11;B2M;UBE2L6;H3C8;H2AC19;H2AC18;H2BC12;H2AC7;LYZ;H3C10;H2BC9;H2BC10;H2AC14;APH1A;H2BC8;H2AC4;H4C9;H4C16;H2AZ1;H2AX;H2BC7;H2BC21;H2BC5;H2BC13;SIAH2;H3C4;APOE;H4C14;H2BC14;H2BC4;H4C15;H2BC17;H3C7;TSPAN33;PSENEN;ADAM10;H3C3;H2AC8;H3C13;H4C1;H2BC6;H2BC3;H3C11;H3C14;H3C15;H2BC15;TSPAN15;H2BC11;H3-3A;H2AC6;H3C2;GGA2;H4C8;H3-3B;NCSTN;USP9X;SIAH1;H4C4;H2AC20;UBC"
"REACTOME_REGULATION_OF_TP53_ACTIVITY",5.20118596430374e-14,5.08057875353728e-13,0.965327754226083,0.511458197276256,2.52590237981619,158,"TP53INP1;PPP2CA;DYRK2;TAF9;MEAF6;RAD17;PRDM1;TP53RK;TAF5;USP7;TAF13;PIP4K2A;RAD1;PIP4P1;PIP4K2C;CDK1;TPX2;RPA3;RMI1;TOPBP1;TAF2;AURKA;SGK1;BRD7;RBBP7;RFC4;TAF12;BLM;PRKAG1;CSNK2A1;TAF9B;HDAC1;TAF11;CDK5;RNF34;CDKN2A;DNA2;PDPK1;CDK2;PHF20;RHNO1;RBBP4;CCNA2;RMI2;DAXX;PLK3;BARD1;RAD9A;KAT6A;CHD4;RICTOR;PRKAB1;CHEK1;EXO1;BRIP1;RFC5;HIPK1;AURKB;TAF4;SUPT16H;RPA2;BRPF3;TBP;PPP2R1A;GATAD2B;TP73;TAF7;UBC;ING2;TP53BP2;MDM2;USP2;NBN;AKT1;ATM;MAPK14;CSNK2B;PIN1;CHEK2;RFC2;ATRIP;HDAC2;UBB;CDK5R1;HUS1;PPP2R5C;MTA2;KMT5A"
"REACTOME_SWITCHING_OF_ORIGINS_TO_A_POST_REPLICATIVE_STATE",6.18187311948496e-14,5.99508270868037e-13,0.954541630725724,0.635893105050203,2.7862259709259,79,"UBE2D1;PSMA5;PSMC2;PSMA6;PSMA4;PSMA2;CCNE2;CDC6;PSMD6;PSMA1;PSMD14;PSMD12;UBE2S;PSMB4;PSMD1;UBE2C;PSMB1;SKP1;PSMA3;RBX1;PSMD2;PSMB2;PSMC6;ADRM1;PSMC4;CDK2;PSMD7;UBE2E1;MCM2;ORC6;ANAPC11;PSMA7;CCNA2;MCM4;ORC3;MCM6;PSMB3;SEM1;CCNE1;PSMB5;ORC2;CDC23;CUL1;PSMD8;PSMD11;PSMD3;UBC;ORC5;MCM8;PSMC5;PSMC3;CDC27;PSMB7;ORC1;PSMC1;UBB;CDT1"
"REACTOME_TRANSLATION",7.72921176358953e-14,7.44212675522763e-13,0.954541630725724,0.39429501178787,2.16612577960446,350,"TRAM1;EEF1A2;UBE2D1;GFM2;ELOC;PSMA5;SPCS3;MRPL13;PSMC2;PSMA6;PSMA4;MRPL47;SEC61G;SRP54;PSMA2;TARS1;NDUFAB1;EIF4E;EIF2S2;MRPL44;SEC61A1;MRPL49;ETF1;SPCS1;RPS27L;MRPL35;MRPL18;PSMD6;RPN1;GSPT1;UBE2D2;MRPS10;PSMA1;PSMD14;SRP9;PSMD12;MRPL33;PSMB4;PSMD1;ELOB;PSMB1;SSR3;CUL2;MRPS23;MRPL3;HBS1L;PSMA3;MRPS34;RBX1;PSMD2;PSMB2;PSMC6;SRP72;MRPL32;RPL26L1;MRPL51;SPCS2;ABCE1;ADRM1;MRPL15;TRMT112;EEF1E1;SRPRA;SRPRB;PSMC4;GARS1;EIF2S1;UBE2D3;PSMD7;RPN2;SSR1;LTN1;YARS1;EIF3J;MARS1;MRPL14;MRPL36;MRPL28;EIF2S3;PSMA7;MRPL39;SEC61B;EIF3H;GFM1;SRP19;MRPL42;MRPS35;EPRS1;SEC11A;SRP14;TRIP4;DAP3;PSMB3;MRPS16;UFD1;EIF4G1;NARS1;CHCHD1;HARS2;MRPS17;SEM1;SEC61A2;DARS2;PSMB5;MRPS33;PARS2;SEC11C;TUFM;EIF5B;MRPL37;MRPS12;EIF4H;ASCC3;RARS1;MRPS7;PPA1;EIF2B5;SSR4;AIMP1;MRPS28;RPL39L;PSMD8;PSMD11;PSMD3;MRPS6;MARS2;UBC;MRPL17;IARS1;EIF1AX;APEH;MRPL9;MRPL22;ZNF598;EARS2;PSMC5;PSMC3;MRPS18C;SARS1;EIF4A2;NPLOC4;PSMB7;MRPL27;EIF4A1;TARS2;PSMC1;UBB;MRPL1;EIF4EBP1;TSFM;MRPL30;IARS2;KARS1;MRPS18B;SSR2;RPL22L1;RARS2;VARS1;MRPS22;PSMD13;WARS1;MRPL19;AURKAIP1;MRPL58;DARS1;PTCD3;DDOST"
"REACTOME_CELLULAR_RESPONSE_TO_CHEMICAL_STRESS",8.06249158960451e-14,7.70797068282757e-13,0.954541630725724,0.483279050317334,2.46586211317948,188,"HELZ2;NOX4;PSMA5;PSMC2;PSMA6;PSMA4;COX7A2;PSMA2;ATOX1;PRDX1;CYBB;CUL3;CYBA;SRXN1;PSMD6;CDKN1A;TXNRD1;PSMA1;SOD1;PSMD14;NDUFA4;PSMD12;PSMB4;PSMD1;COX6C;GSR;SLC7A11;PSMB1;NQO1;HMOX2;MAP1LC3B;SKP1;BCL2L1;HMOX1;CSNK2A1;PSMA3;RBX1;PSMD2;PSMB2;PSMC6;HM13;CYCS;TRIM21;ADRM1;CDKN2A;PSMC4;DPP3;COX8A;NCOA2;PSMD7;SP1;TXN;ERO1A;GSK3B;TBL1XR1;PSMA7;NFKB1;EIF2AK3;PALB2;CCL2;NCF1;COX7B;TGS1;PSMB3;GPX8;UFD1;COX7A2L;SIN3A;BACH1;SEM1;PRKCI;PSMB5;COX5A;P4HB;COX6B1;G6PD;NCF2;CUL1;PRDX5;NFE2L2;ABCC3;ABCF2;PSMD8;PSMD11;COX6A1;RELA;MED1;PSMD3;GCLM;UBC;PTK6;PSMC5;PSMC3;PRDX3;SQSTM1;AKT1;GPX7;ATP7A;NPLOC4;PSMB7;CSNK2B;PSMC1;BLVRA;UBB;BLVRB;UBXN7"
"REACTOME_LEISHMANIA_INFECTION",8.8409272558807e-14,8.3926548879769e-13,0.954541630725724,0.460572580100788,2.38786629203141,214,"ACTR2;CYFIP2;IGHG2;IGHG1;ACTR3;ARPC2;IGHG4;ACTB;GNG5;ABI1;FCGR3A;GNAI3;ARPC1B;VAV3;FCGR1A;PYCARD;ARPC3;CD3G;C3AR1;BTK;IL18;ELMO2;IGLV3-1;DPEP1;GNG10;FCGR2A;CD247;CYBA;GNB2;ARPC4;ACTG1;NCKAP1L;WIPF1;HCK;CDC42;ARPC1A;IGHV3-11;IGHV3-33;HMOX1;SYK;IL1B;WASL;RAC1;ARPC5;IGHV1-69;CASP1;GNB4;TXN;HSP90AB1;IGHV4-34;ADCY7;VAV1;IGLV1-47;GNAS;GRB2;NFKB1;IGHV4-59;LYN;WAS;SRC;ADAM17;VAV2;PRKACB;CREB1;DVL3;P2RX7;GNGT2;IGHV3-30;MYO5A;IL10;IGKV1D-39;IGHV4-39;GNB1;IGKV1-39;IGKV3-15;IGKV2-28;IGLV3-21;IGKV2D-28;IGLV3-27;IGHV2-5;BRK1;IGKV4-1;IGKV1-5;RELA;GGT1;IGLV3-25;IGKV3-20;ADCY9;MAPK1;IGKV1-16;IGKV1-33;GNAI2;CYSLTR1;IGKV2D-40;NCK1;NOX1;IGHV2-70;NFKB2;DPEP2;MYO9B;IL1A;MAPK14;PSTPIP1;GSDMD;RHBDF2;IGKV1D-33;GNG13;P2RX4;IGKV3D-20;PRKAR2A;NOXO1"
"REACTOME_GENERATION_OF_SECOND_MESSENGER_MOLECULES",9.45430298652553e-14,8.91216812995553e-13,0.954541630725724,0.779466676045827,2.91853270312292,37,"FYB1;CD3D;CD3E;HLA-DRA;CD3G;LCK;LCP2;HLA-DPA1;HLA-DQB1;ITK;HLA-DQB2;TRAV29DV5;CD247;HLA-DPB1;HLA-DQA1;GRAP2;PAK2;VASP;TRAV19;PAK1;HLA-DRB1;TRAV8-4;CD4;LAT;ZAP70;ENAH;HLA-DQA2;EVL;TRBV7-9;WAS;TRBV12-3;CD101;HLA-DRB5"
"REACTOME_BASE_EXCISION_REPAIR_AP_SITE_FORMATION",1.02542633088569e-13,9.59912981967992e-13,0.954541630725724,0.685261308866728,2.825933857746,58,"H2BC26;H4C12;H4C11;TINF2;MBD4;H2AC19;H2AC18;H2BC12;H2AC7;H2BC9;H2BC10;H2AC14;H2BC8;H2AC4;H4C9;H4C16;H2AX;H2BC7;H2BC21;H2BC5;H2BC13;NEIL3;H4C14;H2BC14;H2BC4;H4C15;H2BC17;TDG;H2AC8;H4C1;H2BC6;POT1;H2BC3;H2BC15;H2BC11;TERF2IP;H2AC6;H4C8;H2AZ2;H2AJ;MPG;TERF1;H4C4;H2AC20"
"REACTOME_C_TYPE_LECTIN_RECEPTORS_CLRS",1.22081627972051e-13,1.13493816900914e-12,0.943632225232838,0.54589367490476,2.59349934393568,122,"KRAS;CARD11;CCL22;UBE2D1;PSMA5;NRAS;PSMC2;CLEC4C;PSMA6;PSMA4;PYCARD;NFATC2;PSMA2;CASP8;UBE2N;BCL10;FCER1G;PSMD6;UBE2D2;PSMA1;PSMD14;PSMD12;CLEC7A;PSMB4;PSMD1;UBA3;PAK2;PSMB1;PAK1;SKP1;SYK;IL1B;PSMA3;PSMD2;PSMB2;PSMC6;ICAM3;CHUK;ADRM1;PSMC4;PDPK1;PSMD7;UBE2V1;TAB3;MAP3K7;PSMA7;FBXW11;NFKB1;UBE2M;CLEC6A;LYN;CLEC4A;SRC;PRKACB;PSMB3;MUC1;SEM1;PSMB5;MALT1;CUL1;PSMD8;PSMD11;RELA;RELB;PSMD3"
"REACTOME_REGULATION_OF_PD_L1_CD274_POST_TRANSLATIONAL_MODIFICATION",2.20015372165553e-13,2.03137480602168e-12,0.943632225232838,0.609447678521941,2.71167397830352,86,"PSMA5;PSMC2;PSMA6;PSMA4;PSMA2;CUL3;MAGT1;PSMD6;DERL1;RPN1;PSMA1;SEL1L;STT3B;PSMD14;NEK2;PSMD12;OSTC;PSMB4;COPS5;PSMD1;PSMB1;SKP1;ERLEC1;PRKAG1;CSNK2A1;PSMA3;RBX1;PSMD2;PSMB2;PSMC6;ADRM1;PSMC4;PDCD1;PSMD7;RPN2;STT3A;GSK3B;PSMA7;RNF5;PRKAB1;PSMB3;DAD1;TMEM258;SEM1;PSMB5;DERL3;CUL1;PSMD8;PSMD11;PSMD3;OST4;CD274;DERL2;UBC;CDK4;PSMC5;PSMC3;PSMB7;CSNK2B;PSMC1;UBB"
"REACTOME_KEAP1_NFE2L2_PATHWAY",3.76728352572282e-13,3.45462462086691e-12,0.932595211336209,0.559238643402774,2.59590940477988,112,"PSMA5;PSMC2;PSMA6;PSMA4;PSMA2;PRDX1;CUL3;SRXN1;PSMD6;CDKN1A;TXNRD1;PSMA1;PSMD14;PSMD12;PSMB4;PSMD1;GSR;SLC7A11;PSMB1;NQO1;MAP1LC3B;SKP1;BCL2L1;HMOX1;CSNK2A1;PSMA3;RBX1;PSMD2;PSMB2;PSMC6;TRIM21;ADRM1;CDKN2A;PSMC4;DPP3;PSMD7;SP1;TXN;GSK3B;PSMA7;NFKB1;EIF2AK3;PALB2;CCL2;PSMB3;UFD1;BACH1;SEM1;PRKCI;PSMB5;G6PD;CUL1;NFE2L2;ABCC3;ABCF2;PSMD8;PSMD11;RELA;PSMD3;GCLM;UBC;PSMC5;PSMC3;SQSTM1;AKT1;NPLOC4;PSMB7;CSNK2B;PSMC1;UBB;UBXN7"
"REACTOME_SARS_COV_2_ACTIVATES_MODULATES_INNATE_AND_ADAPTIVE_IMMUNE_RESPONSES",3.79867755510384e-13,3.45987658397296e-12,0.932595211336209,0.558481707922745,2.56189448710678,108,"TLR7;STAT1;RIGI;ISG15;IRF7;TBK1;PTPN6;B2M;IFIH1;NUP210;STAT2;HLA-C;UBE2N;NUP50;TLR1;G3BP2;KPNA2;SEC24A;HLA-B;NUP37;TLR8;NOD2;SIKE1;RAE1;HLA-A;NUP155;CHUK;UBE2V1;TOMM70;TAB3;HSP90AB1;MAP3K7;SEC24D;RIPK2;NUP153;SAR1B;NDC1;NUP205;NUP62;TRIM25;HSP90AA1;SEC24C;NUP160;G3BP1;HLA-F;NUP43;BECN1;CNBP;IFNAR2;TKFC;SEC13;RANBP2;UBC;LARP1;SEH1L;IKBKB;MAVS;NUP107;TLR2;TRAF3;IFNAR1;UBB;IRAK1;NUP93;NUP58;PIK3R4"
"REACTOME_FCGAMMA_RECEPTOR_FCGR_DEPENDENT_PHAGOCYTOSIS",3.86953706953389e-13,3.50076239579307e-12,0.932595211336209,0.513014749217189,2.48519638324791,143,"ACTR2;CYFIP2;IGHG2;IGHG1;ACTR3;PLPP4;ARPC2;IGHG4;ACTB;ABI1;FCGR3A;ARPC1B;VAV3;FCGR1A;ARPC3;CD3G;BTK;ELMO2;IGLV3-1;LIMK1;CFL1;FCGR2A;CD247;ARPC4;ACTG1;NCKAP1L;WIPF1;HCK;CDC42;PLD4;ARPC1A;IGHV3-11;PAK1;IGHV3-33;SYK;WASL;RAC1;ARPC5;IGHV1-69;HSP90AB1;IGHV4-34;VAV1;IGLV1-47;GRB2;IGHV4-59;LYN;WAS;SRC;VAV2;HSP90AA1;IGHV3-30;PIK3CB;MYO5A;IGKV1D-39;IGHV4-39;IGKV1-39;IGKV3-15;IGKV2-28;IGLV3-21;IGKV2D-28;IGLV3-27;IGHV2-5;BRK1;IGKV4-1;IGKV1-5;IGLV3-25;IGKV3-20;MAPK1;IGKV1-16;IGKV1-33;IGKV2D-40;NCK1;IGHV2-70"
"REACTOME_CYCLIN_A_CDK2_ASSOCIATED_EVENTS_AT_S_PHASE_ENTRY",4.65803286217786e-13,4.18601886547717e-12,0.921426003494898,0.622085816291084,2.70057887859381,75,"CDK7;PSMA5;PSMC2;PSMA6;PSMA4;PSMA2;LIN54;CCNE2;PSMD6;CDKN1A;PSMA1;PSMD14;PSMD12;PSMB4;PSMD1;PSMB1;CDKN1B;SKP1;E2F5;PSMA3;PSMD2;PSMB2;PSMC6;ADRM1;PSMC4;CDK2;PSMD7;RBBP4;PSMA7;CCNA2;RB1;PSMB3;CDC25A;CKS1B;MAX;SEM1;CCNE1;E2F1;PSMB5;RBL2;CUL1;PSMD8;PSMD11;PSMD3;UBC;CDK4;PTK6;PSMC5;PSMC3;WEE1;AKT1;PSMB7;PSMC1;UBB"
"REACTOME_PHOSPHORYLATION_OF_CD3_AND_TCR_ZETA_CHAINS",6.97720659680363e-13,6.22865860429887e-12,0.921426003494898,0.83644402707673,2.84408630862195,25,"PTPRC;PTPN22;CD3D;PTPRJ;CD3E;HLA-DRA;CD3G;CSK;LCK;HLA-DPA1;HLA-DQB1;HLA-DQB2;TRAV29DV5;CD247;HLA-DPB1;HLA-DQA1;PAG1;TRAV19;HLA-DRB1;TRAV8-4;CD4;HLA-DQA2;TRBV7-9;TRBV12-3;HLA-DRB5"
"KEGG_NATURAL_KILLER_CELL_MEDIATED_CYTOTOXICITY",8.53823067346148e-13,7.57206246567504e-12,0.921426003494898,0.564939632137066,2.58659425062705,105,"CASP3;KRAS;SH2D1A;PTPN6;FCGR3A;NRAS;RAC2;VAV3;CD48;NFATC2;LCK;TYROBP;MICB;ITGAL;HLA-C;LCP2;TNF;PIK3CG;FCER1G;CD247;HLA-B;FASLG;GZMB;PAK1;HLA-A;ITGB2;PRKCB;SYK;ULBP1;RAC1;NCR3;PIK3R5;LAT;IFNG;HCST;ZAP70;VAV1;KLRK1;GRB2;IFNGR2;KLRC3;ICAM1;PIK3R3;VAV2;PTK2B;PIK3CB;ULBP2"
"REACTOME_ACTIVATION_OF_APC_C_AND_APC_C_CDC20_MEDIATED_DEGRADATION_OF_MITOTIC_PROTEINS",9.41035501724077e-13,8.29095330930756e-12,0.910119734774459,0.650882197388892,2.74697874898102,64,"UBE2D1;PSMA5;PSMC2;PSMA6;PSMA4;PSMA2;BUB3;PLK1;PSMD6;CCNB1;PSMA1;CDK1;PSMD14;NEK2;PSMD12;UBE2S;PSMB4;PSMD1;MAD2L1;UBE2C;PSMB1;BUB1B;PTTG1;PSMA3;PSMD2;PSMB2;PSMC6;CDC20;ADRM1;PSMC4;PSMD7;UBE2E1;ANAPC11;PSMA7;CCNA2;PSMB3;SEM1;PSMB5;CDC23;PSMD8;PSMD11;PSMD3;UBC;PSMC5;PSMC3;CDC27;PSMB7;PSMC1;UBB"
"REACTOME_INTERFERON_GAMMA_SIGNALING",9.56062016721667e-13,8.36864674377148e-12,0.910119734774459,0.581607325135259,2.62746465389038,93,"OAS1;OAS2;STAT1;IRF7;OAS3;PTPN1;OASL;PTPN6;B2M;IRF9;HLA-DRA;IFI30;FCGR1A;TRIM14;HLA-C;GBP1;HLA-DPA1;HLA-DQB1;GBP5;HLA-DQB2;HLA-DPB1;FCGR1BP;HLA-DQA1;IRF8;SUMO1;HLA-B;TRIM26;HLA-H;HLA-DRB1;HLA-A;IRF1;SMAD7;TRIM21;IRF5;TRIM22;IFNG;GBP3;SP100;SOCS3;IFNGR2;HLA-DQA2;ICAM1;TRIM25;PTAFR;HLA-DRB5;HLA-F;TRIM34"
"REACTOME_ACTIVATION_OF_NF_KAPPAB_IN_B_CELLS",1.05271564625386e-12,9.15523026548522e-12,0.910119734774459,0.679246078559019,2.77288133255828,54,"REL;CARD11;PSMA5;PSMC2;PSMA6;PSMA4;PSMA2;NFKBIE;BCL10;PSMD6;PSMA1;PSMD14;PSMD12;PSMB4;PSMD1;PSMB1;SKP1;PRKCB;PSMA3;PSMD2;PSMB2;PSMC6;CHUK;ADRM1;PSMC4;PSMD7;MAP3K7;PSMA7;FBXW11;NFKB1;PSMB3;SEM1;PSMB5;MALT1;CUL1;PSMD8;PSMD11;RELA;PSMD3;UBC;PSMC5;IKBKB;PSMC3;PSMB7;PSMC1;UBB"
"REACTOME_RMTS_METHYLATE_HISTONE_ARGININES",1.13305728079517e-12,9.79077701610185e-12,0.910119734774459,0.615670562546187,2.67272918597812,75,"H3C12;H4C12;H4C11;H2AC25;H2AC17;H2AC15;H3C8;H2AC19;H2AC18;H2AC7;H3C10;H2AC14;H2AC4;H4C9;H4C16;H2AX;H2AC13;H3C4;H4C14;H2AC16;H4C15;H3C7;RBBP7;H3C3;H2AC8;H3C13;H4C1;ARID1A;H3C11;H3C14;H3C15;H2AC11;H2AC21;ARID2;H2AC12;ACTL6A;H2AC6;H3C2;H4C8;H2AZ2;SMARCD1;H2AJ;H4C4;H2AC20;SMARCB1;H3C6;CDK4"
"REACTOME_PROTEASOME_ASSEMBLY",1.29652686701816e-12,1.11319631639521e-11,0.910119734774459,0.698469238992298,2.79029979632378,50,"PSMB10;PSMA5;PSMC2;PSMA6;PSMA4;PSME1;PSMB8;PSMA2;PSMD10;PSME2;PSMD6;POMP;PSMA1;PSMD14;PSMD12;PSMB4;PSMD1;PSMB1;PSMG3;PSMA3;PSMD2;PSMB2;PSMC6;ADRM1;PSMC4;PSMB9;PSMD4;PSMD7;PSMA7;PSMF1;PSME4;PSMG1;PSMB3;SEM1;PSMB5;PSMD5;PSMD8;PSMD11;PSMD3;PSMC5;PSMC3;PSME3;PSMB7;PSMC1;PSMD9;PSMG2;PAAF1;PSMD13"
"REACTOME_INTRA_GOLGI_AND_RETROGRADE_GOLGI_TO_ER_TRAFFIC",1.31235385744524e-12,1.11965379736468e-11,0.910119734774459,0.46362374129883,2.38501817142971,198,"CAPZA1;CAPZA2;TUBB3;KIF26B;DCTN5;M6PR;ARCN1;ARF3;GALNT1;RAB18;KIF2A;RAB1A;TUBA1C;TMED2;ZW10;ARF4;YKT6;TMED9;KIF23;KIF20B;KIF5B;TMED7;RAB6A;PAFAH1B2;MAN2A1;KIF18A;COPZ1;COPG1;KIF21B;KIF11;KIF4A;RACGAP1;GALNT2;KIF2C;RINT1;CENPE;COG2;RAB39A;COPB2;CAPZB;TUBA4B;SEC22B;PAFAH1B3;TUBA1B;NSF;KIF22;KIFC1;KDELR1;DYNLL1;ARF1;KDELR2;TMED3;TUBA1A;NAPA;BNIP1;ARF5;STX6;KIF20A;GCC1;NAPG;DYNC1LI1;GCC2;RAB3GAP2;DYNLL2;COPA;COPB1;ARL1;CUX1;SCOC;AGPAT3;RAB30;KIF21A;RAB1B;CYTH1;KIF15;GOLGA5;KIF1A;SYS1;DCTN4;VPS45;RAB43;KIF3B;TUBA4A;KIF3A;ARFGAP1;TMF1;TGOLN2;CYTH4;SNAP29;PLIN3;KIF18B;ACTR1A;TUBB8;ARFGAP3;VPS52;SURF4;TMED10;STX16;TUBB4B;KDELR3;ACTR10;USP6NL;BICD2;NAA30;COG4;TUBB1;RAB3GAP1;COG5"
"KEGG_PROTEASOME",1.45008187883455e-12,1.22937759287357e-11,0.910119734774459,0.72484522370113,2.79540872917094,42,"PSMB10;PSMA5;PSMC2;PSMA6;PSMA4;PSME1;PSMB8;PSMA2;PSME2;PSMD6;POMP;PSMA1;PSMD14;PSMD12;PSMB4;PSMD1;PSMB1;PSMA3;PSMD2;PSMB2;PSMC6;PSMC4;PSMB9;PSMD4;PSMD7;IFNG;PSMA7;PSMF1;PSME4;PSMB3;SEM1;PSMB5;PSMD8;PSMD11;PSMD3;PSMC5;PSMC3;PSME3;PSMB7;PSMC1"
"REACTOME_EPIGENETIC_REGULATION_OF_GENE_EXPRESSION",1.48041246205079e-12,1.24724749927779e-11,0.910119734774459,0.399115594741379,2.16680916923462,314,"POLR2K;H2BC26;H3C12;ACTB;CDK7;H4C12;H4C11;CBX3;H3C8;H2AC19;H2AC18;H2BC12;H2AC7;H3C10;DR1;H2BC9;ZNF28;NCOA3;ZNF816;H2BC10;H2AC14;H2BC8;H2AC4;SMARCA5;UBE2I;H4C9;H4C16;H2AX;H2BC7;H2BC21;H2BC5;H2BC13;ZNF264;MED14;UHRF1;H3C4;SF3B1;H4C14;SS18;H2BC14;H2BC4;RBM7;H4C15;H2BC17;H3C7;TDG;ARID4B;RBBP7;SUMO2;SPOCD1;DDX21;H3C3;HDAC1;PAGR1;CDK5;ZNF354A;H2AC8;H3C13;H4C1;NCOA2;ARID1A;H2BC6;PHF20;DEK;DPY30;CCNC;H2BC3;ZCCHC8;GSK3B;H3C11;H3C14;RBBP4;MTF2;TBL1XR1;EPOP;H3C15;ZNF765;ZNF547;EZH2;H2BC15;KDM6A;ACTL6A;JARID2;H2BC11;MED23;PHF20L1;POLR1H;GTF2H3;H3-3A;RB1;CHD4;ZNF669;TET3;SIN3A;H2AC6;H3C2;MED13;MTREX;POLR2H;ZNF320;GTF2H2;PPHLN1;H4C8;H2AZ2;POLR1F;BAZ1B;SETD1B;SAP130;MED17;ZNF680;H3-3B;SIRT1;TAF1B;TBP;SS18L1;BAZ2A;KANSL2;MED7;MED1;SMARCD1;GATAD2B;H2AJ;H4C4;H2AC20;DNMT1;SMARCB1;GTF2H5;RBBP5;CBX5;MED30;MED10;H3C6;ZNF708;TAF1D"
"REACTOME_ORC1_REMOVAL_FROM_CHROMATIN",1.86075313568782e-12,1.55794734590508e-11,0.898671232061694,0.666599120674187,2.74897327527835,58,"PSMA5;PSMC2;PSMA6;PSMA4;PSMA2;CDC6;PSMD6;PSMA1;PSMD14;PSMD12;PSMB4;PSMD1;PSMB1;SKP1;PSMA3;RBX1;PSMD2;PSMB2;PSMC6;ADRM1;PSMC4;CDK2;PSMD7;MCM2;ORC6;PSMA7;CCNA2;MCM4;ORC3;MCM6;PSMB3;SEM1;PSMB5;ORC2;CUL1;PSMD8;PSMD11;PSMD3;UBC;ORC5;MCM8;PSMC5;PSMC3;PSMB7;ORC1;PSMC1;UBB;CDT1"
"KEGG_UBIQUITIN_MEDIATED_PROTEOLYSIS",1.92800927312232e-12,1.60429413590672e-11,0.898671232061694,0.521580566810563,2.502447746115,132,"UBE2W;UBE2D1;ELOC;ANAPC13;UBE2F;XIAP;UBE2L6;WWP1;BIRC3;CUL5;UBE2N;UBE2B;UBE2K;CUL3;UBE4A;UBE2I;UBE2D2;RNF7;BIRC2;UBE2S;UBE2A;ELOB;UBA3;TRIP12;FBXO4;ITCH;UBE2C;UBE2Z;CUL2;SKP1;NEDD4;RBX1;UBE2J1;CDC20;UBE2G1;UBE2D3;VHL;UBE2E1;UBE2Q2;ANAPC11;SOCS3;UBA6;FBXW11;UBE2M;CUL4B;UBE2Q1;UBE3A;SAE1;UBR5;UBA1;UBE2QL1;PRPF19;DDB1;TRIM37;CDC23;UBE3C;CUL1;SIAH1;UBE2L3;STUB1"
"REACTOME_G1_S_DNA_DAMAGE_CHECKPOINTS",1.96435652496818e-12,1.62451079488166e-11,0.898671232061694,0.634814764884737,2.68157944691893,67,"PSMA5;PSMC2;PSMA6;PSMA4;PSMA2;CCNE2;PSMD6;CDKN1A;PSMA1;PSMD14;PSMD12;PSMB4;PSMD1;PSMB1;CDKN1B;SKP1;PSMA3;RBX1;PSMD2;PSMB2;PSMC6;ADRM1;CDKN2A;PSMC4;CDK2;PSMD7;PHF20;GSK3B;PSMA7;FBXW11;CCNA2;PLK3;CHEK1;PSMB3;CDC25A;SEM1;CCNE1;PSMB5;CSNK1A1;CUL1;PSMD8;PSMD11;PSMD3;UBC;PSMC5;PSMC3;MDM2;ATM;MAPK14;PSMB7;CHEK2;PSMC1;UBB"
"HALLMARK_DNA_REPAIR",2.16980353006221e-12,1.7834726576365e-11,0.898671232061694,0.502101420424201,2.46333525700315,150,"CMPK2;POLR2K;RRM2B;ARL6IP1;TAF9;POLD4;SEC61A1;NT5C3A;TMED2;GTF2B;TAF13;COX17;ZWINT;BOLA2;RPA3;PNP;HPRT1;SUPT4H1;GTF2A2;POLR2D;POLB;STX3;RFC4;TAF12;RAE1;NUDT21;PCNA;GMPR2;RBX1;HCLS1;ERCC4;TSG101;ALYREF;ADRM1;PRIM1;NME1;MPC2;RALA;FEN1;POLR2G;POLR1H;GTF2H3;CANT1;CLP1;RFC5;NME3;POLR2J;DAD1;NCBP2;POLR2H;RAD51;CETN2;DDB1;ITPA;RPA2;POLR3C;PDE6G;DCTN4;CCNO;SRSF6;GUK1;MPG;SNAPC5;GTF2H5;ZNF707;CSTF3;APRT;NELFCD"
"REACTOME_PARASITE_INFECTION",2.567228587142e-12,2.08471333461893e-11,0.898671232061694,0.541294414704883,2.5499839086099,116,"ACTR2;CYFIP2;IGHG2;IGHG1;ACTR3;ARPC2;IGHG4;ACTB;ABI1;FCGR3A;ARPC1B;VAV3;ARPC3;CD3G;BTK;ELMO2;IGLV3-1;CD247;ARPC4;ACTG1;NCKAP1L;WIPF1;HCK;CDC42;ARPC1A;IGHV3-11;IGHV3-33;SYK;WASL;RAC1;ARPC5;IGHV1-69;IGHV4-34;VAV1;IGLV1-47;GRB2;IGHV4-59;LYN;WAS;SRC;VAV2;IGHV3-30;MYO5A;IGKV1D-39;IGHV4-39;IGKV1-39;IGKV3-15;IGKV2-28;IGLV3-21;IGKV2D-28;IGLV3-27;IGHV2-5;BRK1;IGKV4-1;IGKV1-5;IGLV3-25;IGKV3-20;MAPK1;IGKV1-16;IGKV1-33;IGKV2D-40;NCK1;IGHV2-70"
"REACTOME_THE_ROLE_OF_GTSE1_IN_G2_M_PROGRESSION_AFTER_G2_CHECKPOINT",2.55209757385826e-12,2.08471333461893e-11,0.898671232061694,0.643700918069691,2.71667092713633,64,"TUBB3;PSMA5;PSMC2;PSMA6;PSMA4;PSMA2;MAPRE1;TUBA1C;PLK1;PSMD6;CDKN1A;CCNB1;PSMA1;CDK1;PSMD14;PSMD12;PSMB4;PSMD1;PSMB1;PSMA3;PSMD2;PSMB2;PSMC6;CCNB2;ADRM1;PSMC4;TUBA4B;PSMD7;TUBA1B;HSP90AB1;FKBPL;PSMA7;TUBA1A;HSP90AA1;GTSE1;PSMB3;SEM1;PSMB5;PSMD8;PSMD11;TUBA4A;PSMD3;UBC;PSMC5;PSMC3;TUBB8;PSMB7;TUBB4B;PSMC1;UBB"
"REACTOME_METABOLISM_OF_POLYAMINES",3.21713023378897e-12,2.5968212905075e-11,0.898671232061694,0.703984278489008,2.77898630878287,46,"PSMA5;PSMC2;PSMA6;PSMA4;PSMA2;SMS;AZIN1;PSMD6;PSMA1;PSMD14;SAT1;PSMD12;PSMB4;PSMD1;AZIN2;PSMB1;NQO1;PSMA3;PSMD2;PSMB2;PSMC6;ADRM1;PSMC4;PSMD7;PSMA7;PSMB3;OAZ1;OAZ3;SEM1;PSMB5;AGMAT;PSMD8;PSMD11;PSMD3;PAOX;PSMC5;PSMC3;PSMB7;PSMC1;AMD1"
"REACTOME_APC_C_CDH1_MEDIATED_DEGRADATION_OF_CDC20_AND_OTHER_APC_C_CDH1_TARGETED_PROTEINS_IN_LATE_MITOSIS_EARLY_G1",3.78320163289679e-12,3.0355689292529e-11,0.887074988399873,0.648238930735469,2.71528424663041,61,"UBE2D1;PSMA5;PSMC2;PSMA6;PSMA4;PSMA2;PLK1;PSMD6;PSMA1;PSMD14;PSMD12;UBE2S;PSMB4;PSMD1;AURKA;UBE2C;PSMB1;PTTG1;PSMA3;PSMD2;PSMB2;PSMC6;CDC20;ADRM1;PSMC4;PSMD7;UBE2E1;ANAPC11;PSMA7;RB1;PSMB3;AURKB;SEM1;PSMB5;CDC23;PSMD8;PSMD11;PSMD3;UBC;PSMC5;PSMC3;CDC27;PSMB7;PSMC1;UBB"
"HALLMARK_PI3K_AKT_MTOR_SIGNALING",3.93479028782174e-12,3.13851911715012e-11,0.887074988399873,0.561035627955163,2.55514500136076,102,"ACTR2;ACTR3;CXCR4;DAPP1;MYD88;CAMK4;TBK1;CAB39;VAV3;ARPC3;IRAK4;LCK;IL2RG;STAT2;EIF4E;CALR;UBE2N;PFN1;MAPK9;CFL1;SLA;GNA14;CDKN1A;CLTC;PPP1CA;TIAM1;CDK1;TRIB3;YWHAB;FASLG;RIT1;CDKN1B;HSP90B1;AP2M1;PRKAG1;PRKCB;RPS6KA1;RAC1;UBE2D3;CDK2;GSK3B;ARF1;MAP3K7;GRB2;GRK2;SLC2A1"
"REACTOME_RNA_POLYMERASE_II_TRANSCRIPTION_TERMINATION",4.0798401308621e-12,3.23507323317771e-11,0.887074988399873,0.629467345791531,2.65415092828988,66,"SRSF2;CPSF3;EIF4A3;SNRPG;FYTTD1;CSTF2;SRSF1;SRSF7;CSTF1;SNRPB;U2AF1;NUDT21;THOC2;ALYREF;SRSF3;MAGOH;SRSF11;THOC6;SRSF9;PAPOLA;CPSF2;SNRPE;CDC40;RNPS1;CLP1;MAGOHB;SNRPF;NCBP2;U2AF2;SLBP;SARNP;THOC3;PCF11;LSM10;RBM8A;SRSF6;THOC7;CSTF2T;CSTF3;SNRPD3;SLU7"
"REACTOME_CROSS_PRESENTATION_OF_SOLUBLE_EXOGENOUS_ANTIGENS_ENDOSOMES",5.81919502267588e-12,4.58729525764157e-11,0.887074988399873,0.713032961494541,2.74985403721209,42,"PSMB10;PSMA5;PSMC2;PSMA6;PSMA4;FCGR1A;PSME1;PSMB8;PSMA2;PSME2;PSMD6;FCGR1BP;PSMA1;PSMD14;PSMD12;PSMB4;PSMD1;PSMB1;PSMA3;PSMD2;PSMB2;PSMC6;ADRM1;PSMC4;PSMB9;PSMD7;PSMA7;PSMB3;SEM1;PSMB5;PSMD8;PSMD11;PSMD3;PSMC5;PSMC3"
"KEGG_T_CELL_RECEPTOR_SIGNALING_PATHWAY",1.09146792329674e-11,8.5540625616512e-11,0.875325132024659,0.551233262637735,2.5161007045109,103,"KRAS;CARD11;ICOS;PTPRC;CTLA4;CD3D;PTPN6;NRAS;CD3E;VAV3;CD3G;NFATC2;LCK;NFKBIE;LCP2;ITK;TNF;CD8A;MAPK9;BCL10;PIK3CG;CD247;RASGRP1;GRAP2;CDC42;PAK2;PAK1;CD8B;CD4;RHOA;CHUK;CD28;PDPK1;PDCD1;PIK3R5;LAT;IFNG;ZAP70;GSK3B;MAP3K7;VAV1;GRB2;NFKB1;PIK3R3;VAV2;PIK3CB;IL10"
"REACTOME_SCF_SKP2_MEDIATED_DEGRADATION_OF_P27_P21",1.26852785131937e-11,9.88425169698558e-11,0.875325132024659,0.681080103515853,2.72083231161654,50,"PSMA5;PSMC2;PSMA6;PSMA4;PSMA2;CCNE2;PSMD6;CDKN1A;PSMA1;PSMD14;PSMD12;PSMB4;PSMD1;PSMB1;CDKN1B;SKP1;PSMA3;PSMD2;PSMB2;PSMC6;ADRM1;PSMC4;CDK2;PSMD7;PSMA7;CCNA2;PSMB3;CKS1B;SEM1;CCNE1;PSMB5;CUL1;PSMD8;PSMD11;PSMD3;UBC;CDK4;PTK6;PSMC5;PSMC3;PSMB7;PSMC1;UBB"
"REACTOME_MEIOTIC_SYNAPSIS",1.36011309397413e-11,1.05369681073398e-10,0.875325132024659,0.617222295900313,2.64732835617151,71,"H2BC26;H4C12;H4C11;TINF2;RAD21;H2AC19;H2AC18;H2BC12;H2AC7;H2BC9;H2BC10;H2AC14;H2BC8;H2AC4;UBE2I;H4C9;H4C16;H2AX;H2BC7;H2BC21;H2BC5;H2BC13;H4C14;H2BC14;H2BC4;H4C15;H2BC17;SYCP2;H2AC8;LMNB1;H4C1;H2BC6;POT1;H2BC3;H2BC15;H2BC11;TERF2IP;H2AC6;STAG2;H4C8;H2AZ2;H2AJ;TERF1;H4C4;H2AC20;DIDO1;REC8;SMC3"
"KEGG_CELL_CYCLE",1.40153000445276e-11,1.07957854057276e-10,0.875325132024659,0.516820175690581,2.46781907070493,125,"CDK7;YWHAZ;ANAPC13;TGFB1;RAD21;BUB1;BUB3;CCNE2;YWHAQ;PLK1;CDC6;CDKN1A;CCNB1;DBF4;CDK1;PKMYT1;YWHAH;CDC7;YWHAB;MAD2L1;CDKN1B;BUB1B;SKP1;PTTG1;GADD45B;E2F5;PCNA;RBX1;CCNB2;HDAC1;E2F3;CDC20;CDKN2D;CDKN2A;TTK;CDK2;MCM2;GSK3B;ORC6;ANAPC11;E2F2;ESPL1;CCNA2;RB1;MCM4;ORC3;CHEK1;MCM6;CDC25A;STAG2;CDC25C;CCNE1;E2F1;ORC2;RBL1;RBL2;CDC23;CUL1;TGFB2;ORC5;CDK4;SMC3;MDM2;WEE1;CDC27;ATM;ORC1;PRKDC;CHEK2;HDAC2"
"REACTOME_PRE_NOTCH_EXPRESSION_AND_PROCESSING",1.49311554911165e-11,1.14359077284233e-10,0.863415391606693,0.528458002649776,2.45200257987778,111,"H2BC26;H3C12;H4C12;H4C11;H3C8;H2AC19;H2AC18;H2BC12;H2AC7;H3C10;H2BC9;TMED2;H2BC10;ATP2A3;H2AC14;H2BC8;H2AC4;H4C9;H4C16;H2AX;SEL1L;H2BC7;H2BC21;H2BC5;H2BC13;RAB6A;H3C4;H4C14;H2BC14;H2BC4;H4C15;H2BC17;H3C7;H3C3;E2F3;H2AC8;H3C13;H4C1;H2BC6;H2BC3;H3C11;H3C14;MOV10;H3C15;H2BC15;ATP2A2;H2BC11;H3-3A;MAML1;H2AC6;H3C2;E2F1;PRKCI;LFNG;H4C8;H2AZ2;RUNX1;H3-3B;B4GALT1;H2AJ;H4C4;H2AC20"
"REACTOME_TRANSPORT_OF_MATURE_TRANSCRIPT_TO_CYTOPLASM",1.55681749809577e-11,1.18564406069666e-10,0.863415391606693,0.588889328408914,2.56131832471262,81,"SRSF2;NUP210;CPSF3;EIF4E;EIF4A3;NUP50;FYTTD1;NUP37;SRSF1;SRSF7;RAE1;U2AF1;THOC2;ALYREF;NUP155;SRSF3;MAGOH;SRSF11;THOC6;SRSF9;NUP153;NDC1;NUP205;NUP62;CPSF2;CDC40;RNPS1;MAGOHB;NCBP2;NUP160;U2AF2;SLBP;SARNP;NUP43;THOC3;SEC13;RBM8A;SRSF6;RANBP2;THOC7;SEH1L;SLU7;NUP107;FIP1L1;CHTOP;NUP93;NUP58;GLE1;DDX39A;NXT1;NUP133;NUP42;NCBP1"
"REACTOME_GOLGI_TO_ER_RETROGRADE_TRANSPORT",1.94724625291776e-11,1.47465615108603e-10,0.863415391606693,0.502103350124866,2.4067620399048,130,"CAPZA1;CAPZA2;TUBB3;KIF26B;DCTN5;ARCN1;ARF3;GALNT1;RAB18;KIF2A;RAB1A;TUBA1C;TMED2;ZW10;ARF4;TMED9;KIF23;KIF20B;KIF5B;TMED7;RAB6A;PAFAH1B2;KIF18A;COPZ1;COPG1;KIF21B;KIF11;KIF4A;RACGAP1;GALNT2;KIF2C;RINT1;CENPE;COPB2;CAPZB;TUBA4B;SEC22B;PAFAH1B3;TUBA1B;NSF;KIF22;KIFC1;KDELR1;DYNLL1;ARF1;KDELR2;TMED3;TUBA1A;NAPA;BNIP1;ARF5;KIF20A;NAPG;DYNC1LI1;RAB3GAP2;DYNLL2;COPA;COPB1;AGPAT3;KIF21A;RAB1B;KIF15;KIF1A;DCTN4;KIF3B;TUBA4A;KIF3A;ARFGAP1"
"REACTOME_P53_DEPENDENT_G1_DNA_DAMAGE_RESPONSE",2.67217759403115e-11,2.01234379706927e-10,0.863415391606693,0.656467648766624,2.67782860015741,53,"PSMA5;PSMC2;PSMA6;PSMA4;PSMA2;CCNE2;PSMD6;CDKN1A;PSMA1;PSMD14;PSMD12;PSMB4;PSMD1;PSMB1;CDKN1B;PSMA3;PSMD2;PSMB2;PSMC6;ADRM1;CDKN2A;PSMC4;CDK2;PSMD7;PHF20;PSMA7;CCNA2;PSMB3;SEM1;CCNE1;PSMB5;PSMD8;PSMD11;PSMD3;UBC;PSMC5;PSMC3;MDM2;ATM;PSMB7;CHEK2;PSMC1;UBB"
"HALLMARK_PROTEIN_SECRETION",2.96240608748292e-11,2.21167512198182e-10,0.851339057116899,0.561439482670866,2.53103059684566,96,"PPT1;RAB2A;TMX1;SNAP23;M6PR;ARCN1;ARFGEF1;VAMP7;TMED2;ZW10;TPD52;YKT6;AP1G1;RAB5A;CLTC;SEC31A;STAM;SOD1;KRT18;YIPF6;LMAN1;LAMP2;ATP6V1H;AP2M1;AP2S1;ADAM10;RAB22A;COG2;TSG101;SCAMP1;COPB2;SEC22B;ARF1;GNAS;SEC24D;NAPA;NAPG;AP3B1;COPB1;RAB14;AP2B1;AP3S1;SCAMP3;BET1;VPS45;ANP32E;SNX2;MAPK1;RER1;BNIP3;GLA;VPS4B;ICA1;TOM1L1;SCRN1;ARFGAP3;ARFGEF2;ATP7A;GALC;TMED10;STX16;CTSC;CLCN3"
"KEGG_CELL_ADHESION_MOLECULES_CAMS",2.9696824709103e-11,2.21167512198182e-10,0.851339057116899,0.509020072600756,2.42767791762044,126,"CNTNAP2;ICOS;CD80;PTPRC;CD86;CTLA4;SDC1;SELPLG;CD2;CD22;SELL;SPN;CD6;VCAN;ITGA4;CD226;HLA-DRA;ITGAV;HLA-DMB;ITGAL;HLA-C;HLA-DPA1;HLA-DOA;HLA-DQB1;CD8A;NCAM2;HLA-DPB1;OCLN;HLA-DQA1;HLA-B;CLDN3;NECTIN2;CLDN4;ITGB7;CLDN9;ALCAM;HLA-DRB1;HLA-A;ITGB2;CD8B;SELE;CD4;CD58;ICAM3;L1CAM;CD28;CDH2;PDCD1;CLDN1;CDH1;CLDN7;CD276;MAG;SDC4;HLA-DQA2;ICAM1;HLA-DMA;F11R;HLA-DRB5;ITGAM;HLA-DOB"
"HALLMARK_APOPTOSIS",3.06198045710824e-11,2.26788442647357e-10,0.851339057116899,0.471120232601902,2.32219262767335,159,"CASP3;BGN;LEF1;PPT1;CD69;TNFRSF12A;SLC20A1;CD2;LUM;CYLD;PMAIP1;F2R;XIAP;GCH1;IL18;CASP8;BIRC3;ISG20;TNF;BMF;BCL10;ETF1;HSPB1;MCL1;CDKN1A;SOD1;SAT1;KRT18;BCL2L11;BAX;IER3;GSR;FASLG;BIK;CDKN1B;PAK1;GADD45B;BCL2L1;TAP1;HMOX1;MMP2;RARA;IRF1;IL1B;HMGB2;SMAD7;DAP;DNAJC3;CASP7;CDK2;TOP2A;IFITM3;CASP1;DNAJA1;DIABLO;PLCB2;DAP3;CASP6;CASP2;PSEN1;RNASEL;TIMP1;CD38;H1-0;CASP4;VDAC2;BTG2;ANKH;RELA;TGFB2"
"REACTOME_SUMOYLATION",3.11176766912616e-11,2.29216547430714e-10,0.851339057116899,0.445666453230915,2.2614514154273,185,"XRCC4;SMC6;EIF2AK2;H4C12;H4C11;CBX4;RAD21;NUP210;NRIP1;NUP50;SENP1;UBE2I;H4C9;SP3;H4C16;SUMO1;SUMO3;TOP1;CBX2;NUP37;H4C14;AURKA;H4C15;TDG;BLM;SUMO2;BIRC5;VDR;RAE1;RARA;BMI1;PCNA;PARP1;HDAC1;NUP155;CBX8;CDKN2A;TOP2A;H4C1;NCOA2;VHL;HNRNPC;NSMCE1;DDX5;CDCA8;SP100;NUP153;NDC1;HNRNPK;NUP205;DAXX;NUP62;SAE1;NOP58;SIN3A;ZNF131;STAG2;AURKB;NUP160;ZNF350;H4C8;CETN2;NUP43;NSMCE2;ZBED1;SEC13;INCENP;RELA;RNF168;TRIM27;RANBP2;H4C4;RNF2;DNMT1;SEH1L;SENP5;CBX5;SMC3;ING2;MDM2;NFKB2;NSMCE3;TFAP2A;NUP107;SUZ12;PIAS4;HDAC2;DNMT3B;TOP2B;NUP93;NUP58;H4C6;NPM1;PHC3;NUP133;NFKBIA;NUP42;ESR1;SMC1A;RANGAP1;PIAS1;PARK7;H4C13"
"REACTOME_REGULATION_OF_RUNX3_EXPRESSION_AND_ACTIVITY",3.23203533341786e-11,2.367817189917e-10,0.851339057116899,0.691788037053728,2.70966042920113,45,"PSMA5;PSMC2;PSMA6;TGFB1;PSMA4;PSMA2;CBFB;PSMD6;PSMA1;PSMD14;PSMD12;RUNX3;PSMB4;PSMD1;PSMB1;PSMA3;PSMD2;PSMB2;PSMC6;ADRM1;CDKN2A;PSMC4;PSMD7;PSMA7;SRC;PSMB3;SEM1;PSMB5;PSMD8;PSMD11;PSMD3;UBC;PSMC5;PSMC3;MDM2;PSMB7;SMURF2;PSMC1;UBB"
"REACTOME_REGULATION_OF_MRNA_STABILITY_BY_PROTEINS_THAT_BIND_AU_RICH_ELEMENTS",3.58609274051171e-11,2.61300162930258e-10,0.851339057116899,0.598464675545323,2.5990535888276,74,"TNPO1;PSMA5;YWHAZ;PSMC2;PSMA6;PSMA4;HSPA8;PSMA2;MAPKAPK2;HSPB1;PSMD6;PSMA1;PSMD14;PSMD12;PSMB4;PSMD1;YWHAB;PSMB1;XPO1;PSMA3;PSMD2;PSMB2;PSMC6;PARN;DCP2;ADRM1;PSMC4;PSMD7;PSMA7;ELAVL1;EXOSC6;PSMB3;EIF4G1;SEM1;PSMB5;ANP32A;SET;PSMD8;PSMD11;EXOSC9;PSMD3;UBC;XRN1;PSMC5;PSMC3;EXOSC1;AKT1;MAPK14;PSMB7;PSMC1;UBB;TNFSF13;PSMD13;EXOSC3;PRKCD"
"REACTOME_DECTIN_1_MEDIATED_NONCANONICAL_NF_KB_SIGNALING",4.1837885375144e-11,3.0321220153599e-10,0.851339057116899,0.677582467414045,2.69905893929305,49,"CCL22;PSMA5;PSMC2;PSMA6;PSMA4;PSMA2;PSMD6;PSMA1;PSMD14;PSMD12;PSMB4;PSMD1;UBA3;PSMB1;SKP1;PSMA3;PSMD2;PSMB2;PSMC6;CHUK;ADRM1;PSMC4;PSMD7;PSMA7;FBXW11;UBE2M;PSMB3;SEM1;PSMB5;CUL1;PSMD8;PSMD11;RELA;RELB;PSMD3;UBC;PSMC5;PSMC3;NFKB2;PSMB7;PSMC1;UBB"
"REACTOME_DNA_DOUBLE_STRAND_BREAK_RESPONSE",4.3528304986261e-11,3.13006971927759e-10,0.851339057116899,0.590199335267912,2.56215431576217,75,"H2BC26;H4C12;H4C11;H2BC12;H2BC9;UBE2N;H2BC10;KPNA2;H2BC8;SMARCA5;UBE2I;H4C9;H4C16;H2AX;SUMO1;H2BC7;H2BC21;H2BC5;H2BC13;H4C14;UBE2V2;H2BC14;H2BC4;H4C15;H2BC17;H4C1;H2BC6;H2BC3;H2BC15;BARD1;H2BC11;H4C8;BAZ1B;RNF168;KDM4A;H4C4;UBC;EYA3;NBN;ATM;PIAS4;CHEK2;BRCC3;UBB"
"REACTOME_SARS_COV_2_HOST_INTERACTIONS",4.36537913371058e-11,3.13006971927759e-10,0.851339057116899,0.448247822532518,2.26915738374993,184,"TLR7;STAT1;RIGI;ISG15;IRF7;TBK1;PTPN6;B2M;YWHAZ;IFIH1;NUP210;STAT2;HLA-C;UBE2N;NUP50;YWHAQ;TLR1;SNRPG;RPS27L;G3BP2;KPNA2;SEC24A;HLA-B;YWHAH;NUP37;YWHAB;DDX20;VPS33A;TLR8;SMN1;NOD2;SIKE1;MAP1LC3B;RAE1;SNRPB;HLA-A;NUP155;CHUK;PDPK1;UBE2V1;TOMM70;TAB3;HSP90AB1;MAP3K7;SEC24D;RIPK2;NUP153;SAR1B;NDC1;NUP205;NUP62;VPS41;SNRPE;TRIM25;HSP90AA1;SEC24C;SNRPF;SMN2;GEMIN7;VPS16;NUP160;G3BP1;HLA-F;NUP43;TUFM;VPS18;BECN1;SNRPD1;CNBP;IFNAR2;TKFC;SEC13;VPS45;RANBP2;UBC;LARP1;SEH1L;CRB3;SNRPD3;IKBKB;MAVS;AKT1;NUP107;TLR2;TRAF3;IFNAR1"
"REACTOME_RHO_GTPASES_ACTIVATE_PKNS",4.64312219585476e-11,3.31160249736096e-10,0.851339057116899,0.56217881753087,2.52518293612939,90,"H2BC26;H3C12;H4C12;H4C11;YWHAZ;H3C8;H2AC19;H2AC18;H2BC12;H2AC7;H3C10;H2BC9;YWHAQ;H2BC10;H2AC14;H2BC8;H2AC4;H4C9;H4C16;H2AX;H2BC7;H2BC21;YWHAH;H2BC5;H2BC13;H3C4;YWHAB;H4C14;H2BC14;H2BC4;H4C15;H2BC17;H3C7;PAK1;H3C3;RHOA;RAC1;MYL12B;H2AC8;H3C13;PDPK1;H4C1;NCOA2;H2BC6;H2BC3;H3C11;H3C14;H3C15;H2BC15;H2BC11;H3-3A;RHOC;H2AC6;CDC25C;H3C2;H4C8;H2AZ2"
"REACTOME_REGULATION_OF_CDH1_FUNCTION",5.00018446459298e-11,3.54749929382702e-10,0.851339057116899,0.633275939072438,2.63163872527497,59,"ACTB;PSMA5;PSMC2;PSMA6;PSMA4;PSMA2;ACTG1;PSMD6;CTSB;PSMA1;PSMD14;PSMD12;PSMB4;PSMD1;CBLL1;PSMB1;CTSS;CTSL;PSMA3;PSMD2;PSMB2;PSMC6;ADRM1;PSMC4;PSMD7;CDH1;PSMA7;MTBP;SRC;PSMB3;SEM1;PSMB5;PSMD8;PSMD11;PSMD3;ACTA1;UBC;DNM2;PSMC5;PSMC3;MDM2;PSMB7;PSMC1;UBB"
"REACTOME_E3_UBIQUITIN_LIGASES_UBIQUITINATE_TARGET_PROTEINS",5.53295956432177e-11,3.90493690717578e-10,0.851339057116899,0.63999108284589,2.6392449803721,58,"UBE2D1;PEX2;H2BC12;PEX13;H2BC9;UBE2N;UBE2B;BCL10;H2BC10;DERL1;H2BC8;UBE2D2;H2BC7;H2BC5;H2BC13;UBE2A;UBE2V2;SELENOS;H2BC14;H2BC4;H2BC17;CDC73;CTR9;HLA-A;PCNA;UBE2D3;UBE2E1;H2BC6;H2BC3;WAC;LEO1;H2BC15;RNF181;H2BC11"
"REACTOME_NUCLEAR_EVENTS_MEDIATED_BY_NFE2L2",6.05752686440761e-11,4.23085296021837e-10,0.839088935621274,0.570363774236339,2.53777421634396,86,"PSMA5;PSMC2;PSMA6;PSMA4;PSMA2;PRDX1;SRXN1;PSMD6;TXNRD1;PSMA1;PSMD14;PSMD12;PSMB4;PSMD1;GSR;SLC7A11;PSMB1;NQO1;SKP1;BCL2L1;HMOX1;PSMA3;RBX1;PSMD2;PSMB2;PSMC6;ADRM1;CDKN2A;PSMC4;PSMD7;SP1;TXN;GSK3B;PSMA7;NFKB1;CCL2;PSMB3;BACH1;SEM1;PSMB5;G6PD;CUL1;NFE2L2;ABCC3;ABCF2;PSMD8;PSMD11;RELA;PSMD3;GCLM;UBC;PSMC5;PSMC3;SQSTM1;PSMB7;PSMC1;UBB"
"REACTOME_PROGRAMMED_CELL_DEATH",6.04627775806852e-11,4.23085296021837e-10,0.839088935621274,0.443851166395329,2.28330217580642,198,"CASP3;PSMA5;PMAIP1;YWHAZ;PSMC2;PSMA6;PSMA4;UNC5B;XIAP;IL18;PSMA2;CASP8;BIRC3;BMF;YWHAQ;LY96;H1-3;PSMD6;OCLN;CHMP2B;PSMA1;PSMD14;YWHAH;PSMD12;BIRC2;PSMB4;PSMD1;BCL2L11;YWHAB;BAX;FASLG;STK26;PAK2;ITCH;PSMB1;GZMB;CHMP4B;BCL2L1;IRF1;IL1B;PSMA3;HMGB2;FADD;PSMD2;PSMB2;PSMC6;FLOT1;H1-5;CYCS;BAK1;ADRM1;CASP7;CLSPN;CDKN2A;PSMC4;LMNB1;PSMD7;CASP1;TICAM1;CDH1;DYNLL1;BBC3;DIABLO;OPA1;PSMA7;H1-2;DYNLL2;RIPK3;HSP90AA1;KPNA1;CASP6;PSMB3;TRADD;SEM1;E2F1;PSMB5;H1-0;PDCD6IP;CASP4;TICAM2;RIPK1;PSMD8;PSMD11;CHMP7;DAPK3;UBE2L3;PSMD3;STUB1;TP73;UBC;MAPK1;CHMP2A;CHMP4A;TP53BP2;PSMC5;PSMC3;DSP;TNFRSF10B;AKT1;DBNL;IL1A;PSMB7;GSDMD;ROCK1;PSMC1;UBB;TRAF2;UNC5A;TNFRSF10A;APPL1;BID;TNFSF10;SDCBP;KPNB1;PSMD13;PLEC;PRKCD"
"KEGG_TOLL_LIKE_RECEPTOR_SIGNALING_PATHWAY",6.57757354226577e-11,4.56496628731348e-10,0.839088935621274,0.556934715512101,2.48694226353273,88,"CXCL11;TLR7;CXCL9;CD80;CXCL10;CD86;STAT1;MYD88;IRF7;TBK1;IRAK4;CASP8;CCL4;CTSK;IL12B;TNF;MAPK9;CCL5;PIK3CG;TLR1;LY96;TLR6;CCL3;TLR8;IL1B;FADD;SPP1;CHUK;IRF5;RAC1;PIK3R5;TICAM1;MAP3K7;NFKB1;PIK3R3;PIK3CB;IFNAR2;TICAM2;RIPK1;RELA;MAPK1;IKBKB;PIK3CD;AKT1;MAPK13;TLR2;TRAF3;MAPK14;IFNAR1"
"REACTOME_REGULATION_OF_TP53_ACTIVITY_THROUGH_PHOSPHORYLATION",6.60362333847276e-11,4.56496628731348e-10,0.839088935621274,0.550160052980065,2.48236133287454,92,"TP53INP1;DYRK2;TAF9;RAD17;TP53RK;TAF5;TAF13;RAD1;TPX2;RPA3;RMI1;TOPBP1;TAF2;AURKA;RFC4;TAF12;BLM;PRKAG1;CSNK2A1;TAF9B;TAF11;CDK5;DNA2;CDK2;RHNO1;CCNA2;RMI2;PLK3;BARD1;RAD9A;PRKAB1;CHEK1;EXO1;BRIP1;RFC5;HIPK1;AURKB;TAF4;SUPT16H;RPA2;TBP;TAF7;UBC;MDM2;NBN;ATM;MAPK14;CSNK2B;PIN1;CHEK2;RFC2;ATRIP;UBB;CDK5R1;HUS1"
"REACTOME_CDK_MEDIATED_PHOSPHORYLATION_AND_REMOVAL_OF_CDC6",6.72877532141438e-11,4.62774955778908e-10,0.839088935621274,0.636831448531636,2.65096065524153,60,"UBE2D1;PSMA5;PSMC2;PSMA6;PSMA4;PSMA2;CCNE2;CDC6;PSMD6;PSMA1;PSMD14;PSMD12;UBE2S;PSMB4;PSMD1;UBE2C;PSMB1;PSMA3;PSMD2;PSMB2;PSMC6;ADRM1;PSMC4;CDK2;PSMD7;UBE2E1;ANAPC11;PSMA7;CCNA2;PSMB3;SEM1;CCNE1;PSMB5;CDC23;PSMD8;PSMD11;PSMD3;UBC;PSMC5;PSMC3;CDC27;PSMB7;PSMC1;UBB"
"REACTOME_NONHOMOLOGOUS_END_JOINING_NHEJ",8.28449272890274e-11,5.6687797962238e-10,0.839088935621274,0.616904037595712,2.60206057751093,65,"XRCC4;H2BC26;H4C12;H4C11;TDP2;H2BC12;H2BC9;UBE2N;H2BC10;H2BC8;H4C9;H4C16;H2AX;H2BC7;H2BC21;H2BC5;H2BC13;H4C14;UBE2V2;H2BC14;H2BC4;H4C15;H2BC17;DCLRE1C;H4C1;H2BC6;H2BC3;H2BC15;XRCC5;BARD1;H2BC11;LIG4;H4C8;POLM;RNF168;H4C4;NBN;ATM;PIAS4;PRKDC;XRCC6;BRCC3"
"HALLMARK_EPITHELIAL_MESENCHYMAL_TRANSITION",1.46287041820949e-10,9.95934001892117e-10,0.826657301178302,0.431217355708294,2.21860009366513,200,"COMP;LRRC15;MATN3;CTHRC1;FAP;INHBA;BGN;ID2;FN1;COL12A1;TNFRSF12A;COL11A1;SDC1;LUM;BASP1;CCN1;VCAN;TGFB1;MMP1;SERPINE1;ITGAV;LOXL1;SCG2;THBS2;THBS1;COL1A2;PLAUR;LOX;NNMT;CDH11;PMEPA1;COL5A1;WIPF1;POSTN;PRRX1;COL1A1;SAT1;IL32;TNFAIP3;DKK1;TNFRSF11B;RGS4;FUCA1;CAPG;COL5A2;CALU;GADD45B;MMP14;GREM1;COL6A3;MMP2;CCN2;SPP1;MMP3;THY1;COL8A2;CDH2;NID2;COL3A1;PFN2;DPYSL3;SPOCK1;SDC4;MXRA5;GLIPR1;HTRA1"
"REACTOME_DISEASES_OF_SIGNAL_TRANSDUCTION_BY_GROWTH_FACTOR_RECEPTORS_AND_SECOND_MESSENGERS",1.54763968926762e-10,1.04835090509184e-09,0.826657301178302,0.340986736708694,1.92505921525462,441,"ERBIN;KRAS;FN1;ICOS;CD80;CD86;STAT1;POLR2K;RAP1B;CD19;ACTB;PTPN6;NOX4;PSMA5;TPM3;TRAT1;PPP2CA;NRAS;PSMC2;PSMA6;TGFB1;RAC2;PSMA4;BIN2;CSK;LCK;PSMA2;AGGF1;DUSP10;MIR21;MAPK9;PIK3CG;POLR2B;PIK3AP1;NEURL1;IQGAP1;ACTG1;PSMD6;APH1A;BCL2A1;MCL1;CDKN1A;CCNB1;CLTC;SEC31A;PSMA1;KIF5B;SEL1L;RAP1A;PSMD14;PSMD12;ZC3HAV1;PPP1CC;RPS6KB2;PSMB4;ESRP1;TFG;FLT3;PSMD1;DKK1;BCL2L11;YWHAB;JUNB;SHOC2;FKBP1A;RNF213;PSMB1;POLR2D;CDKN1B;GZMB;KREMEN2;ATIC;SKP1;BCL2L1;ERLEC1;PSENEN;ADAM10;PSMA3;RBX1;PSMD2;PSMB2;PSMC6;HDAC1;CHUK;ADRM1;CD28;PSMC4;RAC1;LRRFIP1;PDPK1;FOXM1;PSMD7;PIK3R5;SPRED3;ZAP70;CCNC;GSK3B;VAV1;TBL1XR1;MOV10;GRB2;PSMA7;TGFBR1;EIF2AK3;KDM7A;PIM1;POLR2G;PPP2R5E;AP3B1;LYN;FOXO6;GCC2;RB1;SRC;PIK3R3;RICTOR;ADAM17;HSP90AA1;CUX1;CREB1;PSMB3;MAML1;PSEN1;POLR2J;PIK3CB;RHOG;NCBP2;IL10;SEM1;POLR2H;PSMB5;FZD6;TNKS2;CSNK1A1;CLIP1;HHAT;DUSP16;NCSTN;CUL1;KITLG;PSMD8;DUSP8;PSMD11;PTPN12;PSMD3;PPP2R1A;RANBP2;FGF18;FGFR3;DNMT1;DERL2;TRIM24;UBC;DKK2;BAG4;MAPK1;ERBB2;FRS2;FGFR1OP2;BRAP;IL10RA;SYVN1;ERBB3;PSMC5;PSMC3;CEP43;MDM2;AXIN1;KSR2;BIRC6;PIK3CD"
"REACTOME_CIRCADIAN_CLOCK",1.7693889419797e-10,1.19256814689432e-09,0.826657301178302,0.512022694845002,2.35337094350839,110,"UBE2D1;HELZ2;PSMA5;PSMC2;PSMA6;PSMA4;NAMPT;SERPINE1;PSMA2;NRIP1;PSMD6;PPP1CA;PSMA1;PSMD14;PSMD12;PPP1CC;PSMB4;PSMD1;PSMB1;SKP1;CSNK2A1;PSMA3;RBX1;PSMD2;PSMB2;PSMC6;CRY1;CDK5;ADRM1;PSMC4;NCOA2;PSMD7;ATF2;TBL1XR1;PSMA7;F7;FBXW11;BHLHE40;CREB1;TGS1;PSMB3;SEM1;RBM4;PSMB5;MEF2D;CREM;SIRT1;CUL1;CIPC;PSMD8;PSMD11;MED1;PSMD3;CSNK1D;UBC;PSMC5;PSMC3;BMAL2;CRTC2;PSMB7;CSNK2B;CPT1A;PSMC1;UBB"
"KEGG_B_CELL_RECEPTOR_SIGNALING_PATHWAY",1.78732157951441e-10,1.19866143740568e-09,0.826657301178302,0.585806035502153,2.53876541229055,73,"KRAS;CARD11;DAPP1;CD22;CD19;BLNK;PTPN6;NRAS;RAC2;VAV3;CR2;BTK;NFATC2;NFKBIE;BCL10;PIK3CG;PIK3AP1;CD79A;IFITM1;PRKCB;SYK;CHUK;RAC1;PIK3R5;GSK3B;VAV1;GRB2;CD72;NFKB1;LYN;PIK3R3;VAV2;PIK3CB;MALT1;RELA;MAPK1;IKBKB;RASGRP3;PIK3CD;AKT1;CD79B;FCGR2B"
"KEGG_CHEMOKINE_SIGNALING_PATHWAY",1.83986707856519e-10,1.22779248609202e-09,0.826657301178302,0.447560978578567,2.25968453688179,175,"KRAS;CCL3L3;CXCL11;CCL4L2;CXCL9;CCL22;CXCL10;CCR4;STAT1;CXCR4;RAP1B;CCL11;GNG5;CCR8;CCR1;GNAI3;NRAS;CCR5;RAC2;VAV3;CSK;CCR7;CCL4;STAT2;CXCR3;ITK;CCL5;GNG10;PIK3CG;GNB2;PREX1;TIAM1;CCR2;RAP1A;CCL3;GRK6;HCK;CDC42;CXCR6;PAK1;PRKCB;CCL19;RHOA;CHUK;WASL;RAC1;PIK3R5;CCR6;GNB4;CCL20;GSK3B;ADCY7;VAV1;DOCK2;GRB2;NFKB1;GRK2;CCL2;PLCB2;CXCL13;LYN;NCF1;WAS;PIK3R3;VAV2;PRKACB;PTK2B;GNGT2;PIK3CB"
"KEGG_OXIDATIVE_PHOSPHORYLATION",1.96931787671972e-10,1.30770467872817e-09,0.826657301178302,0.511283207210269,2.34997209277348,110,"ATP6V1A;ATP6V0E2;ATP6V0E1;ATP6V0B;ATP6AP1;COX7A2;NDUFAB1;ATP6V0C;ATP6V1C2;ATP6V0D1;NDUFV2;NDUFB4;COX17;ATP6V1B2;ATP6V1F;ATP6V1C1;NDUFB3;NDUFA4;COX6C;ATP5PB;ATP6V1H;ATP5F1E;ATP5PF;NDUFC2;NDUFA5;UQCRQ;COX8A;ATP6V1G1;ATP5F1C;ATP5MF;ATP6V1D;NDUFA6;NDUFS3;NDUFB10;NDUFB9;NDUFB2;COX7B;COX7A2L;NDUFA7;COX5A;COX6B1;PPA1;ATP6V1E1;COX6A1;UQCR10;ATP6V0D2;ATP5PD;NDUFA2;NDUFA3;ATP6V0A2;NDUFB5;ATP5MG;NDUFS6;TCIRG1;NDUFS2;ATP5PO;COX5B;ATP5MC3;SDHB;SDHC;NDUFC1;NDUFB1;CYC1;NDUFA9;ATP5F1B;UQCRB;COX7C;NDUFS1;SDHD;ATP6V1G2"
"REACTOME_VIF_MEDIATED_DEGRADATION_OF_APOBEC3G",2.06092690894352e-10,1.36182817316464e-09,0.826657301178302,0.693304183851993,2.66981558167675,41,"ELOC;PSMA5;PSMC2;PSMA6;PSMA4;PSMA2;CUL5;PSMD6;PSMA1;APOBEC3G;PSMD14;PSMD12;PSMB4;PSMD1;ELOB;PSMB1;PSMA3;RBX1;PSMD2;PSMB2;PSMC6;ADRM1;PSMC4;PSMD7;PSMA7;PSMB3;SEM1;PSMB5;PSMD8;PSMD11;PSMD3;UBC;PSMC5;PSMC3;PSMB7;PSMC1;UBB"
"REACTOME_GSK3B_MEDIATED_PROTEASOMAL_DEGRADATION_OF_PD_L1_CD274",2.08873462576056e-10,1.37347037830499e-09,0.826657301178302,0.687892099454336,2.70573359471582,44,"PSMA5;PSMC2;PSMA6;PSMA4;PSMA2;PSMD6;PSMA1;PSMD14;NEK2;PSMD12;PSMB4;COPS5;PSMD1;PSMB1;SKP1;PSMA3;RBX1;PSMD2;PSMB2;PSMC6;ADRM1;PSMC4;PSMD7;GSK3B;PSMA7;PSMB3;SEM1;PSMB5;CUL1;PSMD8;PSMD11;PSMD3;CD274;UBC;PSMC5;PSMC3;PSMB7;PSMC1;UBB"
"REACTOME_SPOP_MEDIATED_PROTEASOMAL_DEGRADATION_OF_PD_L1_CD274",2.28036029608978e-10,1.49219693161603e-09,0.826657301178302,0.670810029391349,2.64803056607166,46,"PSMA5;PSMC2;PSMA6;PSMA4;PSMA2;CUL3;PSMD6;PSMA1;PSMD14;PSMD12;PSMB4;PSMD1;PSMB1;CSNK2A1;PSMA3;RBX1;PSMD2;PSMB2;PSMC6;ADRM1;PSMC4;PSMD7;PSMA7;PSMB3;SEM1;PSMB5;PSMD8;PSMD11;PSMD3;CD274;UBC;CDK4;PSMC5;PSMC3;PSMB7;CSNK2B;PSMC1;UBB"
"REACTOME_UBIQUITIN_MEDIATED_DEGRADATION_OF_PHOSPHORYLATED_CDC25A",2.65001432025618e-10,1.7257098085533e-09,0.814035837847908,0.650859843124346,2.6307587416942,51,"PSMA5;PSMC2;PSMA6;PSMA4;PSMA2;PSMD6;PSMA1;PSMD14;PSMD12;PSMB4;PSMD1;PSMB1;SKP1;PSMA3;RBX1;PSMD2;PSMB2;PSMC6;ADRM1;PSMC4;PSMD7;GSK3B;PSMA7;FBXW11;PLK3;CHEK1;PSMB3;CDC25A;SEM1;PSMB5;CSNK1A1;CUL1;PSMD8;PSMD11;PSMD3;UBC;PSMC5;PSMC3;MAPK14;PSMB7;CHEK2;PSMC1;UBB"
"REACTOME_ISG15_ANTIVIRAL_MECHANISM",2.67055576776266e-10,1.73072556487696e-09,0.814035837847908,0.583181480594221,2.5326806777611,74,"MX1;EIF2AK2;STAT1;RIGI;ISG15;IFIT1;UBE2L6;NUP210;EIF4E;EIF4A3;UBE2N;NUP50;KPNA2;MX2;NUP37;EIF4E2;EIF4G2;RAE1;NEDD4;NUP155;UBE2E1;NUP153;HERC5;NDC1;NUP205;NUP62;TRIM25;KPNA1;USP18;EIF4G1;NUP160;NUP43;BECN1;SEC13;RANBP2;UBC;SEH1L;KPNA4;NUP107;EIF4A2;PIN1;EIF4A1;UBB;KPNA3;NUP93;NUP58;KPNB1"
"REACTOME_NUCLEOTIDE_EXCISION_REPAIR",2.85392178803591e-10,1.8407112776423e-09,0.814035837847908,0.51522327857398,2.36345731343156,108,"COPS8;POLR2K;ACTB;CDK7;UBE2N;POLD4;POLR2B;USP7;UBE2I;SUMO1;SUMO3;RPA3;COPS5;UBE2V2;POLR2D;RFC4;SUMO2;RUVBL1;TCEA1;PCNA;RBX1;PARP1;ERCC4;CUL4B;POLR2G;ACTL6A;GTF2H3;RFC5;POLR2J;POLR2H;ISY1;GTF2H2;RNF111;PRPF19;RAD23B;CETN2;DDB1;COPS4;RPA2;AQR;COPS3;UBC;COPS2;COPS6;GTF2H5;POLE3"
"REACTOME_DENGUE_VIRUS_GENOME_TRANSLATION_AND_REPLICATION",2.88351968044269e-10,1.85094501392226e-09,0.814035837847908,0.56667909185999,2.46471700571323,81,"P4HA3;SPCS3;HYOU1;HSPA8;PDIA3;EIF4E;CALR;CANX;DNAJB11;EIF4A3;DPM1;MAGT1;SPCS1;KPNA2;RPN1;UBE2I;SUMO1;STT3B;HSPA5;OSTC;XPO1;EIF4G2;MAP1LC3B;SPCS2;DNAJC3;RPN2;DNAJA2;STT3A;DNAJC10;P4HA1;BAG2;SEC11A;KPNA1;UFD1;IPO7;EIF4G1;P4HA2;DAD1;TMEM258;SEC11C;P4HB;OST4;UBC;XRN1;DPM2;KPNA4;EIF4A2;NPLOC4;EIF4A1;UBB;KPNA3"
"REACTOME_RESPIRATORY_SYNCYTIAL_VIRUS_INFECTION_PATHWAY",3.00549277463168e-10,1.92009680578365e-09,0.814035837847908,0.523206513805813,2.40403826081171,106,"OAS2;TLR7;EIF2AK2;RIGI;SDC1;ISG15;ELOC;SPCS3;UBE2L6;IFIH1;HSPA8;STAT2;CUL5;GPC6;LY96;SPCS1;TLR6;RAB5A;PPP1CA;PPP1CC;MED14;ELOB;XPO1;CSNK2A1;RBX1;MED8;SPCS2;MED21;HSP90AB1;CCNC;SDC4;HERC5;H2BC15;MED23;SEC11A;TRIM25;HSP90AA1;MED19;MED18;MED13;SEC11C;MED17;BECN1;IFNAR2;MED7;RAB5C;MED1;UBC;MED30;MED10;CDK19;RAB5B;MED13L;MAVS;TLR2;IFNAR1;CSNK2B;UBB"
"REACTOME_SCF_BETA_TRCP_MEDIATED_DEGRADATION_OF_EMI1",3.26435220125357e-10,2.07563526758953e-09,0.814035837847908,0.680608086492157,2.62480557767873,42,"PSMA5;PSMC2;PSMA6;PSMA4;PSMA2;PSMD6;PSMA1;PSMD14;PSMD12;PSMB4;PSMD1;PSMB1;SKP1;FBXO5;PSMA3;PSMD2;PSMB2;PSMC6;CDC20;ADRM1;PSMC4;PSMD7;PSMA7;PSMB3;SEM1;PSMB5;CUL1;PSMD8;PSMD11;PSMD3;UBC;PSMC5;PSMC3;PSMB7;PSMC1;UBB"
"REACTOME_INTERLEUKIN_12_FAMILY_SIGNALING",3.37066625721435e-10,2.13317282381453e-09,0.814035837847908,0.633992278047163,2.57875615136051,55,"CAPZA1;STAT1;RAP1B;IL12RB1;LCP1;BOLA2B;VAMP7;CANX;PSME2;IL12B;CFL1;BOLA2;HNRNPF;SOD1;EBI3;CDC42;PAK2;GSTO1;TCP1;HNRNPA2B1;HSPA9;LMNB1;PPIA;IFNG;ARF1;SNRPA1;RALA;MIF;IL10;IL23A;P4HB;IL23R;CNN2;STAT4"
"KEGG_LEISHMANIA_INFECTION",3.7387182960407e-10,2.35504311358078e-09,0.814035837847908,0.589233700471402,2.51549307625636,69,"STAT1;MYD88;PTPN6;FCGR3A;TGFB1;ITGA4;HLA-DRA;FCGR1A;IRAK4;HLA-DMB;HLA-DPA1;HLA-DOA;HLA-DQB1;IL12B;TNF;FCGR2A;CYBA;HLA-DPB1;HLA-DQA1;HLA-DRB1;ITGB2;PRKCB;IL1B;ELK1;IFNG;MARCKSL1;MAP3K7;IFNGR2;NFKB1;HLA-DQA2;NCF1;HLA-DMA;HLA-DRB5;IL10;ITGAM;HLA-DOB;NCF2;RELA;TGFB2;MAPK1;MAPK13;TLR2;IL1A;MAPK14"
"KEGG_GRAFT_VERSUS_HOST_DISEASE",3.95856692473868e-10,2.48192940211523e-09,0.814035837847908,0.744811746724177,2.6604630545681,31,"CD80;CD86;HLA-DRA;HLA-DMB;HLA-C;HLA-DPA1;HLA-DOA;HLA-DQB1;TNF;HLA-DPB1;HLA-DQA1;HLA-B;FASLG;GZMB;HLA-DRB1;HLA-A;IL1B;CD28;IFNG;HLA-DQA2;HLA-DMA;HLA-DRB5;HLA-DOB;HLA-F"
"REACTOME_FCERI_MEDIATED_MAPK_ACTIVATION",4.12524474524628e-10,2.57445829471851e-09,0.814035837847908,0.548614611781883,2.45043045172619,87,"KRAS;NRAS;VAV3;IGLV3-1;LCP2;MAPK9;FCER1G;GRAP2;PAK2;IGHV3-11;PAK1;IGHE;IGHV3-33;SYK;RAC1;LAT;IGHV1-69;IGHV4-34;VAV1;IGLV1-47;GRB2;MS4A2;IGHV4-59;LYN;VAV2;IGHV3-30;IGKV1D-39;IGHV4-39;IGKV1-39;IGKV3-15;IGKV2-28;IGLV3-21;IGKV2D-28;IGLV3-27;IGHV2-5;IGKV4-1;IGKV1-5;IGLV3-25;IGKV3-20;MAPK1;IGKV1-16;IGKV1-33;IGKV2D-40;IGHV2-70;IGKV1D-33;SHC1;IGKV3D-20;IGKV3-11;IGLV6-57;IGLC2;IGHV3-53;IGLC3;IGLV1-44;IGLV1-40;JUN;IGHV3-48;MAP3K1;MAP2K4;IGLV2-14;FOS"
"REACTOME_REGULATION_OF_ORNITHINE_DECARBOXYLASE_ODC",4.38964423782084e-10,2.72683890902419e-09,0.814035837847908,0.706941904457982,2.67856597127327,38,"PSMA5;PSMC2;PSMA6;PSMA4;PSMA2;AZIN1;PSMD6;PSMA1;PSMD14;PSMD12;PSMB4;PSMD1;PSMB1;NQO1;PSMA3;PSMD2;PSMB2;PSMC6;ADRM1;PSMC4;PSMD7;PSMA7;PSMB3;OAZ1;OAZ3;SEM1;PSMB5;PSMD8;PSMD11;PSMD3;PSMC5;PSMC3;PSMB7;PSMC1"
"REACTOME_AMPK_INDUCED_ERAD_AND_LYSOSOME_MEDIATED_DEGRADATION_OF_PD_L1_CD274",4.44058788468143e-10,2.745831407592e-09,0.814035837847908,0.630593497246368,2.56493165033634,55,"PSMA5;PSMC2;PSMA6;PSMA4;PSMA2;PSMD6;DERL1;PSMA1;SEL1L;PSMD14;PSMD12;PSMB4;PSMD1;PSMB1;ERLEC1;PRKAG1;PSMA3;PSMD2;PSMB2;PSMC6;ADRM1;PSMC4;PSMD7;PSMA7;RNF5;PRKAB1;PSMB3;SEM1;PSMB5;DERL3;PSMD8;PSMD11;PSMD3;CD274;DERL2;UBC;PSMC5;PSMC3;PSMB7;PSMC1;UBB"
"REACTOME_MATURATION_OF_DENV_PROTEINS",5.56865759449526e-10,3.4276486015432e-09,0.801215574617779,0.644811173460151,2.6063101745214,51,"P4HA3;SPCS3;HYOU1;PDIA3;CALR;CANX;DNAJB11;DPM1;MAGT1;SPCS1;KPNA2;RPN1;UBE2I;SUMO1;STT3B;HSPA5;OSTC;XPO1;SPCS2;DNAJC3;RPN2;STT3A;DNAJC10;P4HA1;SEC11A;KPNA1;IPO7;P4HA2;DAD1;TMEM258;SEC11C;P4HB;OST4;UBC;DPM2;KPNA4"
"REACTOME_STABILIZATION_OF_P53",6.15724275879798e-10,3.77271056311804e-09,0.801215574617779,0.67810599186349,2.66724122056141,44,"PSMA5;PSMC2;PSMA6;PSMA4;PSMA2;PSMD6;PSMA1;PSMD14;PSMD12;PSMB4;PSMD1;PSMB1;PSMA3;PSMD2;PSMB2;PSMC6;ADRM1;CDKN2A;PSMC4;PSMD7;PHF20;PSMA7;PSMB3;SEM1;PSMB5;PSMD8;PSMD11;PSMD3;UBC;PSMC5;PSMC3;MDM2;ATM;PSMB7;CHEK2;PSMC1;UBB"
"KEGG_ALLOGRAFT_REJECTION",8.23944852722538e-10,5.02569077588227e-09,0.801215574617779,0.738226812743878,2.67154279412426,32,"CD80;CD86;HLA-DRA;HLA-DMB;HLA-C;HLA-DPA1;HLA-DOA;HLA-DQB1;IL12B;TNF;HLA-DPB1;HLA-DQA1;HLA-B;FASLG;GZMB;HLA-DRB1;HLA-A;CD28;IFNG;HLA-DQA2;HLA-DMA;HLA-DRB5;IL10;HLA-DOB;HLA-F;CD40LG"
"HALLMARK_IL6_JAK_STAT3_SIGNALING",8.55571018786635e-10,5.18113081682438e-09,0.801215574617779,0.554342812875409,2.42786024371867,82,"CXCL11;CXCL9;CXCL10;TNFRSF12A;STAT1;MYD88;PTPN1;IL9R;CCR1;IL12RB1;TGFB1;IRF9;ITGA4;HAX1;IL2RG;STAT2;TNF;LTB;EBI3;IL13RA1;HMOX1;IRF1;IL1B;BAK1;CD9;IL10RB;PIK3R5;IL2RA;GRB2;SOCS3;IFNGR2;IL4R;PIM1;CXCL13;PLA2G2A;STAM2"
"REACTOME_FBXL7_DOWN_REGULATES_AURKA_DURING_MITOTIC_ENTRY_AND_IN_EARLY_MITOSIS",8.57115854712045e-10,5.18113081682438e-09,0.801215574617779,0.670706340954516,2.58661890691801,42,"PSMA5;PSMC2;PSMA6;PSMA4;PSMA2;PSMD6;PSMA1;PSMD14;PSMD12;PSMB4;PSMD1;AURKA;PSMB1;SKP1;PSMA3;RBX1;PSMD2;PSMB2;PSMC6;ADRM1;PSMC4;PSMD7;PSMA7;PSMB3;SEM1;PSMB5;CUL1;PSMD8;PSMD11;PSMD3;UBC;PSMC5;PSMC3;PSMB7;PSMC1;UBB"
"REACTOME_AUF1_HNRNP_D0_BINDS_AND_DESTABILIZES_MRNA",8.99616522647552e-10,5.41376371664687e-09,0.801215574617779,0.669898361943356,2.58350288779154,42,"PSMA5;PSMC2;PSMA6;PSMA4;HSPA8;PSMA2;HSPB1;PSMD6;PSMA1;PSMD14;PSMD12;PSMB4;PSMD1;PSMB1;PSMA3;PSMD2;PSMB2;PSMC6;ADRM1;PSMC4;PSMD7;PSMA7;PSMB3;EIF4G1;SEM1;PSMB5;PSMD8;PSMD11;PSMD3;UBC;PSMC5;PSMC3;PSMB7;PSMC1;UBB"
"REACTOME_APOPTOSIS",9.87194338158764e-10,5.88822109662838e-09,0.788186810800237,0.441598311324726,2.20094413166087,166,"CASP3;PSMA5;PMAIP1;YWHAZ;PSMC2;PSMA6;PSMA4;UNC5B;XIAP;PSMA2;CASP8;BMF;YWHAQ;LY96;H1-3;PSMD6;OCLN;PSMA1;PSMD14;YWHAH;PSMD12;BIRC2;PSMB4;PSMD1;BCL2L11;YWHAB;BAX;FASLG;STK26;PAK2;PSMB1;GZMB;BCL2L1;PSMA3;HMGB2;FADD;PSMD2;PSMB2;PSMC6;H1-5;CYCS;BAK1;ADRM1;CASP7;CLSPN;CDKN2A;PSMC4;LMNB1;PSMD7;TICAM1;CDH1;DYNLL1;BBC3;DIABLO;OPA1;PSMA7;H1-2;DYNLL2;KPNA1;CASP6;PSMB3;TRADD;SEM1;E2F1;PSMB5;H1-0;TICAM2;RIPK1;PSMD8;PSMD11;DAPK3;PSMD3;TP73;UBC;MAPK1;TP53BP2;PSMC5;PSMC3;DSP;TNFRSF10B;AKT1;DBNL;PSMB7;GSDMD;ROCK1;PSMC1;UBB;TRAF2;UNC5A;TNFRSF10A;APPL1;BID;TNFSF10;KPNB1;PSMD13;PLEC;PRKCD"
"REACTOME_DEGRADATION_OF_GLI1_BY_THE_PROTEASOME",9.83389372029802e-10,5.88822109662838e-09,0.788186810800237,0.657780774186489,2.59659742624976,46,"PSMA5;PSMC2;PSMA6;PSMA4;PSMA2;PSMD6;PSMA1;PSMD14;PSMD12;PSMB4;PSMD1;ITCH;PSMB1;SKP1;PSMA3;RBX1;PSMD2;PSMB2;PSMC6;ADRM1;PSMC4;PSMD7;PSMA7;PRKACB;PSMB3;SEM1;PSMB5;CUL1;PSMD8;PSMD11;PSMD3;UBC;PSMC5;PSMC3;PSMB7;PSMC1;UBB"
"REACTOME_HH_MUTANTS_ABROGATE_LIGAND_SECRETION",1.13029014377409e-09,6.7120313383589e-09,0.788186810800237,0.673275789069485,2.64824224967718,44,"PSMA5;PSMC2;PSMA6;PSMA4;PSMA2;PSMD6;PSMA1;SEL1L;PSMD14;PSMD12;PSMB4;PSMD1;PSMB1;ERLEC1;PSMA3;PSMD2;PSMB2;PSMC6;ADRM1;PSMC4;PSMD7;PSMA7;PSMB3;SEM1;PSMB5;HHAT;PSMD8;PSMD11;PSMD3;DERL2;UBC;SYVN1;PSMC5;PSMC3;PSMB7;PSMC1;UBB"
"REACTOME_UBIQUITIN_DEPENDENT_DEGRADATION_OF_CYCLIN_D",1.32561909669987e-09,7.83743220329571e-09,0.788186810800237,0.681277362008988,2.61554981834301,39,"PSMA5;PSMC2;PSMA6;PSMA4;PSMA2;PSMD6;PSMA1;PSMD14;PSMD12;PSMB4;PSMD1;PSMB1;PSMA3;PSMD2;PSMB2;PSMC6;ADRM1;PSMC4;PSMD7;GSK3B;PSMA7;PSMB3;SEM1;PSMB5;PSMD8;PSMD11;PSMD3;UBC;CDK4;PSMC5;PSMC3;PSMB7;PSMC1;UBB"
"REACTOME_MITOCHONDRIAL_TRANSLATION_ELONGATION",1.54661691070697e-09,9.10410303769867e-09,0.788186810800237,0.537915704148134,2.4026429365873,87,"MRPL13;MRPL47;MRPL44;MRPL49;MRPL35;MRPL18;MRPS10;MRPL33;MRPS23;MRPL3;MRPS34;MRPL32;MRPL51;MRPL15;MRPL14;MRPL36;MRPL28;MRPL39;GFM1;MRPL42;MRPS35;DAP3;MRPS16;CHCHD1;MRPS17;MRPS33;TUFM;MRPL37;MRPS12;MRPS7;MRPS28;MRPS6;MRPL17;MRPL9;MRPL22;MRPS18C;MRPL27;MRPL1;TSFM;MRPL30;MRPS18B;MRPS22;MRPL19;AURKAIP1;MRPL58;PTCD3;MRPS30;MRPS15;MRPL53;MRPS9;MRPL40;OXA1L;MRPL12;MRPL50;MRPL16;MRPL41;MRPL52;MRPL21;MRPL48;MRPL11;MRPS26;MRPL24"
"REACTOME_PTEN_REGULATION",1.56144650290069e-09,9.15143428656577e-09,0.788186810800237,0.481885825169699,2.30100736231346,125,"PSMA5;CBX4;PSMC2;PSMA6;PSMA4;XIAP;REST;PSMA2;SALL4;MKRN1;USP7;PSMD6;PSMA1;PSMD14;PSMD12;PSMB4;CBX2;LAMTOR5;PSMD1;PSMB1;RBBP7;BMI1;CSNK2A1;PSMA3;NEDD4;LAMTOR2;PSMD2;PSMB2;PSMC6;HDAC1;CBX8;ADRM1;PSMC4;PSMD7;ATF2;RBBP4;MOV10;PSMA7;EZH2;CHD4;FRK;PSMB3;RHEB;SEM1;PSMB5;TNKS2;SLC38A9;PSMD8;PSMD11;TRIM27;PSMD3;GATAD2B;STUB1;RNF2;UBC;MAPK1;PSMC5;PSMC3;SNAI1;LAMTOR1;AKT1;SUZ12;PSMB7;CSNK2B;HDAC2;PSMC1;UBB;RRAGC;LAMTOR3;MTA2"
"REACTOME_INTERLEUKIN_12_SIGNALING",1.63571854272961e-09,9.54523201558233e-09,0.788186810800237,0.65347596258441,2.579604131272,46,"CAPZA1;RAP1B;IL12RB1;LCP1;BOLA2B;VAMP7;PSME2;IL12B;CFL1;BOLA2;HNRNPF;SOD1;CDC42;PAK2;GSTO1;TCP1;HNRNPA2B1;HSPA9;LMNB1;PPIA;IFNG;ARF1;SNRPA1;RALA;MIF;IL10;P4HB;CNN2;STAT4"
"REACTOME_MITOCHONDRIAL_TRANSLATION",1.64517421443777e-09,9.55902948733669e-09,0.788186810800237,0.521204902538477,2.3545758460441,99,"GFM2;MRPL13;MRPL47;NDUFAB1;MRPL44;MRPL49;MRPL35;MRPL18;MRPS10;MRPL33;MRPS23;MRPL3;MRPS34;MRPL32;MRPL51;MRPL15;MRPL14;MRPL36;MRPL28;MRPL39;GFM1;MRPL42;MRPS35;DAP3;MRPS16;CHCHD1;MRPS17;MRPS33;TUFM;MRPL37;MRPS12;MRPS7;MRPS28;MRPS6;MRPL17;MRPL9;MRPL22;MRPS18C;MRPL27;MRPL1;TSFM;MRPL30;MRPS18B;MRPS22;MRPL19;AURKAIP1;MRPL58;PTCD3;MRPS30;MRPS15;MRPL53;MTRF1L;MRPS9;MRPL40;MTFMT;OXA1L;MRPL12;MRPL50;MRPL16;MRPL41;MRPL52;MRPL21;MRPL48;MRPL11;MRPS26;MRPL24"
"REACTOME_HEDGEHOG_LIGAND_BIOGENESIS",1.68420919672056e-09,9.7438368977653e-09,0.788186810800237,0.63653969754544,2.5428987981998,50,"PSMA5;PSMC2;PSMA6;PSMA4;PSMA2;PSMD6;PSMA1;SEL1L;PSMD14;PSMD12;PSMB4;PSMD1;PSMB1;ERLEC1;PSMA3;PSMD2;PSMB2;PSMC6;ADRM1;PSMC4;PSMD7;PSMA7;ADAM17;PSMB3;SEM1;PSMB5;P4HB;HHAT;PSMD8;PSMD11;PSMD3;DERL2;UBC;SYVN1;PSMC5;PSMC3;PSMB7;PSMC1;UBB"
"KEGG_PRIMARY_IMMUNODEFICIENCY",1.87369321096617e-09,1.07937540529162e-08,0.774939030136436,0.728503571258882,2.63635570084026,32,"ICOS;PTPRC;CD19;CD3D;BLNK;CD3E;BTK;LCK;IL2RG;IL7R;CD8A;RFX5;CD79A;TNFRSF13C;TAP1;CD8B;CD4;DCLRE1C;ZAP70;TNFRSF13B;CD40LG;JAK3;TAP2"
"REACTOME_INTERLEUKIN_4_AND_INTERLEUKIN_13_SIGNALING",2.08619346250659e-09,1.19667607976974e-08,0.774939030136436,0.513223651093142,2.34981097038925,105,"FN1;CCL22;IGHG1;STAT1;IGHG4;CCL11;TGFB1;MMP1;HSPA8;ITGAX;IL2RG;LIF;IL18;OPRD1;IL12B;TNF;COL1A2;GATA3;OSM;MCL1;CDKN1A;HIF1A;JUNB;IL13RA1;FASLG;HSP90B1;IGHE;BCL2L1;BIRC5;ITGB2;HMOX1;MMP2;IL1B;MMP3;BATF;ALOX5;SOCS3;IL4R;ICAM1;PIM1;CCL2;HSP90AA1;IL10;TIMP1;ITGAM;MUC1;IL23A;IL23R;OPRM1;JAK3;POU2F1"
"REACTOME_UNFOLDED_PROTEIN_RESPONSE_UPR",2.30719156060658e-09,1.31783653546512e-08,0.774939030136436,0.534010675727993,2.4051041024408,91,"EDEM1;PDIA6;HYOU1;HERPUD1;DNAJB9;CALR;DNAJB11;EIF2S2;ATP6V0D1;XBP1;SEC31A;HSPA5;MYDGF;SERP1;HSP90B1;PARN;DCP2;DNAJC3;SRPRA;SRPRB;EIF2S1;CREB3L1;SSR1;WIPI1;TPP1;EIF2S3;EIF2AK3;NFYA;CCL2;EXOSC6;ATF6B;MBTPS2;HDGF;NFYB;EXOSC9;ARFGAP1;YIF1A;SYVN1;ATF6;EXOSC1;GFPT1;CREB3L4;ASNS;DCSTAMP;SHC1;KDELR3;GSK3A;PREB;EXOSC3;CXCL8;ATF3;CEBPG;EXOSC4"
"REACTOME_COPI_DEPENDENT_GOLGI_TO_ER_RETROGRADE_TRAFFIC",2.75726706683695e-09,1.56826835700262e-08,0.774939030136436,0.527328358316188,2.37725391725807,96,"TUBB3;KIF26B;ARCN1;ARF3;KIF2A;RAB1A;TUBA1C;TMED2;ZW10;ARF4;TMED9;KIF23;KIF20B;KIF5B;TMED7;KIF18A;COPZ1;COPG1;KIF21B;KIF11;KIF4A;RACGAP1;KIF2C;RINT1;CENPE;COPB2;TUBA4B;SEC22B;TUBA1B;NSF;KIF22;KIFC1;KDELR1;ARF1;KDELR2;TMED3;TUBA1A;NAPA;BNIP1;ARF5;KIF20A;NAPG;COPA;COPB1;KIF21A;RAB1B;KIF15;KIF1A;KIF3B;TUBA4A;KIF3A;ARFGAP1;KIF18B;TUBB8;ARFGAP3;SURF4;TMED10;TUBB4B;KDELR3"
"REACTOME_DEGRADATION_OF_AXIN",2.94406103208383e-09,1.66049969508327e-08,0.774939030136436,0.66002811910437,2.54543770906241,42,"PSMA5;PSMC2;PSMA6;PSMA4;PSMA2;PSMD6;PSMA1;PSMD14;PSMD12;PSMB4;PSMD1;PSMB1;PSMA3;PSMD2;PSMB2;PSMC6;ADRM1;PSMC4;PSMD7;PSMA7;PSMB3;SEM1;PSMB5;TNKS2;PSMD8;PSMD11;PSMD3;UBC;PSMC5;PSMC3;AXIN1;PSMB7;SMURF2;PSMC1;UBB"
"REACTOME_REGULATION_OF_PTEN_STABILITY_AND_ACTIVITY",2.94406103208383e-09,1.66049969508327e-08,0.774939030136436,0.611017335402948,2.49289509573667,56,"PSMA5;PSMC2;PSMA6;PSMA4;XIAP;PSMA2;MKRN1;PSMD6;PSMA1;PSMD14;PSMD12;PSMB4;PSMD1;PSMB1;CSNK2A1;PSMA3;NEDD4;PSMD2;PSMB2;PSMC6;ADRM1;PSMC4;PSMD7;PSMA7;FRK;PSMB3;SEM1;PSMB5;TNKS2;PSMD8;PSMD11;TRIM27;PSMD3;STUB1;UBC;PSMC5;PSMC3;AKT1;PSMB7;CSNK2B;PSMC1;UBB"
"REACTOME_GPVI_MEDIATED_ACTIVATION_CASCADE",3.10940705200225e-09,1.74645029420793e-08,0.774939030136436,0.701461131014772,2.59935143159642,35,"PTPN6;RAC2;VAV3;LCK;LCP2;COL1A2;PIK3CG;FCER1G;PDPN;COL1A1;CDC42;SYK;RHOA;RAC1;PDPK1;PIK3R5;LAT;CLEC1B;VAV1;LYN;PIK3R3;VAV2;PIK3CB;RHOG"
"REACTOME_FCGR_ACTIVATION",3.39570690407283e-09,1.89934145505816e-08,0.774939030136436,0.571857346788477,2.44131181787788,69,"IGHG2;IGHG1;IGHG4;FCGR3A;FCGR1A;CD3G;IGLV3-1;FCGR2A;CD247;HCK;IGHV3-11;IGHV3-33;SYK;IGHV1-69;IGHV4-34;IGLV1-47;IGHV4-59;LYN;SRC;IGHV3-30;IGKV1D-39;IGHV4-39;IGKV1-39;IGKV3-15;IGKV2-28;IGLV3-21;IGKV2D-28;IGLV3-27;IGHV2-5;IGKV4-1;IGKV1-5;IGLV3-25;IGKV3-20;IGKV1-16;IGKV1-33;IGKV2D-40;IGHV2-70;IGKV1D-33;IGKV3D-20;IGKV3-11;IGLV6-57;IGLC2;IGHV3-53;IGLC3;IGLV1-44;IGLV1-40;IGHV3-48"
"REACTOME_THE_ROLE_OF_NEF_IN_HIV_1_REPLICATION_AND_DISEASE_PATHOGENESIS",4.05991963212489e-09,2.261475894258e-08,0.761460801445585,0.752137015174448,2.63206203656774,28,"AP1S3;B2M;AP1S2;LCK;CD247;AP1G1;AP1S1;HCK;PAK2;ATP6V1H;AP2M1;HLA-A;CD8B;AP2S1;CD4;CD28;RAC1;ARF1;DOCK2;AP1B1;AP2B1"
"HALLMARK_OXIDATIVE_PHOSPHORYLATION",4.40597950452016e-09,2.44414007082024e-08,0.761460801445585,0.411141896765393,2.11531247200172,200,"ATP6V0E1;ATP6V0B;ATP6AP1;PDP1;COX7A2;NDUFAB1;ATP6V0C;TIMM8B;NDUFV2;DLAT;NDUFB4;COX17;MRPL35;ATP6V1F;MTRR;ATP6V1C1;NDUFB3;NDUFA4;COX6C;TIMM17A;BAX;ATP5PB;ATP6V1H;ATP5F1E;HSPA9;ATP5PF;CYCS;NDUFC2;NDUFA5;MRPL15;CASP7;IDH2;UQCRQ;COX8A;ATP6V1G1;TOMM70;VDAC3;ATP5F1C;AIFM1;ATP5MF;ATP6V1D;OPA1;NDUFA6;NDUFS3;VDAC1;NDUFB2;COX7B;GOT2;COX7A2L;PDHB;IMMT;NDUFA7;HSD17B10;COX5A;COX6B1;SLC25A5;MRPS12;VDAC2;LDHA;HCCS;ATP6V1E1;COX6A1;UQCR10;ATP5PD;NDUFA2;NDUFA3;MTX2;NDUFB5;PRDX3;ATP5MG;NDUFS6;GRPEL1;CPT1A;ISCU;TCIRG1;TIMM10;TOMM22;NDUFS2;ATP5PO;COX5B;ATP5MC3;MRPS22;SDHB;SDHC;LRPPRC;NDUFC1;FH;FDX1;NDUFB1;CYC1;NDUFA9;BCKDHA;MRPS30;ATP5F1B;UQCRB;MRPS15;COX7C;NDUFS1;OAT;SDHD;IDH3B;ECI1;IDH3A;HTRA2;NDUFS8;ATP5MC2;RHOT2;UQCRH;ACADSB;UQCR11;OXA1L"
"REACTOME_REPLACEMENT_OF_PROTAMINES_BY_NUCLEOSOMES_IN_THE_MALE_PRONUCLEUS",4.9195929650898e-09,2.71787349054961e-08,0.761460801445585,0.684816854296695,2.59473531121334,38,"H2BC26;H4C12;H4C11;H2BC12;H2BC9;H2BC10;H2BC8;H4C9;H4C16;H2AX;H2BC7;H2BC21;H2BC5;H2BC13;H4C14;H2BC14;H2BC4;H4C15;H2BC17;SRPK1;H4C1;H2BC6;H2BC3;H2BC15;H2BC11;H3-3A"
"REACTOME_NUCLEAR_ENVELOPE_NE_REASSEMBLY",4.98715241004664e-09,2.74395161173179e-08,0.761460801445585,0.55413719242651,2.40654514381593,74,"TNPO1;TUBB3;PPP2CA;TUBA1C;UBE2I;CHMP2B;CCNB1;CDK1;SUMO1;NUP37;VRK2;CHMP4B;TMPO;CCNB2;NUP155;LEMD3;TUBA4B;BANF1;LMNB1;TUBA1B;SPAST;RCC1;TUBA1A;NDC1;NUP205;NUP62;RAN;IST1;NUP160;NUP43;ANKLE2;SEC13;CHMP7;TUBA4A;PPP2R1A;PPP2R2A;SEH1L;CHMP2A;CHMP4A;TUBB8;NUP107;LEMD2;TUBB4B;NUP93;TUBB1;NUP58;KPNB1;NUP133;EMD;RANGAP1;LBR;TUBA3D"
"REACTOME_FCERI_MEDIATED_CA_2_MOBILIZATION",5.50652627406557e-09,3.01739732416276e-08,0.761460801445585,0.532796360517295,2.37062192123447,86,"VAV3;BTK;NFATC2;IGLV3-1;LCP2;ITK;FCER1G;GRAP2;IGHV3-11;IGHE;IGHV3-33;SYK;LAT;IGHV1-69;IGHV4-34;VAV1;IGLV1-47;GRB2;MS4A2;IGHV4-59;LYN;VAV2;IGHV3-30;IGKV1D-39;IGHV4-39;IGKV1-39;IGKV3-15;IGKV2-28;IGLV3-21;IGKV2D-28;IGLV3-27;IGHV2-5;IGKV4-1;IGKV1-5;IGLV3-25;IGKV3-20;IGKV1-16;IGKV1-33;IGKV2D-40;IGHV2-70;IGKV1D-33;SHC1;IGKV3D-20;IGKV3-11;CALM1;IGLV6-57;IGLC2;IGHV3-53;IGLC3;IGLV1-44;PPP3CB;PPP3R1;TXK;IGLV1-40;IGHV3-48"
"REACTOME_TRNA_PROCESSING",6.12598733761350e-09,3.34325138911052e-08,0.761460801445585,0.490869249014899,2.27854801356649,112,"TRMT10C;NUP210;NSUN2;NUP50;TP53RK;TRMT6;ZBTB8OS;POP4;LCMT2;NUP37;CSTF2;QTRT2;GON7;RAE1;TSEN15;NUP155;FAM98B;TRMT112;ADAT1;PUS3;YRDC;NUP153;NDC1;NUP205;NUP62;PRORP;TRMT10A;EPRS1;FTSJ1;RAN;CLP1;RPP38;XPOT;NUP160;DDX1;POP1;HSD17B10;NUP43;LAGE3;TPRKB;SEC13;METTL1;TYW5;RANBP2;SEH1L;MTO1;RTRAF;TSEN34;TRMT12;ALKBH8;NUP107;TRMT13;RTCB;NUP93;RPP40;NUP58;POP7;TRNT1;NUP133;DUS2;NUP42;C2orf49;THG1L"
"REACTOME_DEGRADATION_OF_DVL",6.31702981248388e-09,3.43361136581785e-08,0.761460801445585,0.658083515088839,2.58848542717235,44,"PSMA5;PSMC2;PSMA6;PSMA4;PSMA2;CUL3;PSMD6;DACT1;PSMA1;PSMD14;PSMD12;PSMB4;PSMD1;PSMB1;PSMA3;RBX1;PSMD2;PSMB2;PSMC6;ADRM1;PSMC4;PSMD7;PSMA7;DVL3;PSMB3;SEM1;PSMB5;KLHL12;PSMD8;PSMD11;PSMD3;UBC;PSMC5;PSMC3;PSMB7;PSMC1;UBB"
"REACTOME_POTENTIAL_THERAPEUTICS_FOR_SARS",7.34147581741562e-09,3.97442144653665e-08,0.761460801445585,0.437236855520325,2.14841389372164,153,"TLR7;ATP1A3;ZBP1;BLNK;TBK1;ITGA4;BTK;REST;STAT2;IGLV3-1;CUL3;PTGES3;CD79A;FKBP1A;ARID4B;RBBP7;IGHV3-11;IGHV3-33;AP2M1;AP2S1;SYK;RBX1;HDAC1;FKBP4;PDCD1;IGHV1-69;HSP90AB1;IGHV4-34;RBBP4;VAV1;IGLV1-47;GRB2;IFNGR2;IGHD;IGHV4-59;CHD4;HSP90AA1;IGHV3-30;AP2B1;BRMS1;IGKV1D-39;IGHV4-39;IGKV1-39;IGKV3-15;IGKV2-28;IGLV3-21;IGKV2D-28;IGLV3-27;IGHV2-5;IFNAR2;NFE2L2;RIPK1;IGKV4-1;IGKV1-5;JAK3;TUBB;GATAD2B;IGLV3-25;IGKV3-20;IGKV1-16;IGKV1-33;CYSLTR1;IGKV2D-40;NCK1;IGHV2-70;SAP30;IFNAR1;CD79B;ROCK1;IGKV1D-33;HDAC2;IGKV3D-20;MTA2;TLR9;IGKV3-11;IGLV6-57;MTA3;IGLC2;IMPDH1;IGHV3-53;SUDS3;IGLC3;FNTA;IGLV1-44;JAK1;IL1R1"
"REACTOME_DEGRADATION_OF_CRY_AND_PER_PROTEINS",7.86361570758649e-09,4.24006158953064e-08,0.747739663149885,0.638589823904755,2.52752205282719,48,"UBE2D1;PSMA5;PSMC2;PSMA6;PSMA4;PSMA2;PSMD6;PSMA1;PSMD14;PSMD12;PSMB4;PSMD1;PSMB1;SKP1;PSMA3;RBX1;PSMD2;PSMB2;PSMC6;CRY1;ADRM1;PSMC4;PSMD7;PSMA7;FBXW11;PSMB3;SEM1;PSMB5;CUL1;PSMD8;PSMD11;PSMD3;UBC;PSMC5;PSMC3;PSMB7;PSMC1;UBB"
"REACTOME_HDR_THROUGH_HOMOLOGOUS_RECOMBINATION_HRR",8.0198284020206e-09,4.30706322148357e-08,0.747739663149885,0.562890255799191,2.40303047843707,69,"GEN1;RAD17;POLD4;RAD1;RPA3;RMI1;TOPBP1;RAD51AP1;BRCA2;RFC4;BLM;PCNA;DNA2;EME1;SLX4;RHNO1;RMI2;PALB2;BARD1;RAD9A;CHEK1;EXO1;XRCC2;BRIP1;RFC5;SEM1;RAD51;FIGNL1;RPA2;UBC;POLE3;SLX1A;NBN;SLX1B;RAD51C;ATM;RFC2;POLH;ATRIP;UBB;HUS1"
"REACTOME_TRANSCRIPTION_OF_THE_HIV_GENOME",1.02235783953255e-08,5.46880304638843e-08,0.747739663149885,0.551090395002722,2.35391910447664,70,"POLR2K;CDK7;ELOC;GTF2E1;TAF9;POLR2B;TAF5;CCNT1;GTF2B;TAF13;SUPT4H1;GTF2A1;TAF2;ELOB;GTF2A2;POLR2D;TAF12;TCEA1;CCNT2;TAF9B;TAF11;POLR2G;GTF2H3;POLR2J;NCBP2;TAF4;GTF2E2;POLR2H;GTF2H2;SUPT16H;TBP;TAF7;CCNK;GTF2H5;NELFCD;RNMT;POLR2C"
"HALLMARK_UV_RESPONSE_UP",1.30237673993461e-08,6.93914563411802e-08,0.747739663149885,0.434911058524995,2.13281610977354,152,"CASP3;PPT1;HSPA13;GCH1;TARS1;TMBIM6;STIP1;YKT6;SLC6A12;RPN1;RASGRP1;ATP6V1F;H2AX;ATP6V1C1;PPP1R2;BCL2L11;JUNB;MAPK8IP2;RFC4;TAP1;MMP14;AP2S1;HMOX1;IRF1;E2F5;TFRC;DDX21;NAT1;ALDOA;FKBP4;BAK1;PPAT;CDK2;CYB5R1;DNAJA1;EIF2S3;EPCAM;FEN1;ICAM1;CTSV;LYN;MARK2;TCHH;PTPRD;POLR2H;CCNE1;PPIF;RAB27A;KCNH2;HLA-F;PDLIM3;BTG2;TUBA4A;HNRNPU;FGF18;CDC5L;PDAP1;PRPF3;POLE3;PSMC3;GGH;TGFBRAP1;SELENOW;GRINA;SQSTM1;GRPEL1;ASNS;CYB5B;BSG;AMD1;STARD3;CA2;GLS;BID;RHOB;NUP58;PLCL1;SPR;HTR7;PRKCD;ENO2;NFKBIA;ATF3;CEBPG"
"REACTOME_NEGATIVE_REGULATION_OF_NOTCH4_SIGNALING",1.32868737926254e-08,7.05145900490514e-08,0.747739663149885,0.65109283867223,2.56098851589047,44,"PSMA5;YWHAZ;PSMC2;PSMA6;PSMA4;PSMA2;PSMD6;PSMA1;PSMD14;PSMD12;PSMB4;PSMD1;PSMB1;SKP1;PSMA3;RBX1;PSMD2;PSMB2;PSMC6;ADRM1;PSMC4;PSMD7;TACC3;PSMA7;PSMB3;SEM1;PSMB5;CUL1;PSMD8;PSMD11;PSMD3;UBC;PSMC5;PSMC3;AKT1;PSMB7;PSMC1;UBB"
"KEGG_TYPE_I_DIABETES_MELLITUS",1.38680516928562e-08,7.3023959695196e-08,0.747739663149885,0.677036991082961,2.53500843643942,37,"CD80;CD86;HLA-DRA;HLA-DMB;HLA-C;HLA-DPA1;HLA-DOA;HLA-DQB1;IL12B;TNF;HLA-DPB1;HLA-DQA1;HLA-B;FASLG;GZMB;HLA-DRB1;HLA-A;IL1B;CD28;IFNG;HSPD1;HLA-DQA2;HLA-DMA;HLA-DRB5;HLA-DOB;HLA-F"
"REACTOME_RNA_POLYMERASE_II_TRANSCRIBES_SNRNA_GENES",1.38216130610878e-08,7.3023959695196e-08,0.747739663149885,0.537355376464116,2.34229109322737,80,"POLR2K;CDK7;GTF2E1;INTS8;TAF9;ELL3;POLR2B;TAF5;CCNT1;GTF2B;TAF13;POU2F2;SUPT4H1;GTF2A1;GTF2A2;POLR2D;CCNT2;TAF11;INTS14;SP1;POLR2G;NABP1;POLR2J;NCBP2;GTF2E2;POLR2H;PHAX;NABP2;SNAPC2;PCF11;TBP;POU2F1;ELL2;CCNK;SNAPC5;INTS13;ICE1;POLR2C;RPRD1B;INTS7;INTS2;INTS5;NCBP1;ZNF143;INTS12;TAF6;SNAPC1;SRRT"
"KEGG_INTESTINAL_IMMUNE_NETWORK_FOR_IGA_PRODUCTION",1.56484486585664e-08,8.20782443258658e-08,0.73376198835648,0.653108294249678,2.51502694073221,41,"ICOS;CD80;CD86;CXCR4;TNFSF13B;TGFB1;ITGA4;HLA-DRA;HLA-DMB;HLA-DPA1;HLA-DOA;HLA-DQB1;HLA-DPB1;HLA-DQA1;ITGB7;TNFRSF13C;HLA-DRB1;CD28;HLA-DQA2;HLA-DMA;HLA-DRB5;IL10;TNFRSF13B;HLA-DOB;CD40LG"
"REACTOME_CELL_SURFACE_INTERACTIONS_AT_THE_VASCULAR_WALL",2.05895618215152e-08,1.07576470292258e-07,0.73376198835648,0.417120151270208,2.11113245317147,182,"KRAS;FN1;SDC1;CD84;SELPLG;CD2;SELL;SIRPG;SPN;PTPN6;NRAS;TGFB1;ITGA4;CD48;OLR1;MMP1;ITGAX;ITGAV;LCK;CEACAM5;ITGAL;IGLV3-1;CEACAM6;COL1A2;SLC7A5;FCER1G;COL1A1;GRB14;SLC16A3;SLC7A11;SLC7A7;CD74;IGHV3-11;IGHV3-33;ITGB2;SELE;CD177;PROC;CD58;JAML;L1CAM;PPIA;IGHV1-69;IGHV4-34;MAG;IGLV1-47;SDC4;GRB2;EPCAM;IGHV4-59;LYN;GRB7;MIF;SRC;F11R;IGHV3-30;PIK3CB;ITGAM;IGKV1D-39;IGHV4-39;IGKV1-39;IGKV3-15;IGKV2-28;IGLV3-21;SLC16A1;IGKV2D-28;IGLV3-27;IGHV2-5;IGKV4-1;IGKV1-5;VPREB3;IGLV3-25;IGKV3-20;TREM1;IGKV1-16;IGKV1-33;SLC3A2;IGKV2D-40;IGHV2-70;ITGA5;TNFRSF10B;SLC7A6;BSG;IGKV1D-33;SHC1;PPIL2;ANGPT2;IGKV3D-20;TNFRSF10A"
"REACTOME_RAB_GERANYLGERANYLATION",2.38467928428318e-08,1.24113809853812e-07,0.73376198835648,0.56514270614074,2.38373469242939,65,"RAB31;PTP4A2;RAB19;RAB2A;RAB18;RAB1A;RAB11A;CHML;RAB10;RAB5A;RAB6A;RAB2B;RAB21;RAB26;RAB22A;RAB8A;RAB39A;RAB39B;RABGGTB;RAB27B;CHM;RAB35;RAB7A;RAB33A;RAB14;RAB42;RAB30;RAB27A;RAB13;RAB40C;RAB1B;RAB8B;RAB32;RAB17;RAB37;RAB43;RAB5C;RAB23;RAB5B;RAB20;RAB25;RAB15"
"HALLMARK_IL2_STAT5_SIGNALING",2.54919496420063e-08,1.31659571331128e-07,0.73376198835648,0.397012683975658,2.04065267888606,197,"CASP3;ADAM19;RGS16;TLR7;ICOS;TNFRSF9;CXCL10;RHOH;CD86;CCR4;PHTF2;CTLA4;IKZF2;GPR65;CD83;SELL;EOMES;CST7;CD48;CISH;F2RL2;IL2RB;ITGAV;TWSG1;LIF;TNFRSF18;MAPKAPK2;TRAF1;CDC42SE2;NCOA3;CDC6;LTB;XBP1;SNX14;CTSZ;LCLAT1;IRF8;TIAM1;PNP;HOPX;CAPG;KLF6;GSTO1;ALCAM;SYNGR2;GADD45B;BCL2L1;TNFRSF4;SPP1;IFITM3;IL2RA;BATF;MYO1E;PLSCR1;AHR;IL4R;PIM1;P4HA1;BHLHE40"
"REACTOME_INTERLEUKIN_1_SIGNALING",2.54919496420063e-08,1.31659571331128e-07,0.73376198835648,0.488996404160021,2.22875503747231,101,"MYD88;PSMA5;PSMC2;PSMA6;PSMA4;IRAK4;PSMA2;CASP8;N4BP1;UBE2N;PSMD6;PSMA1;PSMD14;PSMD12;PSMB4;PSMD1;PSMB1;NOD2;SKP1;IL1B;PSMA3;RBX1;PSMD2;PSMB2;PSMC6;CHUK;ADRM1;PSMC4;PSMD7;UBE2V1;TAB3;MAP3K7;PSMA7;RIPK2;FBXW11;NFKB1;PSMB3;USP18;SEM1;PSMB5;USP14;CUL1;PSMD8;PSMD11;RELA;PSMD3;UBC;PSMC5;IKBKB;PSMC3;NFKB2;TNIP2;SQSTM1;NKIRAS1;IL1A;PSMB7;NLRC5;PSMC1;UBB;TRAF2;IRAK1"
"REACTOME_REGULATION_OF_RUNX2_EXPRESSION_AND_ACTIVITY",2.60737679049618e-08,1.3415053105301e-07,0.73376198835648,0.585351455331073,2.41391783673968,58,"STAT1;RUNX2;NKX3-2;PSMA5;PSMC2;PSMA6;PSMA4;WWP1;PSMA2;CBFB;PSMD6;PSMA1;PSMD14;PSMD12;PSMB4;PSMD1;PSMB1;SKP1;PSMA3;RBX1;PSMD2;PSMB2;PSMC6;ADRM1;PSMC4;PSMD7;GSK3B;PSMA7;PSMB3;SEM1;PSMB5;CUL1;PSMD8;PSMD11;PSMD3;STUB1;UBC;PSMC5;PSMC3;DLX5;PSMB7;PSMC1;UBB"
"REACTOME_GLOBAL_GENOME_NUCLEOTIDE_EXCISION_REPAIR_GG_NER",2.6694571902699e-08,1.35789746886182e-07,0.73376198835648,0.51985603621121,2.29801939895014,84,"COPS8;ACTB;CDK7;UBE2N;POLD4;UBE2I;SUMO1;SUMO3;RPA3;COPS5;UBE2V2;RFC4;SUMO2;RUVBL1;PCNA;RBX1;PARP1;ERCC4;CUL4B;ACTL6A;GTF2H3;RFC5;GTF2H2;RNF111;RAD23B;CETN2;DDB1;COPS4;RPA2;COPS3;UBC;COPS2;COPS6;GTF2H5;POLE3"
"REACTOME_INTERLEUKIN_10_SIGNALING",2.66417113642778e-08,1.35789746886182e-07,0.73376198835648,0.649480221641234,2.51011381121573,43,"CCL3L3;CCL22;CD80;CXCL10;CD86;CCR1;CCR5;LIF;IL18;CCL4;IL12B;TNF;CCL5;CCR2;CCL3;IL1B;CCL19;IL10RB;CCL20;ICAM1;CCL2;PTAFR;IL10;TIMP1"
"REACTOME_TRANSPORT_TO_THE_GOLGI_AND_SUBSEQUENT_MODIFICATION",2.66911367749451e-08,1.35789746886182e-07,0.73376198835648,0.414709528948908,2.09893178868825,182,"CAPZA1;CAPZA2;TUBB3;DCTN5;SEC23IP;F5;ARCN1;ARF3;MGAT4A;RAB1A;TUBA1C;TMED2;PPP6R1;ARF4;YKT6;SEC24A;B4GALT4;CTSZ;TMED9;SEC31A;LMAN2;TMED7;TFG;CD55;MAN2A1;FUCA1;COPZ1;LMAN1;COPG1;TRAPPC10;MGAT2;COG2;TRAPPC4;COPB2;CAPZB;ST6GAL1;TUBA4B;SEC22B;TUBA1B;NSF;KDELR1;DYNLL1;ARF1;FUT8;KDELR2;TMED3;SEC24D;TUBA1A;NAPA;MGAT5;SAR1B;ARF5;NAPG;MANEA;DYNC1LI1;DYNLL2;COPA;COPB1;B4GALT3;SEC24C;TRAPPC6B;SEC16A;BET1;TRAPPC3;RAB1B;B4GALT1;SEC13;DCTN4;TUBA4A;MGAT4B;CSNK1D;ARFGAP1;SCFD1;B4GALT5;PPP6R3;SEC22A;ACTR1A;TUBB8;ARFGAP3;TBC1D20;TMED10;TUBB4B;KDELR3;CTSC;ACTR10;CNIH1;PREB;COG4;TUBB1"
"REACTOME_ANTIGEN_ACTIVATES_B_CELL_RECEPTOR_BCR_LEADING_TO_GENERATION_OF_SECOND_MESSENGERS",2.71755958469695e-08,1.37716929329755e-07,0.73376198835648,0.516457953246821,2.29792587955011,86,"DAPP1;CD22;CD19;BLNK;PTPN6;ORAI2;BTK;BLK;IGLV3-1;PIK3AP1;CD79A;IGHV3-11;IGHV3-33;SYK;IGHV1-69;IGHV4-34;VAV1;IGLV1-47;GRB2;IGHD;IGHV4-59;LYN;IGHV3-30;IGKV1D-39;IGHV4-39;IGKV1-39;IGKV3-15;IGKV2-28;IGLV3-21;IGKV2D-28;IGLV3-27;IGHV2-5;IGKV4-1;IGKV1-5;IGLV3-25;IGKV3-20;IGKV1-16;IGKV1-33;ORAI1;IGKV2D-40;NCK1;IGHV2-70;PIK3CD;CD79B;IGKV1D-33;IGKV3D-20;IGKV3-11;CALM1;IGLV6-57;IGLC2;IGHV3-53;IGLC3;IGLV1-44;IGLV1-40;IGHV3-48"
"REACTOME_REGULATION_OF_RAS_BY_GAPS",2.85215242957529e-08,1.43996309927621e-07,0.73376198835648,0.5864633016024,2.38543259740125,55,"KRAS;PSMA5;NRAS;PSMC2;PSMA6;PSMA4;PSMA2;CUL3;PSMD6;RASAL3;PSMA1;PSMD14;PSMD12;PSMB4;PSMD1;PSMB1;PSMA3;RBX1;PSMD2;PSMB2;PSMC6;ADRM1;PSMC4;PSMD7;SPRED3;PSMA7;PSMB3;SEM1;PSMB5;PSMD8;PSMD11;PSMD3;UBC;PSMC5;PSMC3;PSMB7;PSMC1;UBB"
"REACTOME_SOMITOGENESIS",3.04267938716159e-08,1.5304223186171e-07,0.719512826338911,0.645696589527109,2.48648552238224,41,"LEF1;PSMA5;PSMC2;PSMA6;PSMA4;PSMA2;PSMD6;PSMA1;PSMD14;PSMD12;PSMB4;PSMD1;PSMB1;PSMA3;PSMD2;PSMB2;PSMC6;ADRM1;PSMC4;PSMD7;PSMA7;PSMB3;SEM1;PSMB5;LFNG;PSMD8;PSMD11;PSMD3;PSMC5;PSMC3;PSMB7;PSMC1"
"REACTOME_SUMOYLATION_OF_DNA_DAMAGE_RESPONSE_AND_REPAIR_PROTEINS",3.09064473149374e-08,1.54876918143255e-07,0.719512826338911,0.527741780337883,2.30670921831878,77,"XRCC4;SMC6;CBX4;RAD21;NUP210;NUP50;UBE2I;SUMO1;SUMO3;CBX2;NUP37;TDG;BLM;SUMO2;RAE1;BMI1;PARP1;NUP155;CBX8;CDKN2A;NSMCE1;SP100;NUP153;NDC1;NUP205;NUP62;STAG2;NUP160;CETN2;NUP43;NSMCE2;SEC13;RNF168;RANBP2;RNF2;SEH1L;SMC3;NSMCE3;NUP107;PIAS4;NUP93;NUP58;PHC3;NUP133;NUP42;SMC1A;PIAS1;TPR;MDC1;AAAS;NUP54;PHC2"
"KEGG_PATHOGENIC_ESCHERICHIA_COLI_INFECTION",3.87474725036561e-08,1.93450344203439e-07,0.719512826338911,0.591228840643744,2.41356920156097,54,"ARPC2;TUBB3;EZR;ACTB;YWHAZ;ARPC1B;ARPC3;TUBA1C;YWHAQ;LY96;ARPC4;ACTG1;OCLN;KRT18;CDC42;ARPC1A;HCLS1;RHOA;WASL;CLDN1;ARPC5;TUBA1B;CDH1;ARPC5L;TUBA1A;WAS"
"REACTOME_ACTIVATION_OF_ATR_IN_RESPONSE_TO_REPLICATION_STRESS",4.08916270885164e-08,2.03401894152473e-07,0.719512826338911,0.663166218346835,2.4830725357883,37,"RAD17;CDC6;RAD1;DBF4;RPA3;CDC7;RFC4;CLSPN;CDK2;MCM2;ORC6;RAD9A;MCM4;ORC3;CHEK1;MCM6;CDC25A;MCM10;RFC5;CDC25C;ORC2;RPA2;ORC5;MCM8;ORC1;RFC2;ATRIP;HUS1"
"REACTOME_CELLULAR_RESPONSE_TO_HYPOXIA",4.28395916612193e-08,2.12307976321043e-07,0.719512826338911,0.566497848537849,2.37406124921395,62,"UBE2D1;ELOC;PSMA5;PSMC2;PSMA6;PSMA4;PSMA2;PSMD6;UBE2D2;PSMA1;HIF1A;PSMD14;PSMD12;PSMB4;PSMD1;ELOB;PSMB1;CUL2;PSMA3;RBX1;PSMD2;PSMB2;PSMC6;ADRM1;EGLN3;PSMC4;UBE2D3;PSMD7;VHL;PSMA7;PSMB3;SEM1;PSMB5;HIGD1A;PSMD8;PSMD11;PSMD3;LIMD1;UBC;EGLN2;PSMC5;PSMC3"
"REACTOME_GENE_AND_PROTEIN_EXPRESSION_BY_JAK_STAT_SIGNALING_AFTER_INTERLEUKIN_12_STIMULATION",4.30103457509e-08,2.12373428835946e-07,0.719512826338911,0.662538413523897,2.48072186581968,37,"CAPZA1;RAP1B;LCP1;BOLA2B;PSME2;CFL1;BOLA2;HNRNPF;SOD1;CDC42;PAK2;GSTO1;TCP1;HNRNPA2B1;HSPA9;LMNB1;PPIA;IFNG;ARF1;SNRPA1;RALA;MIF;IL10"
"REACTOME_PCP_CE_PATHWAY",4.42292624320996e-08,2.17595057512665e-07,0.719512826338911,0.527530507069292,2.30526828685828,78,"PSMA5;PSMC2;PSMA6;RAC2;PSMA4;PSMA2;PFN1;PSMD6;CLTC;PSMA1;PRICKLE1;PSMD14;PSMD12;PSMB4;PSMD1;PSMB1;AP2M1;PRKCB;AP2S1;PSMA3;PSMD2;PSMB2;PSMC6;RHOA;ADRM1;PSMC4;RAC1;PSMD7;PSMA7;DVL3;PSMB3;AP2B1;SEM1;PSMB5;FZD6;PSMD8;PSMD11;PSMD3;UBC;FZD2;ROR2;PSMC5;PSMC3;PSMB7;SMURF2;PSMC1;UBB"
"REACTOME_TRANSLATION_OF_SARS_COV_2_STRUCTURAL_PROTEINS",4.96469267440504e-08,2.43360208185382e-07,0.719512826338911,0.565584347227933,2.36906824837931,61,"PARP9;GALNT1;MGAT4A;PARP14;CANX;MAGT1;RPN1;UBE2I;SUMO1;STT3B;OSTC;MAN2A1;MGAT2;SRPK2;ST6GAL1;SRPK1;RPN2;STT3A;ZDHHC20;GSK3B;FUT8;MGAT5;ZDHHC5;PARP8;DAD1;ZDHHC9;TMEM258;CSNK1A1;EDEM2;GANAB;PARP10;OST4;MGAT4B;UBC;ST6GALNAC4;GOLGA7;ST3GAL1;UBB;GSK3A"
"REACTOME_REGULATION_OF_MITF_M_DEPENDENT_GENES_INVOLVED_IN_LYSOSOME_BIOGENESIS_AND_AUTOPHAGY",5.53559610714167e-08,2.70361722914021e-07,0.719512826338911,0.817708595989228,2.50441278515741,17,"ATP6V1A;ATP6V0E2;ATP6V0E1;ATP6V0B;ATP6AP2;ATP6V0C;ATP6V0D1;ATP6V1B2;ATP6V1F;ATP6V1C1;ASAH1;ATP6V1H;ATP6V1G1;ATP6V1D"
"REACTOME_SUMOYLATION_OF_CHROMATIN_ORGANIZATION_PROTEINS",5.87099652911646e-08,2.85707701128122e-07,0.719512826338911,0.541508428192784,2.32258398081614,71,"H4C12;H4C11;CBX4;NUP210;NUP50;UBE2I;H4C9;H4C16;SUMO1;SUMO3;CBX2;NUP37;H4C14;H4C15;SUMO2;RAE1;BMI1;HDAC1;NUP155;CBX8;H4C1;NUP153;NDC1;NUP205;NUP62;NUP160;H4C8;NUP43;ZBED1;SEC13;RANBP2;H4C4;RNF2;SEH1L;CBX5;NUP107;SUZ12;HDAC2;NUP93;NUP58;H4C6;PHC3;NUP133;NUP42;PIAS1;H4C13;TPR;H4C2;AAAS;NUP54;PHC2"
"REACTOME_ER_TO_GOLGI_ANTEROGRADE_TRANSPORT",6.3807099563566e-08,3.09395576301032e-07,0.704975715167238,0.42101026048118,2.06868264099271,153,"CAPZA1;CAPZA2;TUBB3;DCTN5;SEC23IP;F5;ARCN1;ARF3;RAB1A;TUBA1C;TMED2;PPP6R1;ARF4;YKT6;SEC24A;CTSZ;TMED9;SEC31A;LMAN2;TMED7;TFG;CD55;COPZ1;LMAN1;COPG1;TRAPPC10;COG2;TRAPPC4;COPB2;CAPZB;TUBA4B;SEC22B;TUBA1B;NSF;KDELR1;DYNLL1;ARF1;KDELR2;TMED3;SEC24D;TUBA1A;NAPA;SAR1B;ARF5;NAPG;DYNC1LI1;DYNLL2;COPA;COPB1;SEC24C;TRAPPC6B;SEC16A;BET1;TRAPPC3;RAB1B;SEC13;DCTN4;TUBA4A;CSNK1D;ARFGAP1;SCFD1;PPP6R3;SEC22A;ACTR1A;TUBB8;ARFGAP3;TBC1D20;TMED10;TUBB4B;KDELR3;CTSC;ACTR10;CNIH1;PREB;COG4;TUBB1;COG5;USO1;COG8;SERPINA1;DYNC1I2;COPE;TRAPPC5;TRAPPC2L;SEC23A;TRAPPC2"
"REACTOME_EPIGENETIC_REGULATION_BY_WDR5_CONTAINING_HISTONE_MODIFYING_COMPLEXES",6.51715093315547e-08,3.14878833616257e-07,0.704975715167238,0.411798041174693,2.04374446931345,163,"H2BC26;H3C12;H4C12;H4C11;H3C8;H2AC19;H2AC18;H2BC12;H2AC7;H3C10;DR1;H2BC9;NCOA3;H2BC10;H2AC14;H2BC8;H2AC4;H4C9;H4C16;H2AX;H2BC7;H2BC21;H2BC5;H2BC13;MED14;H3C4;H4C14;H2BC14;H2BC4;H4C15;H2BC17;H3C7;H3C3;PAGR1;CDK5;H2AC8;H3C13;H4C1;NCOA2;H2BC6;PHF20;DPY30;CCNC;H2BC3;H3C11;H3C14;TBL1XR1;H3C15;H2BC15;KDM6A;H2BC11;MED23;PHF20L1;H3-3A;RB1;H2AC6;H3C2;MED13;H4C8;H2AZ2;SETD1B;MED17;H3-3B;SIRT1;KANSL2;MED7;MED1;H2AJ;H4C4;H2AC20;RBBP5;MED30;MED10;H3C6"
"REACTOME_REGULATION_OF_APOPTOSIS",6.73481889027266e-08,3.24233423717412e-07,0.704975715167238,0.641280407685131,2.47611186184479,40,"PSMA5;PSMC2;PSMA6;PSMA4;PSMA2;PSMD6;PSMA1;PSMD14;PSMD12;PSMB4;PSMD1;PAK2;PSMB1;PSMA3;PSMD2;PSMB2;PSMC6;ADRM1;PSMC4;PSMD7;OPA1;PSMA7;PSMB3;SEM1;PSMB5;PSMD8;PSMD11;PSMD3;UBC;PSMC5;PSMC3;PSMB7;PSMC1;UBB"
"REACTOME_RSV_HOST_INTERACTIONS",7.31323465002614e-08,3.50827057232571e-07,0.704975715167238,0.512768257999349,2.24600070024605,83,"OAS2;TLR7;EIF2AK2;RIGI;SDC1;ISG15;ELOC;UBE2L6;IFIH1;STAT2;CUL5;GPC6;LY96;TLR6;MED14;ELOB;RBX1;MED8;MED21;CCNC;SDC4;HERC5;H2BC15;MED23;TRIM25;MED19;MED18;MED13;MED17;BECN1;IFNAR2;MED7;MED1;UBC;MED30;MED10;CDK19;MED13L;MAVS;TLR2;IFNAR1;UBB"
"REACTOME_DAP12_INTERACTIONS",7.50351497224584e-08,3.58678658956999e-07,0.704975715167238,0.652439122312703,2.47205777495126,38,"KRAS;B2M;NRAS;VAV3;BTK;LCK;TYROBP;HLA-C;LCP2;GRAP2;HLA-B;CLEC5A;SYK;RAC1;LAT;TREM2;KLRK1;GRB2;VAV2;PIK3CB;SIGLEC14;KLRC2;TREM1"
"REACTOME_EPIGENETIC_REGULATION_OF_GENE_EXPRESSION_BY_MLL3_AND_MLL4_COMPLEXES",8.02988501773205e-08,3.82483569042502e-07,0.704975715167238,0.44897729073056,2.1475859529206,131,"H2BC26;H3C12;H4C12;H4C11;H3C8;H2AC19;H2AC18;H2BC12;H2AC7;H3C10;H2BC9;NCOA3;H2BC10;H2AC14;H2BC8;H2AC4;H4C9;H4C16;H2AX;H2BC7;H2BC21;H2BC5;H2BC13;MED14;H3C4;H4C14;H2BC14;H2BC4;H4C15;H2BC17;H3C7;H3C3;PAGR1;CDK5;H2AC8;H3C13;H4C1;NCOA2;H2BC6;DPY30;CCNC;H2BC3;H3C11;H3C14;TBL1XR1;H3C15;H2BC15;KDM6A;H2BC11;MED23;H3-3A;RB1;H2AC6;H3C2;MED13;H4C8;H2AZ2;MED17;H3-3B;SIRT1;MED7;MED1;H2AJ;H4C4;H2AC20;RBBP5;MED30;MED10;H3C6"
"KEGG_CYTOSOLIC_DNA_SENSING_PATHWAY",8.60266680377321e-08,4.05984177613728e-07,0.704975715167238,0.633757154297977,2.44050845927835,41,"CCL4L2;CXCL10;RIGI;ZBP1;IRF7;TBK1;PYCARD;ADAR;POLR3K;IL18;CCL4;CCL5;AIM2;IL1B;CHUK;POLR3F;CASP1;NFKB1;RIPK3;TREX1;POLR3C;RIPK1;RELA;IKBKB;POLR3A;MAVS"
"REACTOME_FACTORS_INVOLVED_IN_MEGAKARYOCYTE_DEVELOPMENT_AND_PLATELET_PRODUCTION",8.57801252974284e-08,4.05984177613728e-07,0.704975715167238,0.426971416851865,2.08740775110985,149,"CAPZA1;CAPZA2;TUBB3;DOCK10;H3C12;KIF26B;ACTB;KIF2A;H3C8;H3C10;TUBA1C;GATA3;RAB5A;KIF23;KIF20B;KIF5B;GATA5;CDC42;H3C4;KIF18A;KIF21B;KIF11;H3C7;KIF4A;RACGAP1;KIF2C;IRF1;H3C3;CENPE;HDAC1;CDK5;CAPZB;RAC1;TUBA4B;H3C13;CDK2;TUBA1B;KIF22;KIFC1;H3C11;H3C14;DOCK2;MICAL1;H3C15;TUBA1A;CABLES2;MFN1;KIF20A;H3-3A;DOCK8;PRKACB;SIN3A;H3C2;KIF21A;EHD1;H3-3B;KIF15;KIF1A;VPS45;KIF3B;TUBA4A;MYB;KIF3A;CBX5;H3C6;KIF18B;WEE1;TUBB8"
"REACTOME_TRANS_GOLGI_NETWORK_VESICLE_BUDDING",8.61361089002421e-08,4.05984177613728e-07,0.704975715167238,0.538521670152579,2.30977347590505,71,"AP1S3;SNAP23;M6PR;HSPA8;AP1S2;NECAP1;VAMP7;TPD52;VAMP8;AP1G1;CTSZ;CLTC;AP1S1;AP4E1;YIPF6;TFRC;BLOC1S6;DNASE2;ACBD3;ARF1;NAPA;AP1B1;AP3B1;CLINT1;AP3S1;SNAPIN;DTNBP1;BLOC1S3;RAB5C;STX4;SNX5;TGOLN2;SNX2;CHMP2A;AP1M2;DNM2"
"REACTOME_CD22_MEDIATED_BCR_REGULATION",9.29948967433405e-08,4.36784393066282e-07,0.704975715167238,0.557379503407757,2.33470054518427,61,"CD22;PTPN6;IGLV3-1;CD79A;IGHV3-11;IGHV3-33;IGHV1-69;IGHV4-34;IGLV1-47;IGHD;IGHV4-59;LYN;IGHV3-30;IGKV1D-39;IGHV4-39;IGKV1-39;IGKV3-15;IGKV2-28;IGLV3-21;IGKV2D-28;IGLV3-27;IGHV2-5;IGKV4-1;IGKV1-5;IGLV3-25;IGKV3-20;IGKV1-16;IGKV1-33;IGKV2D-40;IGHV2-70;CD79B;IGKV1D-33;IGKV3D-20;IGKV3-11;IGLV6-57;IGLC2;IGHV3-53;IGLC3;IGLV1-44;IGLV1-40;IGHV3-48"
"REACTOME_DAP12_SIGNALING",9.62294216983652e-08,4.50407154338182e-07,0.704975715167238,0.700460681950319,2.46016570242812,29,"KRAS;B2M;NRAS;VAV3;BTK;LCK;TYROBP;LCP2;GRAP2;SYK;RAC1;LAT;TREM2;KLRK1;GRB2;VAV2;PIK3CB"
"REACTOME_TRANSCRIPTION_COUPLED_NUCLEOTIDE_EXCISION_REPAIR_TC_NER",1.09024874064264e-07,5.08531246500443e-07,0.704975715167238,0.518781037965345,2.25203377169892,76,"COPS8;POLR2K;CDK7;POLD4;POLR2B;USP7;RPA3;COPS5;POLR2D;RFC4;TCEA1;PCNA;RBX1;ERCC4;CUL4B;POLR2G;GTF2H3;RFC5;POLR2J;POLR2H;ISY1;GTF2H2;PRPF19;DDB1;COPS4;RPA2;AQR;COPS3;UBC;COPS2;COPS6;GTF2H5;POLE3;POLR2C;RFC2;UBB;ZNF830"
"KEGG_ASTHMA",1.27812431804993e-07,5.94107441631484e-07,0.690132458796796,0.740947368811848,2.44370484753348,23,"CCL11;HLA-DRA;HLA-DMB;HLA-DPA1;HLA-DOA;HLA-DQB1;TNF;FCER1G;HLA-DPB1;HLA-DQA1;HLA-DRB1;MS4A2;HLA-DQA2;HLA-DMA;HLA-DRB5;IL10;HLA-DOB;CD40LG"
"REACTOME_SUMOYLATION_OF_DNA_REPLICATION_PROTEINS",1.34523468056182e-07,6.23153384672621e-07,0.690132458796796,0.611123746290946,2.41241825394138,46,"NUP210;NUP50;UBE2I;SUMO1;SUMO3;TOP1;NUP37;AURKA;SUMO2;BIRC5;RAE1;PCNA;NUP155;TOP2A;CDCA8;NUP153;NDC1;NUP205;NUP62;AURKB;NUP160;NUP43;SEC13;INCENP;RANBP2;SEH1L;NUP107;PIAS4;TOP2B;NUP93;NUP58;NUP133;NUP42;RANGAP1;TPR;AAAS;NUP54"
"REACTOME_HIV_TRANSCRIPTION_INITIATION",1.356119191294e-07,6.26044065022023e-07,0.690132458796796,0.605661261648184,2.39589670534401,47,"POLR2K;CDK7;GTF2E1;TAF9;POLR2B;TAF5;GTF2B;TAF13;GTF2A1;TAF2;GTF2A2;POLR2D;TAF12;TAF9B;TAF11;POLR2G;GTF2H3;POLR2J;TAF4;GTF2E2;POLR2H;GTF2H2;TBP;TAF7;GTF2H5"
"KEGG_AUTOIMMUNE_THYROID_DISEASE",1.37458774059178e-07,6.2897593863059e-07,0.690132458796796,0.682471330050625,2.46977125799102,32,"CD80;CD86;CTLA4;HLA-DRA;HLA-DMB;HLA-C;HLA-DPA1;HLA-DOA;HLA-DQB1;HLA-DPB1;HLA-DQA1;HLA-B;FASLG;GZMB;HLA-DRB1;HLA-A;CD28;HLA-DQA2;HLA-DMA;HLA-DRB5;IL10;HLA-DOB;HLA-F;CD40LG"
"REACTOME_ANTIGEN_PROCESSING_UB_ATP_INDEPENDENT_PROTEASOMAL_DEGRADATION",1.37646811495567e-07,6.2897593863059e-07,0.690132458796796,0.788696944937528,2.46996079311107,19,"PSMB10;PSMA5;PSMA6;PSMA4;PSME1;PSMB8;PSMA2;PSME2;PSMA1;PSMB4;PSMB1;PSMA3;PSMB2;PSMB9;PSMA7;PSMB3;PSMB5"
"REACTOME_DISORDERS_OF_TRANSMEMBRANE_TRANSPORTERS",1.37413446405547e-07,6.2897593863059e-07,0.690132458796796,0.4227763021142,2.06689838051834,149,"SLC40A1;PSMA5;PSMC2;PSMA6;PSMA4;NUP210;PSMA2;SLC33A1;NUP50;SLC12A3;PSMD6;DERL1;PSMA1;SLC35A2;SEL1L;PSMD14;PSMD12;SLC29A3;SLC24A5;PSMB4;PSMD1;NUP37;ABCB4;SLC7A7;PSMB1;ERLEC1;RAE1;HK1;PSMA3;SLC35A3;PSMD2;PSMB2;PSMC6;NUP155;ADRM1;PSMC4;PSMD7;PSMA7;NUP153;NDC1;NUP205;SLC2A1;NUP62;SLC2A10;RNF5;PSMB3;NUP160;SEM1;PSMB5;NUP43;SLC16A1;DERL3;SLC5A5;SEC13;PSMD8;PSMD11;PSMD3;RANBP2;DERL2;UBC;SEH1L;SLC35A1;SLC5A2;SLC3A2;PSMC5;PSMC3;ABCD1;SLC1A3;NUP107;PSMB7;BSG;PSMC1;UBB;SLC20A2;NUP93;SLC6A20;NUP58"
"REACTOME_ANTIGEN_PRESENTATION_FOLDING_ASSEMBLY_AND_PEPTIDE_LOADING_OF_CLASS_I_MHC",1.48268842063597e-07,6.75224321289625e-07,0.690132458796796,0.710436244086588,2.48613248615131,28,"B2M;PDIA3;HLA-C;CALR;CANX;TAPBP;SEC24A;SEC31A;HLA-B;HSPA5;TAP1;ERAP2;HLA-A;SEC24D;SAR1B;SEC24C;HLA-F;BECN1;SEC13;TAP2"
"KEGG_VIBRIO_CHOLERAE_INFECTION",1.90860241173097e-07,8.66261296637492e-07,0.690132458796796,0.584073112695943,2.36080849547794,51,"ATP6V1A;ACTB;PDIA4;ATP6V0E2;ATP6V0E1;ATP6V0B;SEC61G;ATP6AP1;ATP6V0C;ATP6V1C2;SEC61A1;ATP6V0D1;ACTG1;ATP6V1B2;ATP6V1F;ATP6V1C1;ATP6V1H;PRKCB;ATP6V1G1;KDELR1;ERO1A;ARF1;KDELR2;ATP6V1D;GNAS;SEC61B;PRKACB"
"REACTOME_HDMS_DEMETHYLATE_HISTONES",1.94523585533426e-07,8.79925480869321e-07,0.690132458796796,0.581730452089673,2.3239425179597,50,"H3C12;H4C12;H4C11;H3C8;H3C10;H4C9;H4C16;H3C4;H4C14;KDM1B;H4C15;H3C7;H3C3;KDM5B;H3C13;H4C1;H3C11;H3C14;H3C15;KDM7A;KDM6A;H3C2;H4C8;KDM2A;KDM5C;KDM4A;H4C4;H3C6"
"REACTOME_NEF_MEDIATES_DOWN_MODULATION_OF_CELL_SURFACE_RECEPTORS_BY_RECRUITING_THEM_TO_CLATHRIN_ADAPTERS",2.33288593274643e-07,1.05174924325826e-06,0.690132458796796,0.743906721067741,2.40429545416391,21,"AP1S3;B2M;AP1S2;LCK;AP1G1;AP1S1;ATP6V1H;AP2M1;HLA-A;CD8B;AP2S1;CD4;CD28;ARF1;AP1B1;AP2B1"
"REACTOME_ROLE_OF_LAT2_NTAL_LAB_ON_CALCIUM_MOBILIZATION",2.3803152107174e-07,1.06955496801569e-06,0.690132458796796,0.527432505673169,2.26221093682054,71,"LAT2;IGLV3-1;FCER1G;IGHV3-11;IGHE;IGHV3-33;SYK;PDPK1;IGHV1-69;IGHV4-34;IGLV1-47;GRB2;MS4A2;IGHV4-59;LYN;IGHV3-30;PIK3CB;IGKV1D-39;IGHV4-39;IGKV1-39;IGKV3-15;IGKV2-28;IGLV3-21;IGKV2D-28;IGLV3-27;IGHV2-5;IGKV4-1;IGKV1-5;IGLV3-25;IGKV3-20;IGKV1-16;IGKV1-33;IGKV2D-40;IGHV2-70;IGKV1D-33;SHC1;IGKV3D-20;IGKV3-11;IGLV6-57;IGLC2;IGHV3-53;IGLC3;IGLV1-44;IGLV1-40;IGHV3-48"
"REACTOME_TNF_SIGNALING",2.53892796710732e-07,1.1370348503856e-06,0.674962860011025,0.56165014766982,2.300466357498,57,"UBE2D1;CYLD;TBK1;XIAP;CASP8;BIRC3;MAPKAPK2;TNF;TRAF1;SPPL2A;UBE2D2;BIRC2;TNFAIP3;OTULIN;FADD;CHUK;UBE2D3;TAB3;MAP3K7;TAX1BP1;ADAM17;SMPD3;TRADD;SPATA2;RIPK1;UBE2L3;RNF31;STUB1;UBC;BAG4;IKBKB;USP2;NSMAF;RBCK1;UBB;TRAF2"
"REACTOME_TOLL_LIKE_RECEPTOR_CASCADES",3.08565230826019e-07,1.37730440779296e-06,0.674962860011025,0.404563032879589,2.01797893089863,168,"TLR7;TLR10;LY86;MYD88;UBE2D1;IRF7;TBK1;PPP2CA;IRAK4;BTK;CASP8;BIRC3;CTSK;N4BP1;TASL;MAPKAPK2;UBE2N;MAPK9;TLR1;LY96;CD180;TLR6;CTSB;UBE2D2;SLC15A4;BIRC2;CTSS;TLR8;NOD2;SKP1;HSP90B1;CTSL;ITGB2;RPS6KA1;FADD;CHUK;UNC93B1;IRF5;UBE2D3;ATF2;ELK1;UBE2V1;TICAM1;TAB3;MAP3K7;RIPK2;FBXW11;NFKB1;CTSV;RIPK3;CREB1;USP18;ATF1;ITGAM;MAPKAPK3;VRK3;USP14;CNPY3;TICAM2;CUL1;RIPK1;RELA;PPP2R1A;UBC;MAPK1;DNM2;SFTPA2;IKBKB;NFKB2;TNIP2;NKIRAS1;TLR2;TRAF3;MAPK14;NLRC5;GSDMD;LGMN;FGG;UBB;SIGIRR;TRAF2;IRAK1"
"REACTOME_INITIAL_TRIGGERING_OF_COMPLEMENT",3.12704824334976e-07,1.39117525809752e-06,0.674962860011025,0.500887626036785,2.18933225938852,77,"IGHG2;IGHG1;IGHG4;IGLV3-1;CFB;IGHV3-11;IGHV3-33;IGHV1-69;IGHV4-34;C4B;IGLV1-47;C4A;IGHV4-59;IGHV3-30;IGKV1D-39;IGHV4-39;GZMM;IGKV1-39;IGKV3-15;IGKV2-28;IGLV3-21;C2;IGKV2D-28;IGLV3-27;IGHV2-5;C1QB;IGKV4-1;IGKV1-5;IGLV3-25;IGKV3-20;IGKV1-16;IGKV1-33;IGKV2D-40;IGHV2-70;C1QC;IGKV1D-33;IGKV3D-20;IGKV3-11;IGLV6-57;IGLC2;IGHV3-53;IGLC3;C1QA;FCN1;IGLV1-44;IGLV1-40;IGHV3-48;COLEC10"
"REACTOME_MRNA_SPLICING_MINOR_PATHWAY",3.83376963623792e-07,1.6999741676476e-06,0.674962860011025,0.575373682774115,2.29854799643135,50,"POLR2K;SRSF2;POLR2B;SNRPG;SF3B1;DDX23;SRSF1;SRSF7;POLR2D;SNRNP25;ZRSR2;SNRPB;SF3B6;SF3B4;ZCRB1;POLR2G;SNRPE;SNRPF;SNRNP40;POLR2J;NCBP2;POLR2H;SF3B5;SNRNP48;SNRPD1;SRSF6;SF3B3;SNRPD3;POLR2C;SF3B2"
"KEGG_RIBOSOME",4.33690821667598e-07,1.91677123805876e-06,0.674962860011025,-0.485320666957102,-2.17655031329621,84,"RPL13;RPS6;RPLP2;RPL4;RPL3;RPS9;RPS16;RPL18A;RPS3A;RPL32;RPL13A;RPL23A;RPL37A;RPL7;RPL22;RPL27;RPS28;RPL34;RPS23;RPS12;RPS5;RPL38;RPL8;RPS8;RPL14;RPS20;RPL31;RPS27A;RPL10;RPL5;RPL12;UBA52;RPL11;RPL18;RPLP1;RPL35;RPS3;RPS4X;RPL23;RPS19;RPS29;RPL29;RPL26;RPL9;RPL10A;RPL17;RPL21;RPL39;RPL19;RPL37;RPL7A;RPS11;RPL6;RPS7;RPS25;RPS18;RPL27A;RPL15;RPS15"
"REACTOME_SIGNALING_BY_TGF_BETA_RECEPTOR_COMPLEX",4.63506354225145e-07,2.04185152122711e-06,0.674962860011025,0.470497425000556,2.12551544746777,93,"STAT1;SKIL;UBE2D1;TGFB1;SERPINE1;USP15;ITGAV;STRAP;COL1A2;CCNT1;TRIM33;PMEPA1;PPP1CA;PPP1CC;JUNB;FKBP1A;XPO1;E2F5;CCNT2;PARP1;HDAC1;SMAD7;RHOA;NEDD8;UBE2D3;SP1;CCNC;LTBP1;ARHGEF18;UBE2M;TGFBR1;F11R;RNF111;FBN1;RBL1;BAMBI;TGIF1;TGIF2;USP9X;TGFB2;STUB1;UBC;PRKCZ;CCNK;MAPK1"
"REACTOME_TRNA_PROCESSING_IN_THE_NUCLEUS",4.68848222669246e-07,2.05865603960307e-06,0.674962860011025,0.548379922840794,2.27884521118062,59,"NUP210;NUP50;ZBTB8OS;POP4;NUP37;CSTF2;RAE1;TSEN15;NUP155;FAM98B;NUP153;NDC1;NUP205;NUP62;RAN;CLP1;RPP38;XPOT;NUP160;DDX1;POP1;NUP43;SEC13;RANBP2;SEH1L;RTRAF;TSEN34;NUP107;RTCB;NUP93;RPP40;NUP58;POP7;TRNT1;NUP133;NUP42;C2orf49;TPR;AAAS;TSEN54;NUP54"
"REACTOME_PLATELET_ACTIVATION_SIGNALING_AND_AGGREGATION",4.73635219439277e-07,2.07292297339008e-06,0.674962860011025,0.359975438165603,1.90377856598586,243,"FN1;MANF;RAP1B;PTPN1;GNG5;CAP1;PTPN6;F2R;YWHAZ;GNAI3;TGFB1;RAC2;VAV3;F5;F2RL2;SERPINE1;CSK;LCK;THBS1;CYRIB;LCP2;GNA13;SRGN;COL1A2;PFN1;FAM3C;GNG10;CFL1;PIK3CG;FCER1G;GNA14;PLEK;GNB2;PDPN;RASGRP1;PSAP;COL1A1;RAP1A;SOD1;HSPA5;ABHD12;CDC42;DGKA;FERMT3;CALU;LAMP2;SCCPDH;PRKCB;SYK;ALDOA;RHOA;WDR1;CD9;RAC1;TMSB4X;PDPK1;RAB27B;PPIA;CYB5R1;PIK3R5;LAT;CLEC1B;GNB4;TAGLN2;VAV1;GRB2;STXBP2;STXBP3;LYN;SRC;PIK3R3;VAV2;GNGT2;PIK3CB;RHOG;TIMP1;ORM1;GNB1;TOR4A;OLA1;BRPF3;SPARC;ABCC4;TMX3;TGFB2;TUBA4A;STX4"
"REACTOME_EUKARYOTIC_TRANSLATION_ELONGATION",5.00918057140076e-07,2.18523476059813e-06,0.659444398037935,-0.479361591198493,-2.17580071804018,90,"RPL13;EEF2;RPS6;RPLP2;RPL4;RPL3;RPS9;EEF1G;RPS16;EEF1A1;RPL18A;RPS3A;RPL32;RPL13A;RPL23A;RPL37A;RPL7;RPL22;RPL27;RPS28;RPL34;RPS23;RPS12;RPS5;RPL38;RPL8;RPS8;RPL14;RPS20;RPL31;RPS27A;RPL10;RPL5;RPL12;UBA52;RPL11;RPL18;RPLP1;RPL35;RPS3;RPS4X;RPL23;RPS19;RPS29;RPL29;RPL26;RPL9;RPL10A;RPL17;RPL21;RPL39;RPL19;RPL37;RPL7A;RPS11;RPL6;RPS7;RPS25;RPS18;RPS14;RPL27A;RPL15;RPS15;RPLP0;EEF1B2"
"REACTOME_DEGRADATION_OF_BETA_CATENIN_BY_THE_DESTRUCTION_COMPLEX",5.16397135067703e-07,2.24549463893956e-06,0.659444398037935,0.515791652166658,2.22560208161566,72,"LEF1;PSMA5;PPP2CA;PSMC2;PSMA6;PSMA4;PSMA2;TLE3;PSMD6;PSMA1;PSMD14;PSMD12;PSMB4;PSMD1;PSMB1;SKP1;PSMA3;RBX1;PSMD2;PSMB2;PSMC6;HDAC1;ADRM1;PSMC4;PSMD7;GSK3B;PSMA7;PPP2R5E;PSMB3;SEM1;PSMB5;CSNK1A1;CUL1;PSMD8;PSMD11;PSMD3;PPP2R1A;UBC;PSMC5;PSMC3;AXIN1;PSMB7;PSMC1;UBB;PPP2R5C"
"REACTOME_ASYMMETRIC_LOCALIZATION_OF_PCP_PROTEINS",5.2294727677904e-07,2.26010674369243e-06,0.659444398037935,0.571772528422799,2.31108985029439,51,"PSMA5;PSMC2;PSMA6;PSMA4;PSMA2;PSMD6;PSMA1;PRICKLE1;PSMD14;PSMD12;PSMB4;PSMD1;PSMB1;PSMA3;PSMD2;PSMB2;PSMC6;ADRM1;PSMC4;PSMD7;PSMA7;PSMB3;SEM1;PSMB5;PSMD8;PSMD11;PSMD3;UBC;FZD2;PSMC5;PSMC3;PSMB7;SMURF2;PSMC1;UBB"
"REACTOME_INTRACELLULAR_SIGNALING_BY_SECOND_MESSENGERS",5.23110759667683e-07,2.26010674369243e-06,0.659444398037935,0.335274699197032,1.80797393101009,290,"ICOS;CD80;CD86;MYD88;CD19;CAMK4;PSMA5;TRAT1;CBX4;PPP2CA;PSMC2;PSMA6;RAC2;PSMA4;XIAP;IRAK4;LCK;REST;PSMA2;SALL4;MKRN1;PIK3CG;USP7;PIK3AP1;PIP4K2A;KPNA2;PSMD6;PIP4K2C;CDKN1A;PSMA1;PSMD14;PSMD12;RPS6KB2;PSMB4;TRIB3;CBX2;FLT3;LAMTOR5;PSMD1;IER3;SGK1;PSMB1;CDKN1B;RBBP7;BMI1;CSNK2A1;PSMA3;NEDD4;LAMTOR2;PSMD2;PSMB2;PSMC6;HDAC1;CHUK;CBX8;ADRM1;CD28;PSMC4;RAC1;PDPK1;PSMD7;PIK3R5;ATF2;GSK3B;RBBP4;ADCY7;VAV1;MOV10;GRB2;PSMA7;EZH2;GRK2;PPP2R5E;FOXO6;SRC;CHD4;PIK3R3;RICTOR;PRKACB;FRK;CREB1;PSMB3;PIP5K1A;PIK3CB;RHOG;RHEB;SEM1;PSMB5;TNKS2;SLC38A9;PHLPP2;KITLG;PSMD8;PSMD11;TRIM27;PSMD3;PPP2R1A;GATAD2B;STUB1;FGF18;RNF2;FGFR3;UBC;ADCY9;MAPK1;ERBB2;FRS2;ERBB3;PSMC5;PSMC3;MDM2;SNAI1;PIK3CD;LAMTOR1;AKT1;NRG4;SUZ12;PSMB7;CSNK2B;HDAC2;PSMC1;UBB;GSK3A;IRAK1;RRAGC;PPP2R5C;PRKAR2A;LAMTOR3;MTA2;IL1RL1;PDGFB;CALM1;PSMD13;PHC3;PRKX"
"REACTOME_METALLOPROTEASE_DUBS",5.25741883880916e-07,2.26421744240088e-06,0.659444398037935,0.640614924800897,2.39771034981813,36,"H2AC25;H2AC17;H2AC15;H2AC19;H2AC18;H2AC7;H2AC14;H2AC4;STAM;PSMD14;H2AC13;ABRAXAS2;H2AC16;H2AC8;H2AC11;H2AC21;H2AC12;BARD1;H2AC6;STAMBP;H2AC20;UBC;MYSM1;BRCC3;UBB"
"KEGG_FC_GAMMA_R_MEDIATED_PHAGOCYTOSIS",5.54261484969401e-07,2.37944102464571e-06,0.659444398037935,0.468697441790854,2.11738385755014,93,"PTPRC;ARPC2;ARF6;FCGR3A;ARPC1B;RAC2;VAV3;FCGR1A;ARPC3;LIMK1;CFL1;FCGR2A;PIK3CG;ARPC4;RPS6KB2;HCK;CDC42;ARPC1A;VASP;PAK1;PRKCB;SYK;WASL;RAC1;PIK3R5;LAT;ARPC5;MARCKSL1;ARPC5L;VAV1;DOCK2;LYN;NCF1;WAS;PIK3R3;VAV2;PIP5K1A;PIK3CB"
"REACTOME_SARS_COV_1_INFECTION",5.79960176370511e-07,2.48186132618238e-06,0.659444398037935,0.413007134340998,1.99839542042831,141,"PARP9;TLR7;RIGI;TBK1;YWHAZ;PYCARD;IFIH1;SERPINE1;GALNT1;PARP14;CANX;YWHAQ;NMI;RPS27L;BST2;KPNA2;UBE2I;CHMP2B;SUMO1;YWHAH;YWHAB;ITCH;FKBP1A;CHMP4B;SIKE1;MAP1LC3B;CTSL;BCL2L1;PSMC6;ST6GAL1;PDPK1;PPIA;VHL;RCAN3;CASP1;SP1;TOMM70;DDX5;GSK3B;NFKB1;ZCRB1;RIPK3;RB1;TRIM25;PARP8;PPIB;BECN1;RUNX1;GANAB;PARP10;TKFC;RIPK1;CHMP7;RELA;UBC;ST6GALNAC4;CHMP2A;CHMP4A"
"HALLMARK_MYOGENESIS",6.26038485644062e-07,2.66449324475051e-06,0.659444398037935,-0.380827157408298,-1.92910790510253,186,"MRAS;DMD;CRYAB;MYH11;COX7A1;HRC;SORBS1;GSN;SGCA;MYH3;VIPR1;NAV2;MYOM2;APOD;FXYD1;ITGA7;FGF2;SORBS3;FHL1;CASQ2;DES;HSPB2;PPFIA4;TNNT3;MYBPH;MYOM1;BDKRB2;NCAM1;PC;MAPK12;SCHIP1;CD36;MYH2;KIFC3;SGCG;LPIN1;CFD;KLF5;CTF1;HDAC5;MYLK;CKMT2;CLU;TPM2;SPEG;LDB3;MYH1;BIN1;TNNT2;PYGM;IGF1;RYR1;GPX3;NOS1;MYO1C;BAG1;ENO3;ABLIM1;TNNI2;FOXO4;SOD3"
"REACTOME_RAB_REGULATION_OF_TRAFFICKING",6.26590770464325e-07,2.66449324475051e-06,0.659444398037935,0.433313627729842,2.05864009952451,122,"DENND2D;RAB31;DENND1C;DENND1B;ARF6;RAB18;RAB1A;RAB11A;CHML;RAB10;RAB5A;TRAPPC13;RAB6A;CCZ1;TBC1D10C;GDI2;TRAPPC10;RAB21;MAP1LC3B;RINL;RAB8A;RAB39A;RAB39B;TRAPPC4;RAB27B;CHM;RAB35;RAB7A;RAB33A;GABARAPL2;CCZ1B;RAB3GAP2;RAB14;TRAPPC6B;TRAPPC3;GGA2;MON1B;RAB27A;RAB3IP;RABEP1;RAB13;TBC1D10B;RIN2;RAB1B;RAB8B;RAB32;TBC1D7;RAB5C;SYTL1;TBC1D2;GDI1"
"KEGG_PROTEIN_EXPORT",6.30977645294114e-07,2.67471026998889e-06,0.659444398037935,0.715239266694954,2.35891743022382,23,"SPCS3;SEC61G;SRP54;SEC61A1;SPCS1;SRP9;HSPA5;SRP72;SPCS2;SRPRA;SRPRB;SEC61B;SRP19;SEC11A;SRP14;SEC61A2;SEC11C"
"REACTOME_PKMTS_METHYLATE_HISTONE_LYSINES",6.5798184331201e-07,2.78043738176987e-06,0.659444398037935,0.516441025777785,2.20473442642442,69,"H3C12;H4C12;H4C11;H3C8;H3C10;H4C9;H4C16;H3C4;H4C14;H4C15;H3C7;RBBP7;H3C3;H3C13;H4C1;DPY30;H3C11;H3C14;RBBP4;H3C15;EZH2;NFKB1;H3C2;H4C8;SETD1B;RELA;H4C4;RBBP5;H3C6;SUV39H2;NFKB2;SUZ12;H3C1;KMT5A;KMT5C;H4C6;ASH2L;AEBP2;NSD1;KMT5B;H4C13;SETD6"
"REACTOME_DDX58_IFIH1_MEDIATED_INDUCTION_OF_INTERFERON_ALPHA_BETA",6.72099307812216e-07,2.83121833415896e-06,0.659444398037935,0.513113415985434,2.17686972767262,68,"RIGI;ISG15;UBE2D1;IRF7;CYLD;TBK1;UBE2L6;IFIH1;CASP8;UBE2K;UBE2D2;TNFAIP3;ITCH;ATG12;SIKE1;FADD;CHUK;UBE2D3;TOMM70;HSP90AB1;NFKB1;HERC5;TAX1BP1;TRIM25;HSP90AA1;TKFC;RIPK1;RELA;DHX58;UBC;ATG5;IKBKB;MAVS;NFKB2;NKIRAS1;TRAF3;NLRC5;PIN1;UBB;TRAF2"
"REACTOME_ABC_TRANSPORTER_DISORDERS",6.97940916399581e-07,2.93091699472472e-06,0.659444398037935,0.528566539402041,2.23075858732133,64,"PSMA5;PSMC2;PSMA6;PSMA4;PSMA2;PSMD6;DERL1;PSMA1;SEL1L;PSMD14;PSMD12;PSMB4;PSMD1;ABCB4;PSMB1;ERLEC1;PSMA3;PSMD2;PSMB2;PSMC6;ADRM1;PSMC4;PSMD7;PSMA7;RNF5;PSMB3;SEM1;PSMB5;DERL3;PSMD8;PSMD11;PSMD3;DERL2;UBC;PSMC5;PSMC3;ABCD1;PSMB7;PSMC1;UBB"
"REACTOME_MITF_M_REGULATED_MELANOCYTE_DEVELOPMENT",7.74511549030982e-07,3.24236511830361e-06,0.659444398037935,0.406933175321193,1.99457549263085,151,"LEF1;TFEC;ATP6V1A;ACTB;ATP6V0E2;YWHAZ;ATP6V0E1;SERPINE1;ATP6V0B;ATP6AP2;ATP6V0C;ATP6V0D1;PLK1;BCL2A1;ATP6V1B2;UBE2I;CDKN1A;CCNB1;ATP6V1F;SUMO1;ATP6V1C1;STT3B;YWHAH;ASAH1;YWHAB;SS18;DIAPH1;XPO1;ATP6V1H;RPS6KA1;HDAC1;USF1;EEF1E1;CDKN2A;CDK2;CDH2;ARID1A;ATP6V1G1;CDH1;MCM2;GSK3B;MARS1;ATP6V1D;MOV10;ACTL6A;EPRS1;CREB1;SIN3A;MYO5A;BIRC7;RAB27A;RARS1;SIRT1;AIMP1;SS18L1;KITLG;SYTL2;ATP6V1E1;SMARCD1;EDIL3;SMARCB1;IARS1;MAPK1"
"REACTOME_REGULATION_OF_HSF1_MEDIATED_HEAT_SHOCK_RESPONSE",8.09992905095073e-07,3.38040382683641e-06,0.659444398037935,0.494934020251673,2.15737963765981,80,"HSPA13;RLN1;HSPA8;NUP210;MAPKAPK2;NUP50;HSPB1;MRPL18;DNAJB6;RPA3;HSPA5;NUP37;HSPA4;DNAJC2;RAE1;HSPA14;NUP155;HSPA9;FKBP4;GSK3B;NUP153;NDC1;NUP205;NUP62;BAG2;DEDD2;NUP160;HSPH1;NUP43;SERPINH1;SIRT1;RPA2;HSPA6;SEC13;RANBP2;SEH1L;BAG4;MAPK1;NUP107;ATM;HSPA1L;BAG5;UBB;HIKESHI;NUP93;NUP58"
"KEGG_CYTOKINE_CYTOKINE_RECEPTOR_INTERACTION",8.69964388863301e-07,3.61948146971521e-06,0.659444398037935,0.359737576298955,1.87303805580524,219,"INHBA;CCL3L3;CXCL11;CCL4L2;CXCL9;CCL22;TNFRSF9;CXCL10;IL21R;TNFRSF12A;CCR4;CXCR4;CCL11;TNFSF13B;IL24;IL9R;CCR8;CCR1;IL12RB1;CCR5;TGFB1;IL2RB;IL2RG;CCR7;TNFSF8;LIF;IL21;TNFRSF18;IL18;CCL4;IL7R;CXCR3;IL12B;TNF;IL20;CCL5;CD70;LTB;OSM;CCR2;CCL3;CD27;FLT3;TNFRSF11B;IL13RA1;FASLG;CXCR6;TNFRSF13C;PRLR;IL1B;TNFRSF4;CCL19;IL10RB;CCR6;IFNG;RELT;IL2RA;CCL20;IFNGR2;TGFBR1;IL4R;CCL2;CXCL13;BMPR2;TNFSF9;BMPR1B;IL10;TNFRSF13B;IL23A;CD40LG;IL23R;IFNAR2;CXCR5;XCR1;TNFSF14;CSF2RB;CSF2RA;KITLG;TGFB2"
"REACTOME_MAPK6_MAPK4_SIGNALING",8.9329888554816e-07,3.70512891605821e-06,0.659444398037935,0.490588747953544,2.14431684105696,77,"MMP10;PSMA5;PSMC2;PSMA6;PSMA4;PSMA2;IGF2BP1;NCOA3;HSPB1;PSMD6;PSMA1;CDK1;PSMD14;PSMD12;MAPK6;PSMB4;CDC42;PSMD1;PAK2;PSMB1;XPO1;PAK1;MMP2;PSMA3;PSMD2;PSMB2;PSMC6;ADRM1;PSMC4;RAC1;PSMD7;MOV10;PSMA7;PRKACB;SEPTIN7;PSMB3;SEM1;PSMB5;PSMD8;PSMD11;PSMD3;UBC"
"REACTOME_INTERLEUKIN_1_FAMILY_SIGNALING",9.26446226184043e-07,3.83082672667512e-06,0.659444398037935,0.427376301740016,2.04426228492439,131,"MYD88;TBK1;PTPN6;PSMA5;PSMC2;PSMA6;PSMA4;IRAK4;IL18;PSMA2;CASP8;N4BP1;PTPN7;UBE2N;PSMD6;PSMA1;PSMD14;PSMD12;PSMB4;PSMD1;PSMB1;NOD2;SKP1;IL1B;PSMA3;RBX1;PSMD2;PSMB2;PSMC6;CHUK;ADRM1;PSMC4;PSMD7;CASP1;UBE2V1;TAB3;ALOX5;MAP3K7;PSMA7;RIPK2;FBXW11;NFKB1;PSMB3;USP18;SEM1;PSMB5;USP14;CUL1;PSMD8;PSMD11;RELA;PTPN12;PSMD3;UBC;PSMC5;IKBKB;PSMC3;NFKB2;TNIP2;SQSTM1;NKIRAS1;IL1A;PSMB7;NLRC5;GSDMD;PSMC1;UBB;SIGIRR;TRAF2;IRAK1;IL18R1;IL1RL1;NFKBIB;PSMD13"
"REACTOME_ANTI_INFLAMMATORY_RESPONSE_FAVOURING_LEISHMANIA_PARASITE_INFECTION",1.16555288586504e-06,4.80478682001859e-06,0.643551836150722,0.431170579476239,2.06514900692421,129,"IGHG2;IGHG1;IGHG4;GNG5;FCGR3A;GNAI3;FCGR1A;CD3G;IGLV3-1;DPEP1;GNG10;FCGR2A;CD247;GNB2;HCK;IGHV3-11;IGHV3-33;SYK;IGHV1-69;GNB4;IGHV4-34;ADCY7;IGLV1-47;GNAS;IGHV4-59;LYN;SRC;ADAM17;PRKACB;CREB1;GNGT2;IGHV3-30;IL10;IGKV1D-39;IGHV4-39;GNB1;IGKV1-39;IGKV3-15;IGKV2-28;IGLV3-21;IGKV2D-28;IGLV3-27;IGHV2-5;IGKV4-1;IGKV1-5;GGT1;IGLV3-25;IGKV3-20;ADCY9;IGKV1-16;IGKV1-33;GNAI2;CYSLTR1;IGKV2D-40;IGHV2-70;DPEP2;MAPK14;RHBDF2;IGKV1D-33;GNG13;IGKV3D-20;PRKAR2A;MYH9;IGKV3-11;CALM1;PRKX;IGLV6-57;CYSLTR2"
"REACTOME_BETA_CATENIN_INDEPENDENT_WNT_SIGNALING",1.18558826133746e-06,4.87247858622833e-06,0.643551836150722,0.42532606861636,2.0344554373455,131,"KRAS;LEF1;GNG5;PSMA5;PSMC2;PSMA6;RAC2;PSMA4;PSMA2;PFN1;GNG10;GNB2;PSMD6;CLTC;PSMA1;PRICKLE1;PSMD14;PSMD12;PSMB4;PSMD1;PSMB1;AP2M1;PRKCB;AP2S1;PSMA3;PSMD2;PSMB2;PSMC6;RHOA;ADRM1;PSMC4;RAC1;PSMD7;GNB4;MAP3K7;MOV10;PSMA7;PLCB2;DVL3;PSMB3;GNGT2;AP2B1;SEM1;PSMB5;FZD6;GNB1;PDE6G;PSMD8;PSMD11;PSMD3;UBC;FZD2;ROR2;PSMC5;PSMC3;PLCB3;PSMB7;SMURF2;GNG13;PSMC1;UBB"
"HALLMARK_KRAS_SIGNALING_UP",1.24751811254715e-06,5.11141159791356e-06,0.643551836150722,0.369392323162723,1.88885926129184,194,"INHBA;ADAMDEC1;MMP11;ID2;RGS16;MMP10;LAT2;CXCL10;LAPTM5;CXCR4;EPHB2;LCP1;PSMB8;C3AR1;IKZF1;TSPAN13;IL2RG;LIF;BIRC3;AMMECR1;IL7R;TRAF1;PRELID3B;PLAU;USP12;PRDM1;PLAUR;BPGM;FCER1G;CD37;LY96;TRIB1;IRF8;PRRX1;ADAM8;MAP4K1;TNFAIP3;CFB;FUCA1;FBXO4;F2RL1;CTSS;TLR8;ITGB2;IL1B;SPP1;CBX8;ST6GAL1;CBR4;AVL9;CCL20;H2BC3;ERO1A;YRDC;DOCK2;GLRX"
"REACTOME_CO_STIMULATION_BY_CD28",1.25422549084844e-06,5.12332109595061e-06,0.643551836150722,0.579632134854397,2.29416904017296,48,"CD80;CD86;CTLA4;PPP2CA;LCK;PIK3CG;GRAP2;TRIB3;CDC42;PAK2;PAK1;CD28;RAC1;PDPK1;PIK3R5;VAV1;GRB2;PPP2R5E;LYN;SRC;PIK3R3;RICTOR;PIK3CB"
"REACTOME_GOLGI_ASSOCIATED_VESICLE_BIOGENESIS",1.32078015578964e-06,5.37888716013423e-06,0.643551836150722,0.547519844410069,2.23383111388852,56,"AP1S3;HSPA8;AP1S2;NECAP1;VAMP7;TPD52;VAMP8;AP1G1;CLTC;AP1S1;AP4E1;YIPF6;TFRC;BLOC1S6;ACBD3;ARF1;NAPA;AP1B1;AP3B1;CLINT1;AP3S1;SNAPIN;DTNBP1;BLOC1S3;RAB5C;SNX5;TGOLN2;SNX2;AP1M2;DNM2;BLOC1S4"
"REACTOME_CREATION_OF_C4_AND_C2_ACTIVATORS",1.47304074268171e-06,5.96293970310796e-06,0.643551836150722,0.504836647221443,2.15519426283672,69,"IGHG2;IGHG1;IGHG4;IGLV3-1;IGHV3-11;IGHV3-33;IGHV1-69;IGHV4-34;IGLV1-47;IGHV4-59;IGHV3-30;IGKV1D-39;IGHV4-39;IGKV1-39;IGKV3-15;IGKV2-28;IGLV3-21;IGKV2D-28;IGLV3-27;IGHV2-5;C1QB;IGKV4-1;IGKV1-5;IGLV3-25;IGKV3-20;IGKV1-16;IGKV1-33;IGKV2D-40;IGHV2-70;C1QC;IGKV1D-33;IGKV3D-20;IGKV3-11;IGLV6-57;IGLC2;IGHV3-53;IGLC3;C1QA;FCN1;IGLV1-44;IGLV1-40;IGHV3-48;COLEC10"
"REACTOME_SYNTHESIS_OF_ACTIVE_UBIQUITIN_ROLES_OF_E1_AND_E2_ENZYMES",1.46890093837474e-06,5.96293970310796e-06,0.643551836150722,0.657825482969032,2.32990538123689,30,"UBE2W;UBE2D1;UBE2B;UBE2K;USP7;UBE2D2;UBE2S;UBE2A;OTULIN;UBE2C;UBE2Z;UBE2G1;UBE2E1;UBE2T;UBE2Q2;UBA6;USP5;UBA1;USP9X;UBE2L3;UBC"
"REACTOME_MODULATION_OF_HOST_RESPONSES_BY_IFN_STIMULATED_GENES",1.56078395076938e-06,6.29921187316502e-06,0.643551836150722,0.752095391845972,2.35533577562698,19,"IFI44;IFI6;RIGI;ISG15;IFI27;IFI44L;UBE2L6;IFIH1;HSPA5;CHUK;HERC5;EIF2AK3;TRIM25"
"REACTOME_ROLE_OF_PHOSPHOLIPIDS_IN_PHAGOCYTOSIS",1.56735015977843e-06,6.30682989666067e-06,0.643551836150722,0.474430377421734,2.07786702560452,82,"IGHG2;IGHG1;PLPP4;IGHG4;FCGR3A;FCGR1A;CD3G;IGLV3-1;FCGR2A;CD247;PLD4;IGHV3-11;IGHV3-33;SYK;IGHV1-69;IGHV4-34;IGLV1-47;IGHV4-59;IGHV3-30;PIK3CB;IGKV1D-39;IGHV4-39;IGKV1-39;IGKV3-15;IGKV2-28;IGLV3-21;IGKV2D-28;IGLV3-27;IGHV2-5;IGKV4-1;IGKV1-5;IGLV3-25;IGKV3-20;IGKV1-16;IGKV1-33;IGKV2D-40;IGHV2-70;IGKV1D-33;IGKV3D-20;IGKV3-11;IGLV6-57;PRKCD;PLPP5;IGLC2;IGHV3-53;IGLC3;IGLV1-44;IGLV1-40;IGHV3-48"
"REACTOME_CELLULAR_RESPONSE_TO_HEAT_STRESS",1.68632302218843e-06,6.76536736282738e-06,0.643551836150722,0.454734393199802,2.05429114994698,99,"HSPA13;RLN1;HSPA8;NUP210;MAPKAPK2;NUP50;HSPB1;PTGES3;MRPL18;DNAJB6;RPA3;HSPA5;NUP37;HSPA4;DNAJC2;RAE1;HSPA14;HSBP1;NUP155;HSPA9;FKBP4;HSP90AB1;GSK3B;NUP153;NDC1;NUP205;NUP62;BAG2;HSP90AA1;DEDD2;NUP160;HSPB8;HSPH1;NUP43;SERPINH1;SIRT1;RPA2;HSPA6;SEC13;RANBP2;SEH1L;BAG4;MAPK1;NUP107;ATM;HSPA1L;BAG5;UBB;HIKESHI;NUP93;NUP58"
"REACTOME_CHEMOKINE_RECEPTORS_BIND_CHEMOKINES",1.78695760269809e-06,7.14783041079235e-06,0.643551836150722,0.540816190560964,2.20606920269909,53,"CCL3L3;CXCL11;CXCL9;CCL22;CXCL10;CCR4;CXCR4;CCL11;CCR8;CCR1;CCR5;CCR7;CCL4;CXCR3;CCL5;CCR2;CCL3;CXCR6;CCL19;CCR6;CCL20;CCL2;CXCL13"
"REACTOME_ABC_FAMILY_PROTEINS_MEDIATED_TRANSPORT",1.80395135117675e-06,7.1944568680067e-06,0.643551836150722,0.461918990224282,2.06265802278251,88,"PSMA5;PSMC2;PSMA6;PSMA4;PSMA2;EIF2S2;ABCC5;PSMD6;DERL1;PSMA1;SEL1L;PSMD14;PSMD12;PSMB4;PSMD1;ABCB4;PSMB1;ERLEC1;PSMA3;PSMD2;PSMB2;PSMC6;ABCG1;ADRM1;PSMC4;EIF2S1;PSMD7;EIF2S3;PSMA7;ABCA7;RNF5;ABCD3;PSMB3;SEM1;PSMB5;DERL3;ABCC3;ABCC4;PSMD8;PSMD11;PSMD3;DERL2;UBC;PSMC5;PSMC3;ABCD1;ABCA2;ABCB8;PSMB7;PSMC1;UBB"
"REACTOME_SIGNALING_BY_TGFB_FAMILY_MEMBERS",1.87217804235745e-06,7.44453097668982e-06,0.643551836150722,0.392710917826707,1.9296305456022,153,"INHBA;STAT1;SKIL;UBE2D1;TGFB1;SERPINE1;USP15;ITGAV;STRAP;DRAP1;COL1A2;TCF3;CCNT1;TRIM33;PMEPA1;APH1A;PPP1CA;KLF16;PPP1CC;JUNB;FKBP1A;XPO1;MMP14;PSENEN;RARA;E2F5;CCNT2;PARP1;HDAC1;SMAD7;RHOA;NEDD8;UBE2D3;SP1;CCNC;LTBP1;ARHGEF18;MOV10;UBE2M;TGFBR1;ZFYVE16;BMPR2;F11R;PSEN1;BMPR1B;TCF12;TIMP1;RNF111;FBN1;RBL1;BAMBI;TGIF1;TGIF2;NCSTN;USP9X;TGFB2;HELLS;STUB1;UBC;PRKCZ;CCNK;MAPK1;FOXH1"
"REACTOME_HOMOLOGOUS_DNA_PAIRING_AND_STRAND_EXCHANGE",1.98595747651923e-06,7.87373728925861e-06,0.627256739718528,0.597803333090865,2.31039276144589,43,"RAD17;RAD1;RPA3;RMI1;TOPBP1;RAD51AP1;BRCA2;RFC4;BLM;DNA2;RHNO1;RMI2;PALB2;BARD1;RAD9A;CHEK1;EXO1;XRCC2;BRIP1;RFC5;SEM1;RAD51;RPA2;NBN;RAD51C;ATM;RFC2;ATRIP;HUS1"
"REACTOME_INSULIN_RECEPTOR_RECYCLING",2.09030769804973e-06,8.26315183862473e-06,0.627256739718528,0.675982450110843,2.36556333277937,28,"ATP6V1A;PTPN1;ATP6V0E2;ATP6V0E1;ATP6V0B;ATP6AP1;ATP6V0C;ATP6V1C2;CTSD;ATP6V0D1;ATP6V1B2;ATP6V1F;ATP6V1C1;ATP6V1H;IDE;ATP6V1G1;ATP6V1D"
"KEGG_REGULATION_OF_ACTIN_CYTOSKELETON",2.24529592498487e-06,8.84987984467719e-06,0.627256739718528,0.361431755550101,1.85001883679046,195,"KRAS;FN1;CYFIP2;ARPC2;EZR;ACTB;F2R;NRAS;ARPC1B;RAC2;ITGA4;VAV3;FGD3;ARPC3;CHRM4;CSK;ITGAX;ITGAV;ITGAL;ITGAD;GNA13;PFN1;LIMK1;CFL1;PIK3CG;ARPC4;PIP4K2A;IQGAP1;ACTG1;NCKAP1L;PIP4K2C;PPP1CA;TIAM1;PPP1CC;MYL12A;CDC42;ARPC1A;DIAPH1;PAK2;ITGB7;PAK1;ITGB2;RHOA;WASL;RAC1;MYL12B;TMSB4X;PIK3R5;ARPC5;PFN2;ARPC5L;VAV1;ENAH;SLC9A1;SSH1;WAS;PIK3R3;VAV2"
"REACTOME_PKR_MEDIATED_SIGNALING",2.28792389708051e-06,8.99160761884702e-06,0.627256739718528,0.48805151294252,2.119543705884,74,"EIF2AK2;STAT1;TUBB3;ISG15;PPP2CA;UBE2L6;ADAR;HSPA8;EIF2S2;TUBA1C;UBE2I;CDK1;SUMO1;FANCF;CHUK;DNAJC3;EIF2S1;TUBA4B;TUBA1B;EIF2S3;TUBA1A;HERC5;DHX9;TRIM25;CENPX;ILF2;TUBA4A;PPP2R1A;NCK1;IKBKB;MAVS;TUBB8;HSPA1L;TUBB4B;TARBP2;SPHK1;TUBB1;NPM1;PRKRA;DUS2"
"REACTOME_TRANSCRIPTIONAL_REGULATION_BY_RUNX2",2.30891405136529e-06,9.04772134081514e-06,0.627256739718528,0.445999438657204,2.03123149317308,102,"STAT1;RUNX2;MMP13;NKX3-2;PSMA5;PSMC2;PSMA6;PSMA4;WWP1;PSMA2;CBFB;PSMD6;CDKN1A;CCNB1;PSMA1;CDK1;COL1A1;PSMD14;PSMD12;PSMB4;PSMD1;BAX;PSMB1;SKP1;PSMA3;RBX1;PSMD2;PSMB2;PSMC6;ADRM1;PSMC4;PSMD7;GSK3B;PSMA7;RB1;SRC;PSMB3;SEM1;ITGBL1;PSMB5;RUNX1;CUL1;PSMD8;PSMD11;PSMD3;STUB1;UBC;MAPK1;CDK4;PSMC5;PSMC3;ITGA5;AKT1;DLX5;PSMB7;PSMC1;UBB"
"HALLMARK_P53_PATHWAY",2.37476942724731e-06,9.27880924037501e-06,0.627256739718528,0.365429247056396,1.88084589870616,199,"RGS16;CYFIP2;SDC1;DEF6;F2R;TGFB1;IFI30;TRAFD1;H2AC25;RAP2B;LIF;WWP1;ZNF365;CTSD;RNF19B;SERTAD3;SEC61A1;ABCC5;GM2A;VAMP8;RPS27L;SLC35D1;CDKN1A;SAT1;NINJ1;TRIB3;BAX;IER3;DGKA;FUCA1;SLC7A11;AEN;TAP1;VDR;HMOX1;CSRNP2;PCNA;FAM162A;DRAM1;TOB1;CCP110;BAK1;CDKN2A;CASP1;SP1;ABHD4;ABAT;ST14;H1-2;PLK3;RAD9A;DNTTIP2;RB1;PRKAB1;TNFSF9;TCHH;MXD1;MAPKAPK3;TPRKB;RAB40C;BTG2;CDKN2AIP;NOL8"
"REACTOME_FCGR3A_MEDIATED_IL10_SYNTHESIS",2.50540831350387e-06,9.76095493237925e-06,0.627256739718528,0.452486171698755,2.04414795194707,93,"IGHG2;IGHG1;IGHG4;FCGR3A;FCGR1A;CD3G;IGLV3-1;FCGR2A;CD247;HCK;IGHV3-11;IGHV3-33;SYK;IGHV1-69;IGHV4-34;ADCY7;IGLV1-47;IGHV4-59;LYN;SRC;PRKACB;CREB1;IGHV3-30;IL10;IGKV1D-39;IGHV4-39;IGKV1-39;IGKV3-15;IGKV2-28;IGLV3-21;IGKV2D-28;IGLV3-27;IGHV2-5;IGKV4-1;IGKV1-5;IGLV3-25;IGKV3-20;ADCY9;IGKV1-16;IGKV1-33;IGKV2D-40;IGHV2-70;IGKV1D-33;IGKV3D-20;PRKAR2A;IGKV3-11;CALM1;PRKX;IGLV6-57;IGLC2;IGHV3-53;IGLC3;IGLV1-44"
"KEGG_DRUG_METABOLISM_CYTOCHROME_P450",2.63581004349271e-06,1.02394003995048e-05,0.627256739718528,-0.562873316088906,-2.24372991086382,47,"MAOA;ADH4;ADH6;GSTM5;FMO2;MAOB;ADH1A;CYP2D6;ADH1C;GSTA4;GSTM2;GSTM4;CYP3A4;GSTM1;FMO3;CYP2C8;FMO5;GSTA1;ADH1B;MGST1;FMO1;ALDH3A1;CYP3A5;ADH5;CYP3A7;CYP3A43"
"REACTOME_CYTOSOLIC_SENSORS_OF_PATHOGEN_ASSOCIATED_DNA",2.68460761292789e-06,1.03989973052494e-05,0.627256739718528,0.517458771176835,2.18629356667104,63,"POLR2K;MYD88;ZBP1;IRF7;TBK1;POLR3K;AIM2;NLRC3;CGAS;CHUK;TRIM21;POLR3F;LRRFIP1;TICAM1;DDX41;NFKB1;XRCC5;RIPK3;DHX9;TREX1;POLR2H;IFI16;POLR3C;RIPK1;RELA;UBC;IKBKB;POLR3A;NFKB2;NKIRAS1;PRKDC;XRCC6;UBB;CRCP;NFKBIB;DHX36;NFKBIA"
"KEGG_HEMATOPOIETIC_CELL_LINEAGE",2.72093602267453e-06,1.05095179328518e-05,0.627256739718528,0.477471116359992,2.08698091874287,77,"MS4A1;CD2;CD22;CD19;CD3D;IL9R;ITGA4;CD3E;HLA-DRA;FCGR1A;CR2;CD3G;CD1E;IL7R;TNF;CD8A;CD5;CD37;CD7;FLT3;CD55;CD1D;HLA-DRB1;CD8B;TFRC;IL1B;CD4;CD9;CD1A;IL2RA;IL4R;HLA-DRB5;ITGAM;CD38;CD1B;CD1C"
"REACTOME_DUAL_INCISION_IN_TC_NER",2.82971771310725e-06,1.08984556493388e-05,0.627256739718528,0.516699200420337,2.18308433580886,63,"POLR2K;CDK7;POLD4;POLR2B;USP7;RPA3;POLR2D;RFC4;TCEA1;PCNA;RBX1;ERCC4;CUL4B;POLR2G;GTF2H3;RFC5;POLR2J;POLR2H;ISY1;GTF2H2;PRPF19;DDB1;RPA2;AQR;UBC;GTF2H5;POLE3;POLR2C;RFC2;UBB;ZNF830"
"REACTOME_SIGNALING_BY_ALK_IN_CANCER",3.27400575043051e-06,1.25736745059269e-05,0.627256739718528,0.453191391342428,2.04483182696804,92,"FN1;ICOS;STAT1;PTPN6;TPM3;MIR21;MAPK9;BCL2A1;MCL1;CDKN1A;CCNB1;CLTC;SEC31A;KIF5B;TFG;JUNB;RNF213;GZMB;ATIC;SKP1;RBX1;HDAC1;FOXM1;ZAP70;MOV10;GRB2;EIF2AK3;GCC2;RB1;PIK3CB;IL10;CUL1;RANBP2;DNMT1;UBC;MAPK1;FRS2;IL10RA;MDM2;BIRC6;SQSTM1;SHC1;UBB;LMO7;MYH9;NPM1;RRBP1;HIP1;PRF1"
"KEGG_RNA_DEGRADATION",3.30057651464473e-06,1.26397077890372e-05,0.627256739718528,0.529890036019648,2.17037991727408,57,"C1D;DDX6;CNOT6;XRN2;CNOT9;PARN;LSM1;HSPA9;DCP2;CNOT2;LSM3;CNOT1;HSPD1;PAPOLA;EXOSC6;CNOT8;LSM5;MTREX;PAPOLG;PNPT1;DCPS;EXOSC9;XRN1;EDC4;EXOSC1;PATL1;CNOT6L;SKIC2;LSM4;CNOT7;LSM7;LSM8;EXOSC3;ENO2;EXOSC4;LSM2;CNOT10"
"REACTOME_SUMOYLATION_OF_RNA_BINDING_PROTEINS",3.36434181371779e-06,1.28474016002595e-05,0.627256739718528,0.567640727547834,2.24549370261843,47,"CBX4;NUP210;NUP50;UBE2I;SUMO1;CBX2;NUP37;SUMO2;RAE1;BMI1;NUP155;CBX8;HNRNPC;NUP153;NDC1;HNRNPK;NUP205;NUP62;NOP58;NUP160;NUP43;SEC13;RANBP2;RNF2;SEH1L;NUP107;NUP93;NUP58;PHC3;NUP133;NUP42;TPR;AAAS;NUP54;PHC2"
"REACTOME_G0_AND_EARLY_G1",3.54149037558631e-06,1.34856752155094e-05,0.627256739718528,0.654152010738261,2.27161067294697,27,"LIN54;CCNE2;CDC6;CDK1;MYBL2;E2F5;PCNA;HDAC1;CDK2;TOP2A;RBBP4;CCNA2;CDC25A;MAX;CCNE1;E2F1;RBL1;RBL2"
"KEGG_PARKINSONS_DISEASE",3.56280367044514e-06,1.35286178810142e-05,0.627256739718528,0.426620975449813,1.95616295906095,107,"CASP3;UBE2L6;COX7A2;NDUFAB1;NDUFV2;NDUFB4;NDUFB3;NDUFA4;COX6C;ATP5PB;ATP5F1E;UBE2J1;ATP5PF;UBE2G1;CYCS;NDUFC2;NDUFA5;UQCRQ;COX8A;VDAC3;ATP5F1C;NDUFA6;NDUFS3;NDUFB10;VDAC1;NDUFB9;NDUFB2;COX7B;COX7A2L;GPR37;UBA1;NDUFA7;COX5A;COX6B1;SLC25A5;VDAC2;COX6A1;UQCR10;UBE2L3;ATP5PD;NDUFA2;NDUFA3;NDUFB5;PPID;NDUFS6;UBB;NDUFS2;ATP5PO;UBE2J2;COX5B;ATP5MC3;SDHB;SDHC;NDUFC1;NDUFB1;CYC1;NDUFA9;ATP5F1B;UQCRB;COX7C;PARK7;NDUFS1;SLC18A2;SDHD;SLC6A3;HTRA2;NDUFS8;ATP5MC2;NDUFS5;UQCRH;UQCR11"
"REACTOME_ROS_AND_RNS_PRODUCTION_IN_PHAGOCYTES",3.61682792456237e-06,1.36951798941294e-05,0.627256739718528,0.630697627248446,2.30753372285466,33,"ATP6V1A;ATP6V0E2;RAC2;ATP6V0E1;ATP6V0B;ATP6V0C;ATP6V1C2;CYBB;ATP6V0D1;CYBA;ATP6V1B2;ATP6V1F;ATP6V1C1;ATP6V1H;ATP6V1G1;ATP6V1D;NCF1;HVCN1;NCF2;ATP6V1E1;ATP6V0D2;ATP6V0A2"
"HALLMARK_TGF_BETA_SIGNALING",3.95434763401388e-06,1.49312622147079e-05,0.610526878385931,0.535718807467003,2.18696099634024,54,"ID2;RAB31;SLC20A1;SKIL;TGFB1;XIAP;SERPINE1;THBS1;TRIM33;PMEPA1;PPP1CA;JUNB;FKBP1A;KLF10;ARID4B;HDAC1;SMAD7;RHOA;UBE2D3;CDH1;MAP3K7;IFNGR2;TGFBR1;BMPR2"
"REACTOME_RHO_GTPASES_ACTIVATE_WASPS_AND_WAVES",4.07233189663327e-06,1.53338083705633e-05,0.610526878385931,0.614527031908545,2.30006789977315,36,"ACTR2;CYFIP2;ACTR3;ARPC2;ACTB;ABI1;ARPC1B;ARPC3;BTK;ARPC4;ACTG1;NCKAP1L;WIPF1;CDC42;ARPC1A;WASL;RAC1;ARPC5;GRB2;WAS"
"REACTOME_TRANSCRIPTIONAL_REGULATION_BY_RUNX3",4.62158318672425e-06,1.73534655590649e-05,0.610526878385931,0.460428972421166,2.04863076416913,86,"KRAS;LEF1;PSMA5;PSMC2;PSMA6;TGFB1;ITGA4;PSMA4;PSMA2;CBFB;ITGAL;PSMD6;CDKN1A;PSMA1;PSMD14;PSMD12;RUNX3;PSMB4;PSMD1;BCL2L11;PSMB1;PSMA3;PSMD2;PSMB2;PSMC6;CCN2;SPP1;ADRM1;CDKN2A;PSMC4;PSMD7;BRD2;PSMA7;SRC;PSMB3;MAML1;SEM1;PSMB5;RUNX1;PSMD8;PSMD11;PSMD3;UBC;PSMC5;PSMC3;MDM2;PSMB7;SMURF2;PSMC1;UBB;ZFHX3"
"REACTOME_FORMATION_OF_RNA_POL_II_ELONGATION_COMPLEX",4.89061162636162e-06,1.83126235342652e-05,0.610526878385931,0.525868530262647,2.16861752613755,58,"POLR2K;CDK7;ELOC;EAF1;POLR2B;CCNT1;SUPT4H1;ELOB;POLR2D;CDC73;CTR9;TCEA1;CCNT2;LEO1;AFF4;POLR2G;GTF2H3;POLR2J;NCBP2;POLR2H;GTF2H2;SUPT16H;RTF1;CCNK;GTF2H5;NELFCD"
"REACTOME_DEATH_RECEPTOR_SIGNALING",5.34110869371509e-06,1.99440845405206e-05,0.610526878385931,0.387117973936417,1.90295567226668,154,"CASP3;MYD88;UBE2D1;CYLD;TBK1;VAV3;FGD3;XIAP;CASP8;BIRC3;ECT2;GNA13;MAPKAPK2;TNF;TRAF1;SPPL2A;APH1A;UBE2D2;PREX1;TIAM1;BIRC2;TNFAIP3;BCL2L11;FASLG;OTULIN;PSENEN;FADD;HDAC1;RHOA;CHUK;RAC1;UBE2D3;TAB3;MAG;MAP3K7;VAV1;ARHGEF18;RIPK2;NFKB1;TAX1BP1;ADAM17;VAV2;CASP2;PRDM4;SMPD3;PSEN1;TRADD;NET1;PRKCI;SPATA2;ARHGEF16;NCSTN;ARHGDIA;RIPK1;RELA;UBE2L3;RNF31;STUB1;ITGB3BP;UBC;BAG4;IKBKB;USP2;TNFRSF10B;SQSTM1;NSMAF;RBCK1;HDAC2;UBB;TRAF2;TNFRSF10A;IRAK1"
"REACTOME_TRANSPORT_OF_MATURE_MRNAS_DERIVED_FROM_INTRONLESS_TRANSCRIPTS",6.16148876562485e-06,2.29438863427135e-05,0.610526878385931,0.580836184307476,2.24481805558262,43,"NUP210;CPSF3;EIF4E;NUP50;NUP37;RAE1;ALYREF;NUP155;NUP153;NDC1;NUP205;NUP62;CPSF2;NCBP2;NUP160;SLBP;NUP43;SEC13;RANBP2;SEH1L;NUP107;FIP1L1;NUP93;NUP58;NUP133;NUP42;NCBP1;TPR;AAAS;NUP54"
"REACTOME_CYCLIN_A_B1_B2_ASSOCIATED_EVENTS_DURING_G2_M_TRANSITION",6.43492443757668e-06,2.38960830354087e-05,0.610526878385931,0.620792580995492,2.2465642235887,32,"CDK7;PPP2CA;PLK1;CCNB1;CDK1;PKMYT1;XPO1;CCNB2;FOXM1;CDK2;HJURP;CCNA2;SGO1;BORA;CDC25A;LCMT1;CDC25C;PPP2R1A;PPP2R2A;OBI1;WEE1"
"KEGG_APOPTOSIS",6.56965989085053e-06,2.4260829222055e-05,0.610526878385931,0.460962034163171,2.01908178863646,83,"CASP3;MYD88;XIAP;IRAK4;CASP8;BIRC3;TNF;PIK3CG;BIRC2;BAX;FASLG;BCL2L1;IL1B;FADD;CHUK;CYCS;CASP7;PIK3R5;AIFM1;NFKB1;CAPN1;PIK3R3;PRKACB;CASP6;TRADD;PIK3CB;CSF2RB;RIPK1;RELA;IKBKB;PIK3CD;TNFRSF10B;AKT1;ATM;IL1A;TRAF2;TNFRSF10A;IRAK1;PRKAR2A;BID;TNFSF10;CAPN2;PRKX"
"KEGG_LEUKOCYTE_TRANSENDOTHELIAL_MIGRATION",6.58448257928928e-06,2.4260829222055e-05,0.610526878385931,0.421984603756222,1.93574832384044,108,"RHOH;EZR;CXCR4;RAP1B;ACTB;GNAI3;RAC2;ITGA4;VAV3;RASSF5;ITGAL;ITK;CYBB;PIK3CG;CYBA;ACTG1;OCLN;RAP1A;CLDN3;MYL12A;CDC42;CLDN4;CLDN9;VASP;ITGB2;PRKCB;MMP2;RHOA;THY1;RAC1;MYL12B;PIK3R5;CLDN1;CLDN7;VAV1;ICAM1;NCF1;PIK3R3;VAV2;PTK2B;F11R;PIK3CB;ITGAM"
"REACTOME_PROCESSING_OF_CAPPED_INTRONLESS_PRE_MRNA",6.58713909144817e-06,2.4260829222055e-05,0.610526878385931,0.642394053973903,2.25622345372762,29,"CPSF3;SNRPG;CSTF2;CSTF1;SNRPB;NUDT21;PAPOLA;CPSF2;SNRPE;CLP1;SNRPF;NCBP2;SLBP;PCF11;LSM10;CSTF2T;CSTF3;SNRPD3;FIP1L1"
"HALLMARK_ESTROGEN_RESPONSE_LATE",7.29058816010112e-06,2.67785091003169e-05,0.610526878385931,0.352550549221385,1.8121164681869,197,"ID2;RAB31;PTPN6;CISH;DYNLT3;TSPAN13;CLIC3;MICB;ABHD2;ISG20;EEIG1;NHERF1;NRIP1;SLC7A5;MDK;CDC6;CA12;XBP1;DNAJC1;DUSP2;TIAM1;HPRT1;SIAH2;COX6C;SGK1;PRLR;ARL3;GALE;UGDH;PLK4;GFUS;AGR2;STIL;TOB1;CDC20;FKBP4;LSR;CD9;IDH2;TPSAB1;TPBG;TOP2A;ANXA9;PRSS23;CDH1;SNX10;BATF;ST14;KRT19;SLC1A4;KIF20A;EMP2;FRK;SORD;SLC27A2;HSPB8;PPIF;RABEP1;LLGL2;SLC16A1;PDLIM3;GINS2;OPN3;MYB;TJP3;TFPI2;FGFR3;PLAC1"
"REACTOME_SNRNP_ASSEMBLY",7.32676253558562e-06,2.6838249722743e-05,0.610526878385931,0.528826176554868,2.15882325923468,54,"NUP210;NUP50;SNRPG;NUP37;DDX20;SMN1;RAE1;SNRPB;NUP155;NUP153;NDC1;NUP205;NUP62;SNRPE;TGS1;SNRPF;SMN2;GEMIN7;NCBP2;NUP160;PHAX;NUP43;SNRPD1;SEC13;RANBP2;SEH1L;SNRPD3;CLNS1A;NUP107;NUP93;NUP58;GEMIN6;NUP133;NUP42;NCBP1;GEMIN2;TPR;AAAS;NUP54;SNRPD2;PRMT5"
"REACTOME_SUMOYLATION_OF_UBIQUITINYLATION_PROTEINS",7.5778943139012e-06,2.76829309895361e-05,0.610526878385931,0.576321451644541,2.21260466326221,39,"NUP210;NUP50;UBE2I;SUMO1;NUP37;RAE1;NUP155;VHL;NUP153;NDC1;NUP205;NUP62;NUP160;NUP43;SEC13;TRIM27;RANBP2;SEH1L;MDM2;NUP107;PIAS4;NUP93;NUP58;NUP133;NUP42;PIAS1;TPR;AAAS;NUP54"
"REACTOME_INTERACTIONS_OF_REV_WITH_HOST_CELLULAR_PROTEINS",7.6684061297306e-06,2.79378688185861e-05,0.593325476396405,0.597446206355685,2.2369991497921,37,"NUP210;NUP50;NUP37;XPO1;RAE1;NUP155;RCC1;NUP153;NDC1;NUP205;NUP62;RAN;NUP160;NUP43;SEC13;RANBP2;SEH1L;RANBP1;NUP107;NUP93;NUP58;KPNB1;NPM1;NUP133;NUP42;RANGAP1;TPR;AAAS;NUP54"
"REACTOME_PROTEIN_LOCALIZATION",7.96636056012913e-06,2.89451591241349e-05,0.593325476396405,0.37526125051849,1.84969536246149,159,"UBE2D1;SEC61G;PEX2;GRPEL2;PEX13;TIMM17B;TIMM23;TIMM8B;COX17;ZFAND6;UBE2D2;COQ2;ACBD5;GET1;TIMM17A;GET3;SERP1;GFER;HMOX1;IDE;HSPA9;CHCHD2;AGPS;DNAJC19;UBE2D3;COA6;TOMM70;TOMM6;HSPD1;SEC61B;LONP2;VDAC1;ABCD3;ACOT4;SLC27A2;MTX1;PEX11B;CHCHD7;VAPA;USP9X;STX1A;AMACR;UBC;PAOX;SLC25A17;DDO;MTX2;TOMM40;ABCD1;OTOF;UBL4A;COA4;GRPEL1;PEX1;CRAT;UBB;TIMM10;CMC2;TOMM22;GET4;PITRM1;UBE2J2;GNPAT;PEX7;DECR2;BAG6;HMGCL;TOMM5;CYC1;TIMM8A;EMD;CHCHD5;ATP5F1B;MPV17"
"REACTOME_SARS_COV_1_ACTIVATES_MODULATES_INNATE_IMMUNE_RESPONSES",8.15105847060935e-06,2.95366312322081e-05,0.593325476396405,0.570928063697092,2.19856258764542,41,"TLR7;RIGI;TBK1;PYCARD;IFIH1;NMI;BST2;KPNA2;ITCH;FKBP1A;SIKE1;PPIA;RCAN3;CASP1;TOMM70;NFKB1;RIPK3;TRIM25;PPIB;RUNX1;TKFC;RELA;UBC;MAVS;TRAF3;UBB;PPIG;KPNB1"
"KEGG_OOCYTE_MEIOSIS",8.69685688606793e-06,3.1429927834905e-05,0.593325476396405,0.430991809184531,1.98032855485554,106,"YWHAZ;PPP2CA;ANAPC13;BUB1;CCNE2;CALM2;YWHAQ;PLK1;CCNB1;PPP1CA;CDK1;PKMYT1;YWHAH;PPP1CC;YWHAB;MAD2L1;AURKA;SKP1;PTTG1;FBXO5;RPS6KA1;RBX1;CCNB2;CDC20;CDK2;ADCY7;ANAPC11;ESPL1;FBXW11;PPP2R5E;PRKACB;SGO1;CDC25C;CCNE1;FBXO43;CDC23;CUL1;PPP2R1A;ADCY9;MAPK1;REC8;SMC3"
"KEGG_ALZHEIMERS_DISEASE",8.86910120187852e-06,3.19667070057012e-05,0.593325476396405,0.383946580432891,1.88190711953236,151,"CASP3;COX7A2;CASP8;NDUFAB1;TNF;CALM2;NDUFV2;NDUFB4;ATP2A3;APH1A;NDUFB3;NDUFA4;APOE;COX6C;ATP5PB;ATP5F1E;PSENEN;ADAM10;IL1B;FADD;IDE;ATP5PF;CYCS;NDUFC2;NDUFA5;CDK5;CASP7;UQCRQ;COX8A;ATP5F1C;GSK3B;NDUFA6;EIF2AK3;ATP2A2;CAPN1;NDUFS3;PLCB2;NDUFB10;NDUFB9;ADAM17;NDUFB2;COX7B;PSEN1;GAPDH;COX7A2L;NDUFA7;HSD17B10;COX5A;COX6B1;NCSTN;COX6A1;UQCR10;GRIN2D;MAPK1;ATP5PD;NDUFA2;NDUFA3;ATF6;NDUFB5;PLCB3;NAE1;NDUFS6;CDK5R1;NDUFS2;ATP5PO;BID;COX5B;ATP5MC3;CAPN2;CALM1;SDHB;SDHC;PSEN2;NDUFC1;NDUFB1;BACE2;ATP2A1;CYC1;NDUFA9;ATP5F1B;UQCRB;COX7C;PPP3CB;NDUFS1;SDHD;PPP3R1"
"REACTOME_AUTOPHAGY",9.18146454243857e-06,3.30043045418858e-05,0.593325476396405,0.379821749398683,1.87126819266419,156,"TUBB3;TBK1;HSPA8;FUNDC1;ATG3;UBE2N;TUBA1C;CHMP2B;UBE2D2;LAMTOR5;ATG12;CHMP4B;LAMP2;ATG4A;MAP1LC3B;ATG16L1;PRKAG1;CSNK2A1;LAMTOR2;TSG101;TUBA4B;ATG101;MTERF3;UBE2D3;TUBA1B;UBE2V1;TOMM70;VDAC3;HSP90AB1;DYNLL1;WIPI1;TOMM6;TUBA1A;GABARAPL2;MFN1;DYNC1LI1;DYNLL2;SRC;VDAC1;HSP90AA1;PRKAB1;RHEB;SLC38A9;VPS37C;PGAM5;BECN1;VDAC2;CHMP7;TUBA4A;UBE2L3;UBC;ATG5;CHMP2A;CHMP4A;TOMM40;PLIN3;RB1CC1;LAMTOR1;TUBB8;SQSTM1;ATM;ARL13B;CSNK2B;TUBB4B;UBB;RRAGC;TOMM22;MTMR14;LAMTOR3;TUBB1;PIK3R4;ULK1;TOMM5;MLST8;ATG13;DYNC1I2;GABARAP;PARK7;TUBA3D;ATG4C"
"REACTOME_NS1_MEDIATED_EFFECTS_ON_HOST_PATHWAYS",9.46049732728311e-06,3.39168893541958e-05,0.593325476396405,0.574124450322691,2.21887851868672,43,"EIF2AK2;ISG15;NUP210;GBP1;NUP50;KPNA2;NUP37;RAE1;NUP155;NUP153;NDC1;NUP205;NUP62;KPNA1;NUP160;NUP43;SEC13;RANBP2;SEH1L;KPNA4;NUP107;KPNA3;NUP93;NUP58;KPNB1;NUP133;NUP42"
"REACTOME_COMPLEMENT_CASCADE",9.69077312429608e-06,3.46502975372709e-05,0.593325476396405,0.424312905325756,1.93794914974166,104,"IGHG2;IGHG1;IGHG4;CD19;CR2;C3AR1;IGLV3-1;CD55;CFB;IGHV3-11;IGHV3-33;IGHV1-69;IGHV4-34;C4B;IGLV1-47;C4A;IGHV4-59;IGHV3-30;IGKV1D-39;IGHV4-39;GZMM;IGKV1-39;IGKV3-15;IGKV2-28;C5AR1;IGLV3-21;C2;IGKV2D-28;IGLV3-27;IGHV2-5;C1QB;C5AR2;IGKV4-1;IGKV1-5;IGLV3-25;IGKV3-20;CD46;IGKV1-16;IGKV1-33;IGKV2D-40;IGHV2-70;C1QC;IGKV1D-33;IGKV3D-20;CFHR4;IGKV3-11;CFHR3;IGLV6-57;IGLC2;IGHV3-53;IGLC3;C1QA;FCN1;IGLV1-44;IGLV1-40;IGHV3-48;COLEC10"
"REACTOME_ORGANELLE_BIOGENESIS_AND_MAINTENANCE",1.0210856212596e-05,3.64133179221676e-05,0.593325476396405,0.321880822845374,1.72844951760681,283,"TNPO1;CEP97;TUBB3;HELZ2;CAMK4;RP2;MAPRE1;RAB11A;EXOC8;TUBA1C;CCT5;PLK1;EXOC6;NEDD1;ARF4;CDK1;NEK2;ATP5MK;CEP135;ATP5PB;ARL3;CCT8;ATP5F1E;PRKAG1;PLK4;TCP1;SSBP1;RAB8A;IFT52;HSPA9;ATP5PF;CYCS;CCP110;GABPB1;CCT2;IDH2;APOO;IFT80;NCOA2;ATF2;TUBA1B;ATP5F1C;ATP5MF;DYNLL1;TFB2M;TBL1XR1;CKAP5;TUBA1A;HAUS2;DYNLL2;SSTR3;HSP90AA1;PRKAB1;EXOC5;CREB1;TGS1;IMMT;MTX1;CCT4;CCT3;MEF2D;RAB3IP;CETN2;DYNLRB1;BBS4;SEPTIN2;CEP83;IQCB1;IFT22;CEP70;MED1;KIF3B;TUBA4A;PPP2R1A;TUBB;CSNK1D;KIF3A;HAUS1;TMEM67;ATP5PD;RAB11FIP3;MTX2;CEP43;CEP41;ATP5MJ;HAUS3;ACTR1A;EXOC2;TUBB8;ATP5MG;HCFC1;CRTC2;MAPK14;PDE6D;ARL13B;MICOS10;TUBB4B;CEP250;CYS1;GABPA;CEP76;ATP5PO;TUBB1;TFAM;ATP5MC3;CALM1;CEP290;DYNLT5;MTERF1;ODF2;DYNC2I2;CARM1;NCOA6;DYNC1I2;HDAC3;AKAP9;ATP5F1B;KIFAP3"
"REACTOME_FORMATION_OF_TC_NER_PRE_INCISION_COMPLEX",1.06394506869931e-05,3.78416346334215e-05,0.593325476396405,0.533666712974926,2.15706712457565,51,"COPS8;POLR2K;CDK7;POLR2B;USP7;COPS5;POLR2D;TCEA1;RBX1;CUL4B;POLR2G;GTF2H3;POLR2J;POLR2H;ISY1;GTF2H2;PRPF19;DDB1;COPS4;AQR;COPS3;UBC;COPS2;COPS6;GTF2H5;POLR2C;UBB;ZNF830"
"REACTOME_COLLAGEN_DEGRADATION",1.07198549112251e-05,3.80272747903458e-05,0.593325476396405,0.496295989600768,2.09456418090239,64,"COL8A1;MMP11;MMP10;COL12A1;COL11A1;COL10A1;MMP13;MMP1;CTSK;CTSD;COL1A2;COL5A1;CTSB;COL1A1;COL19A1;COL5A2;CTSL;MMP14;COL6A3;MMP2;ADAM10;MMP3;COL8A2;COL3A1;COL6A5;ADAM9;ADAM17"
"REACTOME_METABOLISM_OF_NUCLEOTIDES",1.08047646530962e-05,3.82278812398258e-05,0.593325476396405,0.438369748825941,1.97795552056716,92,"DCK;RRM2B;AK6;RRM2;NT5C3A;DCTPP1;TXNRD1;PNP;HPRT1;AMPD3;ENTPD7;TYMP;GSR;TK1;ATIC;NUDT5;GMPR2;ADSS2;PPAT;TXN;NME1;GLRX;CMPK1;ADK;GART;NME3;SAMHD1;PAICS;ITPA;CTPS1;GUK1;RRM1;GMPS;AK2;APRT;ENTPD4"
"KEGG_BASAL_TRANSCRIPTION_FACTORS",1.12575927566656e-05,3.97257461675007e-05,0.593325476396405,0.612993565266601,2.24275986246637,33,"GTF2E1;TAF9;TAF5;GTF2B;TAF13;GTF2A1;TAF2;GTF2A2;TAF12;TAF9B;TAF11;GTF2H3;TAF4;GTF2E2;GTF2H2;TBP;TAF7;GTF2IRD1"
"KEGG_HUNTINGTONS_DISEASE",1.14693003166637e-05,4.0309488949978e-05,0.593325476396405,0.368348342639138,1.83639320775711,165,"CASP3;POLR2K;REST;COX7A2;CASP8;NDUFAB1;POLR2B;NDUFV2;NDUFB4;CLTC;SOD1;NDUFB3;NDUFA4;COX6C;BAX;POLR2D;ATP5PB;AP2M1;ATP5F1E;AP2S1;HDAC1;ATP5PF;CYCS;NDUFC2;NDUFA5;UQCRQ;COX8A;CREB3L1;SP1;VDAC3;ATP5F1C;BBC3;NDUFA6;NDUFS3;POLR2G;PLCB2;NDUFB10;VDAC1;NDUFB9;NDUFB2;COX7B;CREB1;GRM5;DNAL1;COX7A2L;AP2B1;SIN3A;POLR2J;TAF4;POLR2H;NDUFA7;COX5A;COX6B1;SLC25A5;VDAC2;TBP;DCTN4;COX6A1;UQCR10;ATP5PD;TGM2;NDUFA2;NDUFA3;NDUFB5;PLCB3;PPID;NDUFS6;POLR2C;CREB3L4;HDAC2;DNAL4;NDUFS2;ATP5PO;COX5B;TFAM;ATP5MC3;SDHB;SDHC;NDUFC1;HIP1;NDUFB1;CYC1;NDUFA9;ATP5F1B;UQCRB;COX7C;GPX1;NDUFS1;SDHD"
"REACTOME_POLO_LIKE_KINASE_MEDIATED_EVENTS",1.14828217780353e-05,4.0309488949978e-05,0.593325476396405,0.741193600986995,2.1995713288346,16,"LIN54;PLK1;CCNB1;PKMYT1;MYBL2;CCNB2;FOXM1;RBBP4;CDC25A;CDC25C;CENPF"
"REACTOME_NUCLEAR_ENVELOPE_BREAKDOWN",1.16866336125271e-05,4.09183950900947e-05,0.593325476396405,0.515958239087579,2.10466994331164,53,"NUP210;NEK6;NUP50;PLK1;CCNB1;CDK1;CNEP1R1;NUP37;VRK2;RAE1;PRKCB;TMPO;CCNB2;NUP155;LEMD3;BANF1;LMNB1;LPIN2;NUP153;NDC1;NUP205;NUP62;NUP160;NUP43;SEC13;RANBP2;SEH1L;NUP107;LEMD2;NUP93;NUP58;NUP133;NUP42;EMD"
"KEGG_ENDOCYTOSIS",1.27531190783573e-05,4.45367992684602e-05,0.593325476396405,0.35692904370771,1.80381874831881,179,"RAB31;CXCR4;ARF6;F2R;CCR5;IL2RB;HSPA8;CHMP5;IL2RG;WWP1;HLA-C;PSD4;VTA1;RAB11A;PARD6B;RAB5A;CHMP2B;CLTC;STAM;ACAP2;HLA-B;ARAP2;RAB11FIP4;GRK6;CDC42;RAB11FIP1;ITCH;VPS25;CHMP4B;EPN3;AP2M1;HLA-A;AP2S1;TFRC;RAB22A;NEDD4;TSG101;SMAP2;IL2RA;GRK2;SRC;STAM2;PIP5K1A;AP2B1;CHMP1B;PRKCI;EHD1;RABEP1;HLA-F;VPS37C;USP8;STAMBP;PDCD6IP;HSPA6;VPS45;RAB5C;FGFR3;ARFGAP1;PRKCZ;CHMP2A;DNM2;SH3GL1;RAB11FIP3;CHMP4A;RAB5B;ERBB3;MDM2;VPS4B;AGAP2;ARFGAP3"
"REACTOME_IRE1ALPHA_ACTIVATES_CHAPERONES",1.32533122966575e-05,4.61639921857733e-05,0.593325476396405,0.526209059948473,2.10214129818556,50,"EDEM1;PDIA6;HYOU1;DNAJB9;DNAJB11;ATP6V0D1;XBP1;SEC31A;HSPA5;MYDGF;SERP1;DNAJC3;SRPRA;SRPRB;SSR1;WIPI1;TPP1;HDGF;ARFGAP1;YIF1A;SYVN1;GFPT1;SHC1;KDELR3;GSK3A;PREB"
"REACTOME_MITF_M_DEPENDENT_GENE_EXPRESSION",1.37256292974359e-05,4.76859492086174e-05,0.593325476396405,0.426044139307773,1.95065677562424,105,"LEF1;ATP6V1A;ACTB;ATP6V0E2;ATP6V0E1;SERPINE1;ATP6V0B;ATP6AP2;ATP6V0C;ATP6V0D1;PLK1;BCL2A1;ATP6V1B2;CDKN1A;CCNB1;ATP6V1F;ATP6V1C1;STT3B;ASAH1;SS18;DIAPH1;ATP6V1H;HDAC1;USF1;CDKN2A;CDK2;CDH2;ARID1A;ATP6V1G1;CDH1;MCM2;ATP6V1D;MOV10;ACTL6A;CREB1;SIN3A;MYO5A;BIRC7;RAB27A;SIRT1;SS18L1;SYTL2;ATP6V1E1;SMARCD1;EDIL3;SMARCB1"
"REACTOME_MUSCLE_CONTRACTION",1.39751441718872e-05,4.84280060249459e-05,0.593325476396405,-0.364158165620887,-1.83050577130755,180,"DMD;RYR3;MYH11;LMOD1;MME;ATP1A2;SORBS1;MYL9;MYH3;MYBPC1;NPR1;SCN4B;SCN4A;FXYD1;CACNA1G;SCN2A;KCNIP1;SORBS3;CASQ2;DES;PDE5A;SCN3A;TNNT3;ATP1B2;KCNK12;KCNIP2;KCNE1;ACTG2;KCNK5;SCN2B;GUCY1A1;CES1;KCNJ12;TRDN;MYLK;KCNK3;TPM2;ASPH;TMOD1;TNNT2;KCNIP4;TMOD2;SCN3B;FXYD6;RYR1;VIM;ITPR1;NOS1;TNNI2;NPR2;ANXA1;TLN1;KCND1;HIPK2;CACNB2;ACTA2;KCNJ2;MYL3;STIM1;TRPC1;NEB;ITPR2;PRKACA;PLN;KCNQ1;ITGA1;SCN7A;CACNA1C;FGF11;KCNK7;WWTR1;FXYD2;ALDH2;FXYD7;KCNIP3;TBX5;NPPC;TNNC2;SCN11A;SCN8A;ATP2B4;TTN;SLC8A3;FGF13;MYL7;DMPK;ABCC9;KCNK2"
"REACTOME_NEGATIVE_REGULATORS_OF_DDX58_IFIH1_SIGNALING",1.40216575464254e-05,4.84579479294938e-05,0.593325476396405,0.602382868356736,2.23220461120498,35,"RIGI;ISG15;UBE2D1;CYLD;TBK1;UBE2L6;IFIH1;UBE2K;UBE2D2;TNFAIP3;ITCH;ATG12;UBE2D3;HERC5;TAX1BP1;TRIM25;UBC;ATG5;MAVS;TRAF3;NLRC5;PIN1;UBB"
"REACTOME_TP53_REGULATES_TRANSCRIPTION_OF_DNA_REPAIR_GENES",1.40556807421603e-05,4.84579479294938e-05,0.593325476396405,0.497914861258553,2.08664583735431,62,"POLR2K;CDK7;ELOC;POLR2B;CCNT1;SUPT4H1;ELOB;POLR2D;TCEA1;CCNT2;ATF2;FANCI;POLR2G;GTF2H3;FANCD2;CHEK1;POLR2J;POLR2H;GTF2H2;SUPT16H;CCNK;GTF2H5;NELFCD;MSH2;CDK13;POLR2C;ATM;CDK12;PMS2;CTDP1;NELFE;ELOA;JUN;MDC1;MLH1;SSRP1;ERCC3;FOS;CDK9"
"REACTOME_TRANSPORT_OF_THE_SLBP_DEPENDANT_MATURE_MRNA",1.43379408971838e-05,4.93049600239892e-05,0.593325476396405,0.59586551512067,2.23022108507476,36,"NUP210;EIF4E;NUP50;NUP37;RAE1;ALYREF;NUP155;NUP153;NDC1;NUP205;NUP62;NCBP2;NUP160;SLBP;NUP43;SEC13;RANBP2;SEH1L;NUP107;NUP93;NUP58;NUP133;NUP42;NCBP1;TPR;AAAS;NUP54"
"KEGG_NOD_LIKE_RECEPTOR_SIGNALING_PATHWAY",1.46633980400413e-05,5.02958283917958e-05,0.593325476396405,0.502311988149018,2.09099176918718,60,"ERBIN;PYDC1;CCL11;XIAP;PYCARD;IL18;CASP8;BIRC3;TNF;MAPK9;CCL5;BIRC2;TNFAIP3;NOD2;HSP90B1;IL1B;CHUK;CASP1;TAB3;HSP90AB1;MAP3K7;RIPK2;NFKB1;CCL2;HSP90AA1"
"HALLMARK_GLYCOLYSIS",1.48038895879313e-05,5.06488405191152e-05,0.593325476396405,0.346063521313732,1.77468970400849,196,"SDC1;CXCR4;VCAN;HAX1;POLR3K;KIF2A;ISG20;PRPS1;ME2;CHPF;DEPDC1;B4GALT4;COL5A1;CDK1;SOD1;HSPA5;CLDN3;IER3;SLC16A3;IL13RA1;AURKA;GNPDA1;PGK1;BIK;PGAM1;HMMR;CLDN9;GALE;CENPA;STMN1;PKM;GFUS;SLC35A3;MIOX;FAM162A;ALG1;COG2;ALDOA;CHST1;CHPF2;FKBP4;COPB2;EGLN3;PSMC4;TPBG;PPIA;TXN;ERO1A;FUT8;GLRX;KIF20A;P4HA1;PMM2;MIF;AKR1A1;AGL;NANP;GOT2;TPI1;CASP6;ARTN;PGM2;P4HA2;ECD;ARPP19;GMPPA;RARS1;LDHA;G6PD;B4GALT1;BPNT1"
"REACTOME_DISEASES_OF_DNA_REPAIR",1.5731733416443e-05,5.36870294819371e-05,0.575610261071129,0.529777148040778,2.14134560317593,51,"RAD17;RAD1;RPA3;RMI1;NEIL3;TOPBP1;RAD51AP1;BRCA2;RFC4;BLM;DNA2;RHNO1;RMI2;PALB2;BARD1;RAD9A;EXO1;XRCC2;BRIP1;RFC5;SEM1;RAD51;RPA2;MSH6;MSH2;NBN;RAD51C;ATM;RFC2;ATRIP;HUS1;PMS2"
"REACTOME_RAB_GEFS_EXCHANGE_GTP_FOR_GDP_ON_RABS",1.59364332335095e-05,5.42482626231587e-05,0.575610261071129,0.438642839075953,1.97028663789725,90,"DENND2D;RAB31;DENND1C;DENND1B;RAB18;RAB1A;CHML;RAB10;RAB5A;TRAPPC13;RAB6A;CCZ1;GDI2;TRAPPC10;RAB21;RINL;RAB8A;RAB39A;RAB39B;TRAPPC4;RAB27B;CHM;RAB35;RAB7A;CCZ1B;RAB3GAP2;RAB14;TRAPPC6B;TRAPPC3;MON1B;RAB27A;RAB3IP;RAB13;RIN2;RAB1B;RAB8B;RAB32;RAB5C;GDI1;RAB5B;TRAPPC8;TRAPPC11;AKT1"
"HALLMARK_ANDROGEN_RESPONSE",1.65190424000608e-05,5.60898467387454e-05,0.575610261071129,0.423047426203712,1.92817181112168,101,"B2M;SPCS3;GNAI3;ITGAV;ABHD2;DNAJB9;KRT8;SMS;TPD52;PMEPA1;UBE2I;SAT1;MYL12A;GSR;NKX3-1;SGK1;LMAN1;TARP;UBE2J1;ADRM1;SLC38A2;STK39;TMEM50A;SEC24D;KRT19;XRCC5;SRP19;IDI1;PTK2B;SORD;BMPR1B;ELK4;TNFAIP8;H1-0;CENPN;VAPA;ANKH;DHCR24;B4GALT1;ABCC4;HMGCR;PGM3;ELL2;INPP4B;NCOA4;PA2G4;NGLY1;APPBP2;AKT1;RRP12"
"REACTOME_MYD88_INDEPENDENT_TLR4_CASCADE",1.69303048664523e-05,5.73418365828586e-05,0.575610261071129,0.406014488461844,1.86682123902016,109,"UBE2D1;IRF7;TBK1;PPP2CA;CASP8;BIRC3;N4BP1;MAPKAPK2;UBE2N;MAPK9;LY96;UBE2D2;BIRC2;NOD2;SKP1;RPS6KA1;FADD;CHUK;UBE2D3;ATF2;ELK1;UBE2V1;TICAM1;TAB3;MAP3K7;RIPK2;FBXW11;NFKB1;RIPK3;CREB1;USP18;ATF1;MAPKAPK3;VRK3;USP14;TICAM2;CUL1;RIPK1;RELA;PPP2R1A;UBC;MAPK1;IKBKB;NFKB2;TNIP2;NKIRAS1;TRAF3;MAPK14;NLRC5;UBB;TRAF2;IRAK1"
"REACTOME_RHO_GTPASE_CYCLE",1.73409475934693e-05,5.8585457032573e-05,0.575610261071129,0.282532676340613,1.60140312716974,445,"ERBIN;CYFIP2;EPSTI1;RHOH;CEP97;DOCK10;DEF6;ACTB;BASP1;ABI1;TPM3;FAM91A1;RAC2;SNAP23;VAV3;FGD3;FAF2;CSK;MACO1;LCK;ATP6AP1;MSI2;ELMO2;ARHGAP30;FAM169A;DEPDC1B;ECT2;GNA13;TAGAP;CYBB;RND1;CDC42SE2;VANGL1;STIP1;GMIP;CUL3;CYBA;SENP1;YKT6;IQGAP1;PARD6B;ACTG1;NCKAP1L;PREX1;CLTC;ARHGDIB;WIPF1;STAM;TIAM1;ACBD5;HSPE1;TWF1;ARAP2;CCT6A;IL32;CDC42;VRK2;DIAPH1;PAK2;RBBP6;LMAN1;BLTP3B;HMOX2;PAK1;SHKBP1;RACGAP1;EFHD2;TFRC;TMPO;FLOT1;LEMD3;ANLN;RHOA;CCP110;NDUFA5;WASL;SH3BP1;ARHGAP9;CCT2;CAPZB;RAC1;LMNB1;ARHGAP11A;TUBA1B;HNRNPC;ARHGAP18;HSP90AB1;ZAP70;ARHGAP15;FMNL3;VAV1;RAB7A;ARHGEF18;DOCK2;GRB2;NDUFS3;NCF1;GRB7;WAS;DOCK8;SRC;PIK3R3;ABCD3;MTMR1;GOPC;VAV2;HSP90AA1;ARHGAP1;SHMT2;MOSPD2;PTK2B;RHOC;KIF14;STAM2;NET1;TMOD3;ARHGAP45;UBXN11;RHOG;TRA2B;MTX1;TAOK3;COPS4;MPP7;ARHGEF16;ANKLE2;IQGAP3;CCT7;NCF2;NIPSNAP2;KTN1;ARHGDIA;BRK1;CCDC187;USP9X;SPATA13;WDR11"
"REACTOME_INTRINSIC_PATHWAY_FOR_APOPTOSIS",1.80256646443602e-05,6.07464898514939e-05,0.575610261071129,0.506525584016313,2.06028686915075,55,"CASP3;PMAIP1;YWHAZ;XIAP;CASP8;BMF;YWHAQ;YWHAH;BCL2L11;YWHAB;BAX;GZMB;BCL2L1;CYCS;BAK1;CASP7;CDKN2A;DYNLL1;BBC3;DIABLO;DYNLL2"
"REACTOME_REGULATED_NECROSIS",1.83728188588184e-05,6.17619945677984e-05,0.575610261071129,0.501027511074295,2.08206773575275,59,"CASP3;XIAP;IL18;CASP8;BIRC3;CHMP2B;BIRC2;BAX;FASLG;ITCH;GZMB;CHMP4B;IRF1;IL1B;FADD;FLOT1;CYCS;BAK1;CASP1;RIPK3;HSP90AA1;TRADD;PDCD6IP;CASP4;RIPK1;CHMP7;UBE2L3;STUB1;UBC;CHMP2A;CHMP4A;TNFRSF10B;IL1A;GSDMD;UBB;TRAF2;TNFRSF10A;TNFSF10;SDCBP"
"REACTOME_TRANSFERRIN_ENDOCYTOSIS_AND_RECYCLING",1.91822467041058e-05,6.43225585998374e-05,0.575610261071129,0.61167034325139,2.1664317682742,30,"ATP6V1A;ATP6V0E2;ATP6V0E1;ATP6V0B;ATP6AP1;ATP6V0C;ATP6V1C2;ATP6V0D1;ATP6V1B2;ATP6V1F;ATP6V1C1;ATP6V1H;TFRC;ATP6V1G1;ATP6V1D;TFR2"
"KEGG_RIG_I_LIKE_RECEPTOR_SIGNALING_PATHWAY",1.93277654295921e-05,6.46496967719358e-05,0.575610261071129,0.504987157402015,2.05402933694979,55,"CXCL10;RIGI;ISG15;IRF7;CYLD;TBK1;IFIH1;CASP8;IL12B;TNF;MAPK9;DDX3X;ATG12;SIKE1;FADD;CHUK;MAP3K7;NFKB1;TRIM25;TRADD;TKFC;RIPK1;RELA;DHX58;ATG5;IKBKB;MAVS;MAPK13;TRAF3;MAPK14;PIN1;TRAF2"
"REACTOME_RHOBTB2_GTPASE_CYCLE",2.00843816528843e-05,6.70142239309111e-05,0.575610261071129,0.657764749485462,2.16936178534758,23,"MSI2;CUL3;ACTG1;TWF1;CCT6A;CCT2;HNRNPC;HSP90AB1;HSP90AA1;TMOD3;TRA2B;CCT7;DBN1;MYO6;PHIP;TXNL1;STK38;RBMX"
"REACTOME_COOPERATION_OF_PREFOLDIN_AND_TRIC_CCT_IN_ACTIN_AND_TUBULIN_FOLDING",2.09217167514322e-05,6.96357387183471e-05,0.575610261071129,0.597962830754449,2.16394645125201,32,"TUBB3;ACTB;VBP1;TUBA1C;CCT5;PFDN6;CCT6A;CCT8;TCP1;PFDN4;CCT2;TUBA4B;TUBA1B;TUBA1A;CCT4;CCT3;CCT7;PFDN1;TUBA4A"
"REACTOME_FORMATION_OF_INCISION_COMPLEX_IN_GG_NER",2.12945790301706e-05,7.07021983563299e-05,0.575610261071129,0.560039497269865,2.16444293464556,43,"CDK7;UBE2N;UBE2I;SUMO1;SUMO3;RPA3;UBE2V2;SUMO2;RBX1;PARP1;ERCC4;CUL4B;GTF2H3;GTF2H2;RNF111;RAD23B;CETN2;DDB1;RPA2;UBC;GTF2H5"
"KEGG_P53_SIGNALING_PATHWAY",2.1637348913956e-05,7.16637502113335e-05,0.575610261071129,0.48027604908932,2.02877824103413,67,"CASP3;RRM2B;PMAIP1;RRM2;SERPINE1;SHISA5;CASP8;THBS1;CCNE2;CDKN1A;CCNB1;CDK1;BAX;GADD45B;CCNB2;CYCS;CDKN2A;CDK2;BBC3;CHEK1;GTSE1;CCNE1;SIAH1;CCNG2;TP73;CDK4;MDM2;TNFRSF10B;EI24;ATM;CHEK2"
"REACTOME_NUCLEAR_IMPORT_OF_REV_PROTEIN",2.1694912099453e-05,7.16782880148594e-05,0.575610261071129,0.590723802391626,2.17378883086893,34,"NUP210;NUP50;NUP37;RAE1;NUP155;RCC1;NUP153;NDC1;NUP205;NUP62;RAN;NUP160;NUP43;SEC13;RANBP2;SEH1L;NUP107;NUP93;NUP58;KPNB1;NPM1;NUP133;NUP42;TPR;AAAS;NUP54"
"REACTOME_TRANSLOCATION_OF_SLC2A4_GLUT4_TO_THE_PLASMA_MEMBRANE",2.20646967004687e-05,7.27217876582684e-05,0.575610261071129,0.46830991666497,2.00033183239945,70,"TUBB3;ACTB;YWHAZ;SNAP23;RAB11A;EXOC8;TUBA1C;YWHAQ;EXOC6;RAB10;ACTG1;YWHAH;YWHAB;PRKAG1;RAB8A;RALGAPB;RAC1;TUBA4B;TUBA1B;RALA;TUBA1A;STXBP3;PRKAB1;EXOC5;RAB14;MYO5A;RAB13;KIF3B;TUBA4A;STX4;KIF3A;EXOC2;TUBB8;AKT1;TUBB4B;TUBB1;MYH9;CALM1"
"REACTOME_N_GLYCAN_TRIMMING_IN_THE_ER_AND_CALNEXIN_CALRETICULIN_CYCLE",2.28763971169411e-05,7.52131300332599e-05,0.575610261071129,0.593991980120607,2.20111113163129,35,"EDEM1;RNF103;PDIA3;CALR;CANX;RNF139;DERL1;SEL1L;EDEM3;UGGT1;RNF5;RAD23B;EDEM2;GANAB;DERL2;UBC;MLEC;SYVN1;MARCHF6;NGLY1;PSMC1;AMFR;UBB"
"REACTOME_PERK_REGULATES_GENE_EXPRESSION",2.45767713495884e-05,8.06070262268739e-05,0.575610261071129,0.605296303382935,2.16211473476305,31,"HERPUD1;EIF2S2;HSPA5;PARN;DCP2;EIF2S1;EIF2S3;EIF2AK3;NFYA;CCL2;EXOSC6;NFYB;EXOSC9;ATF6;EXOSC1;ASNS;EXOSC3;CXCL8;ATF3;CEBPG;EXOSC4"
"REACTOME_TP53_REGULATES_TRANSCRIPTION_OF_CELL_CYCLE_GENES",2.51692914118544e-05,8.23500117067471e-05,0.575610261071129,0.543006267509572,2.14920480185811,48,"CCNE2;CNOT11;CNOT6;CDKN1A;CCNB1;CDK1;E2F8;BAX;AURKA;CNOT9;CDKN1B;E2F7;PCNA;CDK2;CNOT2;CNOT1;CCNA2;PLK3;CNOT8;CDC25C;CCNE1;E2F1;RBL1;ARID3A;RBL2;BTG2"
"KEGG_RETINOL_METABOLISM",2.61905661168231e-05,8.54839785120521e-05,0.575610261071129,-0.564403317802552,-2.15648999065537,40,"ALDH1A2;ADH4;ADH6;RPE65;ADH1A;RDH5;DGAT2;ADH1C;RDH10;CYP4A11;CYP3A4;CYP26B1;CYP2C8;ALDH1A1;ADH1B;RETSAT;CYP3A5;ADH5;CYP3A7;DHRS4L2;DHRS4;CYP3A43;CYP26C1;DHRS3;LRAT;CYP2A7;DGAT1"
"REACTOME_POSTMITOTIC_NUCLEAR_PORE_COMPLEX_NPC_REFORMATION",2.93242295870654e-05,9.54808248390439e-05,0.575610261071129,0.615331792549745,2.13680344081198,27,"TNPO1;UBE2I;SUMO1;NUP37;NUP155;RCC1;NDC1;NUP205;NUP62;RAN;NUP160;NUP43;SEC13;SEH1L;NUP107;NUP93;NUP58;KPNB1;NUP133;RANGAP1"
"REACTOME_HDR_THROUGH_SINGLE_STRAND_ANNEALING_SSA",3.01606905940013e-05,9.79677371583464e-05,0.575610261071129,0.5767511776309,2.15951140082026,37,"RAD17;RAD1;RPA3;RMI1;TOPBP1;RFC4;BLM;ERCC4;DNA2;RHNO1;RMI2;BARD1;RAD9A;EXO1;BRIP1;RFC5;RAD51;RPA2;NBN;ATM;RFC2;ATRIP;HUS1"
"REACTOME_DNA_STRAND_ELONGATION",3.05491977072285e-05,9.89036983952009e-05,0.557332238758646,0.591698950781982,2.14127831848465,32,"POLD4;RPA3;GINS1;RFC4;PCNA;PRIM1;DNA2;MCM2;FEN1;MCM4;MCM6;RFC5;GINS2;GINS4;RPA2;GINS3;MCM8;PRIM2;RFC2"
"REACTOME_RAC2_GTPASE_CYCLE",3.05955802899101e-05,9.89036983952009e-05,0.557332238758646,0.427636333388463,1.90957187854244,88,"ERBIN;DOCK10;DEF6;ABI1;RAC2;VAV3;DEPDC1B;CYBB;VANGL1;CYBA;IQGAP1;NCKAP1L;PREX1;TIAM1;CDC42;VRK2;PAK2;LMAN1;PAK1;RACGAP1;TFRC;TMPO;LEMD3;VAV1;RAB7A;DOCK2;NCF1;PIK3R3;VAV2;ARHGAP1;MTX1;TAOK3;MPP7;ANKLE2;NCF2;ARHGDIA;BRK1"
"REACTOME_REGULATION_OF_CDH1_POSTTRANSLATIONAL_PROCESSING_AND_TRAFFICKING_TO_PLASMA_MEMBRANE",3.09194865064069e-05,9.97116454799916e-05,0.557332238758646,0.590968486196219,2.13863486613806,32,"SPCS3;CANX;SPCS1;RPN1;OSTC;CSNK2A3;CSNK2A1;SPCS2;RPN2;STT3A;CDH1;SEC11A;DAD1;TMEM258;SEC11C;GANAB;OST4"
"REACTOME_DEADENYLATION_DEPENDENT_MRNA_DECAY",3.25908612495181e-05,0.000104850789891051,0.557332238758646,0.500505314228114,2.04201611138673,56,"EIF4E;DDX6;EIF4A3;CNOT11;CNOT6;CNOT9;HBS1L;PARN;LSM1;DCP2;CNOT2;PAIP1;LSM3;CNOT1;EXOSC6;CNOT8;EIF4G1;LSM5;DCPS;EXOSC9;XRN1;EDC4;EXOSC1;PATL1;CNOT6L;EIF4A2;SKIC2;LSM4;CNOT7;EIF4A1;LSM7;EXOSC3;EXOSC4;LSM2;CNOT10;PABPC1"
"REACTOME_MATURATION_OF_SARS_COV_2_SPIKE_PROTEIN",3.27588216560063e-05,0.000105140218076896,0.557332238758646,0.54818703039935,2.1109901101444,41,"MGAT4A;CANX;MAGT1;RPN1;STT3B;OSTC;MAN2A1;MGAT2;ST6GAL1;RPN2;STT3A;ZDHHC20;FUT8;MGAT5;ZDHHC5;DAD1;ZDHHC9;TMEM258;EDEM2;GANAB;OST4;MGAT4B;ST6GALNAC4"
"REACTOME_FORMATION_OF_PARAXIAL_MESODERM",3.41023625851893e-05,0.000108933613186813,0.557332238758646,0.498219673316352,2.03231171082721,53,"LEF1;PSMA5;PSMC2;PSMA6;PSMA4;PSMA2;PSMD6;PSMA1;PSMD14;PSMD12;PSMB4;PSMD1;PSMB1;PSMA3;PSMD2;PSMB2;PSMC6;ADRM1;PSMC4;PSMD7;PSMA7;PSMB3;MAML1;SEM1;PSMB5;LFNG;PSMD8;PSMD11;PSMD3;PSMC5;PSMC3"
"REACTOME_SIGNALING_BY_NOTCH4",3.40691745222466e-05,0.000108933613186813,0.557332238758646,0.463600275104859,2.00040022551118,72,"PSMA5;YWHAZ;PSMC2;PSMA6;PSMA4;PSMA2;PSMD6;APH1A;PSMA1;PSMD14;PSMD12;PSMB4;PSMD1;PSMB1;SKP1;PSENEN;ADAM10;PSMA3;RBX1;PSMD2;PSMB2;PSMC6;ADRM1;PSMC4;PSMD7;TACC3;PSMA7;PSMB3;MAML1;PSEN1;SEM1;PSMB5;NCSTN;CUL1;PSMD8;PSMD11;PSMD3;UBC;PSMC5;PSMC3;AKT1;PSMB7;PSMC1;UBB"
"REACTOME_VIRAL_MESSENGER_RNA_SYNTHESIS",3.44563803499792e-05,0.000109804257001825,0.557332238758646,0.547478395873481,2.15343465824227,44,"POLR2K;NUP210;NUP50;POLR2B;NUP37;POLR2D;RAE1;NUP155;NUP153;NDC1;NUP205;NUP62;POLR2G;POLR2J;NUP160;POLR2H;NUP43;SEC13;RANBP2;SEH1L;NUP107;POLR2C;NUP93;NUP58;NUP133;NUP42"
"KEGG_VIRAL_MYOCARDITIS",3.47609670903617e-05,0.000110513640655207,0.557332238758646,0.474102958949091,1.99973503816031,65,"CASP3;CD80;CD86;ACTB;RAC2;HLA-DRA;HLA-DMB;CASP8;ITGAL;HLA-C;HLA-DPA1;HLA-DOA;HLA-DQB1;ACTG1;HLA-DPB1;HLA-DQA1;HLA-B;CD55;EIF4G2;HLA-DRB1;HLA-A;ITGB2;CYCS;CD28;RAC1;HLA-DQA2;ICAM1;HLA-DMA;EIF4G1;HLA-DRB5;HLA-DOB;HLA-F;CD40LG"
"REACTOME_SUMOYLATION_OF_SUMOYLATION_PROTEINS",3.64189890295891e-05,0.000115512464027967,0.557332238758646,0.585979459834245,2.17141974153685,35,"NUP210;NUP50;UBE2I;SUMO1;NUP37;SUMO2;RAE1;NUP155;NUP153;NDC1;NUP205;NUP62;NUP160;NUP43;SEC13;RANBP2;SEH1L;NUP107;PIAS4;NUP93;NUP58;NUP133;NUP42;TPR;AAAS;NUP54"
"HALLMARK_MITOTIC_SPINDLE",3.66462888264232e-05,0.00011568898674009,0.557332238758646,0.346822855950277,1.7841597399461,198,"EZR;ARF6;ABI1;BUB1;MAPRE1;ARFGEF1;ECT2;CD2AP;PLK1;RANBP9;TLK1;KIF23;PREX1;KIF20B;TIAM1;CDK1;KIF5B;TPX2;NEK2;CDC42;SASS6;BCL2L11;NUSAP1;SMC4;AURKA;BRCA2;KIF11;KIF4A;BIRC5;RACGAP1;KIF2C;STAU1;FBXO5;DLGAP5;CCNB2;CENPE;ANLN;RAPGEF6;WASL;TTK;CAPZB;LMNB1;STK38L;FGD6;TOP2A;KIF22;PPP4R2;NDC80;MYO1E;DOCK2;CKAP5;ESPL1;DYNLL2;PRC1;RICTOR;NET1;SEPTIN9;CENPF;KNTC1;CLIP1;KIF15;ARHGDIA;PALLD;INCENP;KIF3B;RHOF;TUBA4A;CSNK1D"
"REACTOME_CLATHRIN_MEDIATED_ENDOCYTOSIS",3.66170819882037e-05,0.00011568898674009,0.557332238758646,0.378620694907236,1.82957186848928,142,"ACTR2;COPS8;ACTR3;ARPC2;CD3D;ACTB;ARF6;M6PR;ARPC3;HSPA8;CD3G;NECAP1;PACSIN1;VAMP7;IL7R;VAMP8;ARPC4;ACTG1;RAB5A;CLTC;STAM;COPS5;ARPC1A;AP2M1;AP2S1;TFRC;CD4;NEDD8;UBQLN1;WASL;KIAA0319;SYT1;ARPC5;TOR1A;GRB2;REPS2;GRK2;SYNJ1;FCHO2;STAM2;AP2B1;NECAP2;SGIP1;COPS4;RAB5C;COPS3;UBC;ARFGAP1;TOR1B;TGOLN2;COPS2;COPS6;DNM2;SH3GL1;RAB5B"
"REACTOME_IRON_UPTAKE_AND_TRANSPORT",3.78053462089764e-05,0.000119069174508645,0.557332238758646,0.498146132377271,2.03239086423717,56,"ATP6V1A;SLC40A1;ATP6V0E2;ATP6V0E1;ATP6V0B;ATP6AP1;ATP6V0C;ATP6V1C2;ATP6V0D1;ATP6V1B2;ATP6V1F;ATP6V1C1;CAND1;HMOX2;ATP6V1H;SKP1;HMOX1;TFRC;NEDD8;ATP6V1G1;ATP6V1D;TFR2;FLVCR1;GLRX3;CUL1;ATP6V1E1;ATP6V0D2;UBC"
"REACTOME_RESPIRATORY_ELECTRON_TRANSPORT",4.02179219100709e-05,0.00012637239798316,0.557332238758646,0.36947305484025,1.80203167884539,147,"COX7A2;NDUFAB1;COQ10B;NDUFV2;NDUFB4;COX17;NDUFB3;NDUFA4;COX6C;NDUFAF6;TMEM126B;RAB5IF;TIMMDC1;HSPA9;CYCS;NDUFC2;NDUFA5;UQCRQ;COX8A;COA1;NDUFA6;SCO2;NDUFS3;NDUFB10;NDUFA12;TMEM223;NDUFB9;NDUFB2;COX7B;GOT2;COX7A2L;NDUFA7;COX5A;COX6B1;UQCC2;HIGD1A;HCCS;PET100;COX6A1;UQCR10;TMEM126A;SLC25A22;NDUFA2;NDUFA3;PNKD;NDUFB5;COX16;NDUFS6;ISCU;NFS1;NDUFB11;NDUFS2;NDUFAF1;COX5B;SDHB;SDHC;LYRM2;NDUFC1;TACO1;NDUFB1;CYC1;NDUFA9;UQCC1;TMEM186;UQCRB;COX7C;NDUFS1;SDHD;GOT1;NDUFS8;UQCC6;NDUFS5;UQCRH;COX20;UQCR11;OXA1L"
"REACTOME_RESOLUTION_OF_D_LOOP_STRUCTURES",4.34760303823338e-05,0.000136292299896246,0.557332238758646,0.576401229362089,2.15736964560873,36,"GEN1;RMI1;RAD51AP1;BRCA2;BLM;DNA2;EME1;SLX4;RMI2;PALB2;BARD1;EXO1;XRCC2;BRIP1;SEM1;RAD51;FIGNL1;SLX1A;NBN;SLX1B;RAD51C;ATM"
"REACTOME_COPI_MEDIATED_ANTEROGRADE_TRANSPORT",4.40187094709744e-05,0.000137673365120356,0.557332238758646,0.4187346192474,1.89165991259957,99,"CAPZA1;CAPZA2;TUBB3;DCTN5;ARCN1;ARF3;RAB1A;TUBA1C;TMED2;ARF4;YKT6;TMED9;TMED7;CD55;COPZ1;COPG1;COG2;COPB2;CAPZB;TUBA4B;TUBA1B;NSF;KDELR1;DYNLL1;ARF1;KDELR2;TMED3;TUBA1A;NAPA;ARF5;NAPG;DYNC1LI1;DYNLL2;COPA;COPB1"
"REACTOME_EXPORT_OF_VIRAL_RIBONUCLEOPROTEINS_FROM_NUCLEUS",4.51728363342134e-05,0.000140630446601662,0.557332238758646,0.582310833090281,2.13050093497514,33,"NUP210;NUP50;NUP37;XPO1;RAE1;NUP155;NUP153;NDC1;NUP205;NUP62;RAN;NUP160;NUP43;SEC13;RANBP2;SEH1L;NUP107;NUP93;NUP58;NUP133;NUP42;TPR;AAAS;NUP54"
"REACTOME_NUCLEOTIDE_BINDING_DOMAIN_LEUCINE_RICH_REPEAT_CONTAINING_RECEPTOR_NLR_SIGNALING_PATHWAYS",4.51459782609065e-05,0.000140630446601662,0.557332238758646,0.495820369554567,2.02290196367964,56,"CYLD;PYCARD;CASP8;BIRC3;UBE2N;AIM2;PANX1;BIRC2;TNFAIP3;ITCH;NOD2;BCL2L1;HMOX1;CHUK;CASP1;UBE2V1;TAB3;TXN;HSP90AB1;MAP3K7;RIPK2;NFKB1;CASP2;P2RX7;CASP4;RELA;UBC;IKBKB;NFKB2;MAPK13;MAPK14;PSTPIP1;UBB;IRAK1"
"REACTOME_NUCLEAR_PORE_COMPLEX_NPC_DISASSEMBLY",4.70690120702021e-05,0.000146195917674268,0.557332238758646,0.573197313190364,2.14537794409275,36,"NUP210;NEK6;NUP50;CCNB1;CDK1;NUP37;RAE1;CCNB2;NUP155;NUP153;NDC1;NUP205;NUP62;NUP160;NUP43;SEC13;RANBP2;SEH1L;NUP107;NUP93;NUP58;NUP133;NUP42;TPR;AAAS;NUP54"
"REACTOME_COPII_MEDIATED_VESICLE_TRANSPORT",4.90419646719471e-05,0.000151625156829781,0.557332238758646,0.457059989815922,1.95123130074865,69,"SEC23IP;F5;RAB1A;TMED2;PPP6R1;YKT6;SEC24A;CTSZ;SEC31A;LMAN2;TFG;LMAN1;TRAPPC10;TRAPPC4;SEC22B;NSF;SEC24D;NAPA;SAR1B;NAPG;SEC24C;TRAPPC6B;SEC16A;BET1;TRAPPC3;RAB1B;SEC13;CSNK1D;SCFD1;PPP6R3;SEC22A;TBC1D20;TMED10;CTSC;CNIH1;PREB;USO1;SERPINA1;TRAPPC5;TRAPPC2L;SEC23A;TRAPPC2"
"REACTOME_RESPIRATORY_SYNCYTIAL_VIRUS_RSV_GENOME_REPLICATION_TRANSCRIPTION_AND_TRANSLATION",4.89442715152301e-05,0.000151625156829781,0.557332238758646,0.709992308815398,2.17450791673484,17,"SPCS3;HSPA8;SPCS1;PPP1CA;PPP1CC;XPO1;CSNK2A1;SPCS2;HSP90AB1;SEC11A;HSP90AA1;SEC11C"
"REACTOME_PROTEIN_FOLDING",6.55873070052081e-05,0.000202315079732312,0.538434096309916,0.417419089569841,1.88177091212533,96,"TUBB3;ACTB;GNG5;VBP1;TBCA;CCNE2;GNG10;TUBA1C;DCAF7;CCT5;GNA14;GNB2;PFDN6;TBCC;XRN2;CCT6A;FBXO4;CCT8;TCP1;CSNK2A1;GBA1;PFDN4;CCT2;RGS7;TUBA4B;TUBA1B;GNB4;TUBA1A;AP3M1;LONP2;FBXO6;GNGT2;CCNE1;CCT4;GNB1;CCT3;TBCE;CCT7;PFDN1;TUBA4A;TBCB;NOP56;ARFGEF2;SKIC2;CSNK2B;GNG13;TUBB4B"
"REACTOME_MITOPHAGY",6.58405273545942e-05,0.000202632490579893,0.538434096309916,0.536215764292332,2.05863151059607,39,"TBK1;FUNDC1;UBE2N;UBE2D2;ATG12;MAP1LC3B;CSNK2A1;MTERF3;UBE2D3;UBE2V1;TOMM70;VDAC3;TOMM6;MFN1;SRC;VDAC1;PGAM5;VDAC2;UBE2L3;UBC;ATG5;TOMM40;SQSTM1;CSNK2B;UBB;TOMM22;ULK1;TOMM5"
"REACTOME_HEDGEHOG_OFF_STATE",6.63079018408849e-05,0.000203606040276795,0.538434096309916,0.417590799305353,1.88835773558427,97,"TUBB3;PSMA5;PSMC2;PSMA6;PSMA4;PSMA2;TUBA1C;PSMD6;PSMA1;PSMD14;PSMD12;PSMB4;PSMD1;ITCH;PSMB1;SKP1;PSMA3;RBX1;PSMD2;PSMB2;PSMC6;IFT52;ADRM1;PSMC4;PSMD7;TUBA1B;GSK3B;ADCY7;GNAS;PSMA7;TUBA1A;PRKACB;PSMB3;SEM1;PSMB5;CSNK1A1;CUL1;PSMD8;PSMD11;TUBA4A;PSMD3;KIF3A;UBC;ADCY9"
"HALLMARK_ESTROGEN_RESPONSE_EARLY",6.98666680093689e-05,0.000214046064719612,0.538434096309916,0.336272289374824,1.73077650848663,199,"RAB31;UGCG;KCNK15;FCMR;PMAIP1;CISH;DYNLT3;CLIC3;MICB;SLC37A1;ABHD2;EEIG1;NHERF1;KRT8;NRIP1;SLC7A5;CA12;TIPARP;XBP1;RASGRP1;TIAM1;ELF1;KRT18;SIAH2;TTC39A;BCL11B;KLF10;ARL3;SNX24;RARA;TOB1;REEP1;FKBP4;TPBG;MREG;ANXA9;PRSS23;ABAT;CLDN7;KRT19;SLC1A4;SLC2A1;ISG20L2;BHLHE40;CANT1;FRK;MUC1;SLC27A2;HSPB8;PPIF;SLC16A1;RETREG1;TBC1D30;CELSR1;PDLIM3;TGIF2;RAB17;OPN3;B4GALT1;MYB;TJP3;ADCY9;CBFA2T3;TGM2;MYBL1;ELOVL2;MED13L;ESRP2;GLA;RHOD;RRP12;GREB1;NADSYN1;P2RY2;NBL1;AMFR;BLVRB;FHL2"
"REACTOME_CALNEXIN_CALRETICULIN_CYCLE",7.06999918748044e-05,0.000216107911671738,0.538434096309916,0.624153227940494,2.13674098666911,26,"EDEM1;RNF103;PDIA3;CALR;CANX;RNF139;SEL1L;EDEM3;UGGT1;RNF5;EDEM2;GANAB;DERL2;UBC;SYVN1;MARCHF6;AMFR;UBB"
"REACTOME_DNA_DAMAGE_BYPASS",7.63561741423632e-05,0.000232869055981687,0.538434096309916,0.525019169370156,2.0780123313365,48,"ISG15;UBE2L6;POLD4;UBE2B;PCLAF;RPA3;RFC4;PCNA;RBX1;USP1;CUL4B;SPRTN;TRIM25;USP10;UFD1;RFC5;DTL;DDB1;RPA2;UBC;POLE3;NPLOC4;RFC2;POLH;UBB"
"KEGG_N_GLYCAN_BIOSYNTHESIS",7.90579075170416e-05,0.000240022656155342,0.538434096309916,0.516987356821874,2.04081373735432,46,"MGAT4A;DPM1;RPN1;STT3B;ALG8;MAN2A1;DPAGT1;ALG10B;MGAT2;ALG1;ST6GAL1;RPN2;STT3A;FUT8;MGAT5;ALG6;B4GALT3;DAD1;GANAB;B4GALT1;ALG3;ALG10;MGAT4B;DPM2;ALG2;DOLPP1"
"REACTOME_ACTIVATION_OF_THE_PRE_REPLICATIVE_COMPLEX",7.90579075170416e-05,0.000240022656155342,0.538434096309916,0.571892514923286,2.09238342911,33,"CDC6;DBF4;RPA3;CDC7;PRIM1;CDK2;MCM2;ORC6;MCM4;ORC3;MCM6;MCM10;ORC2;RPA2;ORC5;POLE3;MCM8;PRIM2;ORC1;CDT1;MCM3"
"REACTOME_EXTENSION_OF_TELOMERES",8.28402443990135e-05,0.000250940785280607,0.538434096309916,0.49952439959901,2.01906477226554,51,"TINF2;POLD4;RPA3;RFC4;BLM;RUVBL1;NOP10;PCNA;DSCC1;PRIM1;DNA2;CDK2;POT1;FEN1;CCNA2;TERF2IP;RFC5;RPA2;NHP2;CHTF8;TERF1;PRIM2;PPP6R3;RFC2;RUVBL2"
"REACTOME_SELECTIVE_AUTOPHAGY",8.3026584452894e-05,0.000250941335969734,0.538434096309916,0.416363412186668,1.85972003350955,87,"TUBB3;TBK1;HSPA8;FUNDC1;UBE2N;TUBA1C;UBE2D2;ATG12;MAP1LC3B;PRKAG1;CSNK2A1;TUBA4B;MTERF3;UBE2D3;TUBA1B;UBE2V1;TOMM70;VDAC3;DYNLL1;TOMM6;TUBA1A;MFN1;DYNC1LI1;DYNLL2;SRC;VDAC1;HSP90AA1;PRKAB1;PGAM5;VDAC2;TUBA4A;UBE2L3;UBC;ATG5;TOMM40;PLIN3;TUBB8;SQSTM1;ATM;ARL13B;CSNK2B;TUBB4B;UBB;TOMM22;TUBB1"
"REACTOME_TNFR1_INDUCED_PROAPOPTOTIC_SIGNALING",9.1525088292349e-05,0.000276008543664623,0.538434096309916,0.617441075921462,2.0994300318531,25,"CYLD;TBK1;XIAP;CASP8;BIRC3;TNF;BIRC2;TNFAIP3;FADD;TRADD;SPATA2;RIPK1;RNF31;USP2;RBCK1;TRAF2"
"REACTOME_SENSORY_PERCEPTION",0.000101996594876972,0.000306900468513747,0.538434096309916,-0.321817392257869,-1.65654450796025,213,"KCNQ4;LPL;OTOGL;CDH23;OR5P2;GSN;TRIOBP;GPIHBP1;ANO2;SCN4B;RBP4;RPE65;AKR1C1;OR5P3;KCNMB1;SCN2A;TAS2R13;RDH5;EBF1;GPC3;SCN3A;AKR1C3;CLIC5;SPTBN1;TAS2R3;TAS2R30;PLB1;SCN2B;OR2A42;CIB2;APOB;NMT2;TAS2R4;PJVK;RDH10;OR2A1;TAS2R14;BSN;TAS2R31;GRK4;TAS2R10;CABP1;TMC1;CNGA1;OR52B6;TAS1R1;TAS2R50;TAS2R20;GNB3;MYO1C;ESPNL;ADCY3;TAS2R46;GPC5;GRK1;OR10AD1;STRC;TMIE;GRK7;RETSAT;OR2A7;PCLO;OR14A2;SPTAN1;CACNB2;KCNJ2;LRP2;TMC2;OR2A4;SDC2;MYO3A;GUCA1B;LRP1;SLC26A5;RBP2;GNAL;SYP;OR52H1;VAMP2;BCO2;CHRNA10;DHRS3;OR7C1;EPB41L1;TAS2R5;OR13G1;OR1L8;OPN1SW"
"KEGG_TYROSINE_METABOLISM",0.000104180406238391,0.000312773246345994,0.538434096309916,-0.532117995103503,-2.01775112058929,38,"TAT;MAOA;DCT;ADH4;ADH6;MAOB;ADH1A;COMT;TPO;AOC3;ADH1C"
"REACTOME_TRANSCRIPTIONAL_ACTIVITY_OF_SMAD2_SMAD3_SMAD4_HETEROTRIMER",0.000107133728216594,0.000320925034746597,0.538434096309916,0.495880914139039,1.98098403835114,50,"STAT1;SKIL;UBE2D1;SERPINE1;COL1A2;CCNT1;TRIM33;JUNB;E2F5;CCNT2;PARP1;HDAC1;SMAD7;UBE2D3;SP1;CCNC;RNF111;RBL1;TGIF1;TGIF2;USP9X;UBC;CCNK;MAPK1;MEN1;SMURF2;UBB"
"REACTOME_EPHB_MEDIATED_FORWARD_SIGNALING",0.000107783541304179,0.000322155684430229,0.538434096309916,0.516988075021892,1.99379526902886,42,"ACTR2;ACTR3;ARPC2;ACTB;EPHB2;ARPC1B;ARPC3;LIMK1;CFL1;ARPC4;ACTG1;TIAM1;CDC42;ARPC1A;PAK1;RHOA;WASL;RAC1;ARPC5;LYN;SRC"
"REACTOME_LATE_SARS_COV_2_INFECTION_EVENTS",0.000122227766890761,0.000364519977364483,0.518848077743792,0.435056228200174,1.88939213532551,74,"PARP9;GALNT1;MGAT4A;PARP14;CANX;MAGT1;RPN1;UBE2I;SUMO1;STT3B;OSTC;MAN2A1;MGAT2;SRPK2;ST6GAL1;SRPK1;RPN2;STT3A;ZDHHC20;GSK3B;FUT8;MGAT5;ZDHHC5;PARP8;DAD1;ZDHHC9;TMEM258;CSNK1A1;EDEM2;GANAB;PARP10;OST4;MGAT4B;UBC;ST6GALNAC4"
"REACTOME_CLASS_C_3_METABOTROPIC_GLUTAMATE_PHEROMONE_RECEPTORS",0.000123976074051618,0.000368917765610555,0.518848077743792,-0.620156871292986,-2.08606760596738,24,"GRM6;GABBR1;TAS2R13;TAS2R3;TAS2R30;TAS2R19;TAS2R4;TAS2R14;TAS2R31;TAS2R10;TAS1R1;TAS2R50;TAS2R20;GRM7;TAS2R46"
"REACTOME_HSP90_CHAPERONE_CYCLE_FOR_STEROID_HORMONE_RECEPTORS_SHR_IN_THE_PRESENCE_OF_LIGAND",0.000127981904004775,0.000379999133476732,0.518848077743792,0.47213087584463,1.92038679726789,55,"CAPZA1;CAPZA2;TUBB3;DCTN5;HSPA8;TUBA1C;STIP1;PTGES3;FKBP4;CAPZB;TUBA4B;TUBA1B;DNAJA2;DNAJA1;HSP90AB1;DYNLL1;DNAJA4;TUBA1A;DYNC1LI1;DYNLL2;HSP90AA1"
"HALLMARK_REACTIVE_OXYGEN_SPECIES_PATHWAY",0.000137725168530156,0.000407347204954303,0.518848077743792,0.512850727849364,2.02984995363953,48,"ATOX1;PRDX1;NDUFB4;SRXN1;TXNRD1;IPCEF1;SOD1;LAMTOR5;JUNB;SELENOS;GSR;NQO1;HMOX2;PRDX4;SBNO2;CDKN2D;TXN;GLRX;NDUFA6;GLRX2;PTPA;G6PD;HHEX;SCAF4;GCLM;EGLN2"
"REACTOME_IKK_COMPLEX_RECRUITMENT_MEDIATED_BY_RIP1",0.000137796977343592,0.000407347204954303,0.518848077743792,0.627132904410933,2.06833546222621,23,"UBE2D1;BIRC3;UBE2N;LY96;UBE2D2;BIRC2;CHUK;UBE2D3;UBE2V1;TICAM1;RIPK3;TICAM2;RIPK1;UBC;IKBKB"
"REACTOME_TRANSCRIPTION_OF_E2F_TARGETS_UNDER_NEGATIVE_CONTROL_BY_P107_RBL1_AND_P130_RBL2_IN_COMPLEX_WITH_HDAC1",0.000146505939624502,0.000432144434603563,0.518848077743792,0.69148906155782,2.05206778900943,16,"LIN54;CDK1;MYBL2;E2F5;HDAC1;RBBP4;CCNA2;E2F1;RBL1;RBL2"
"REACTOME_REGULATION_OF_GLUCOKINASE_BY_GLUCOKINASE_REGULATORY_PROTEIN",0.000154192385785338,0.000453823877813615,0.518848077743792,0.569147257938178,2.0329905630691,31,"NUP210;NUP50;NUP37;RAE1;NUP155;NUP153;NDC1;NUP205;NUP62;NUP160;NUP43;SEC13;RANBP2;SEH1L;NUP107;NUP93;NUP58;NUP133;NUP42;TPR;AAAS;NUP54"
"REACTOME_BIOSYNTHESIS_OF_THE_N_GLYCAN_PRECURSOR_DOLICHOL_LIPID_LINKED_OLIGOSACCHARIDE_LLO_AND_TRANSFER_TO_A_NASCENT_PROTEIN",0.00015653026630573,0.000457706722299618,0.518848077743792,0.419420909818214,1.83324897720605,77,"ST8SIA4;GLB1;DPM1;NEU1;NPL;ST6GAL2;ALG8;DPAGT1;NAGK;HK1;GFUS;ALG10B;ALG1;NUS1;ST6GAL1;CTSA;PMM2;ALG6;NANS;NANP;AMDHD2;GNPNAT1;GFPT2;GMPPA;ALG3;ALG10;PGM3;DOLK;ST6GALNAC4;SLC35A1;SRD5A3;DPM2;NEU3;ALG2;CMAS;GFPT1;DOLPP1;ST3GAL1;MPDU1;UAP1;FPGT"
"REACTOME_G1_S_SPECIFIC_TRANSCRIPTION",0.000156414091854401,0.000457706722299618,0.518848077743792,0.586439109498825,2.05969788301955,29,"RRM2;LIN54;CDC6;CDK1;TK1;FBXO5;E2F5;PCNA;HDAC1;RBBP4;CDC25A;CCNE1;E2F1;RBL1;RBL2;DHFR"
"REACTOME_SENSORY_PERCEPTION_OF_TASTE",0.000156329297764251,0.000457706722299618,0.518848077743792,-0.555469681975624,-2.03044007677989,34,"SCN4B;SCN2A;TAS2R13;SCN3A;TAS2R3;TAS2R30;SCN2B;TAS2R4;TAS2R14;TAS2R31;TAS2R10;TAS1R1;TAS2R50;TAS2R20;GNB3;TAS2R46"
"REACTOME_PROTEIN_PROTEIN_INTERACTIONS_AT_SYNAPSES",0.000157327014569504,0.000459040726492839,0.518848077743792,-0.419818014960923,-1.88639141577207,81,"NTRK3;SYT2;NLGN1;LRRC4B;GRIN2B;IL1RAPL1;STXBP1;GRIA4;NRXN1;DLGAP1;DLG4;EPB41L2;PPFIA4;GRIA3;APBA1;LRRTM2;BEGAIN;DLG2;GRIN2A;DLGAP2;PPFIBP2;PTPRS;FLOT2;GRIA1"
"REACTOME_LYSOSOME_VESICLE_BIOGENESIS",0.000160498278162854,0.0004672822439817,0.518848077743792,0.556345793742784,2.04728210991776,34,"AP1S3;M6PR;HSPA8;AP1S2;VAMP7;VAMP8;AP1G1;CTSZ;CLTC;AP1S1;AP4E1;DNASE2;ARF1;AP1B1"
"REACTOME_DEVELOPMENTAL_CELL_LINEAGES",0.000162372964513337,0.000471721457249954,0.518848077743792,-0.372708167942355,-1.77493622062245,122,"EGFR;MYH11;KRT14;FGF10;LAMA3;MME;SPINK5;CLDN10;LAMB3;KRT5;LAMC3;FGF2;LAMC1;COL11A2;CNN1;MFGE8;CER1;COL27A1;LAMA4;KIT;SLPI;ABCG2;AQP1;LGALS7B;TP63;ANXA3;CPA1;LGALS7;CFTR;LAMB2;KLK5;PROM1;ALDH1A1;ITGA6;LRIG1;FLG;VIM;AMY2A;COL5A3;DLL1;ANXA1;KLK7;VTN;KRT17;ERICH5;ACTA2;PRSS3;GJB3;YAP1;ITGB4;LAMA1;CSPG4;LORICRIN;SOX17;KRT15;PDIA2"
"REACTOME_EVASION_BY_RSV_OF_HOST_INTERFERON_RESPONSES",0.00017701030017019,0.000513139536837454,0.518848077743792,0.629614902546842,2.03490599721222,21,"EIF2AK2;RIGI;ELOC;IFIH1;STAT2;CUL5;ELOB;RBX1;TRIM25;IFNAR2;UBC;MAVS;IFNAR1;UBB"
"KEGG_METABOLISM_OF_XENOBIOTICS_BY_CYTOCHROME_P450",0.000183648186426572,0.000531239818246822,0.518848077743792,-0.513759900785038,-2.0171204130803,44,"ADH4;ADH6;GSTM5;AKR1C1;ADH1A;AKR1C3;AKR1C2;ADH1C;GSTA4;GSTM2;GSTM4;CYP3A4;GSTM1;CYP2C8;GSTA1;ADH1B;MGST1;ALDH3A1;CYP3A5;ADH5;CYP3A7;CYP3A43"
"REACTOME_SIGNALING_BY_HEDGEHOG",0.0001916389302793,0.000553167618879006,0.518848077743792,0.359012489012341,1.722475972312,132,"TUBB3;PSMA5;PSMC2;PSMA6;PSMA4;SPOPL;PSMA2;TUBA1C;CUL3;PSMD6;PSMA1;SEL1L;PSMD14;PSMD12;PSMB4;PSMD1;ITCH;PSMB1;CDC73;SKP1;ERLEC1;PSMA3;RBX1;PSMD2;PSMB2;PSMC6;IFT52;ADRM1;PSMC4;PSMD7;TUBA1B;GSK3B;ADCY7;GNAS;PSMA7;TUBA1A;GRK2;ADAM17;PRKACB;PSMB3;SEM1;PSMB5;CSNK1A1;P4HB;HHAT;CUL1;PSMD8;PSMD11;TUBA4A;PSMD3;DERL2;KIF3A;UBC;ADCY9;SYVN1;PSMC5;PSMC3;PSMB7;SMURF2;TUBB4B;PSMC1;UBB;PRKAR2A;IQCE;TUBB1"
"REACTOME_AEROBIC_RESPIRATION_AND_RESPIRATORY_ELECTRON_TRANSPORT",0.000192248413134733,0.000553741155781238,0.518848077743792,0.308725302657116,1.63273532486327,243,"PDP1;COX7A2;NDUFAB1;COQ10B;ME2;NDUFV2;DLAT;NDUFB4;RANBP9;COX17;GLO1;NDUFB3;NDUFA4;COX6C;WDR26;ATP5MK;UCP2;RMND5B;ATP5PB;NDUFAF6;TMEM126B;ATP5F1E;PKM;RAB5IF;TIMMDC1;HSPA9;ATP5PF;CYCS;NDUFC2;NDUFA5;IDH2;FAHD1;UQCRQ;COX8A;ATP5F1C;COA1;ATP5MF;MPC2;NDUFA6;SCO2;NDUFS3;NDUFB10;NDUFA12;VDAC1;TMEM223;NDUFB9;NDUFB2;COX7B;GOT2;SLC25A14;COX7A2L;PDHB;SDHAF2;NDUFA7;COX5A;COX6B1;UQCC2;PGAM5;HIGD1A;LDHA;HCCS;PET100;COX6A1;UQCR10;UBC;TMEM126A;ATP5PD;SLC25A22;GID8;NDUFA2;NDUFA3;ISCA2;PNKD;NDUFB5;ATP5MJ;COX16;ATP5MG;NDUFS6;ISCU;UBB;NFS1;NDUFB11;NDUFS2;ATP5PO;NDUFAF1;COX5B;ATP5MC3;ARMC8;SDHB;SDHC;LYRM2;NDUFC1;TACO1;FH;NDUFB1;CYC1;NDUFA9;UQCC1;TMEM186;ATP5F1B;UQCRB;COX7C;HAGH;NDUFS1;SDHD;IDH3B;SUCLG2;GOT1;IDH3A;NDUFS8;UQCC6;ATP5MC2;NDUFS5"
"REACTOME_INTERCONVERSION_OF_NUCLEOTIDE_DI_AND_TRIPHOSPHATES",0.000201505359324591,0.000579166789700529,0.518848077743792,0.581136820808475,2.04107512643019,29,"RRM2B;AK6;RRM2;DCTPP1;TXNRD1;GSR;TXN;NME1;GLRX;CMPK1;NME3;CTPS1;GUK1;RRM1;AK2"
"REACTOME_NUCLEAR_RNA_DECAY",0.000205946733505297,0.000590672759074767,0.518848077743792,0.551919297218961,2.04520557436501,35,"C1D;TENT4B;XRN2;RBM7;ZCCHC8;RBM27;EXOSC6;ZFC3H1;NCBP2;MTREX;PAPOLG;EXOSC9;YTHDC2;EXOSC1;EXOSC3;EXOSC4;NCBP1;WDR82;YTHDC1;SRRT"
"REACTOME_FORMATION_OF_THE_DYSTROPHIN_GLYCOPROTEIN_COMPLEX_DGC",0.00020706893635292,0.000592630416568442,0.518848077743792,-0.547317806094977,-2.01319030735861,35,"DMD;LAMA3;SNTG2;SGCA;LAMB3;LAMC3;LAMC1;LAMA4;ACTG2;SGCG;UTRN;SGCZ;SNTB2;LAMB2;SNTA1;SGCB;DTNB;ACTA2;LAMA1;SSPN;SGCE;LAMA2"
"REACTOME_M_DECAY_DEGRADATION_OF_MATERNAL_MRNAS_BY_MATERNALLY_STORED_FACTORS",0.000221661595353465,0.000633050488424726,0.518848077743792,0.589336959413254,2.06235221285861,28,"ELOC;EIF4E;EIF4A3;CNOT11;CNOT6;PAIP2;CNOT9;POLR2D;CNOT2;PAIP1;CNOT1;CNOT8;EIF4G1;CNOT6L;EIF4A2;CNOT7;EIF4A1"
"REACTOME_DNA_DAMAGE_RECOGNITION_IN_GG_NER",0.000243767773528144,0.000693246748345861,0.518848077743792,0.52809504709392,2.00092456512146,38,"COPS8;ACTB;COPS5;RUVBL1;RBX1;PARP1;CUL4B;ACTL6A;RAD23B;CETN2;DDB1;COPS4;COPS3;UBC;COPS2;COPS6;UBB;INO80D;TFPT;GPS1;MCRS1;ACTR5;INO80;ACTR8;DDB2;COPS7A;YY1"
"REACTOME_GLUCOSE_METABOLISM",0.000243330876957136,0.000693246748345861,0.518848077743792,0.423108646860631,1.84895268128108,78,"PPP2CA;NUP210;PGM2L1;SLC37A1;NUP50;SLC37A2;BPGM;ENO4;NUP37;GNPDA1;PGK1;PGAM1;RAE1;PKM;HK1;ALDOA;NUP155;ADPGK;NUP153;NDC1;NUP205;NUP62;PRKACB;TPI1;GAPDH;NUP160;NUP43;PFKFB2;SEC13;FBP1;PPP2R1A;RANBP2;HKDC1;SEH1L"
"KEGG_PANCREATIC_CANCER",0.0002540998522151,0.00072110863323359,0.49849310876659,0.433242572393312,1.85054571314781,70,"KRAS;STAT1;TGFB1;RAC2;MAPK9;PIK3CG;CDC42;BRCA2;BCL2L1;E2F3;CHUK;CDKN2A;RAC1;PIK3R5;E2F2;RALA;NFKB1;TGFBR1;RB1;PIK3R3;PIK3CB;RAD51;E2F1;RALB;RELA;TGFB2;MAPK1;ERBB2;CDK4;IKBKB;PIK3CD;PGF;AKT1"
"REACTOME_RECOGNITION_OF_DNA_DAMAGE_BY_PCNA_CONTAINING_REPLICATION_COMPLEX",0.00026089750045865,0.000738844181971136,0.49849310876659,0.556994173439436,1.97277812370067,30,"POLD4;UBE2B;RPA3;RFC4;PCNA;RBX1;USP1;CUL4B;RFC5;DTL;DDB1;RPA2;UBC;POLE3;RFC2;UBB"
"REACTOME_TP53_REGULATES_METABOLIC_GENES",0.000265850006427922,0.000751291003490228,0.49849310876659,0.421503253657735,1.84685649654627,79,"RRM2B;YWHAZ;COX7A2;PRDX1;TIGAR;YWHAQ;TXNRD1;YWHAH;NDUFA4;LAMTOR5;COX6C;YWHAB;GSR;PRKAG1;LAMTOR2;CYCS;COX8A;TXN;MOV10;SCO2;PRKAB1;COX7B;COX7A2L;RHEB;SLC38A9;COX5A;COX6B1;G6PD;PRDX5;COX6A1"
"REACTOME_TNFR1_INDUCED_NF_KAPPA_B_SIGNALING_PATHWAY",0.000268105399718803,0.000756079662805328,0.49849310876659,0.550069361427761,2.0125390465496,33,"CYLD;XIAP;BIRC3;TNF;TRAF1;BIRC2;TNFAIP3;CHUK;TAB3;MAP3K7;TRADD;SPATA2;RIPK1;RNF31;UBC;IKBKB;USP2;RBCK1;UBB;TRAF2"
"REACTOME_INTERLEUKIN_2_FAMILY_SIGNALING",0.000281157464144691,0.000791232279054369,0.49849310876659,0.518397776341295,2.00163745495698,40,"IL21R;STAT1;LGALS9;PTPN6;IL9R;IL2RB;LCK;IL2RG;IL21;HAVCR2;SYK;IL2RA;GRB2;PIK3R3;PTK2B;PIK3CB;CSF2RB;CSF2RA;JAK3;STAT4;PIK3CD;INPPL1;SHC1"
"REACTOME_CYCLIN_D_ASSOCIATED_EVENTS_IN_G1",0.000289367302258903,0.000812639840510418,0.49849310876659,0.489433171465955,1.93611742611748,47,"CDK7;PPP2CA;CCNE2;CDKN1A;CDKN1B;SKP1;E2F5;E2F3;CDKN2D;CDKN2A;CDK2;E2F2;LYN;RB1;SRC;CKS1B;CCNE1;E2F1;RBL1;RBL2;CUL1;PPP2R1A;UBC;PPP2R2A;CDK4;PTK6"
"REACTOME_RHO_GTPASES_ACTIVATE_IQGAPS",0.000295030067469449,0.000826820230662821,0.49849310876659,0.554083017264047,1.96246730629657,30,"TUBB3;ACTB;TUBA1C;IQGAP1;ACTG1;CDC42;RAC1;TUBA4B;TUBA1B;CDH1;TUBA1A;CLIP1;IQGAP3;TUBA4A;MEN1;TUBB8;TUBB4B;TUBB1;CALM1;TUBA3D;CTNNA1;IQGAP2;TUBA3E"
"REACTOME_DEVELOPMENTAL_CELL_LINEAGES_OF_THE_INTEGUMENTARY_SYSTEM",0.0003091185200552,0.000864505736585913,0.49849310876659,-0.450454767217426,-1.91537769448014,62,"EGFR;MYH11;KRT14;FGF10;MME;SPINK5;KRT5;CNN1;MFGE8;KIT;SLPI;ABCG2;LGALS7B;TP63;LGALS7;KLK5;ALDH1A1;ITGA6;LRIG1;FLG;VIM;DLL1;KLK7;ACTA2;PRSS3;GJB3;YAP1;ITGB4;CSPG4;LORICRIN"
"REACTOME_CILIUM_ASSEMBLY",0.000310995758031244,0.000867955034836682,0.49849310876659,0.325324436393473,1.66045474060902,190,"TNPO1;CEP97;TUBB3;RP2;MAPRE1;RAB11A;EXOC8;TUBA1C;CCT5;PLK1;EXOC6;NEDD1;ARF4;CDK1;NEK2;CEP135;ARL3;CCT8;PLK4;TCP1;RAB8A;IFT52;CCP110;CCT2;IFT80;TUBA1B;DYNLL1;CKAP5;TUBA1A;HAUS2;DYNLL2;SSTR3;HSP90AA1;EXOC5;CCT4;CCT3;RAB3IP;CETN2;DYNLRB1;BBS4;SEPTIN2;CEP83;IQCB1;IFT22;CEP70;KIF3B;TUBA4A;PPP2R1A;TUBB;CSNK1D;KIF3A;HAUS1;TMEM67;RAB11FIP3;CEP43;CEP41;HAUS3;ACTR1A;EXOC2;TUBB8;PDE6D;ARL13B;TUBB4B;CEP250;CYS1"
"REACTOME_CYTOSOLIC_TRNA_AMINOACYLATION",0.00031443126644136,0.000875003410605467,0.49849310876659,0.607651265784521,2.04055292954203,24,"TARS1;EEF1E1;GARS1;YARS1;MARS1;EPRS1;NARS1;RARS1;PPA1;AIMP1;IARS1;SARS1;KARS1;VARS1;WARS1;DARS1;FARSA;AIMP2;AARS1;CARS1"
"REACTOME_DIFFERENTIATION_OF_KERATINOCYTES_IN_INTERFOLLICULAR_EPIDERMIS_IN_MAMMALIAN_SKIN",0.000314819476367694,0.000875003410605467,0.49849310876659,-0.554449061439113,-1.98838972432397,32,"KRT14;SPINK5;KRT5;ABCG2;LGALS7B;TP63;LGALS7;KLK5;ITGA6;LRIG1;FLG;DLL1;KLK7;PRSS3;GJB3;YAP1;ITGB4;CSPG4;LORICRIN;KRT15"
"KEGG_PYRIMIDINE_METABOLISM",0.000320047946872665,0.000887705004906076,0.49849310876659,0.393471000156695,1.77381030566366,96,"DCK;CMPK2;POLR2K;RRM2B;RRM2;POLR3K;POLD4;NT5C3A;POLR2B;TXNRD1;PNP;TYMP;TK1;POLR2D;POLR3F;PRIM1;NME1;CMPK1;POLR2G;POLR1H;CANT1;NME3;POLR2J;POLR2H;ITPA;PNPT1;POLR3C;CTPS1;RRM1;POLE3;POLR3A;PRIM2;ENTPD4"
"KEGG_EPITHELIAL_CELL_SIGNALING_IN_HELICOBACTER_PYLORI_INFECTION",0.000343785059298252,0.000950299106106123,0.49849310876659,0.436270309805707,1.84288954950245,67,"CASP3;ATP6V1A;ATP6V0E2;ATP6V0E1;ATP6V0B;CSK;ATP6AP1;ATP6V0C;ATP6V1C2;MAPK9;CCL5;ATP6V0D1;ATP6V1B2;ATP6V1F;ATP6V1C1;CDC42;PAK1;ATP6V1H;ADAM10;CHUK;RAC1;ATP6V1G1;ATP6V1D;NFKB1;LYN;SRC;ADAM17;F11R"
"REACTOME_COMPLEX_I_BIOGENESIS",0.000344025195682335,0.000950299106106123,0.49849310876659,0.443617999711585,1.85910026893723,62,"NDUFAB1;NDUFV2;NDUFB4;NDUFB3;NDUFAF6;TMEM126B;TIMMDC1;HSPA9;NDUFC2;NDUFA5;COA1;NDUFA6;NDUFS3;NDUFB10;NDUFA12;NDUFB9;NDUFB2;NDUFA7;TMEM126A;NDUFA2;NDUFA3;NDUFB5;NDUFS6;NDUFB11;NDUFS2;NDUFAF1;LYRM2;NDUFC1;NDUFB1;NDUFA9;TMEM186"
"REACTOME_DENGUE_VIRUS_ACTIVATES_MODULATES_INNATE_AND_ADAPTIVE_IMMUNE_RESPONSES",0.000347148599045157,0.000956965872214462,0.49849310876659,0.571104898857233,2.00584089994204,29,"IFIH1;STAT2;DDX3X;CLEC5A;CDC73;CTR9;CGAS;HSP90AB1;LEO1;C4B;C4A;TRIM25;HSP90AA1;RTF1"
"REACTOME_PROCESSIVE_SYNTHESIS_ON_THE_C_STRAND_OF_THE_TELOMERE",0.000349409354746894,0.000961232265711863,0.49849310876659,0.649173067257328,2.03301411823811,19,"TINF2;POLD4;RPA3;BLM;PCNA;DNA2;POT1;FEN1;TERF2IP;RPA2;TERF1"
"REACTOME_RESPONSE_OF_EIF2AK4_GCN2_TO_AMINO_ACID_DEFICIENCY",0.000351101936875888,0.000963878476691099,0.49849310876659,-0.387281788099417,-1.7889753645941,98,"RPL13;RPS6;RPLP2;RPL4;RPL3;RPS9;RPS16;RPL18A;RPS3A;RPL32;RPL13A;RPL23A;RPL37A;RPL7;RPL22;RPL27;RPS28;RPL34;RPS23;RPS12;RPS5;RPL38;RPL8;RPS8;RPL14;RPS20;RPL31;RPS27A;RPL10;RPL5;RPL12;UBA52;RPL11;RPL18;RPLP1;RPL35;RPS3;RPS4X;RPL23;RPS19;RPS29;RPL29;RPL26;RPL9;RPL10A;RPL17;RPL21;RPL39;RPL19;RPL37;RPL7A;RPS11;RPL6;RPS7;RPS25;RPS18;RPS14;RPL27A;RPL15;RPS15"
"REACTOME_RIP_MEDIATED_NFKB_ACTIVATION_VIA_ZBP1",0.000351801343124644,0.000963878476691099,0.49849310876659,0.665228496523651,2.03740887636067,17,"MYD88;ZBP1;CHUK;TICAM1;NFKB1;RIPK3;DHX9;RIPK1;RELA;IKBKB;NFKB2;NKIRAS1;NFKBIB;NFKBIA"
"REACTOME_KINESINS",0.000358951417668351,0.000981473653178371,0.49849310876659,0.45373407385614,1.85845223487804,57,"TUBB3;KIF26B;KIF2A;TUBA1C;KIF23;KIF20B;KIF5B;KIF18A;KIF21B;KIF11;KIF4A;RACGAP1;KIF2C;CENPE;TUBA4B;TUBA1B;KIF22;KIFC1;TUBA1A;KIF20A;KIF21A;KIF15;KIF1A;KIF3B;TUBA4A;KIF3A;KIF18B;TUBB8"
"REACTOME_TICAM1_RIP1_MEDIATED_IKK_COMPLEX_RECRUITMENT",0.000372898523812488,0.00101754495971505,0.49849310876659,0.647721751267396,2.02846903458265,19,"UBE2D1;BIRC3;UBE2N;UBE2D2;BIRC2;CHUK;UBE2D3;UBE2V1;TICAM1;RIPK3;RIPK1;UBC;IKBKB;UBB"
"REACTOME_PHASE_I_FUNCTIONALIZATION_OF_COMPOUNDS",0.000377691738516535,0.00102854235054604,0.49849310876659,-0.39355933886501,-1.7894276606861,91,"CYP39A1;MAOA;ADH4;ADH6;FMO2;CYP4F12;MAOB;ADH1A;CYP2D6;MTARC1;AADAC;AOC3;CES3;ADH1C;MTARC2;CES1;CYP4F22;CYP46A1;CYP4A11;CYP3A4;CYP26B1;FMO3;CYP2C8;CYP11A1;ALDH1A1;ADH1B;AOC2;FMO1;ALDH3A1;CYP3A5;ADH5;CYP2W1;CYP3A7;NCOA1;CYP3A43;CYB5R3;ALDH2;CYP26C1;POMC;ACSS2"
"REACTOME_PROCESSING_OF_INTRONLESS_PRE_MRNAS",0.000388134229465805,0.00105484867201594,0.49849310876659,0.633178399543627,2.00630828750597,20,"CPSF3;CSTF2;CSTF1;NUDT21;PAPOLA;CPSF2;CLP1;NCBP2;PCF11;CSTF2T;CSTF3;FIP1L1"
"REACTOME_RECYCLING_PATHWAY_OF_L1",0.000395606605009886,0.00107299336731051,0.49849310876659,0.482731610519083,1.90558877156826,46,"TUBB3;EZR;ACTB;TUBA1C;ACTG1;CLTC;KIF4A;AP2M1;SHTN1;AP2S1;RPS6KA1;L1CAM;TUBA4B;TUBA1B;TUBA1A;SRC;RPS6KA4;AP2B1;TUBA4A;MAPK1;DNM2"
"REACTOME_TELOMERE_C_STRAND_LAGGING_STRAND_SYNTHESIS",0.000398834075676015,0.00107957496789411,0.49849310876659,0.53685714031677,1.97556633179163,34,"TINF2;POLD4;RPA3;RFC4;BLM;PCNA;DSCC1;PRIM1;DNA2;POT1;FEN1;TERF2IP;RFC5;RPA2;CHTF8;TERF1;PRIM2;RFC2"
"KEGG_FC_EPSILON_RI_SIGNALING_PATHWAY",0.000402372401183315,0.00108696993345713,0.49849310876659,0.426823534009181,1.82312753053786,70,"KRAS;NRAS;RAC2;VAV3;PLA2G2D;BTK;LCP2;TNF;MAPK9;PIK3CG;FCER1G;PRKCB;SYK;RAC1;PDPK1;PIK3R5;LAT;VAV1;GRB2;MS4A2;LYN;PIK3R3;VAV2;PLA2G2A;PIK3CB"
"REACTOME_HEDGEHOG_ON_STATE",0.000408986402327395,0.00110262734067466,0.49849310876659,0.421194836392952,1.8065469139115,71,"PSMA5;PSMC2;PSMA6;PSMA4;SPOPL;PSMA2;CUL3;PSMD6;PSMA1;PSMD14;PSMD12;PSMB4;PSMD1;ITCH;PSMB1;CDC73;PSMA3;RBX1;PSMD2;PSMB2;PSMC6;ADRM1;PSMC4;PSMD7;PSMA7;GRK2;PSMB3;SEM1;PSMB5;CSNK1A1;PSMD8;PSMD11;PSMD3;KIF3A;UBC;PSMC5;PSMC3;PSMB7;SMURF2;PSMC1;UBB"
"REACTOME_SIGNALING_BY_BRAF_AND_RAF1_FUSIONS",0.000414661979633771,0.00111347479790104,0.49849310876659,0.43746664226865,1.84628120806023,64,"KRAS;FN1;RAP1B;ACTB;NRAS;CSK;AGGF1;IQGAP1;ACTG1;RAP1A;ZC3HAV1;ESRP1;BCL2L11;YWHAB"
"REACTOME_SYNDECAN_INTERACTIONS",0.000414601760401116,0.00111347479790104,0.49849310876659,0.560832714248721,1.94754974151561,27,"FN1;SDC1;TGFB1;ITGAV;THBS1;COL1A2;COL5A1;COL1A1;COL5A2;TRAPPC4;COL3A1;SDC4"
"REACTOME_INHIBITION_OF_THE_PROTEOLYTIC_ACTIVITY_OF_APC_C_REQUIRED_FOR_THE_ONSET_OF_ANAPHASE_BY_MITOTIC_SPINDLE_CHECKPOINT_COMPONENTS",0.000418054994985703,0.00112035414163166,0.49849310876659,0.607985003601422,1.9649984856443,21,"UBE2D1;BUB3;UBE2S;MAD2L1;UBE2C;BUB1B;CDC20;UBE2E1;ANAPC11"
"REACTOME_TRANSCRIPTION_OF_E2F_TARGETS_UNDER_NEGATIVE_CONTROL_BY_DREAM_COMPLEX",0.000419876948875523,0.00112300422040517,0.49849310876659,0.643623580523366,2.01563480069066,19,"LIN54;CDC6;E2F5;PCNA;HDAC1;TOP2A;RBBP4;CDC25A;MAX;E2F1;RBL1;RBL2"
"REACTOME_SARS_COV_1_TARGETS_HOST_INTRACELLULAR_SIGNALLING_AND_REGULATORY_PATHWAYS",0.000428989730962581,0.00114510526205457,0.49849310876659,0.661528057803112,1.96315530412802,16,"YWHAZ;SERPINE1;YWHAQ;UBE2I;YWHAH;YWHAB;PSMC6;PDPK1;SP1"
"REACTOME_HIV_TRANSCRIPTION_ELONGATION",0.000440691473168162,0.00117170040597768,0.49849310876659,0.503042336260671,1.9441600741641,43,"POLR2K;CDK7;ELOC;POLR2B;CCNT1;SUPT4H1;ELOB;POLR2D;TCEA1;POLR2G;GTF2H3;POLR2J;NCBP2;POLR2H;GTF2H2;SUPT16H;GTF2H5;NELFCD;POLR2C;CTDP1;NCBP1;NELFE;ELOA;SSRP1;ERCC3;CDK9;GTF2H1"
"REACTOME_PURINERGIC_SIGNALING_IN_LEISHMANIASIS_INFECTION",0.000440274915755247,0.00117170040597768,0.49849310876659,0.579391219042467,1.98350166213071,26,"PYCARD;C3AR1;IL18;HMOX1;IL1B;CASP1;TXN;HSP90AB1;NFKB1;P2RX7;RELA;NFKB2;IL1A;PSTPIP1;GSDMD;P2RX4"
"KEGG_DNA_REPLICATION",0.000442842689972915,0.00117510225606986,0.49849310876659,0.527515265146064,1.97439797600857,36,"POLD4;RPA3;RFC4;PCNA;SSBP1;PRIM1;DNA2;MCM2;FEN1;MCM4;MCM6;RFC5;RPA2;RNASEH2A;POLE3;PRIM2;RNASEH2B;RFC2"
"REACTOME_NITRIC_OXIDE_STIMULATES_GUANYLATE_CYCLASE",0.00049978526472578,0.00132227837471578,0.477270815362862,-0.618452134125245,-2.04139711509592,22,"KCNMB1;PDE9A;PDE2A;PDE11A;PDE5A;GUCY1A1;KCNMB2;ITPR1;IRAG1;NOS1;PDE10A;PDE1B;NOS3;KCNMB4;NOS2;PDE1A;KCNMA1;GUCY1B1"
"REACTOME_REGULATION_OF_TP53_EXPRESSION_AND_DEGRADATION",0.00050026852455864,0.00132227837471578,0.477270815362862,0.516643261614685,1.93445121030664,37,"PPP2CA;PRDM1;USP7;CDK1;SGK1;RNF34;CDKN2A;PDPK1;CDK2;PHF20;CCNA2;DAXX;RICTOR;PPP2R1A;UBC;MDM2;USP2;AKT1;ATM;CHEK2;UBB;PPP2R5C"
"REACTOME_DISEASES_OF_IMMUNE_SYSTEM",0.000521348060375721,0.00137529781876022,0.477270815362862,0.542188278116579,1.93669325019821,31,"TLR7;TLR10;MYD88;IRAK4;BTK;TLR1;LY96;TLR6;CHUK;UNC93B1;TICAM1;NFKB1;RELA;IKBKB;NFKB2;TLR2;TRAF3;FGG;NFKBIA;TIRAP;HMGB1;FGB"
"REACTOME_RESOLUTION_OF_D_LOOP_STRUCTURES_THROUGH_SYNTHESIS_DEPENDENT_STRAND_ANNEALING_SDSA",0.000531467809031154,0.00139925509096484,0.477270815362862,0.555412755712879,1.92872837361512,27,"RMI1;RAD51AP1;BRCA2;BLM;DNA2;RMI2;PALB2;BARD1;EXO1;XRCC2;BRIP1;SEM1;RAD51;NBN;RAD51C;ATM"
"KEGG_NUCLEOTIDE_EXCISION_REPAIR",0.000536361166524917,0.00140938567734033,0.477270815362862,0.48976136849994,1.92641228064031,44,"CDK7;POLD4;RPA3;RFC4;PCNA;RBX1;ERCC4;CUL4B;GTF2H3;RFC5;GTF2H2;RAD23B;CETN2;DDB1;RPA2;GTF2H5;POLE3"
"REACTOME_TOLL_LIKE_RECEPTOR_9_TLR9_CASCADE",0.00054512679232023,0.00142963213238846,0.477270815362862,0.357205266849874,1.64240045071169,109,"TLR7;MYD88;IRF7;PPP2CA;IRAK4;CASP8;N4BP1;TASL;MAPKAPK2;UBE2N;MAPK9;LY96;SLC15A4;NOD2;SKP1;RPS6KA1;CHUK;IRF5;ATF2;ELK1;UBE2V1;TICAM1;TAB3;MAP3K7;RIPK2;FBXW11;NFKB1;CREB1;USP18;ATF1;MAPKAPK3;VRK3;USP14;TICAM2;CUL1;RELA;PPP2R1A;UBC;MAPK1;IKBKB;NFKB2;TNIP2;NKIRAS1;MAPK14;NLRC5;UBB;TRAF2;IRAK1;TLR9;PIK3R4;NFKBIB"
"REACTOME_SIGNALING_BY_MODERATE_KINASE_ACTIVITY_BRAF_MUTANTS",0.000558365538114926,0.00146150824345421,0.477270815362862,0.487646380288456,1.91809325115767,44,"KRAS;FN1;RAP1B;ACTB;NRAS;CSK;IQGAP1;ACTG1;RAP1A;YWHAB"
"REACTOME_COPI_INDEPENDENT_GOLGI_TO_ER_RETROGRADE_TRAFFIC",0.000559559669522113,0.00146179541572831,0.477270815362862,0.459882421539865,1.85883291679182,51,"CAPZA1;CAPZA2;TUBB3;DCTN5;GALNT1;RAB18;TUBA1C;RAB6A;PAFAH1B2;GALNT2;CAPZB;TUBA4B;PAFAH1B3;TUBA1B;DYNLL1;TUBA1A;DYNC1LI1;RAB3GAP2;DYNLL2;AGPAT3;DCTN4;TUBA4A;ACTR1A;TUBB8;TUBB4B;ACTR10;BICD2;TUBB1;RAB3GAP1"
"REACTOME_TRANSLESION_SYNTHESIS_BY_Y_FAMILY_DNA_POLYMERASES_BYPASSES_LESIONS_ON_DNA_TEMPLATE",0.000563806801738599,0.00147004171903991,0.477270815362862,0.486209098695436,1.86664667092342,39,"ISG15;UBE2L6;POLD4;PCLAF;RPA3;RFC4;PCNA;SPRTN;TRIM25;USP10;UFD1;RFC5;RPA2;UBC;POLE3;NPLOC4;RFC2;POLH;UBB"
"REACTOME_ATF4_ACTIVATES_GENES_IN_RESPONSE_TO_ENDOPLASMIC_RETICULUM_STRESS",0.000580324579133285,0.00151018828701094,0.477270815362862,0.574112580702073,1.96543064624742,26,"HERPUD1;PARN;DCP2;NFYA;CCL2;EXOSC6;NFYB;EXOSC9;ATF6;EXOSC1;ASNS;EXOSC3;CXCL8;ATF3;CEBPG;EXOSC4;DDIT3;DIS3"
"REACTOME_SIGNALING_BY_CSF3_G_CSF",0.000596605302428132,0.00154956444638366,0.477270815362862,0.558914186193392,1.96302454499657,29,"KRAS;STAT1;UBE2D1;ELOC;CUL5;UBE2D2;RNF7;HCK;ELOB;SYK;UBE2D3;GRB2;SOCS3;LYN"
"REACTOME_EPH_EPHRIN_SIGNALING",0.000598390437541141,0.00155121213424127,0.477270815362862,0.390748578156341,1.75515620850128,90,"ACTR2;ACTR3;ARPC2;ACTB;EPHB2;ARPC1B;VAV3;ARPC3;LIMK1;CFL1;ARPC4;ACTG1;APH1A;CLTC;TIAM1;MYL12A;CDC42;ARPC1A;PAK2;PAK1;AP2M1;PSENEN;AP2S1;MMP2;ADAM10;RHOA;WASL;RAC1;MYL12B;ARPC5;LYN;SRC;VAV2;PSEN1;AP2B1"
"REACTOME_NFE2L2_REGULATING_ANTI_OXIDANT_DETOXIFICATION_ENZYMES",0.000607620009235669,0.00156910301235571,0.477270815362862,0.633343685361355,1.98344127164197,19,"PRDX1;SRXN1;TXNRD1;GSR;SLC7A11;NQO1;HMOX1;TXN;BACH1;NFE2L2;GCLM"
"REACTOME_SARS_COV_1_HOST_INTERACTIONS",0.000607620009235669,0.00156910301235571,0.477270815362862,0.383489327657804,1.72881183426617,96,"TLR7;RIGI;TBK1;YWHAZ;PYCARD;IFIH1;SERPINE1;YWHAQ;NMI;RPS27L;BST2;KPNA2;UBE2I;YWHAH;YWHAB;ITCH;FKBP1A;SIKE1;BCL2L1;PSMC6;PDPK1;PPIA;RCAN3;CASP1;SP1;TOMM70;NFKB1;RIPK3;TRIM25;PPIB;RUNX1;TKFC;RIPK1;RELA"
"REACTOME_INTERACTIONS_OF_VPR_WITH_HOST_CELLULAR_PROTEINS",0.000629456121772116,0.00162238403852545,0.477270815362862,0.511957074661763,1.9169048670243,37,"NUP210;NUP50;NUP37;RAE1;NUP155;HMGA1;BANF1;NUP153;NDC1;NUP205;NUP62;KPNA1;NUP160;NUP43;SLC25A5;SEC13;RANBP2;SEH1L;NUP107;NUP93;NUP58;NUP133;NUP42;TPR;AAAS;NUP54"
"REACTOME_FLT3_SIGNALING",0.000665507982203952,0.00171203198475368,0.477270815362862,0.50905520920257,1.92878361329399,38,"KRAS;PTPRJ;NRAS;CSK;LCK;SLA2;SLA;GRAP2;HCK;FLT3;BCL2L11;SOCS6;CDKN1B;SYK"
"REACTOME_TRANSCRIPTIONAL_REGULATION_BY_E2F6",0.000666782901710089,0.00171204447905752,0.477270815362862,0.522388604271832,1.92232395028241,34,"RRM2;CBX3;CDC7;RYBP;RBBP7;BMI1;RBBP4;EZH2;CHEK1;MAX;RAD51;E2F1;RNF2;CBX5;SUZ12;UXT;PHC3;EPC1;E2F6;EED;PCGF6;RBBP8;PCGF2;APAF1;YAF2;MGA;BRCA1"
"REACTOME_ER_QUALITY_CONTROL_COMPARTMENT_ERQC",0.000676188517907761,0.00173086874665365,0.477270815362862,0.59800109450373,1.93273063998764,21,"EDEM1;RNF103;RNF139;SEL1L;EDEM3;UGGT1;RNF5;EDEM2;DERL2;UBC;SYVN1;MARCHF6;AMFR;UBB"
"REACTOME_METABOLISM_OF_CARBOHYDRATES_AND_CARBOHYDRATE_DERIVATIVES",0.000676682366087888,0.00173086874665365,0.477270815362862,0.284936922453014,1.53006656876502,283,"BGN;SDC1;LUM;HS6ST3;PPP2CA;VCAN;B3GNT2;CSGALNACT2;HS3ST3B1;NUP210;PGM2L1;CHST11;SLC37A1;PRPS1;ARSB;GLB1;GPC6;NUP50;SLC37A2;ABCC5;HAS1;BPGM;CHPF;ENO4;HPSE;HEXB;B4GALT4;MANBA;NUP37;FUT7;GNPDA1;PGK1;PGAM1;HMMR;MAN2B1;GALE;CTSL;RAE1;GYG1;PKM;HK1;ACAN;ALDOA;CHST1;NUP155;ADPGK;CHPF2;RHCE;SLC35B3;PHKG2;B3GNT4;SDC4;IDS;SLC9A1;NUP153;NDC1;NUP205;SLC2A1;KERA;NUP62;CEMIP;OMD;AKR1A1;AGL;B4GALT3;B4GALNT2;PRKACB;TPI1;B3GAT2;GAPDH;CHST15;SORD;PGM2;NUP160;GAA;HEXA;NUP43;G6PD;SLC35B2;PFKFB2;TKFC;B4GALT1;SEC13;FBP1;PPP2R1A;B3GNT7;RANBP2;GUSB;UBC;HKDC1;SEH1L;CHSY1"
"REACTOME_DUAL_INCISION_IN_GG_NER",0.000701997843918349,0.00178883382533447,0.477270815362862,0.489334356694189,1.88435685313968,41,"POLD4;RPA3;RFC4;PCNA;RBX1;PARP1;ERCC4;CUL4B;GTF2H3;RFC5;GTF2H2;DDB1;RPA2;UBC;GTF2H5;POLE3;RFC2;UBB"
"REACTOME_MATURATION_OF_SARS_COV_2_NUCLEOPROTEIN",0.000701825543992932,0.00178883382533447,0.477270815362862,0.689196717973505,2.01170560554402,15,"PARP9;PARP14;UBE2I;SUMO1;SRPK2;SRPK1;GSK3B;PARP8;CSNK1A1;PARP10"
"REACTOME_AMINO_ACIDS_REGULATE_MTORC1",0.000716730016569192,0.0018194954092943,0.477270815362862,0.444100776816884,1.8115527303542,53,"ATP6V1A;ATP6V0E2;ATP6V0E1;ATP6V0B;ATP6V0C;ATP6V1C2;ATP6V0D1;ATP6V1B2;ATP6V1F;SH3BP4;ATP6V1C1;LAMTOR5;ATP6V1H;MIOS;LAMTOR2;ATP6V1G1;ATP6V1D;FNIP1;RHEB;SLC38A9;SEC13;ATP6V1E1;ATP6V0D2;SEH1L"
"REACTOME_CARDIAC_CONDUCTION",0.000715762507524591,0.0018194954092943,0.477270815362862,-0.358341380068903,-1.68592713053703,114,"RYR3;MME;ATP1A2;NPR1;SCN4B;SCN4A;FXYD1;SCN2A;KCNIP1;CASQ2;SCN3A;ATP1B2;KCNK12;KCNIP2;KCNE1;KCNK5;SCN2B;CES1;KCNJ12;TRDN;KCNK3;ASPH;KCNIP4;SCN3B;FXYD6;RYR1;ITPR1;NOS1;NPR2;KCND1;HIPK2;CACNB2;KCNJ2;STIM1;TRPC1;ITPR2;PRKACA;PLN;KCNQ1;SCN7A;CACNA1C;FGF11;KCNK7;WWTR1;FXYD2;FXYD7;KCNIP3;TBX5;NPPC;SCN11A;SCN8A;ATP2B4;SLC8A3;FGF13;DMPK;ABCC9;KCNK2"
"REACTOME_TERMINATION_OF_TRANSLESION_DNA_SYNTHESIS",0.000721202886865144,0.00182740881859815,0.477270815362862,0.51718403821891,1.87161894784656,32,"ISG15;UBE2L6;POLD4;PCLAF;RPA3;RFC4;PCNA;TRIM25;USP10;RFC5;RPA2;UBC;POLE3;RFC2;POLH;UBB"
"REACTOME_FORMATION_OF_SENESCENCE_ASSOCIATED_HETEROCHROMATIN_FOCI_SAHF",0.000727169081349684,0.00183906927140596,0.477270815362862,0.642215657312569,1.96692698461379,17,"H1-3;CDKN1A;ASF1A;H1-5;HMGA1;LMNB1;H1-2;RB1;H1-0;UBN1"
"REACTOME_MAP2K_AND_MAPK_ACTIVATION",0.000735629048687138,0.00185698119406416,0.477270815362862,0.480649406633491,1.84530198464208,39,"KRAS;FN1;RAP1B;ACTB;NRAS;CSK;IQGAP1;ACTG1;RAP1A;YWHAB;LAMTOR2"
"KEGG_RENAL_CELL_CARCINOMA",0.000758785666407576,0.00191185622115404,0.477270815362862,0.417206893141991,1.78205115747195,70,"KRAS;RAP1B;ELOC;NRAS;TGFB1;PIK3CG;HIF1A;RAP1A;CDC42;ELOB;PAK2;CUL2;PAK1;RBX1;EGLN3;RAC1;PIK3R5;VHL;GRB2;SLC2A1;PIK3R3;ARNT2;PIK3CB"
"HALLMARK_COAGULATION",0.000760990236715895,0.00191350461253145,0.477270815362862,0.351041548700236,1.65846669273779,118,"COMP;MMP11;FN1;MMP10;CTSH;OLR1;APOC1;F2RL2;MMP1;SERPINE1;APOC2;THBS1;CTSK;PLAU;PLEK;ARF4;GNB2;CTSB;CFB;LAMP2;MMP14;MMP2;PROC;MMP3;WDR1;CD9;RABIF;RAC1;PRSS23;MSRB2;HTRA1;ADAM9;CTSV;F12;TIMP1;FBN1;C2;PEF1;DPP4;SPARC;CRIP2;TFPI2;BMP1;MMP15;HPN;DUSP14;CTSO;MMP9;LGMN;ISCU;FGG"
"REACTOME_CD28_DEPENDENT_PI3K_AKT_SIGNALING",0.000762278914636044,0.00191350461253145,0.477270815362862,0.548841200425926,1.90590796661086,27,"CD80;CD86;LCK;PIK3CG;TRIB3;CD28;PDPK1;PIK3R5;PIK3R3;RICTOR;PIK3CB"
"REACTOME_TRNA_AMINOACYLATION",0.000802963135090676,0.00201188532732757,0.477270815362862,0.478636314496439,1.84588942286145,42,"TARS1;EEF1E1;GARS1;YARS1;MARS1;EPRS1;NARS1;HARS2;DARS2;PARS2;RARS1;PPA1;AIMP1;MARS2;IARS1;EARS2;SARS1;TARS2;IARS2;KARS1;RARS2;VARS1;WARS1;DARS1;FARSA;AIMP2;AARS1;CARS1"
"REACTOME_MAPK_FAMILY_SIGNALING_CASCADES",0.000840683175268107,0.00210248779269278,0.477270815362862,0.276081809250723,1.49614443499692,298,"KRAS;FN1;MMP10;RAP1B;ACTB;PSMA5;PPP2CA;NRAS;PSMC2;PSMA6;PSMA4;LYPLA1;IL2RB;CSK;IL2RG;PSMA2;DUSP10;IGF2BP1;PTPN7;PAQR3;NCOA3;CUL3;HSPB1;RANBP9;DUSP5;IQGAP1;ACTG1;PSMD6;RASGRP1;RASAL3;PSMA1;DUSP2;CDK1;RAP1A;PSMD14;PSMD12;PPP1CC;MAPK6;PSMB4;CDC42;FLT3;PSMD1;YWHAB;SHOC2;RASGRF1;PAK2;PSMB1;XPO1;PAK1;BCL2L1;MMP2;PSMA3;LAMTOR2;RBX1;PSMD2;PSMB2;PSMC6;ADRM1;PSMC4;RAC1;PSMD7;LAT;SPRED3;IL2RA;MOV10;GRB2;PSMA7;PPP2R5E;SRC;DLG3;PRKACB;SEPTIN7;ARTN;PSMB3;PIK3CB;ZDHHC9;SEM1;PSMB5;DUSP16;CSF2RB;CSF2RA;KITLG;PSMD8;DUSP8;PSMD11;JAK3;ABHD17C;PSMD3;PPP2R1A;FGF18;FGFR3;UBC;GRIN2D;MAPK1;ERBB2;FRS2;BRAP;ERBB3;PSMC5;PSMC3;RASGRP3;KSR2"
"REACTOME_PINK1_PRKN_MEDIATED_MITOPHAGY",0.000842318745648006,0.00210267716506206,0.477270815362862,0.514910674375588,1.86339195217368,32,"TBK1;UBE2N;UBE2D2;ATG12;MAP1LC3B;MTERF3;UBE2D3;UBE2V1;TOMM70;VDAC3;TOMM6;MFN1;VDAC1;VDAC2;UBE2L3;UBC;ATG5;TOMM40;SQSTM1;UBB;TOMM22"
"REACTOME_EXTRACELLULAR_MATRIX_ORGANIZATION",0.000847196697768162,0.00211094482179572,0.477270815362862,0.277523944053644,1.5009752610872,311,"COMP;MATN3;CASP3;COL8A1;COL24A1;ADAM19;MMP11;BGN;FN1;MMP10;P4HA3;COL12A1;ASPN;COL11A1;SDC1;COL10A1;LUM;ACTB;MMP13;VCAN;TGFB1;ITGA4;IBSP;MMP1;SERPINE1;ITGAX;ITGAV;LOXL1;THBS1;CTSK;ITGAL;ITGAD;CTSD;CEACAM6;MFAP2;COL1A2;LOX;ACTG1;COL5A1;CTSB;COL1A1;ADAM8;CAPN13;DRP2;ADAMTS2;COL19A1;HAPLN1;CTSS;ITGB7;COL5A2;ADAMTS14;CTSL;MMP14;ITGB2;DMP1;COL6A3;MMP2;ADAM10;ACAN;SPP1;ICAM3;MMP3;COL8A2;TLL2;TRAPPC4;TPSAB1;COL22A1;MFAP3;CDH1;NID2;COL3A1;TNR;LTBP1;COL6A5;SDC4;HTRA1;CAPN1;ICAM1;ADAM9;P4HA1;CTSV;MMP17;ADAM17;ADAMTS4;F11R;PSEN1;P4HA2;PPIB;TIMP1;ITGAM"
"REACTOME_ATTENUATION_PHASE",0.000856662609987515,0.00213059261672172,0.477270815362862,0.563080422610452,1.92766289417864,26,"RLN1;HSPA8;HSPB1;PTGES3;MRPL18;DNAJB6;HSBP1;FKBP4;HSP90AB1;HSP90AA1;DEDD2;HSPH1;SERPINH1;HSPA6"
"KEGG_NEUROACTIVE_LIGAND_RECEPTOR_INTERACTION",0.000945135605239979,0.00234630349146131,0.477270815362862,-0.305563062549877,-1.55785938342271,199,"NPY5R;NPY2R;GALR1;GHR;ADCYAP1R1;NPY4R;ADORA1;GRM6;GRIN2B;VIPR1;ADRA2B;GABRE;THRB;CHRM3;ADRA1A;GABBR1;LHCGR;GRIA4;GLP2R;SSTR1;HTR2A;PTH1R;LEP;PTH2R;P2RX6;TACR1;EDNRB;BDKRB2;GRIA3;GLRB;NPY1R;GABRG3;PARD3;GLRA3;NMUR1;HTR6;GRIK5;GLP1R;CRHR1;ADRB1;DRD2;GRID1;ADRA1B;LPAR1;THRA;GRIN2A;GABRA2;GRM7;ADORA2B;GRIA1;OXTR;TSHR;LPAR3;GRIA2;CHRNA7;CHRM1;AVPR2;GPR156;GLRA1;GPR83;PRSS3;GRM3;P2RY1;PTGFR;ADRB2;LEPR;GABRB3;S1PR5;TSPO;GABRP;AVPR1A;LTB4R;TRPV1;CHRNA5;CHRNA10;NR3C1;GNRHR;CHRNE;CTSG;GRIK1;UTS2R;TBXA2R;CHRNB1;CHRNA3;LTB4R2"
"REACTOME_RHOBTB_GTPASE_CYCLE",0.000952318301564424,0.00235978873255302,0.477270815362862,0.509844191319887,1.88929103838051,35,"MSI2;CUL3;ACTG1;TWF1;CCT6A;RBBP6;CCT2;HNRNPC;HSP90AB1;HSP90AA1;TMOD3;TRA2B;COPS4;CCT7;COPS2;DBN1;MYO6;ROCK1;PHIP;TXNL1;STK38;RHOBTB1;RBMX"
"REACTOME_NUCLEAR_EVENTS_STIMULATED_BY_ALK_SIGNALING_IN_CANCER",0.000974085342763709,0.00240761541917554,0.477270815362862,0.50935617946252,1.88748264976994,35,"ICOS;PTPN6;MIR21;BCL2A1;CCNB1;JUNB;GZMB;SKP1;RBX1;HDAC1;FOXM1;ZAP70;MOV10;RB1;CUL1;DNMT1;MAPK1;IL10RA"
"REACTOME_TNF_RECEPTOR_SUPERFAMILY_TNFSF_MEMBERS_MEDIATING_NON_CANONICAL_NF_KB_PATHWAY",0.000975191408657154,0.00240761541917554,0.477270815362862,0.635807561814486,1.94730077990881,17,"TNFRSF12A;TNFSF13B;BIRC3;LTB;BIRC2;TNFRSF13C;CD40LG;TNFSF14;LTA;TRAF3;TRAF2;TNFSF11"
"REACTOME_RRNA_MODIFICATION_IN_THE_NUCLEUS_AND_CYTOSOL",0.000990684351928431,0.00244139397879255,0.45505986738723,0.433073595484279,1.80277067833245,60,"DCAF13;UTP15;RRP36;NOP10;DDX47;NOL11;THUMPD1;PNO1;TRMT112;WDR75;UTP3;MPHOSPH10;UTP18;NOP58;UTP11;DIMT1;NHP2;KRR1;EMG1;WDR46;NOP56;NOP2;UTP14A;HEATR1;IMP4;WDR3;PWP2;IMP3;DDX52;FCF1;DKC1;GAR1;TBL3;TSR3;DHX37;UTP25;WDR43;NOC4L;WDR36;NAT10;UTP6;UTP20"
"REACTOME_FORMATION_OF_THE_EARLY_ELONGATION_COMPLEX",0.00101958017112267,0.00250801837714117,0.45505986738723,0.522427554054514,1.91140595214953,33,"POLR2K;CDK7;POLR2B;SUPT4H1;POLR2D;POLR2G;GTF2H3;POLR2J;NCBP2;POLR2H;GTF2H2;GTF2H5;NELFCD;POLR2C;CTDP1;NCBP1;NELFE"
"REACTOME_DEVELOPMENTAL_LINEAGE_OF_MAMMARY_GLAND_MYOEPITHELIAL_CELLS",0.00103757276237778,0.00254762856773268,0.45505986738723,-0.607272432627751,-1.96055288865188,20,"EGFR;MYH11;KRT14;MME;KRT5;CNN1;TP63;ALDH1A1;ITGA6;VIM"
"REACTOME_RESOLUTION_OF_AP_SITES_VIA_THE_MULTIPLE_NUCLEOTIDE_PATCH_REPLACEMENT_PATHWAY",0.00108084207613569,0.00264453124450066,0.45505986738723,0.565079417971982,1.92138933857285,25,"POLD4;RPA3;POLB;RFC4;PCNA;PARP1;FEN1;RFC5;ADPRS;RPA2;POLE3;RFC2;APEX1"
"REACTOME_SIGNALING_BY_INSULIN_RECEPTOR",0.0010809619552818,0.00264453124450066,0.45505986738723,0.40520190553694,1.74841566483178,72,"KRAS;ATP6V1A;PTPN1;ATP6V0E2;NRAS;ATP6V0E1;ATP6V0B;ATP6AP1;ATP6V0C;ATP6V1C2;CTSD;ATP6V0D1;ATP6V1B2;ATP6V1F;ATP6V1C1;TRIB3;FLT3;ATP6V1H;IDE;PDPK1;ATP6V1G1;ATP6V1D;GRB2"
"REACTOME_INTEGRIN_CELL_SURFACE_INTERACTIONS",0.00120614872730979,0.00294545015292317,0.45505986738723,0.385780257377578,1.70533850418824,84,"COMP;COL8A1;FN1;COL10A1;LUM;ITGA4;IBSP;ITGAX;ITGAV;THBS1;ITGAL;ITGAD;COL1A2;COL5A1;COL1A1;ITGB7;COL5A2;ITGB2;COL6A3;SPP1;ICAM3;COL8A2;CDH1;COL3A1;COL6A5;ICAM1"
"REACTOME_CARGO_TRAFFICKING_TO_THE_PERICILIARY_MEMBRANE",0.00121337117477871,0.00295772937360162,0.45505986738723,0.417665797147101,1.76168680880539,65,"TUBB3;RP2;RAB11A;EXOC8;TUBA1C;CCT5;EXOC6;ARF4;ARL3;CCT8;TCP1;RAB8A;CCT2;TUBA1B;TUBA1A;SSTR3;EXOC5;CCT4;CCT3;RAB3IP;BBS4;TUBA4A;RAB11FIP3;EXOC2;TUBB8;PDE6D;ARL13B;TUBB4B;CYS1;TUBB1"
"REACTOME_MITOCHONDRIAL_PROTEIN_IMPORT",0.00121621366957,0.00295930690718477,0.45505986738723,0.413054584219988,1.74325272618197,64,"GRPEL2;TIMM17B;TIMM23;TIMM8B;COX17;COQ2;TIMM17A;GFER;HSPA9;CHCHD2;DNAJC19;COA6;TOMM70;TOMM6;HSPD1;VDAC1;MTX1;CHCHD7;MTX2;TOMM40;COA4;GRPEL1;TIMM10;CMC2;TOMM22;PITRM1;TOMM5;CYC1;TIMM8A;CHCHD5;ATP5F1B"
"REACTOME_DETOXIFICATION_OF_REACTIVE_OXYGEN_SPECIES",0.00125002717827681,0.00303610204741826,0.45505986738723,0.50810707370006,1.86976972524705,34,"NOX4;ATOX1;PRDX1;CYBB;CYBA;TXNRD1;SOD1;GSR;CYCS;TXN;ERO1A;NCF1;GPX8;P4HB;NCF2;PRDX5;PRDX3;GPX7;ATP7A"
"REACTOME_AURKA_ACTIVATION_BY_TPX2",0.00129567751986514,0.0031413188790975,0.45505986738723,0.402366701919625,1.72579115603282,71,"MAPRE1;PLK1;NEDD1;CDK1;TPX2;NEK2;AURKA;CEP135;HMMR;PLK4;CCP110;DYNLL1;CKAP5;TUBA1A;HAUS2;HSP90AA1;CETN2;CEP70;TUBA4A;PPP2R1A;TUBB;CSNK1D;HAUS1;CEP43;CEP41;HAUS3;ACTR1A;TUBB4B;CEP250;CEP76;CEP290;ODF2;DYNC1I2;AKAP9"
"REACTOME_PYROPTOSIS",0.00130779424459982,0.00316500294743368,0.45505986738723,0.53750106530417,1.86652817177361,27,"CASP3;IL18;CHMP2B;BAX;GZMB;CHMP4B;IRF1;IL1B;CYCS;BAK1;CASP1;CASP4;CHMP7;CHMP2A;CHMP4A;IL1A;GSDMD"
"REACTOME_SPHINGOLIPID_METABOLISM",0.00131157540354447,0.00316846531178843,0.45505986738723,0.361509959140412,1.64643797829106,102,"SPTSSA;UGCG;SGPP1;CERS6;M6PR;SGPL1;ARSB;GLB1;NEU1;GM2A;ORMDL2;CERS2;SPTSSB;HEXB;DEGS2;PSAP;ARSG;ASAH1;B3GALNT1;ORMDL1;GBA1;ASAH2;SGMS2;CTSA;CERS4;SPTLC1"
"REACTOME_SCAVENGING_OF_HEME_FROM_PLASMA",0.00132733601286129,0.00320080312224868,0.45505986738723,0.40051665227658,1.6991810165307,68,"IGLV3-1;IGHV3-11;IGHV3-33;APOL1;IGHV1-69;IGHV4-34;IGLV1-47;IGHV4-59;IGHV3-30;IGKV1D-39;IGHV4-39;IGKV1-39;IGKV3-15;IGKV2-28;IGLV3-21;IGKV2D-28;IGLV3-27;IGHV2-5;IGKV4-1;IGKV1-5;IGLV3-25;IGKV3-20;IGKV1-16;IGKV1-33;IGKV2D-40;IGHV2-70;IGKV1D-33;IGKV3D-20;IGKV3-11;IGLV6-57;IGLC2;IGHV3-53;IGLC3;IGLV1-44;IGLV1-40;IGHV3-48"
"REACTOME_ONCOGENIC_MAPK_SIGNALING",0.0013371192357797,0.00321863701755542,0.45505986738723,0.387680350255753,1.68617894286507,81,"KRAS;FN1;RAP1B;ACTB;NRAS;CSK;AGGF1;DUSP10;IQGAP1;ACTG1;RAP1A;ZC3HAV1;PPP1CC;ESRP1;BCL2L11;YWHAB;SHOC2"
"REACTOME_HIV_ELONGATION_ARREST_AND_RECOVERY",0.00138619877720214,0.0033308305733841,0.45505986738723,0.511934721252641,1.87301581955266,33,"POLR2K;ELOC;POLR2B;CCNT1;SUPT4H1;ELOB;POLR2D;TCEA1;CCNT2;POLR2G;POLR2J;POLR2H;SUPT16H;CCNK;NELFCD;POLR2C"
"REACTOME_METAL_ION_SLC_TRANSPORTERS",0.00138895628944074,0.00333151793267992,0.45505986738723,0.48530330075214,1.87385306830522,40,"SLC30A1;SLC24A2;SLC40A1;SLC30A5;SLC24A5;SLC30A8;SLC39A14;SLC39A1;SLC9A1;SLC39A3;SLC39A7;SLC9A2;SRI;SLC9A7;SLC39A10;CALM1;SLC31A1;SLC8A1"
"REACTOME_ZBP1_DAI_MEDIATED_INDUCTION_OF_TYPE_I_IFNS",0.00139425946787372,0.00333829797991788,0.45505986738723,0.595411497940636,1.8866389372342,20,"MYD88;ZBP1;TBK1;CHUK;TICAM1;NFKB1;RIPK3;DHX9;RIPK1;RELA;IKBKB;NFKB2;NKIRAS1;NFKBIB;NFKBIA"
"REACTOME_FGFR2_ALTERNATIVE_SPLICING",0.00145910601507344,0.00348736685872161,0.45505986738723,0.534071739423493,1.85461948213622,27,"POLR2K;POLR2B;HNRNPF;ESRP1;POLR2D;PTBP1;HNRNPH1;POLR2G;POLR2J;NCBP2;POLR2H;HNRNPM;TIAL1;ESRP2;TIA1;POLR2C"
"REACTOME_RHOG_GTPASE_CYCLE",0.00153116744718765,0.00365312162621055,0.45505986738723,0.39367189075959,1.7096653859594,74,"ERBIN;VAV3;ELMO2;DEPDC1B;VANGL1;YKT6;PREX1;ARHGDIB;HSPE1;CDC42;VRK2;PAK2;LMAN1;TFRC;TMPO;LEMD3;NDUFA5;VAV1;RAB7A;DOCK2;NDUFS3;VAV2;ARHGAP1;SHMT2;RHOG;MPP7;ARHGEF16;ANKLE2;KTN1;ARHGDIA"
"REACTOME_INFECTION_WITH_MYCOBACTERIUM_TUBERCULOSIS",0.0015455700196104,0.0036809688806269,0.45505986738723,0.531037374793394,1.84408233638692,27,"B2M;CORO1A;RAB5A;PGK1;RNF213;ATP6V1H;RAB7A;KPNA1;DUSP16;TRIM27;UBC;MAPK1;TLR2;UBB;GSK3A;SFPQ;KPNB1"
"REACTOME_PHOSPHORYLATION_OF_THE_APC_C",0.00155295234989154,0.00369202780891323,0.45505986738723,0.593454217530276,1.8804370391418,20,"UBE2D1;PLK1;CCNB1;CDK1;UBE2S;UBE2C;UBE2E1;ANAPC11;CDC23;CDC27;ANAPC7;ANAPC16;ANAPC1;ANAPC5"
"REACTOME_CASPASE_ACTIVATION_VIA_DEATH_RECEPTORS_IN_THE_PRESENCE_OF_LIGAND",0.00157562278741318,0.00373933013632564,0.45505986738723,0.624161377220002,1.85226568074907,16,"CASP8;LY96;FASLG;FADD;TICAM1;TRADD;TICAM2;RIPK1;TNFRSF10B;TRAF2;TNFRSF10A;TNFSF10"
"REACTOME_APC_CDC20_MEDIATED_DEGRADATION_OF_NEK2A",0.00162299946682346,0.00384499697939898,0.45505986738723,0.547846266052312,1.87550992074531,26,"UBE2D1;BUB3;NEK2;UBE2S;MAD2L1;UBE2C;BUB1B;CDC20;UBE2E1;ANAPC11;CDC23;UBC;CDC27;UBB;ANAPC7;ANAPC16;ANAPC1;ANAPC5"
"REACTOME_INITIATION_OF_NUCLEAR_ENVELOPE_NE_REFORMATION",0.00167652731903554,0.00396484004571913,0.45505986738723,0.602403943880504,1.88654733931826,19,"PPP2CA;CCNB1;CDK1;VRK2;TMPO;CCNB2;LEMD3;BANF1;LMNB1;ANKLE2;PPP2R1A;PPP2R2A;LEMD2;KPNB1;EMD;LBR"
"REACTOME_FORMATION_OF_TUBULIN_FOLDING_INTERMEDIATES_BY_CCT_TRIC",0.00180904897799507,0.00427074960129134,0.45505986738723,0.553236778784645,1.88112186474275,25,"TUBB3;TUBA1C;CCT5;CCT6A;CCT8;TCP1;CCT2;TUBA4B;TUBA1B;TUBA1A;CCT4;CCT3;CCT7;TUBA4A"
"REACTOME_UNBLOCKING_OF_NMDA_RECEPTORS_GLUTAMATE_BINDING_AND_ACTIVATION",0.00182580703395935,0.00430277601709301,0.45505986738723,-0.574657027037799,-1.87694802960295,21,"GRIN2B;GRIA4;DLG4;GRIA3;LRRC7;DLG2;GRIN2A;GRIA1;GRIA2"
"REACTOME_OVARIAN_TUMOR_DOMAIN_PROTEASES",0.00185194722503295,0.00435676240723284,0.45505986738723,0.454504318872033,1.74492615629606,39,"RIGI;UBE2D1;IFIH1;CDK1;TNFAIP3;NOD2;VCPIP1;TNIP3;RHOA;RIPK2;OTUB1;TRIM25;YOD1;RIPK1;UBC;MAVS;TNIP2;TRAF3;UBB"
"KEGG_TASTE_TRANSDUCTION",0.00187062287358317,0.00439303072054027,0.45505986738723,-0.497587946374992,-1.84845734357704,36,"KCNB1;TAS2R13;CACNA1A;TAS2R3;TAS2R19;ADCY6;TAS2R4;TAS2R14;TAS2R31;ADCY4;TAS2R10;TAS1R1;TAS2R50;TAS2R20;GNB3;TAS2R46"
"KEGG_PATHWAYS_IN_CANCER",0.00189640747995057,0.00444583875299716,0.45505986738723,0.270650960168722,1.46546971772521,310,"CASP3;KRAS;LEF1;FN1;STAT1;ELOC;TPM3;WNT7B;NRAS;TGFB1;RAC2;XIAP;MMP1;ITGAV;RASSF5;CASP8;BIRC3;WNT9A;TRAF1;MAPK9;CCNE2;PIK3CG;CCDC6;STK4;CDKN1A;HIF1A;TRAF5;BIRC2;CDC42;TFG;FLT3;BAX;ELOB;BRCA2;NKX3-1;FASLG;CDKN1B;CUL2;HSP90B1;BCL2L1;BIRC5;PRKCB;MMP2;RARA;RBX1;FADD;HDAC1;E2F3;RHOA;CHUK;CYCS;CDKN2A;EGLN3;RAC1;SPI1;CDK2;PIK3R5;VHL;HSP90AB1;CDH1;GSK3B;WNT2;E2F2;GRB2;RALA;NFKB1;TGFBR1;SLC2A1;RB1;PIK3R3;HSP90AA1;ARNT2;DVL3;PIK3CB;CKS1B;MAX;CCNE1;RAD51;E2F1;FZD6;RALB;RUNX1;CSF2RA;KITLG;RELA;DAPK3;TGFB2;FGF18;FGFR3;FZD2;EGLN2;STK36;MAPK1;ERBB2;CDK4;MSH6;NCOA4;IKBKB;MDM2;AXIN1;MSH2;PIK3CD;NFKB2;PGF"
"REACTOME_ASSOCIATION_OF_TRIC_CCT_WITH_TARGET_PROTEINS_DURING_BIOSYNTHESIS",0.00193660676831282,0.00453219778417654,0.45505986738723,0.453178867540043,1.73983750344491,39,"CCNE2;DCAF7;CCT5;XRN2;CCT6A;FBXO4;CCT8;TCP1;GBA1;CCT2;AP3M1;LONP2;FBXO6;CCNE1;CCT4;CCT3;CCT7;NOP56;ARFGEF2;SKIC2"
"REACTOME_INACTIVATION_OF_CSF3_G_CSF_SIGNALING",0.00197789102112569,0.00462079219493489,0.431707695803346,0.56366373760666,1.89283846807249,24,"STAT1;UBE2D1;ELOC;CUL5;UBE2D2;RNF7;HCK;ELOB;SYK;UBE2D3;SOCS3;LYN"
"REACTOME_RA_BIOSYNTHESIS_PATHWAY",0.00200861966730902,0.00468446247669992,0.431707695803346,-0.577128739215841,-1.90499616423923,22,"ALDH1A2;ADH4;ADH1A;RDH5;AKR1C3;ADH1C;CRABP1;RDH10;CYP26B1;ALDH1A1"
"REACTOME_SIGNALING_BY_VEGF",0.0020186709211697,0.00469977271457126,0.431707695803346,0.358822108953445,1.64287855059117,105,"KRAS;CYFIP2;ACTB;ABI1;NRAS;VAV3;ITGAV;ELMO2;MAPKAPK2;CYBB;CYBA;HSPB1;ACTG1;NCKAP1L;TRIB3;CDC42;PAK2;PAK1;SH2D2A;PRKCB;RHOA;RAC1;PDPK1;VAV1;NCF1;SRC;RICTOR;VAV2;PRKACB;HSP90AA1;PTK2B"
"REACTOME_RETROGRADE_TRANSPORT_AT_THE_TRANS_GOLGI_NETWORK",0.00202504769709572,0.0047064901649742,0.431707695803346,0.447226445053722,1.78146659995099,49,"M6PR;RAB6A;COG2;NSF;NAPA;STX6;GCC1;NAPG;GCC2;ARL1;SCOC;SYS1;RAB43;TMF1;TGOLN2;PLIN3;VPS52;STX16;USP6NL;NAA30;COG4;COG5;ARFIP2;COG8;VAMP4"
"KEGG_PROGESTERONE_MEDIATED_OOCYTE_MATURATION",0.00207703265462903,0.00481900175290865,0.431707695803346,0.381019638096363,1.66083553593592,80,"KRAS;GNAI3;ANAPC13;BUB1;MAPK9;PIK3CG;PLK1;CCNB1;CDK1;PKMYT1;MAD2L1;RPS6KA1;CCNB2;CDK2;PIK3R5;HSP90AB1;ADCY7;ANAPC11;CCNA2;PIK3R3;PRKACB;HSP90AA1;CDC25A;PIK3CB;CDC25C;CDC23;ADCY9;MAPK1;GNAI2;PIK3CD;AKT1;MAPK13;CDC27;MAPK14"
"REACTOME_RIPK1_MEDIATED_REGULATED_NECROSIS",0.00220258909577813,0.00510152938334867,0.431707695803346,0.489790382854175,1.77248502134724,32,"XIAP;CASP8;BIRC3;BIRC2;FASLG;ITCH;FADD;FLOT1;RIPK3;HSP90AA1;TRADD;PDCD6IP;RIPK1;UBE2L3;STUB1;UBC;TNFRSF10B;UBB;TRAF2;TNFRSF10A;TNFSF10;SDCBP"
"REACTOME_INFLAMMASOMES",0.00227335501050193,0.00525084451397911,0.431707695803346,0.567571719553823,1.83438335289753,21,"PYCARD;AIM2;PANX1;BCL2L1;HMOX1;CASP1;TXN;HSP90AB1;NFKB1;P2RX7;RELA;NFKB2;PSTPIP1"
"REACTOME_MRNA_CAPPING",0.00227484658469124,0.00525084451397911,0.431707695803346,0.523622982525838,1.83907439176515,29,"POLR2K;CDK7;POLR2B;POLR2D;POLR2G;GTF2H3;POLR2J;NCBP2;POLR2H;GTF2H2;GTF2H5;RNMT;POLR2C"
"REACTOME_CASPASE_ACTIVATION_VIA_EXTRINSIC_APOPTOTIC_SIGNALLING_PATHWAY",0.00229706188336987,0.00529305883552579,0.431707695803346,0.536105690636366,1.8353169559807,26,"CASP3;UNC5B;CASP8;LY96;FASLG;FADD;TICAM1;TRADD;TICAM2;RIPK1;DAPK3;TNFRSF10B;TRAF2;UNC5A;TNFRSF10A;APPL1;TNFSF10"
"REACTOME_THE_NLRP3_INFLAMMASOME",0.00234575860452774,0.00538685280903473,0.431707695803346,0.611072599709147,1.81342333280647,16,"PYCARD;PANX1;HMOX1;CASP1;TXN;HSP90AB1;NFKB1;P2RX7;RELA;NFKB2;PSTPIP1"
"REACTOME_TRAF6_MEDIATED_IRF7_ACTIVATION",0.00234575860452774,0.00538685280903473,0.431707695803346,0.61048065741028,1.81166668068861,16,"RIGI;IRF7;TBK1;IFIH1;SIKE1;TRIM25"
"KEGG_NEUROTROPHIN_SIGNALING_PATHWAY",0.00240577941186027,0.00551529021630551,0.431707695803346,0.331759074612263,1.58415133486919,125,"KRAS;RAP1B;CAMK4;YWHAZ;NRAS;IRAK4;CSK;NFKBIE;MAPKAPK2;MAPK9;CALM2;PIK3CG;YWHAQ;ARHGDIB;RAP1A;YWHAH;CDC42;YWHAB;BAX;FASLG;RPS6KA1;RHOA;RAC1;PDPK1;PIK3R5;GSK3B;GRB2;RIPK2;NFKB1;PIK3R3;RPS6KA4;PRDM4;PSEN1;PIK3CB"
"KEGG_PPAR_SIGNALING_PATHWAY",0.00242493955522757,0.00554977677495207,0.431707695803346,-0.415486950757151,-1.75892364832043,60,"PCK1;LPL;SORBS1;SLC27A1;AQP7;FABP4;PPARG;PPARA;FABP7;PLIN1;CD36;ACADL;CYP4A11;ADIPOQ;SLC27A5;ANGPTL4;RXRG"
"REACTOME_SIGNALING_BY_ROBO_RECEPTORS",0.00246975834259965,0.00564276990817682,0.431707695803346,0.29137412230647,1.49766848073607,197,"CXCR4;CAP1;ELOC;PSMA5;PSMC2;PSMA6;PSMA4;PSMA2;NELL2;EIF4A3;PFN1;ETF1;RPS27L;PSMD6;GSPT1;PSMA1;PSMD14;PSMD12;PSMB4;CDC42;PSMD1;ELOB;PAK2;PSMB1;CUL2;VASP;PAK1;PSMA3;RBX1;PSMD2;PSMB2;PSMC6;RPL26L1;RHOA;MAGOH;ADRM1;PSMC4;RAC1;PSMD7;PFN2;ENAH;PSMA7;EVL;ROBO2;RNPS1;SRC;AKAP5;PRKACB;PSMB3;MAGOHB;EIF4G1;NCBP2;SEM1;PSMB5"
"REACTOME_ECM_PROTEOGLYCANS",0.00250917799211727,0.00572313355900859,0.431707695803346,0.383784483207017,1.6660728184742,75,"COMP;MATN3;BGN;FN1;ASPN;LUM;VCAN;TGFB1;IBSP;SERPINE1;ITGAX;ITGAV;COL1A2;COL5A1;COL1A1;HAPLN1;COL5A2;DMP1;COL6A3;ACAN;COL3A1;TNR;COL6A5"
"REACTOME_REGULATION_OF_PLK1_ACTIVITY_AT_G2_M_TRANSITION",0.00255667615458442,0.00582162070334425,0.431707695803346,0.373455954551094,1.6616533784405,86,"MAPRE1;PLK1;NEDD1;CCNB1;CDK1;NEK2;AURKA;CEP135;SKP1;PLK4;CCNB2;RAB8A;CCP110;DYNLL1;CKAP5;FBXW11;TUBA1A;HAUS2;HSP90AA1;BORA;CETN2;CUL1;CEP70;TUBA4A;PPP2R1A;TUBB;CSNK1D;UBC;HAUS1;CEP43;CEP41;HAUS3;ACTR1A;TUBB4B;UBB;CEP250"
"REACTOME_CRISTAE_FORMATION",0.0026251566462424,0.00596747244373484,0.431707695803346,0.501852289868715,1.79261334413482,31,"ATP5MK;ATP5PB;ATP5F1E;HSPA9;ATP5PF;APOO;ATP5F1C;ATP5MF;IMMT;MTX1;ATP5PD;MTX2;ATP5MJ;ATP5MG;MICOS10;ATP5PO;ATP5MC3;ATP5F1B;CHCHD3;ATP5MC2;TMEM11"
"KEGG_PROSTATE_CANCER",0.00264053842346648,0.00598226184005515,0.431707695803346,0.361902286460294,1.61646511822076,87,"KRAS;LEF1;NRAS;CCNE2;PIK3CG;CDKN1A;NKX3-1;CDKN1B;HSP90B1;E2F3;CHUK;PDPK1;CREB3L1;CDK2;PIK3R5;HSP90AB1;GSK3B;E2F2;GRB2;NFKB1;RB1;PIK3R3;HSP90AA1;CREB1;PIK3CB;CCNE1;E2F1;RELA;MAPK1;ERBB2;IKBKB;MDM2;PIK3CD;AKT1;CREB3L4"
"REACTOME_CHK1_CHK2_CDS1_MEDIATED_INACTIVATION_OF_CYCLIN_B_CDK1_COMPLEX",0.00263883559930129,0.00598226184005515,0.431707695803346,0.658962475374808,1.92345446660358,15,"YWHAZ;YWHAQ;CCNB1;CDK1;YWHAH;YWHAB;CCNA2;CHEK1;CDC25C;WEE1;CHEK2"
"REACTOME_CO_INHIBITION_BY_CTLA4",0.00267062879929288,0.00603817677547928,0.431707695803346,0.563029841478135,1.81970407053392,21,"CD80;CD86;CTLA4;PPP2CA;LCK;PPP2R5E;LYN;SRC"
"REACTOME_GLYCOSPHINGOLIPID_CATABOLISM",0.0026741776965587,0.00603817677547928,0.431707695803346,0.486403317161813,1.82052309834527,36,"M6PR;ARSB;GLB1;NEU1;GM2A;HEXB;PSAP;ARSG;ASAH1;GBA1;ASAH2;CTSA;SMPD3;HEXA;ARSI;SMPD4;NEU3;GLA;GALC;SUMF2"
"REACTOME_DOWNREGULATION_OF_SMAD2_3_SMAD4_TRANSCRIPTIONAL_ACTIVITY",0.00268872448426114,0.00606087057656189,0.431707695803346,0.49843000185976,1.76535384166265,30,"STAT1;SKIL;UBE2D1;SERPINE1;TRIM33;PARP1;HDAC1;SMAD7;UBE2D3;RNF111;TGIF1;TGIF2;USP9X;UBC;MAPK1;SMURF2;UBB"
"REACTOME_MAPK1_MAPK3_SIGNALING",0.00271529290801866,0.00611054230385501,0.431707695803346,0.276018230449378,1.46873282133296,258,"KRAS;FN1;RAP1B;ACTB;PSMA5;PPP2CA;NRAS;PSMC2;PSMA6;PSMA4;LYPLA1;IL2RB;CSK;IL2RG;PSMA2;DUSP10;PTPN7;PAQR3;CUL3;RANBP9;DUSP5;IQGAP1;ACTG1;PSMD6;RASGRP1;RASAL3;PSMA1;DUSP2;CDK1;RAP1A;PSMD14;PSMD12;PPP1CC;PSMB4;FLT3;PSMD1;YWHAB;SHOC2;RASGRF1;PSMB1;BCL2L1;PSMA3;LAMTOR2;RBX1;PSMD2;PSMB2;PSMC6;ADRM1;PSMC4;PSMD7;LAT;SPRED3;IL2RA;GRB2;PSMA7;PPP2R5E;SRC;DLG3;ARTN;PSMB3;PIK3CB;ZDHHC9;SEM1;PSMB5;DUSP16;CSF2RB;CSF2RA;KITLG;PSMD8;DUSP8;PSMD11;JAK3;ABHD17C;PSMD3;PPP2R1A;FGF18;FGFR3;UBC;GRIN2D;MAPK1;ERBB2;FRS2;BRAP;ERBB3;PSMC5;PSMC3;RASGRP3;KSR2;NRG4;RGL2;PDE6D;PSMB7;GOLGA7;FGG;SHC1;PSMC1;UBB"
"REACTOME_LAGGING_STRAND_SYNTHESIS",0.00274787738377,0.00617356452220326,0.431707695803346,0.575931374258334,1.82491362630507,20,"POLD4;RPA3;RFC4;PCNA;PRIM1;DNA2;FEN1;RFC5;RPA2;PRIM2;RFC2"
"REACTOME_PCNA_DEPENDENT_LONG_PATCH_BASE_EXCISION_REPAIR",0.00275891207119968,0.00618804238265752,0.431707695803346,0.561518145142029,1.81481829046762,21,"POLD4;RPA3;POLB;RFC4;PCNA;FEN1;RFC5;RPA2;POLE3;RFC2;APEX1"
"REACTOME_ACTIVATION_OF_MATRIX_METALLOPROTEINASES",0.00281778056953491,0.00630958174042036,0.431707695803346,0.497098944891908,1.76063946547562,30,"MMP11;MMP10;MMP13;MMP1;CTSK;MMP14;MMP2;MMP3;TPSAB1;CTSV;MMP17;TIMP1"
"REACTOME_RAC3_GTPASE_CYCLE",0.00287402369467533,0.00641421182189129,0.431707695803346,0.357050921913496,1.61301042202058,93,"ERBIN;DOCK10;ABI1;SNAP23;DEPDC1B;CYBB;VANGL1;CYBA;YKT6;NCKAP1L;PREX1;ARHGDIB;TIAM1;ARAP2;IL32;CDC42;VRK2;PAK2;LMAN1;PAK1;RACGAP1;TFRC;TMPO;LEMD3;ARHGAP15;RAB7A;NCF1;VAV2;ARHGAP1"
"REACTOME_TNFS_BIND_THEIR_PHYSIOLOGICAL_RECEPTORS",0.00287011800881145,0.00641421182189129,0.431707695803346,0.519380540372148,1.82417403982537,29,"TNFRSF9;TNFSF13B;TNFSF8;TNFRSF18;CD70;CD27;TNFRSF11B;FASLG;TNFRSF4;TNFSF9;TNFRSF13B;TNFSF14;LTA"
"REACTOME_DISEASES_OF_MITOTIC_CELL_CYCLE",0.00287922292426076,0.00641519421802232,0.431707695803346,0.474909640477166,1.79940783590565,38,"UBE2D1;CCNE2;CDKN1A;UBE2S;UBE2C;CDKN1B;E2F3;CDK2;UBE2E1;ANAPC11;E2F2;DAXX;RB1;CCNE1;E2F1;CDC23"
"REACTOME_SEALING_OF_THE_NUCLEAR_ENVELOPE_NE_BY_ESCRT_III",0.00290381802457049,0.00645931798204789,0.431707695803346,0.496425360852913,1.75825374598344,30,"TUBB3;TUBA1C;CHMP2B;CHMP4B;TUBA4B;TUBA1B;SPAST;TUBA1A;IST1;CHMP7;TUBA4A;CHMP2A;CHMP4A;TUBB8;LEMD2;TUBB4B;TUBB1"
"REACTOME_COMPLEX_IV_ASSEMBLY",0.00293831883278321,0.00652529454133734,0.431707695803346,0.449853116644385,1.73859416111867,43,"COX7A2;COQ10B;COX17;NDUFA4;COX6C;RAB5IF;COX8A;COA1;SCO2;TMEM223;COX7B;COX7A2L;COX5A;COX6B1;HIGD1A;PET100;COX6A1;PNKD;COX16"
"REACTOME_REGULATION_OF_TP53_ACTIVITY_THROUGH_ACETYLATION",0.00324796827421417,0.00720108755533009,0.431707695803346,0.493499967019895,1.74789250123047,30,"MEAF6;PIP4K2A;PIP4P1;PIP4K2C;BRD7;RBBP7;HDAC1;RBBP4;KAT6A;CHD4;BRPF3;GATAD2B;ING2;AKT1;PIN1;HDAC2;MTA2"
"REACTOME_ABORTIVE_ELONGATION_OF_HIV_1_TRANSCRIPT_IN_THE_ABSENCE_OF_TAT",0.00327359327046043,0.00724598313395839,0.431707695803346,0.539546429851747,1.77946812634259,23,"POLR2K;POLR2B;SUPT4H1;POLR2D;POLR2G;POLR2J;NCBP2;POLR2H;NELFCD;POLR2C;CTDP1;NCBP1;NELFE"
"REACTOME_E2F_MEDIATED_REGULATION_OF_DNA_REPLICATION",0.00333008793358506,0.0073589484171683,0.431707695803346,0.551371807445651,1.7984847097256,22,"PPP2CA;CCNB1;CDK1;PRIM1;ORC6;RB1;ORC3;E2F1;ORC2;PPP2R1A;ORC5;MCM8;PRIM2;ORC1"
"REACTOME_POLYMERASE_SWITCHING_ON_THE_C_STRAND_OF_THE_TELOMERE",0.00341336383868201,0.00753062922183855,0.431707695803346,0.526322565645163,1.80182517349743,26,"TINF2;POLD4;RFC4;PCNA;DSCC1;PRIM1;POT1;TERF2IP;RFC5;CHTF8;TERF1;PRIM2;RFC2"
"KEGG_FOCAL_ADHESION",0.00346027655650299,0.00762165489896411,0.431707695803346,0.286349157084493,1.46570224218151,195,"COMP;FN1;COL11A1;RAP1B;ACTB;RAC2;ITGA4;VAV3;IBSP;XIAP;ITGAV;THBS2;THBS1;BIRC3;COL1A2;MAPK9;PIK3CG;ACTG1;COL5A1;PPP1CA;COL1A1;RAP1A;BIRC2;PPP1CC;MYL12A;PARVG;CDC42;DIAPH1;RASGRF1;PAK2;ITGB7;COL5A2;VASP;PAK1;PRKCB;COL6A3;SPP1;RHOA;RAC1;MYL12B;PDPK1;PIK3R5;ELK1;COL3A1;GSK3B;TNR;VAV1;GRB2"
"REACTOME_EUKARYOTIC_TRANSLATION_INITIATION",0.00347915253075355,0.00765073019813341,0.431707695803346,-0.334859080829445,-1.57244067812161,116,"RPL13;RPS6;EIF3L;RPLP2;RPL4;RPL3;RPS9;EIF3K;RPS16;RPL18A;RPS3A;EIF3F;RPL32;RPL13A;RPL23A;EIF4B;RPL37A;RPL7;RPL22;RPL27;RPS28;RPL34;RPS23;RPS12;RPS5;RPL38;RPL8;RPS8;RPL14;RPS20;RPL31;RPS27A;RPL10;RPL5;EIF2B3;RPL12;UBA52;RPL11;EIF3D;RPL18;RPLP1;RPL35;RPS3;RPS4X;RPL23;RPS19;RPS29;RPL29;RPL26;RPL9;RPL10A;RPL17;RPL21;RPL39;RPL19;RPL37;RPL7A;RPS11;RPL6;RPS7;RPS25;RPS18;RPS14;RPL27A;RPL15;RPS15"
"REACTOME_DEGRADATION_OF_THE_EXTRACELLULAR_MATRIX",0.00353773741984856,0.00776688931914636,0.431707695803346,0.319357746476359,1.53423330495731,136,"CASP3;COL8A1;MMP11;FN1;MMP10;COL12A1;COL11A1;COL10A1;MMP13;MMP1;CTSK;CTSD;COL1A2;COL5A1;CTSB;COL1A1;ADAM8;CAPN13;COL19A1;CTSS;COL5A2;CTSL;MMP14;COL6A3;MMP2;ADAM10;ACAN;SPP1;MMP3;COL8A2;TLL2;TPSAB1;CDH1;COL3A1;COL6A5;HTRA1;CAPN1;ADAM9;CTSV;MMP17;ADAM17;ADAMTS4;PSEN1"
"REACTOME_RESPONSE_OF_MTB_TO_PHAGOCYTOSIS",0.00357710098067975,0.0078405400357013,0.431707695803346,0.537866445423574,1.77392740069363,23,"CORO1A;RAB5A;PGK1;RNF213;ATP6V1H;RAB7A;KPNA1;DUSP16;TRIM27;UBC;MAPK1;UBB;GSK3A;SFPQ;KPNB1"
"REACTOME_GASTRULATION",0.00365634195206442,0.00800121583016694,0.431707695803346,0.354429849682334,1.60115908180172,99,"LEF1;CXCR4;EOMES;PSMA5;PSMC2;PSMA6;PSMA4;PSMA2;PAX2;TRIM33;PSMD6;OCLN;PSMA1;PSMD14;PSMD12;PSMB4;PSMD1;FOXA1;PSMB1;PSMA3;PSMD2;PSMB2;PSMC6;ADRM1;PSMC4;PSMD7;CDH1;CLDN7;PSMA7;PSMB3;MAML1;SEM1;PSMB5;LFNG;PSMD8;PSMD11;PSMD3;MYB;ZIC2;FOXH1;PSMC5;PSMC3;SNAI1;TFAP2A;DLX5;PSMB7;POU3F1;PSMC1"
"REACTOME_CGMP_EFFECTS",0.00381467863922384,0.00833417634631075,0.431707695803346,-0.629659788627032,-1.91108148666995,16,"KCNMB1;PDE9A;PDE2A;PDE11A;PDE5A;KCNMB2;ITPR1;IRAG1"
"REACTOME_ASSEMBLY_OF_COLLAGEN_FIBRILS_AND_OTHER_MULTIMERIC_STRUCTURES",0.00384806853213502,0.00839352165261813,0.431707695803346,0.402646100383168,1.68656734654484,61,"COL8A1;COL24A1;COL12A1;COL11A1;COL10A1;MMP13;LOXL1;COL1A2;LOX;COL5A1;CTSB;COL1A1;CTSS;COL5A2;CTSL;COL6A3;MMP3;COL8A2;TLL2;COL3A1;COL6A5;CTSV"
"KEGG_COLORECTAL_CANCER",0.0040265678536892,0.00875453784963395,0.407017918923954,0.394639866364079,1.65384425827583,62,"CASP3;KRAS;LEF1;TGFB1;RAC2;MAPK9;PIK3CG;BAX;BIRC5;RHOA;CYCS;RAC1;PIK3R5;GSK3B;TGFBR1;PIK3R3;PIK3CB;TGFB2;MAPK1;MSH6;AXIN1;MSH2;PIK3CD;AKT1"
"REACTOME_ACTIVATION_OF_BH3_ONLY_PROTEINS",0.00402230809613104,0.00875453784963395,0.407017918923954,0.48745465469454,1.72648103864235,30,"PMAIP1;YWHAZ;BMF;YWHAQ;YWHAH;BCL2L11;YWHAB;DYNLL1;BBC3;DYNLL2;E2F1;TP73;TP53BP2;AKT1"
"REACTOME_TRANSLATION_OF_SARS_COV_1_STRUCTURAL_PROTEINS",0.00410318658282575,0.00890675606062658,0.407017918923954,0.509291689215804,1.78873986595763,29,"PARP9;GALNT1;PARP14;CANX;UBE2I;SUMO1;ST6GAL1;GSK3B;PARP8;GANAB;PARP10;UBC;ST6GALNAC4;ST3GAL1;UBB;GSK3A;PARP4;MOGS"
"REACTOME_ANCHORING_OF_THE_BASAL_BODY_TO_THE_PLASMA_MEMBRANE",0.00411336216240849,0.00891448905936761,0.407017918923954,0.350397636081965,1.57963086914882,96,"CEP97;MAPRE1;RAB11A;PLK1;NEDD1;CDK1;NEK2;CEP135;PLK4;RAB8A;CCP110;DYNLL1;CKAP5;TUBA1A;HAUS2;HSP90AA1;RAB3IP;CETN2;SEPTIN2;CEP83;IQCB1;CEP70;TUBA4A;PPP2R1A;TUBB;CSNK1D;HAUS1;TMEM67;CEP43;CEP41;HAUS3;ACTR1A;TUBB4B;CEP250;CEP76;CEP290;ODF2;DYNC1I2;AKAP9;RPGRIP1L;C2CD3;SSNA1;TUBG1;DCTN2;SFI1;TCTN1;MKS1;HAUS8;ALMS1;CNTRL"
"REACTOME_DEADENYLATION_OF_MRNA",0.00415607068027765,0.00899258952971793,0.407017918923954,0.528670961104983,1.79759289751824,25,"EIF4E;EIF4A3;CNOT11;CNOT6;CNOT9;PARN;CNOT2;PAIP1;CNOT1;CNOT8;EIF4G1;CNOT6L;EIF4A2;CNOT7;EIF4A1"
"REACTOME_HSF1_ACTIVATION",0.00418822596600514,0.00904764199066494,0.407017918923954,0.508203266532539,1.78491709585202,29,"RLN1;HSPB1;PTGES3;MRPL18;DNAJB6;RPA3;HSBP1;FKBP4;HSP90AB1;HSP90AA1;DEDD2;HSPH1;SERPINH1;RPA2;HSPA6"
"REACTOME_SYNTHESIS_OF_SUBSTRATES_IN_N_GLYCAN_BIOSYTHESIS",0.00420068804618002,0.00906004397800107,0.407017918923954,0.393717108169319,1.64997719244632,62,"ST8SIA4;GLB1;DPM1;NEU1;NPL;ST6GAL2;NAGK;HK1;GFUS;NUS1;ST6GAL1;CTSA;PMM2;NANS;NANP;AMDHD2;GNPNAT1;GFPT2;GMPPA;PGM3;DOLK;ST6GALNAC4;SLC35A1;SRD5A3;DPM2;NEU3;CMAS;GFPT1;DOLPP1;ST3GAL1;UAP1;FPGT"
"REACTOME_DEVELOPMENTAL_LINEAGES_OF_THE_MAMMARY_GLAND",0.00429422563425286,0.00924699066289593,0.407017918923954,-0.4590878836974,-1.73266813387975,37,"EGFR;MYH11;KRT14;FGF10;MME;KRT5;CNN1;MFGE8;KIT;SLPI;TP63;ALDH1A1;ITGA6;VIM"
"REACTOME_RHOH_GTPASE_CYCLE",0.00434897282125651,0.00934994475766153,0.407017918923954,0.45976967288035,1.72150121030515,37,"RHOH;FAM91A1;CSK;LCK;VANGL1;ARHGDIB;PAK2;PAK1;TFRC;TUBA1B;ZAP70;RAB7A;NIPSNAP2;ARHGDIA;WDR11;DBN1;LAMTOR1;TMEM59;OSBPL11;ROCK1"
"REACTOME_TBC_RABGAPS",0.00444043892138617,0.00953138800323018,0.407017918923954,0.440783694688368,1.73376500713895,44,"ARF6;RAB11A;RAB5A;RAB6A;TBC1D10C;MAP1LC3B;RAB8A;RAB35;RAB7A;RAB33A;GABARAPL2;GGA2;RABEP1;TBC1D10B;RAB8B;TBC1D7;RAB5C;SYTL1;TBC1D2;RAB5B"
"REACTOME_RIBOSOME_QUALITY_CONTROL_RQC_COMPLEX_EXTRACTS_AND_DEGRADES_NASCENT_PEPTIDE",0.00447222306315447,0.00958435085712596,0.407017918923954,0.342554394948266,1.56129948370619,101,"UBE2D1;ELOC;PSMA5;PSMC2;PSMA6;PSMA4;PSMA2;PSMD6;UBE2D2;PSMA1;PSMD14;PSMD12;PSMB4;PSMD1;ELOB;PSMB1;CUL2;PSMA3;RBX1;PSMD2;PSMB2;PSMC6;RPL26L1;ADRM1;PSMC4;PSMD7;LTN1;PSMA7;PSMB3;UFD1;SEM1;PSMB5;RPL39L;PSMD8;PSMD11;PSMD3;UBC"
"REACTOME_RESPONSE_TO_ELEVATED_PLATELET_CYTOSOLIC_CA2",0.00448044353477846,0.009586726801399,0.407017918923954,0.331409742627057,1.57401537928716,121,"FN1;MANF;CAP1;TGFB1;F5;SERPINE1;THBS1;CYRIB;SRGN;PFN1;FAM3C;CFL1;PLEK;PSAP;SOD1;HSPA5;FERMT3;CALU;LAMP2;SCCPDH;PRKCB;ALDOA;WDR1;CD9;TMSB4X;RAB27B;PPIA;CYB5R1;TAGLN2;STXBP2;STXBP3;TIMP1;ORM1;TOR4A;OLA1;BRPF3;SPARC;ABCC4;TMX3;TGFB2;TUBA4A;STX4"
"KEGG_FATTY_ACID_METABOLISM",0.00453795748523163,0.00969440045973414,0.407017918923954,-0.440749733533447,-1.70536815888277,41,"ADH4;ADH6;ADH1A;ADH1C;HADH;ACADVL;ACADS;ACADL;CYP4A11;ADH1B;ALDH9A1;ACAA2;ADH5;ACSL1;CPT1B;ALDH2;ACAT1;ALDH7A1;HADHA;CPT1C;EHHADH;CYP4A22"
"REACTOME_REGULATION_OF_CHOLESTEROL_BIOSYNTHESIS_BY_SREBP_SREBF",0.00456718234301539,0.00974139525060878,0.407017918923954,0.397119167028639,1.61527755188539,55,"HELZ2;SQLE;SEC24A;INSIG2;MTF1;NCOA2;SP1;TBL1XR1;SEC24D;SAR1B;NFYA;RAN;IDI1;TGS1;SEC24C;MBTPS2;GGPS1;HMGCR;MED1;NFYB"
"REACTOME_RECRUITMENT_OF_NUMA_TO_MITOTIC_CENTROSOMES",0.00458991904349224,0.00977442475612565,0.407017918923954,0.349643358686613,1.5776157305472,92,"TUBB3;MAPRE1;TUBA1C;PLK1;NEDD1;CDK1;NEK2;CEP135;PLK4;MZT1;CCP110;TUBA4B;TUBA1B;DYNLL1;CKAP5;TUBA1A;HAUS2;HSP90AA1;CETN2;CEP70;TUBA4A;PPP2R1A;TUBB;CSNK1D;HAUS1;CEP43;CEP41;HAUS3;ACTR1A;TUBB8;TUBB4B;CEP250;MZT2B;CEP76;TUBB1;CEP290;ODF2;DYNC1I2;AKAP9;TUBA3D;SSNA1;MZT2A;TUBG1;TUBA3E;DCTN2;SFI1;NME7"
"REACTOME_SARS_COV_1_MODULATES_HOST_TRANSLATION_MACHINERY",0.00462917195087069,0.00984246654538438,0.407017918923954,-0.469732494818772,-1.72780950133463,35,"RPS6;RPS9;RPS16;EEF1A1;RPS3A;RPS28;RPS23;RPS12;RPS5;RPS8;RPS20;RPS27A;RPS3;RPS4X;RPS19;RPS29;RPS11;RPS7;RPS25;RPS18;RPS14;RPS15"
"REACTOME_ABERRANT_REGULATION_OF_MITOTIC_EXIT_IN_CANCER_DUE_TO_RB1_DEFECTS",0.0047111973922024,0.00998536805768684,0.407017918923954,0.559456895307374,1.7727120924633,20,"UBE2D1;UBE2S;UBE2C;UBE2E1;ANAPC11;RB1;CDC23;CDC27;ANAPC7;ANAPC16;ANAPC1;ANAPC5"
"REACTOME_TRANSCRIPTIONAL_AND_POST_TRANSLATIONAL_REGULATION_OF_MITF_M_EXPRESSION_AND_ACTIVITY",0.00470559187479064,0.00998536805768684,0.407017918923954,0.398857798840538,1.62730350354165,56,"LEF1;TFEC;YWHAZ;UBE2I;SUMO1;YWHAH;YWHAB;XPO1;RPS6KA1;HDAC1;EEF1E1;CDH1;GSK3B;MARS1;EPRS1;CREB1;RARS1;SIRT1;AIMP1;KITLG;IARS1;MAPK1"
"REACTOME_HSF1_DEPENDENT_TRANSACTIVATION",0.00477242502611761,0.0100992604948297,0.407017918923954,0.473115596180652,1.77078946759677,36,"RLN1;HSPA8;HSPB1;PTGES3;MRPL18;DNAJB6;HSBP1;FKBP4;HSP90AB1;HSP90AA1;DEDD2;HSPB8;HSPH1;SERPINH1;HSPA6"
"REACTOME_LAMININ_INTERACTIONS",0.00489726567824443,0.0103472008374193,0.407017918923954,-0.491472005828818,-1.73402319111021,30,"LAMA3;LAMB3;LAMC3;ITGA7;LAMC1;LAMA4;LAMB2;ITGA6;COL4A6;ITGA3;ITGB4;LAMA1;ITGA1;LAMA2;COL4A2;NID1;HSPG2"
"REACTOME_NOD1_2_SIGNALING_PATHWAY",0.004938418305142,0.0104178214011446,0.407017918923954,0.472552610449757,1.76868230983084,36,"CYLD;CASP8;BIRC3;UBE2N;BIRC2;TNFAIP3;ITCH;NOD2;CHUK;CASP1;UBE2V1;TAB3;MAP3K7;RIPK2;CASP2;CASP4;UBC;IKBKB;MAPK13;MAPK14;UBB;IRAK1"
"REACTOME_SIGNALING_BY_FLT3_ITD_AND_TKD_MUTANTS",0.00497536919881448,0.010479371375003,0.407017918923954,0.587536542834132,1.74357756534818,16,"KRAS;NOX4;NRAS;CDKN1A;FLT3;BCL2L1;GRB2;PIM1"
"REACTOME_MITOCHONDRIAL_PROTEIN_DEGRADATION",0.00502882956436837,0.0105754481322442,0.407017918923954,0.351299739053235,1.58220140904765,91,"ME2;PRELID1;MRPS10;FECH;YME1L1;TIMM17A;SSBP1;MRPL32;HSPA9;ATP5PF;CHCHD2;IDH2;UQCRQ;ATP5F1C;STARD7;OPA1;HSPD1;NDUFS3;ALDH18A1;SHMT2;PDHB;HSD17B10;COX5A;SLC25A5;ALDH1B1;ATP5PD;NDUFA2;ATP5MG;PCCB;TIMM10;TRIAP1;IARS2;ATP5PO;COX5B;TFAM;FH;CLPX;ATP5F1B;MICU2;OMA1;NDUFS1;SUCLG2;ECI1;IDH3A;HTRA2;ACADSB;OXSM;MRPL12"
"REACTOME_TRANSCRIPTIONAL_REGULATION_BY_VENTX",0.0050559827619609,0.0105994786362726,0.407017918923954,0.428455346043998,1.6449193309592,39,"LEF1;UBE2D1;UBE2S;UBE2C;CDKN2A;UBE2E1;ANAPC11;MOV10;NFKB1;CDC23;RELA"
"REACTOME_TRISTETRAPROLIN_TTP_ZFP36_BINDS_AND_DESTABILIZES_MRNA",0.00504886474191565,0.0105994786362726,0.407017918923954,0.579762128172861,1.77564928786111,17,"TNPO1;MAPKAPK2;YWHAB;DCP2;EXOSC6;EXOSC9;XRN1;EXOSC1;EXOSC3;EXOSC4;DIS3;ZFP36;DCP1A"
"KEGG_SPHINGOLIPID_METABOLISM",0.00510441171561953,0.0106843897401477,0.407017918923954,0.470975458192868,1.76277930298041,36,"UGCG;SGPP1;SGPL1;GLB1;NEU1;DEGS2;ASAH1;GBA1;ASAH2;SGMS2;SPTLC1;SMPD3;DEGS1;SMPD4;NEU3;GLA;GALC;PLPP2;SPHK1"
"REACTOME_CD209_DC_SIGN_SIGNALING",0.00532759883590791,0.0111342685748897,0.407017918923954,0.5533470070783,1.75335211524588,20,"KRAS;NRAS;PAK2;PAK1;ICAM3;NFKB1;LYN;PRKACB;RELA;RELB"
"REACTOME_SMAD2_SMAD3_SMAD4_HETEROTRIMER_REGULATES_TRANSCRIPTION",0.0053534020510655,0.0111708761065577,0.407017918923954,0.469518524077812,1.75732625174568,36,"SERPINE1;COL1A2;CCNT1;JUNB;E2F5;CCNT2;HDAC1;SMAD7;SP1;CCNC;RNF111;RBL1;TGIF1;TGIF2;UBC;CCNK;MAPK1;MEN1"
"REACTOME_G_PROTEIN_BETA_GAMMA_SIGNALLING",0.00542616673913824,0.0113052129279109,0.407017918923954,0.475533706698765,1.6986035242304,31,"GNG5;BTK;GNG10;PIK3CG;GNB2;CDC42;PAK1;RHOA;PDPK1;PIK3R5;GNB4;PLCB2;GNGT2;GNB1"
"REACTOME_APC_C_CDC20_MEDIATED_DEGRADATION_OF_CYCLIN_B",0.00549961282327283,0.0114314426563057,0.407017918923954,0.528599051357197,1.77508779053965,24,"UBE2D1;CCNB1;CDK1;UBE2S;UBE2C;CDC20;UBE2E1;ANAPC11;CDC23;UBC;CDC27;UBB;ANAPC7;ANAPC16;ANAPC1;ANAPC5"
"REACTOME_CONVERSION_FROM_APC_C_CDC20_TO_APC_C_CDH1_IN_LATE_ANAPHASE",0.00550371386049139,0.0114314426563057,0.407017918923954,0.55318692803255,1.7528448839247,20,"UBE2D1;UBE2S;UBE2C;CDC20;UBE2E1;ANAPC11;CDC23;CDC27;ANAPC7;ANAPC16;ANAPC1;ANAPC5"
"REACTOME_ENDOSOMAL_SORTING_COMPLEX_REQUIRED_FOR_TRANSPORT_ESCRT",0.0055944166520572,0.0116019594568817,0.407017918923954,0.47428511806941,1.694143573198,31,"CHMP5;VTA1;CHMP2B;STAM;VPS25;CHMP4B;TSG101;STAM2;VPS37C;CHMP7;UBC;CHMP2A;CHMP4A;VPS4B;UBB"
"REACTOME_DISEASES_ASSOCIATED_WITH_N_GLYCOSYLATION_OF_PROTEINS",0.00585594425977532,0.0121256725993504,0.407017918923954,0.549321989413176,1.74059832215263,20,"GLB1;NEU1;ALG8;DPAGT1;MGAT2;ALG1;CTSA;ALG6;B4GALT1;ALG3;ALG2;MPDU1"
"KEGG_CHRONIC_MYELOID_LEUKEMIA",0.0059355466602093,0.012271651683991,0.407017918923954,0.36283371541453,1.572448270045,73,"KRAS;NRAS;TGFB1;PIK3CG;CDKN1A;CDKN1B;BCL2L1;HDAC1;E2F3;CHUK;CDKN2A;PIK3R5;E2F2;GRB2;NFKB1;TGFBR1;RB1;PIK3R3;PIK3CB;E2F1;RUNX1;RELA;TGFB2;MAPK1;CDK4;IKBKB;MDM2;PIK3CD;AKT1;SHC1;HDAC2;ARAF;CBL;CRKL;NFKBIA"
"REACTOME_FANCONI_ANEMIA_PATHWAY",0.00596028647031343,0.0123039298039548,0.407017918923954,0.423749369955107,1.62685221822243,39,"DCLRE1A;RPA3;FANCF;ERCC4;USP1;UBE2T;EME1;SLX4;FANCI;FANCD2;DCLRE1B;CENPX;RPA2;UBC;SLX1A;SLX1B;ATRIP;UBB"
"KEGG_TGF_BETA_SIGNALING_PATHWAY",0.00608302570576742,0.0125381019134166,0.407017918923954,0.348515171691827,1.52639505740926,82,"COMP;INHBA;ID2;PPP2CA;TGFB1;THBS2;THBS1;TNF;RPS6KB2;SKP1;E2F5;RBX1;SMAD7;RHOA;IFNG;SP1;LTBP1;TGFBR1;BMP8A;ZFYVE16;BMPR2;THBS4;BMPR1B;RBL1;RBL2;CUL1;TGFB2;PPP2R1A;CHRD"
"REACTOME_NEGATIVE_REGULATION_OF_MAPK_PATHWAY",0.00630573347428864,0.0129772957608261,0.407017918923954,0.42852081077867,1.65614897834883,43,"KRAS;PPP2CA;NRAS;DUSP10;PTPN7;PAQR3;DUSP5;DUSP2;YWHAB;PPP2R5E;DUSP16;DUSP8;PPP2R1A;UBC;MAPK1;BRAP;UBB;PPP2R5C;ARAF"
"REACTOME_FORMATION_OF_THE_CORNIFIED_ENVELOPE",0.0066155065102362,0.0135940591094488,0.407017918923954,-0.380129611664278,-1.62817720861903,65,"KRT14;PKP1;SPINK5;DSG1;KRT5;SPINK9;KRT6A;DSC3;PPL;TGM5;KLK8;KRT6C;DSC1;PI3;PKP4;KLK13;KRT77;KLK5;LIPK;KAZN;FLG;KRT6B;TGM1;KRT16;KRT17;KLK14;KRT32;LORICRIN;KRT15;LIPJ;DSG3"
"REACTOME_INSERTION_OF_TAIL_ANCHORED_PROTEINS_INTO_THE_ENDOPLASMIC_RETICULUM_MEMBRANE",0.00664889748627126,0.0136418779474789,0.407017918923954,0.530131541749874,1.72920243491846,22,"SEC61G;GET1;GET3;SERP1;HMOX1;SEC61B;VAPA;STX1A;OTOF;UBL4A;GET4;UBE2J2;BAG6;EMD"
"REACTOME_SIGNALING_BY_SCF_KIT",0.00707785284349411,0.0144999173754256,0.407017918923954,0.425121220910593,1.6430102295525,43,"KRAS;STAT1;PTPN6;NRAS;LCK;GRAP2;SOCS6;RAC1;VAV1;GRB2;LYN;GRB7;SRC;PIK3R3;CHEK1"
"REACTOME_SLC_TRANSPORTER_DISORDERS",0.00732072972024674,0.0149747248298825,0.407017918923954,0.346056985257915,1.53785255630159,85,"SLC40A1;NUP210;SLC33A1;NUP50;SLC12A3;SLC35A2;SLC29A3;SLC24A5;NUP37;SLC7A7;RAE1;HK1;SLC35A3;NUP155;NUP153;NDC1;NUP205;SLC2A1;NUP62;SLC2A10;NUP160;NUP43;SLC16A1;SLC5A5;SEC13;RANBP2;SEH1L;SLC35A1;SLC5A2;SLC3A2;SLC1A3;NUP107;BSG;SLC20A2;NUP93;SLC6A20;NUP58;NUP133;NUP42;SLC22A5;SLCO2A1;SLC12A6;TPR;SLC27A4;SLC6A3;AAAS;NUP54"
"KEGG_OTHER_GLYCAN_DEGRADATION",0.00752170298150009,0.0153625085137305,0.407017918923954,0.62217790566672,1.81608348942181,15,"AGA;GLB1;NEU1;HEXB;MANBA;FUCA1;MAN2B1;GBA1;HEXA;FUCA2"
"REACTOME_BUTYRATE_RESPONSE_FACTOR_1_BRF1_BINDS_AND_DESTABILIZES_MRNA",0.00755166992564949,0.0153762448267954,0.407017918923954,0.570752141851765,1.74805421909539,17,"MAPKAPK2;YWHAB;DCP2;EXOSC6;EXOSC9;XRN1;EXOSC1;AKT1;EXOSC3;EXOSC4;ZFP36L1;DIS3;DCP1A"
"REACTOME_IRAK4_DEFICIENCY_TLR2_4",0.00755166992564949,0.0153762448267954,0.407017918923954,0.571043691949697,1.7489471555233,17,"MYD88;IRAK4;BTK;TLR1;LY96;TLR6"
"REACTOME_TELOMERE_EXTENSION_BY_TELOMERASE",0.00756264860546389,0.0153762448267954,0.407017918923954,0.515688301111845,1.70078207209792,23,"TINF2;RUVBL1;NOP10;CDK2;POT1;CCNA2;TERF2IP;NHP2;TERF1;PPP6R3;RUVBL2"
"REACTOME_SIGNALING_BY_TGFBR3",0.00776659119097789,0.0157671158515635,0.407017918923954,0.411829869472521,1.61309395523139,45,"INHBA;TGFB1;TCF3;APH1A;KLF16;MMP14;PSENEN;RARA;SP1;MOV10;TGFBR1;PSEN1;TCF12;TIMP1;NCSTN;TGFB2;HELLS"
"REACTOME_BINDING_AND_UPTAKE_OF_LIGANDS_BY_SCAVENGER_RECEPTORS",0.00801822482415527,0.0162485878050693,0.380730400722792,0.331228427026546,1.50019964490539,100,"MSR1;HYOU1;IGLV3-1;CALR;PRDX1;COL1A2;COL1A1;APOE;IGHV3-11;HSP90B1;IGHV3-33;APOL1;IGHV1-69;COL3A1;IGHV4-34;IGLV1-47;IGHV4-59;HSP90AA1;IGHV3-30;IGKV1D-39;IGHV4-39;IGKV1-39;HSPH1;IGKV3-15;IGKV2-28;IGLV3-21;IGKV2D-28;IGLV3-27;IGHV2-5;SPARC;IGKV4-1;IGKV1-5;IGLV3-25;IGKV3-20;IGKV1-16;IGKV1-33;IGKV2D-40;IGHV2-70;IGKV1D-33;IGKV3D-20;FTL;IGKV3-11;FTH1;IGLV6-57;IGLC2;IGHV3-53;IGLC3;HMGB1;IGLV1-44"
"REACTOME_NOTCH4_INTRACELLULAR_DOMAIN_REGULATES_TRANSCRIPTION",0.008027863114374,0.0162485878050693,0.380730400722792,-0.547050261541396,-1.76612820355077,20,"MAML2;KAT2A;HEY1;MAMLD1;NOTCH4;MAML3;FLT4;ACTA2;HES5;NOTCH1;SMAD3"
"KEGG_AMINOACYL_TRNA_BIOSYNTHESIS",0.00804011411391448,0.0162489862452125,0.380730400722792,0.430724012511155,1.65865677258066,41,"TARS1;GARS1;YARS1;MARS1;EPRS1;NARS1;HARS2;DARS2;PARS2;RARS1;MARS2;IARS1;EARS2;SARS1;TARS2;IARS2;KARS1;RARS2;VARS1;WARS1;DARS1;FARSA;AARS1;MTFMT;CARS1;SEPSECS"
"REACTOME_TRNA_MODIFICATION_IN_THE_NUCLEUS_AND_CYTOSOL",0.00842429556465729,0.0169999257801767,0.380730400722792,0.422155771858913,1.66049450928121,44,"NSUN2;TP53RK;TRMT6;LCMT2;QTRT2;GON7;TRMT112;ADAT1;PUS3;TRMT10A;EPRS1;FTSJ1;LAGE3;TPRKB;METTL1;TYW5;TRMT12;ALKBH8"
"REACTOME_RHOV_GTPASE_CYCLE",0.0084858919201421,0.0170986282636047,0.380730400722792,0.441836624014213,1.65435505615777,37,"CEP97;TPM3;DEPDC1B;VANGL1;IQGAP1;PARD6B;CLTC;CDC42;PAK2;PAK1;CCP110;WASL"
"REACTOME_INTERLEUKIN_7_SIGNALING",0.0085878690293041,0.0172782797783611,0.380730400722792,0.453777978143668,1.6984121234028,36,"H3C12;CISH;IL2RG;H3C8;IL7R;H3C10;H3C4;H3C7;H3C3;BRWD1;H3C13;H3C11;H3C14;H3C15;PIK3R3;H3C2"
"REACTOME_DIGESTION_AND_ABSORPTION",0.00870788571237842,0.017493636274644,0.380730400722792,-0.570294099826907,-1.78955436069693,18,"AMY2B;SLC5A1;TREH;GUCY2C;SLC2A2;AMY2A;AMY1A;AMY1C;AMY1B"
"KEGG_NON_SMALL_CELL_LUNG_CANCER",0.00873102903415787,0.0175140284792334,0.380730400722792,0.39154647864132,1.59717597777525,53,"KRAS;NRAS;RASSF5;PIK3CG;STK4;PRKCB;E2F3;CDKN2A;PDPK1;PIK3R5;E2F2;GRB2;RB1;PIK3R3;PIK3CB;E2F1;MAPK1;ERBB2;CDK4;PIK3CD;AKT1"
"REACTOME_TP53_REGULATES_TRANSCRIPTION_OF_GENES_INVOLVED_IN_G2_CELL_CYCLE_ARREST",0.00876088066059003,0.0175477966277494,0.380730400722792,0.553190755317477,1.7217698651523,18,"CCNB1;CDK1;BAX;AURKA;PCNA;CDC25C;RBL1;RBL2"
"KEGG_GLYCINE_SERINE_AND_THREONINE_METABOLISM",0.00887002694533372,0.0177400538906674,0.380730400722792,-0.481412061309061,-1.68033239355216,28,"MAOA;PHGDH;MAOB;AOC3;PSAT1;SHMT1;AMT;DMGDH;AOC2;BHMT;GLYCTK"
"KEGG_RIBOFLAVIN_METABOLISM",0.00889457863749353,0.017762802967913,0.380730400722792,0.614912977057463,1.79487779121405,15,"RFK;ACP1;ACP2;FLAD1;MTMR1;ACP5;MTMR6;ACP3;ENPP1;PHPT1"
"REACTOME_TRANSLESION_SYNTHESIS_BY_POLH",0.00899280630828446,0.0179324007449223,0.380730400722792,0.547077894752696,1.7132828515317,19,"RPA3;RFC4;PCNA;SPRTN;UFD1;RFC5;RPA2;UBC;NPLOC4;RFC2;POLH;UBB"
"HALLMARK_HEME_METABOLISM",0.00953614441640604,0.0189877735204067,0.380730400722792,0.275576116488381,1.40608765163653,188,"SLC30A1;VEZF1;CDR2;MINPP1;USP15;NUDT4;BMP2K;MFHAS1;DCUN1D1;MKRN1;BPGM;RBM38;CTSB;MOSPD1;TOP1;FECH;HTATIP2;SLC7A11;TMEM9B;UCP2;LAMP2;ATG4A;EIF2AK1;TCEA1;TFRC;ARL2BP;RHCE;ACSL6;E2F2;MBOAT2;LPIN2;KDM7A;SLC2A1;SYNJ1;RNF19A;ADIPOR1;GDE1;P4HA2;BACH1;H1-0;TRIM58;RIOK3;DCAF11;BTG2;HDGF;DCAF10;GCLM;ELL2;GMPS;SLC25A38;CIR1;KLF3;NCOA4;GLRX5;ACP5;HMBS;CDC27;PICALM;ASNS;LRP10;BSG;BLVRA;TENT5C;BLVRB;PSMD9;UROS;CLCN3;CA2;DAAM1;SDCBP;FBXO34"
"REACTOME_REGULATION_OF_SIGNALING_BY_CBL",0.00955328612499444,0.018993849109871,0.380730400722792,0.517960178113424,1.68950143624376,22,"BLNK;HCK;SYK;VAV1;GRB2;LYN;PIK3R3;PIK3CB;UBC;PIK3CD;UBB;CBL;CRKL"
"REACTOME_RHO_GTPASES_ACTIVATE_NADPH_OXIDASES",0.00968401392967352,0.0192254061519881,0.380730400722792,0.504423665901886,1.66363038653027,23,"RAC2;CYBB;CYBA;PRKCB;RAC1;NCF1;NCF2;PRKCZ;MAPK1;NOX1;MAPK14;PIN1;NOXO1;PIK3R4;PRKCD"
"KEGG_BLADDER_CANCER",0.00977530463600069,0.019378103896072,0.380730400722792,0.41561065121321,1.60282720275862,42,"KRAS;NRAS;MMP1;THBS1;CDKN1A;TYMP;MMP2;E2F3;CDKN2A;CDH1;E2F2;RB1;E2F1;DAPK3;FGFR3;MAPK1;ERBB2;CDK4;MDM2;PGF;MMP9"
"KEGG_JAK_STAT_SIGNALING_PATHWAY",0.0101117017591019,0.0200155271237436,0.380730400722792,0.323507668779861,1.53980983873933,123,"IL21R;STAT1;IL24;PTPN6;IL9R;IL12RB1;IRF9;CISH;IL2RB;IL2RG;LIF;IL21;STAT2;IL7R;IL12B;IL20;PIK3CG;OSM;STAM;IL13RA1;PRLR;BCL2L1;IL10RB;PIK3R5;IFNG;SOCS4;IL2RA;GRB2;SOCS3;IFNGR2;IL4R;PIM1;PIK3R3;STAM2;PIK3CB;IL10;IL23A;IL23R;IFNAR2;CSF2RB;CSF2RA;JAK3;STAT4;IL10RA;IL11;PIK3CD;AKT1;OSMR;PIAS4;IFNAR1;IL19;IFNLR1"
"REACTOME_COLLAGEN_CHAIN_TRIMERIZATION",0.0102296078953785,0.0202192249896924,0.380730400722792,0.412936734514285,1.59591957680151,43,"COL8A1;COL24A1;COL12A1;COL11A1;COL10A1;COL1A2;COL5A1;COL1A1;COL19A1;COL5A2;COL6A3;COL8A2;COL22A1;COL3A1;COL6A5"
"REACTOME_TOLL_LIKE_RECEPTOR_TLR1_TLR2_CASCADE",0.010257044494859,0.0202437715652562,0.380730400722792,0.316941166738242,1.47520316854364,113,"MYD88;PPP2CA;IRAK4;BTK;CASP8;N4BP1;MAPKAPK2;UBE2N;MAPK9;TLR1;LY96;TLR6;NOD2;SKP1;RPS6KA1;CHUK;ATF2;ELK1;UBE2V1;TAB3;MAP3K7;RIPK2;FBXW11;NFKB1;CREB1;USP18;ATF1;MAPKAPK3;VRK3;USP14;CUL1;RELA;PPP2R1A;UBC;MAPK1;SFTPA2;IKBKB;NFKB2;TNIP2;NKIRAS1;TLR2;MAPK14;NLRC5;FGG;UBB;SIGIRR;TRAF2;IRAK1"
"KEGG_AMINO_SUGAR_AND_NUCLEOTIDE_SUGAR_METABOLISM",0.010276590401711,0.0202526957039568,0.380730400722792,0.413432237894028,1.59442602219059,42,"HEXB;NPL;GNPDA1;GALE;UGDH;NAGK;HK1;GFUS;CYB5R1;PMM2;NANS;NANP;PGM2;AMDHD2;GNPNAT1;HEXA;GFPT2;GMPPA;PGM3;CMAS;GFPT1;UXS1;UAP1;FPGT"
"REACTOME_MRNA_DECAY_BY_5_TO_3_EXORIBONUCLEASE",0.010419320823957,0.0205040065265607,0.380730400722792,0.608217764861414,1.77533504593706,15,"DDX6;LSM1;DCP2;LSM3;LSM5;XRN1;EDC4;PATL1;LSM4;LSM7;LSM2"
"REACTOME_NEUREXINS_AND_NEUROLIGINS",0.0107867649919129,0.021196150450581,0.380730400722792,-0.393384816367086,-1.59739968697531,51,"SYT2;NLGN1;GRIN2B;STXBP1;NRXN1;DLGAP1;DLG4;EPB41L2;APBA1;LRRTM2;BEGAIN;DLG2;GRIN2A;DLGAP2"
"REACTOME_DISEASES_ASSOCIATED_WITH_O_GLYCOSYLATION_OF_PROTEINS",0.0108249968234755,0.0212143467191016,0.380730400722792,-0.363659649831189,-1.55376218325409,64,"ADAMTS18;ADAMTS8;ADAMTS5;ADAMTS9;ADAMTS3;MUC6;ADAMTS1;ADAMTSL4;MUCL1;SEMA5B;MUC15;NOTCH3;B4GAT1;NOTCH4;ADAMTS15;THSD7B;THSD1;MUC4;ADAMTSL1;SSPOP;ADAMTS13;SPON2"
"REACTOME_INTERACTION_BETWEEN_L1_AND_ANKYRINS",0.0108275004026275,0.0212143467191016,0.380730400722792,-0.482986493812855,-1.69665173726662,29,"SPTB;SCN4B;SCN4A;SCN2A;SCN3A;SPTBN1;SPTBN4;NFASC;SCN2B"
"REACTOME_RECEPTOR_TYPE_TYROSINE_PROTEIN_PHOSPHATASES",0.011235190134022,0.0219811847614828,0.380730400722792,-0.540442370676384,-1.71591718396625,19,"NTRK3;LRRC4B;IL1RAPL1;PPFIA4;PPFIBP2;PTPRS;SLITRK3;SLITRK2;PTPRF"
"REACTOME_KERATINIZATION",0.0114131733440659,0.0222970400982621,0.380730400722792,-0.360752706083199,-1.56456421080442,67,"KRT14;PKP1;SPINK5;DSG1;KRT5;SPINK9;KRT6A;DSC3;PPL;TGM5;KLK8;KRT6C;DSC1;PI3;PKP4;KLK13;KRT77;KLK5;LIPK;KAZN;FLG;KRT6B;TGM1;KRT16;KRT17;KLK14;KRT32;LORICRIN;KRT15;LIPJ;DSG3"
"REACTOME_INTERLEUKIN_3_INTERLEUKIN_5_AND_GM_CSF_SIGNALING",0.0119972523740651,0.023404191317279,0.380730400722792,0.400704379514691,1.56951659008556,45,"BLNK;PTPN6;YWHAZ;IL2RB;IL2RG;HCK;SYK;IL2RA;VAV1;GRB2;LYN;PIK3R3;PIK3CB;CSF2RB;CSF2RA;JAK3;UBC;PIK3CD;INPPL1;SHC1;UBB;CBL;CRKL;INPP5D"
"REACTOME_ASSEMBLY_OF_ACTIVE_LPL_AND_LIPC_LIPASE_COMPLEXES",0.0120879724671703,0.0235470908753548,0.380730400722792,-0.589912056440946,-1.75396067589493,15,"LPL;GPIHBP1;ANGPTL8;CIDEC;ANGPTL3;LMF1;ANGPTL4"
"REACTOME_CHOLESTEROL_BIOSYNTHESIS",0.0121627291116413,0.0236365542332629,0.380730400722792,0.464037770523319,1.61141926473885,27,"SQLE;IDI1;GGPS1;DHCR24;HMGCR;ACAT2;MSMO1;ARV1;PLPP6;CYP51A1;EBP;HSD17B7;LBR;HMGCS1;DHCR7;SREBF1;PMVK;NSDHL"
"REACTOME_RAC1_GTPASE_CYCLE",0.0121856762844106,0.0236365542332629,0.380730400722792,0.275928470904841,1.39356227982826,183,"ERBIN;CYFIP2;DOCK10;DEF6;ABI1;SNAP23;VAV3;ARHGAP30;DEPDC1B;ECT2;GNA13;TAGAP;CYBB;VANGL1;GMIP;CYBA;YKT6;IQGAP1;NCKAP1L;PREX1;ARHGDIB;WIPF1;TIAM1;ARAP2;CDC42;VRK2;PAK2;PAK1;RACGAP1;TFRC;TMPO;LEMD3;WASL;SH3BP1;ARHGAP9;RAC1;ARHGAP15;VAV1;RAB7A;ARHGEF18;DOCK2;NCF1;WAS;DOCK8;PIK3R3;VAV2;ARHGAP1;ARHGAP45;TAOK3;MPP7;IQGAP3;NCF2;KTN1;ARHGDIA;BRK1;SPATA13"
"REACTOME_SUMOYLATION_OF_TRANSCRIPTION_COFACTORS",0.0121865023680398,0.0236365542332629,0.380730400722792,0.407992648879995,1.60478571762544,44,"CBX4;NRIP1;UBE2I;SUMO1;SUMO3;CBX2;SUMO2;BMI1;CBX8;NCOA2;DDX5;DAXX;SIN3A;ZNF131;ZNF350"
"REACTOME_INTRA_GOLGI_TRAFFIC",0.0122585786634012,0.0237421897101506,0.380730400722792,0.406720439842037,1.57189481578267,43,"YKT6;MAN2A1;COG2;RAB39A;NSF;ARF1;NAPA;STX6;NAPG;CUX1;RAB30;CYTH1;GOLGA5;VPS45;CYTH4;SNAP29;STX16;COG4;COG5;COG8"
"REACTOME_MITOCHONDRIAL_BIOGENESIS",0.0123564515469413,0.0238974127478865,0.380730400722792,0.32636089452057,1.47436539690319,93,"HELZ2;CAMK4;ATP5MK;ATP5PB;ATP5F1E;PRKAG1;SSBP1;HSPA9;ATP5PF;CYCS;GABPB1;IDH2;APOO;NCOA2;ATF2;ATP5F1C;ATP5MF;TFB2M;TBL1XR1;PRKAB1;CREB1;TGS1;IMMT;MTX1;MEF2D;MED1;ATP5PD;MTX2;ATP5MJ;ATP5MG;HCFC1;CRTC2;MAPK14;MICOS10;GABPA;ATP5PO;TFAM;ATP5MC3;CALM1;MTERF1;CARM1;NCOA6;HDAC3;ATP5F1B"
"REACTOME_PEPTIDE_LIGAND_BINDING_RECEPTORS",0.0123864409231498,0.0239210922126159,0.380730400722792,0.301284106120938,1.45586581081327,142,"CCL3L3;CXCL11;CXCL9;CCL22;CXCL10;CCR4;CXCR4;CCL11;CCR8;CCR1;F2R;CCR5;F2RL2;FPR3;UTS2;C3AR1;CCR7;CCL4;CXCR3;OPRD1;CCL5;PSAP;RLN2;CCR2;CCL3;F2RL1;CXCR6;NPFFR1;EDN2;CCL19;RXFP1;CCR6;CCL20;CCL2;CXCL13;NLN;SSTR3;GPR37;AGT;EDNRA;SSTR2;C5AR1;OPRM1;CXCR5;XCR1;FPR1;C5AR2"
"REACTOME_FORMATION_OF_ATP_BY_CHEMIOSMOTIC_COUPLING",0.01245589984913,0.0240208197376641,0.380730400722792,0.541749585538347,1.68615997623344,18,"ATP5MK;ATP5PB;ATP5F1E;ATP5PF;ATP5F1C;ATP5MF;ATP5PD;ATP5MJ;ATP5MG;ATP5PO;ATP5MC3;ATP5F1B"
"REACTOME_GLYCOSPHINGOLIPID_METABOLISM",0.0129300658167794,0.0248996124585981,0.380730400722792,0.390682285672522,1.59487945694251,54,"UGCG;M6PR;ARSB;GLB1;NEU1;GM2A;HEXB;PSAP;ARSG;ASAH1;B3GALNT1;GBA1;ASAH2;CTSA;SMPD3;HEXA;ARSI;SMPD4;B4GALT5;NEU3;GLA;GALC"
"REACTOME_INTERLEUKIN_17_SIGNALING",0.0129713083859865,0.0249434004341082,0.380730400722792,0.361150704153529,1.52556991278274,67,"PPP2CA;MAPKAPK2;UBE2N;MAPK9;NOD2;SKP1;RPS6KA1;CHUK;ATF2;ELK1;UBE2V1;TAB3;MAP3K7;RIPK2;FBXW11;NFKB1;CREB1;ATF1;MAPKAPK3;VRK3;CUL1;PPP2R1A;UBC;MAPK1;IKBKB;TNIP2;MAPK14;UBB;IRAK1"
"REACTOME_APOPTOTIC_FACTOR_MEDIATED_RESPONSE",0.0132766795042432,0.0254942506719656,0.380730400722792,0.520834563127119,1.65033219891054,20,"CASP3;XIAP;BAX;CYCS;BAK1;CASP7;CDKN2A;DIABLO"
"REACTOME_GLYCOSAMINOGLYCAN_METABOLISM",0.0136310934815446,0.0261004460413666,0.380730400722792,0.291865504425537,1.40031707504868,132,"BGN;SDC1;LUM;HS6ST3;VCAN;B3GNT2;CSGALNACT2;HS3ST3B1;CHST11;ARSB;GLB1;GPC6;ABCC5;HAS1;CHPF;HPSE;HEXB;B4GALT4;HMMR;CTSL;ACAN;CHST1;CHPF2;SLC35B3;B3GNT4;SDC4;IDS;SLC9A1;KERA;CEMIP;OMD;B4GALT3;B3GAT2;CHST15"
"REACTOME_RECRUITMENT_OF_MITOTIC_CENTROSOME_PROTEINS_AND_COMPLEXES",0.0136162806177652,0.0261004460413666,0.380730400722792,0.333564460246001,1.45398203585961,80,"MAPRE1;PLK1;NEDD1;CDK1;NEK2;CEP135;PLK4;MZT1;CCP110;DYNLL1;CKAP5;TUBA1A;HAUS2;HSP90AA1;CETN2;CEP70;TUBA4A;PPP2R1A;TUBB;CSNK1D;HAUS1;CEP43;CEP41;HAUS3;ACTR1A;TUBB4B;CEP250;MZT2B;CEP76;CEP290;ODF2;DYNC1I2;AKAP9;SSNA1;MZT2A;TUBG1;DCTN2;SFI1;NME7;HAUS8;ALMS1;CNTRL;TUBGCP2"
"REACTOME_SIGNALING_BY_KIT_IN_DISEASE",0.0139708753294986,0.0267131063037789,0.380730400722792,0.519324246690947,1.6455465644277,20,"KRAS;STAT1;NRAS;LCK;GRB2;LYN;SRC;PIK3R3"
"REACTOME_RNA_POLYMERASE_I_TRANSCRIPTION_INITIATION",0.014012670630841,0.0267550708362233,0.380730400722792,0.391152095012461,1.54733359234248,47,"POLR2K;CDK7;RRN3;RBBP7;HDAC1;RBBP4;POLR1H;GTF2H3;CHD4;POLR2H;GTF2H2;POLR1F;TAF1B;TBP;GATAD2B;GTF2H5;TAF1D;HDAC2;MTA2;MTA3;TAF1A;POLR1A;POLR1B;UBTF"
"REACTOME_PHOSPHOLIPID_METABOLISM",0.0140607643096741,0.0268089254447534,0.380730400722792,0.271706281790184,1.40266316813109,203,"PLAAT4;PLA2G2D;ARF3;PNPLA8;ETNK1;LPCAT1;CPNE3;SLC44A4;PIK3CG;OSBPL8;PITPNM1;PIP4K2A;ABHD3;PIP4P1;RAB5A;LCLAT1;PIP4K2C;PLD4;MBOAT1;PLA2G15;GDPD1;FIG4;CSNK2A1;TNFAIP8L1;SELENOI;PIK3R5;MBOAT7;ABHD4;PLAAT2;CDS1;STARD7;SLC44A1;ARF1;MBOAT2;PI4K2B;LPIN2;CEPT1;SYNJ1;PIK3R3;MTMR1;RAB14;PLA2G2A;PIP5K1A;GDE1;AGPAT3;PIK3CB;LPCAT3;TNFAIP8;ETNK2;STARD10;PGP;TNFAIP8L2;CRLS1;PLEKHA2;GPAT4;CPNE7;SACM1L;CPNE1;PLEKHA3;INPP4B;AGPAT5;PI4K2A;LIPH;PIK3CD;PLA1A;INPPL1;MTM1;GPD2;PLEKHA1;PCYT1A;CSNK2B;AGK;PTDSS1;LPGAT1;MTMR14;MTMR6;GNPAT;SLC44A5;PIK3R4;INPP4A"
"REACTOME_PD_L1_CD274_GLYCOSYLATION_AND_TRANSLOCATION_TO_PLASMA_MEMBRANE",0.0143169258371643,0.0272587797012676,0.380730400722792,0.494494546866792,1.59819901806265,21,"MAGT1;RPN1;STT3B;OSTC;PDCD1;RPN2;STT3A;DAD1;TMEM258;OST4;CD274;UBC"
"KEGG_SELENOAMINO_ACID_METABOLISM",0.0147592968374269,0.0280613993467581,0.380730400722792,0.474304788270851,1.62374627880377,26,"SEPHS2;MAT2A;LCMT2;CBS;MARS1;MAT2B;LCMT1;GGT1;MARS2;SCLY"
"REACTOME_AMINE_LIGAND_BINDING_RECEPTORS",0.0151779654857966,0.0288167570068364,0.380730400722792,-0.484528315897217,-1.64202950759619,25,"ADRA2B;CHRM3;ADRA1A;HTR2A;HTR6;ADRB1;DRD2;ADRA1B;CHRM1;ADRB2"
"REACTOME_REGULATION_OF_PTEN_GENE_TRANSCRIPTION",0.0154423426538597,0.0292774653971911,0.380730400722792,0.369135857387688,1.536614808565,60,"CBX4;REST;SALL4;CBX2;LAMTOR5;RBBP7;BMI1;LAMTOR2;HDAC1;CBX8;ATF2;RBBP4;EZH2;CHD4;RHEB;SLC38A9;GATAD2B;RNF2;MAPK1;SNAI1;LAMTOR1;SUZ12;HDAC2;RRAGC;LAMTOR3;MTA2;PHC3;MTA3;MLST8;HDAC3;JUN;RCOR1;PHC2;EED;LAMTOR4"
"REACTOME_EXTRA_NUCLEAR_ESTROGEN_SIGNALING",0.0157966097983965,0.0299070646183125,0.352487857583619,0.338919086722699,1.46880708424098,73,"KRAS;UHMK1;GNG5;GNAI3;NRAS;GNG10;HSPB1;GNB2;CDKN1B;XPO1;MMP2;MMP3;ZDHHC7;PDPK1;ELK1;GNB4;SRC;PIK3R3;HSP90AA1;CREB1;GNGT2"
"REACTOME_DENGUE_VIRUS_ATTACHMENT_AND_ENTRY",0.0159487284440761,0.0301527152070331,0.352487857583619,0.401290677956067,1.57842439163541,44,"SDC1;TIMD4;GPC6;LY6E;HSPA5;UBA3;AP2M1;AP2S1;CLDN1;SDC4;UBA6;CD300A;AP2B1;UBA1;EMC4;UBA5"
"REACTOME_STING_MEDIATED_INDUCTION_OF_HOST_IMMUNE_RESPONSES",0.016010074233329,0.0302263026141842,0.352487857583619,0.585923919431156,1.71026123950186,15,"TBK1;NLRC3;CGAS;TRIM21;DDX41;XRCC5;TREX1;IFI16;PRKDC;XRCC6"
"REACTOME_RESOLUTION_OF_ABASIC_SITES_AP_SITES",0.0165712838749484,0.0312420848439588,0.352487857583619,0.416819955527112,1.5793090521046,38,"MBD4;POLD4;RPA3;TDG;POLB;RFC4;PCNA;PARP1;FEN1;RFC5;ADPRS;RPA2;MPG;POLE3;RFC2;APEX1;SMUG1;LIG1;NTHL1;UNG"
"REACTOME_TURBULENT_OSCILLATORY_DISTURBED_FLOW_SHEAR_STRESS_ACTIVATES_SIGNALING_BY_PIEZO1_AND_INTEGRINS_IN_ENDOTHELIAL_CELLS",0.0166629032061551,0.0313709406730406,0.352487857583619,0.444594748639379,1.58808975316563,31,"FN1;STAT1;PTPN1;PPP2CA;ITGAV;PDE4D;CHUK;NFKB1;RELA;PPP2R1A;PPP2R2A;IKBKB;ITGA5;ANXA2"
"REACTOME_INTEGRIN_SIGNALING",0.0167605374046287,0.0315107453576561,0.352487857583619,0.468123090929347,1.60258370928481,26,"FN1;RAP1B;PTPN1;CSK;RASGRP1;RAP1A;SYK;PDPK1;GRB2;SRC"
"REACTOME_COLLAGEN_FORMATION",0.0169592789548812,0.0317956996261194,0.352487857583619,0.332728806088801,1.48920475351494,89,"COL8A1;COL24A1;P4HA3;COL12A1;COL11A1;COL10A1;MMP13;LOXL1;COL1A2;LOX;COL5A1;CTSB;COL1A1;ADAMTS2;COL19A1;CTSS;COL5A2;ADAMTS14;CTSL;COL6A3;MMP3;COL8A2;TLL2;COL22A1;COL3A1;COL6A5;P4HA1;CTSV;P4HA2;PPIB;SERPINH1;P4HB"
"REACTOME_SIGNALING_BY_MET",0.0169569002853969,0.0317956996261194,0.352487857583619,0.337848759640966,1.48031639418774,79,"COL24A1;KRAS;FN1;COL11A1;RAP1B;PTPRJ;PTPN1;ARF6;NRAS;COL1A2;RANBP9;COL5A1;STAM;COL1A1;RAP1A;COL5A2;RAC1;COL3A1;GRB2;SPINT1;SRC;STAM2"
"REACTOME_SELENOAMINO_ACID_METABOLISM",0.0169936891501922,0.0318159624645266,0.352487857583619,-0.297500968541195,-1.39968471999578,114,"RPL13;RPS6;RPLP2;RPL4;RPL3;RPS9;INMT;RPS16;RPL18A;RPS3A;RPL32;RPL13A;RPL23A;RPL37A;RPL7;RPL22;RPL27;RPS28;RPL34;RPS23;RPS12;RPS5;RPL38;RPL8;RPS8;RPL14;RPS20;RPL31;RPS27A;RPL10;RPL5;RPL12;UBA52;RPL11;RPL18;RPLP1;RPL35;RPS3;RPS4X;RPL23;RPS19;RPS29;RPL29;RPL26;RPL9;RPL10A;RPL17;RPL21;RPL39;RPL19;RPL37;RPL7A;RPS11;RPL6;RPS7;RPS25;RPS18;RPS14;RPL27A;RPL15;RPS15"
"REACTOME_EPH_EPHRIN_MEDIATED_REPULSION_OF_CELLS",0.017155462619124,0.0320742907220238,0.352487857583619,0.388362342128172,1.54698933578709,49,"ACTB;EPHB2;VAV3;ACTG1;APH1A;CLTC;TIAM1;AP2M1;PSENEN;AP2S1;MMP2;ADAM10;RAC1;LYN;SRC;VAV2;PSEN1;AP2B1"
"KEGG_REGULATION_OF_AUTOPHAGY",0.0172683106559993,0.032240557845273,0.352487857583619,0.506990656801809,1.60646597730231,20,"ATG3;ATG12;ATG4A;IFNG;GABARAPL2;BECN1;ATG5;PIK3R4;ULK1;GABARAP;ATG4C"
"REACTOME_RNA_POLYMERASE_III_TRANSCRIPTION_INITIATION_FROM_TYPE_1_PROMOTER",0.0174483432713486,0.0325316275653913,0.352487857583619,0.469056548844011,1.64143754436744,28,"POLR2K;POLR3K;GTF3C6;GTF3C1;GTF3C3;POLR3F;GTF3C2;POLR2H;POLR3C;TBP;GTF3C4;POLR3A"
"HALLMARK_MYC_TARGETS_V2",0.0177744711216384,0.0330939047955367,0.352487857583619,0.369582724897498,1.52411397230802,58,"CBX3;DCTPP1;PLK1;DUSP2;HSPE1;DDX18;PLK4;TFB2M;MPHOSPH10;HSPD1;MCM4;SORD;SLC19A1;NIP7;NOLC1;CDK4;NOP56;PA2G4;NOP2;GNL3;RRP12;IMP4;BYSL;NPM1;GRWD1;FARSA;NOP16;AIMP2;TBRG4;UNG;IPO4;TMEM97"
"KEGG_VASCULAR_SMOOTH_MUSCLE_CONTRACTION",0.0178784153972036,0.0332415226971454,0.352487857583619,-0.307536195652375,-1.43652132302325,105,"MYH11;PPP1R12B;PPP1R14A;MYL9;NPR1;ADRA1A;KCNMB1;PLCB4;ACTG2;PRKCE;ADCY6;PLA2G4A;ADCY5;GUCY1A1;KCNMB2;MYLK;CYP4A11;ADCY4;ROCK2;ADRA1B;PLA2G6;ITPR1;IRAG1;ADCY3;NPR2;ADORA2B;GNA11;PLA2G3;PLA2G4B;ACTA2;JMJD7-PLA2G4B"
"REACTOME_MICRORNA_MIRNA_BIOGENESIS",0.0179268889753323,0.0332857387586059,0.352487857583619,0.467954312654588,1.59114347236461,25,"POLR2K;POLR2B;POLR2D;POLR2G;RAN;POLR2J;POLR2H;BCDIN3D;POLR2C;TARBP2;PRKRA;DROSHA;XPO5"
"REACTOME_TGF_BETA_RECEPTOR_SIGNALING_ACTIVATES_SMADS",0.018249887323541,0.0338388557250801,0.352487857583619,0.382302014288285,1.51232412320228,47,"TGFB1;USP15;ITGAV;STRAP;PMEPA1;PPP1CA;PPP1CC;FKBP1A;XPO1;SMAD7;NEDD8;LTBP1;UBE2M;TGFBR1;FBN1;BAMBI;TGFB2;STUB1;UBC"
"REACTOME_NOTCH_HLH_TRANSCRIPTION_PATHWAY",0.0185254014979751,0.0342668733601358,0.352487857583619,-0.450838729307077,-1.57361849028587,28,"MAML2;KAT2A;HDAC4;MAMLD1;NOTCH3;NOTCH4;HDAC5;MAML3"
"REACTOME_PROCESSIVE_SYNTHESIS_ON_THE_LAGGING_STRAND",0.0185315657860082,0.0342668733601358,0.352487857583619,0.578980096152331,1.68999281997863,15,"POLD4;RPA3;PCNA;PRIM1;DNA2;FEN1;RPA2;PRIM2"
"REACTOME_SUMOYLATION_OF_DNA_METHYLATION_PROTEINS",0.0186415184934257,0.0344229683960792,0.352487857583619,0.534276131497079,1.58552159510921,16,"CBX4;UBE2I;SUMO1;CBX2;BMI1;CBX8;RNF2;DNMT1;DNMT3B;PHC3"
"REACTOME_COOPERATION_OF_PDCL_PHLP1_AND_TRIC_CCT_IN_G_PROTEIN_BETA_FOLDING",0.019048176206174,0.0351257750012621,0.352487857583619,0.419290790374716,1.56993739621387,37,"GNG5;GNG10;CCT5;GNA14;GNB2;CCT6A;CCT8;TCP1;CSNK2A1;CCT2;RGS7;GNB4;GNGT2;CCT4;GNB1;CCT3;CCT7"
"REACTOME_TRIGLYCERIDE_METABOLISM",0.0192575446518518,0.0354633472550495,0.352487857583619,-0.465486171465521,-1.63517599686044,29,"CAV1;AGMO;LIPE;FABP4;DGAT2;LPIN3;GPAT2;FABP7;PLIN1;GPAM;LPIN1"
"REACTOME_SIGNALING_BY_RETINOIC_ACID",0.0196216578910675,0.0360845768583342,0.352487857583619,-0.409666267662699,-1.56526579107179,40,"ALDH1A2;ADH4;ADH1A;RDH5;AKR1C3;ADH1C;CRABP1;RDH10;CYP26B1;ALDH1A1;RXRG;PDHA1;PDK2;RARB;DHRS4;CYP26C1;DHRS3"
"REACTOME_DEFECTIVE_INTRINSIC_PATHWAY_FOR_APOPTOSIS",0.0198648811576312,0.0364820978208268,0.352487857583619,0.466009381894052,1.58453029710339,25,"PRDX1;BCL2L11;FASLG;CDK5;CDKN2A;LMNB1;CAPN1;CDC25A;CDC25C;CDK5R1;CAPN2;CDC25B;CAPNS1;JUN;SOD2;C1QBP;PRDX2"
"REACTOME_SIGNALING_BY_PDGF",0.0207096283777871,0.037981740208513,0.352487857583619,0.358873248483981,1.46991118611572,57,"KRAS;STAT1;NRAS;THBS2;THBS1;COL5A1;COL5A2;COL6A3;SPP1;COL3A1;COL6A5;GRB2;GRB7;SRC;THBS4;PIK3CB"
"KEGG_NITROGEN_METABOLISM",0.0212027147677345,0.0388332330256876,0.352487857583619,-0.489384372625379,-1.59843000381036,21,"CA1;CA6;CA3;CPS1;CA8;AMT;CA9;CA13;GLUD2"
"REACTOME_SIGNALING_BY_PDGFR_IN_DISEASE",0.0213778163299003,0.0391008092438338,0.352487857583619,0.499947889838837,1.584150052225,20,"KRAS;STAT1;NRAS;BIN2"
"REACTOME_STIMULI_SENSING_CHANNELS",0.0216655706713298,0.0395734271882827,0.352487857583619,-0.312058980515448,-1.42430251131626,93,"RYR3;TRPM3;ANO2;TTYH1;SGK2;CASQ2;TRPC6;ANO5;CLCA4;TRPC5;ANO3;TRDN;CLCN6;ASPH;CLCNKA;TRPM6;CLCN4;CLCA2;RYR1;ASIC1;NEDD4L;TRPC1;TPCN2;WNK2;ANO4;ANO8;RPS27A;MCOLN3;BEST4;TRPV1;UBA52;ANO1;WNK3"
"REACTOME_REGULATION_OF_MITF_M_DEPENDENT_GENES_INVOLVED_IN_APOPTOSIS",0.0224039301260101,0.0408667088090143,0.352487857583619,0.526150249514791,1.56140717074568,16,"BCL2A1;HDAC1;MOV10;SIN3A;BIRC7"
"REACTOME_VXPX_CARGO_TARGETING_TO_CILIUM",0.0226280860574033,0.0412198108180805,0.352487857583619,0.531814942610831,1.62880046528197,17,"RAB11A;EXOC8;EXOC6;ARF4;RAB8A;EXOC5;RAB3IP;RAB11FIP3;EXOC2"
"REACTOME_PHASE_0_RAPID_DEPOLARISATION",0.0226805218559608,0.0412595728229895,0.352487857583619,-0.445998591442932,-1.55672435510308,28,"SCN4B;SCN4A;SCN2A;SCN3A;SCN2B;SCN3B;CACNB2;SCN7A;CACNA1C;FGF11;SCN11A;SCN8A;FGF13;RANGRF;SCN9A"
"REACTOME_PI_METABOLISM",0.0229018129048718,0.0416059889430825,0.352487857583619,0.323874924627902,1.41862000261984,83,"ARF3;PIK3CG;PIP4K2A;PIP4P1;RAB5A;PIP4K2C;GDPD1;FIG4;TNFAIP8L1;PIK3R5;ARF1;PI4K2B;SYNJ1;PIK3R3;MTMR1;RAB14;PIP5K1A;GDE1;PIK3CB;TNFAIP8;TNFAIP8L2;PLEKHA2;SACM1L;PLEKHA3;INPP4B;PI4K2A;PIK3CD;INPPL1;MTM1;PLEKHA1;MTMR14;MTMR6;PIK3R4;INPP4A;TNFAIP8L3;INPP5D"
"REACTOME_BILE_ACID_AND_BILE_SALT_METABOLISM",0.0229640283791603,0.0416585171757621,0.352487857583619,-0.422842841107596,-1.57079157668196,36,"CYP39A1;AKR1C1;SLCO1A2;OSBPL1A;AKR1C3;SLC51B;AKR1C2;CYP46A1;SLC27A5"
"REACTOME_BUDDING_AND_MATURATION_OF_HIV_VIRION",0.0229925347023494,0.0416585171757621,0.352487857583619,0.456561514661124,1.59771186080862,28,"CHMP5;VTA1;CHMP2B;CHMP4B;TSG101;PPIA;VPS37C;PDCD6IP;CHMP7;UBC;CHMP2A;CHMP4A;VPS4B;UBB"
"KEGG_MISMATCH_REPAIR",0.0234006862059414,0.0423411073900792,0.352487857583619,0.470416153102778,1.55147083596327,23,"POLD4;RPA3;RFC4;PCNA;SSBP1;EXO1;RFC5;RPA2;MSH6;MSH2;RFC2;PMS2"
"REACTOME_CARGO_RECOGNITION_FOR_CLATHRIN_MEDIATED_ENDOCYTOSIS",0.0235737874430864,0.0425971387041294,0.352487857583619,0.310981091375887,1.41631251484498,102,"COPS8;CD3D;M6PR;CD3G;NECAP1;VAMP7;IL7R;VAMP8;CLTC;STAM;COPS5;AP2M1;AP2S1;TFRC;CD4;NEDD8;UBQLN1;KIAA0319;SYT1;TOR1A;GRB2;REPS2;GRK2;FCHO2;STAM2;AP2B1;NECAP2;SGIP1;COPS4;COPS3;UBC;TOR1B;TGOLN2;COPS2;COPS6;SH3GL1"
"REACTOME_RHOF_GTPASE_CYCLE",0.0242054735279634,0.0436800245190021,0.352487857583619,0.389460274362746,1.50197671864335,42,"ACTB;BASP1;SNAP23;FAM169A;DEPDC1B;VANGL1;SENP1;DIAPH1;TMPO;CAPZB;LMNB1;RAB7A;MTMR1;ARHGAP1"
"KEGG_VEGF_SIGNALING_PATHWAY",0.0244014278266822,0.0439747656555717,0.352487857583619,0.336635250993244,1.4281659070389,68,"KRAS;NRAS;RAC2;PLA2G2D;NFATC2;MAPKAPK2;PIK3CG;HSPB1;CDC42;SH2D2A;PRKCB;RAC1;PIK3R5;SRC;PIK3R3;PLA2G2A;PIK3CB;MAPKAPK3"
"REACTOME_REGULATION_OF_NF_KAPPA_B_SIGNALING",0.0245487201475676,0.0441811412001617,0.352487857583619,0.506723992573278,1.57714512033308,18,"CASP8;N4BP1;CHUK;USP18;USP14;UBC;IKBKB;NLRC5;UBB;TRAF2"
"REACTOME_COLLAGEN_BIOSYNTHESIS_AND_MODIFYING_ENZYMES",0.0246479068956386,0.0443005046604277,0.352487857583619,0.33961886926416,1.43200396835321,66,"COL8A1;COL24A1;P4HA3;COL12A1;COL11A1;COL10A1;COL1A2;COL5A1;COL1A1;ADAMTS2;COL19A1;COL5A2;ADAMTS14;COL6A3;COL8A2;TLL2;COL22A1;COL3A1;COL6A5;P4HA1;P4HA2;PPIB;SERPINH1;P4HB"
"REACTOME_REGULATION_OF_BETA_CELL_DEVELOPMENT",0.0248994161496757,0.0446929600129998,0.352487857583619,-0.444118141472176,-1.52112798476463,26,"FGF10;MAML2;KAT2A;MAMLD1;MAML3;SLC2A2;NR5A2;PKLR;NOTCH1;AKT2;AKT3;PAX6"
"REACTOME_NEGATIVE_REGULATION_OF_FLT3",0.0252094507861884,0.045189281462476,0.352487857583619,0.562876522223283,1.64298788060862,15,"PTPRJ;CSK;SLA2;SLA;FLT3;SOCS6"
"REACTOME_INTERLEUKIN_RECEPTOR_SHC_SIGNALING",0.0252754448645351,0.0452474099301373,0.352487857583619,0.466994293345035,1.5682129323541,24,"PTPN6;IL2RB;IL2RG;IL2RA;GRB2;PIK3R3;PIK3CB;CSF2RB;CSF2RA;JAK3;PIK3CD;INPPL1;SHC1"
"REACTOME_NEGATIVE_REGULATION_OF_NMDA_RECEPTOR_MEDIATED_NEURONAL_TRANSMISSION",0.0255433459474351,0.0456663532322845,0.352487857583619,-0.474683268718407,-1.55041317514055,21,"GRIN2B;PPM1F;DLG4;CAMK1;LRRC7;DLG2;GRIN2A"
"REACTOME_PLATELET_AGGREGATION_PLUG_FORMATION",0.0260518832772172,0.0465138260366739,0.352487857583619,0.411100567945155,1.52338426545809,35,"FN1;RAP1B;PTPN1;CSK;COL1A2;RASGRP1;COL1A1;RAP1A;SYK;PDPK1;GRB2;SRC"
"REACTOME_AZATHIOPRINE_ADME",0.0271589358626882,0.0484262507181265,0.352487857583619,0.479537790993368,1.56417388990672,22,"VAV3;ABCC5;HPRT1;TPMT;RAC1;NME1;VAV1;VAV2;ABCC4;GUK1;GMPS"
"REACTOME_G_ALPHA_I_SIGNALLING_EVENTS",0.0274449791024473,0.048871640462482,0.352487857583619,0.246012858965649,1.30723979689771,255,"RGS1;CXCL11;CCL4L2;RGS16;CXCL9;CXCL10;LPAR5;CCR4;CXCR4;CAMK4;GNG5;CCR8;CCR1;PPP2CA;GNAI3;CCR5;RGS19;ADORA3;RGS14;FPR3;CHRM4;CNR2;RGS10;C3AR1;CCR7;GPR183;CCL4;CXCR3;OPRD1;CCL5;GNG10;GNA14;GNB2;KPNA2;PSAP;PPP1CA;CCR2;PDE4D;RGS4;CXCR6;RGS18;GPSM3;CCL19;CDK5;RGS7;GRM8;CCR6;P2RY13;GNB4;S1PR4;CCL20;ADCY7;GNAS;GRK2;PLCB2;CXCL13;SRC;SSTR3;PRKACB;CREB1;GNGT2;GPR37;AGT;GNB1;SSTR2;C5AR1;GRM4;RGS13;OPRM1;CXCR5;FPR1;OPN3"
"REACTOME_CHONDROITIN_SULFATE_DERMATAN_SULFATE_METABOLISM",0.0279936144496108,0.0497828394169859,0.352487857583619,0.409286900904834,1.51666349675223,35,"BGN;VCAN;CSGALNACT2;CHST11;ARSB;GLB1;CHPF;HEXB;CHPF2;IDS;CHST15;HEXA;GUSB;CHSY1"
