"pathway","pval","padj","log2err","ES","NES","size","leadingEdge"
"REACTOME_CELL_CYCLE_CHECKPOINTS",1.51680953926591e-49,2.04465925893044e-46,1.83722496482485,0.628370062155291,3.3498828951136,286,"H2BC26;UBE2D1;H4C12;H4C11;PSMA5;YWHAZ;PPP2CA;PSMC2;PSMA6;PSMA4;BUB1;PSMA2;KIF2A;MAPRE1;BUB3;H2BC12;RAD17;H2BC9;UBE2N;CCNE2;YWHAQ;PLK1;ZW10;CENPQ;CDC6;CENPU;ZWILCH;H2BC10;RAD1;PSMD6;ZWINT;H2BC8;CDKN1A;CCNB1;H4C9;PSMA1;DBF4;CDK1;H4C16;PKMYT1;H2AX;H2BC7;PSMD14;CENPK;RPA3;H2BC21;YWHAH;H2BC5;RMI1;PSMD12;CDC7;H2BC13;SKA1;PPP1CC;UBE2S;TOPBP1;PSMB4;PSMD1;SGO2;NUP37;YWHAB;MAD2L1;H4C14;UBE2V2;KIF18A;H2BC14;H2BC4;H4C15;H2BC17;UBE2C;PSMB1;CDKN1B;XPO1;BUB1B;RFC4;KNL1;CENPA;SKP1;BLM;BIRC5;KIF2C;PSMA3;RBX1;PSMD2;PSMB2;PSMC6;CCNB2;CENPE;CDC20;ERCC6L;ADRM1;CLSPN;CENPI;CDKN2A;PSMC4;DNA2;CDK2;SKA2;H4C1;PSMD7;UBE2E1;SPC25;H2BC6;PHF20;DSN1;MCM2;H2BC3;GSK3B;ORC6;DYNLL1;RHNO1;CDCA8;NDC80;ANAPC11;CKAP5;PSMA7;FBXW11;NUF2;CENPL;CCNA2;H2BC15;RMI2;PLK3;BARD1;PPP2R5E;RAD9A;DYNC1LI1;H2BC11;DYNLL2;MCM4;ORC3;CHEK1;SGO1;MCM6;GTSE1;EXO1;SPC24;BRIP1;PSMB3;CDC25A;MCM10;RFC5;AURKB;NUP160;RCC2;CDC25C;SEM1;CCNE1;PSMB5;CENPF;CENPH;CSNK1A1;CENPP;KNTC1;ORC2;H4C8;MIS12;NUP43;CLIP1;RPA2;SPDL1;CDC23;CENPN;CUL1;CENPM;SEC13;PSMD8;INCENP;PSMD11;RNF168;PSMD3;PPP2R1A;RANBP2;H4C4;ITGB3BP;UBC;ORC5;SEH1L;MCM8;PSMC5;PSMC3;MDM2;WEE1;NBN;NUP107;CDC27;ATM;MAPK14;PIAS4;PSMB7;ORC1;CHEK2;RFC2;ATRIP;PSMC1;BRCC3;UBB"
"REACTOME_DENGUE_VIRUS_INFECTION",7.24800861161969e-49,4.88515780423167e-46,1.82023946954892,0.57236095325927,3.14978489746041,396,"P4HA3;POLR2K;H2BC26;SDC1;H3C12;H4C12;H4C11;SPCS3;HYOU1;IFIH1;HSPA8;H2AC25;TIMD4;SRSF2;CPSF3;SNRPB2;H2AC17;H2AC15;STAT2;PDIA3;H3C8;H2AC19;H2AC18;EIF4E;H2BC12;CALR;CANX;DNAJB11;H2AC7;H3C10;EIF4A3;H2BC9;GPC6;DPM1;POLR2B;DDX3X;BCAS2;LY96;SNRPG;MAGT1;H2BC10;H2AC14;SPCS1;LY6E;KPNA2;H2BC8;RPN1;H2AC4;DYNLT1;UBE2I;H4C9;H4C16;CRNKL1;SUMO1;STT3B;HNRNPF;H2BC7;NEK2;CLEC5A;H2BC21;H2BC5;HSPA5;H2BC13;OSTC;H2AC13;H3C4;SF3B1;AUP1;CSTF2;H4C14;UBA3;DDX23;H2AC16;H2BC14;SRSF1;H2BC4;H4C15;H2BC17;H3C7;SRSF7;POLR2D;XPO1;EIF4G2;HNRNPH2;PTBP1;CDC73;MAP1LC3B;CTR9;NRBP1;CSTF1;AP2M1;SNRPB;CGAS;U2AF1;CD2BP2;AP2S1;NUDT21;PPIL1;HNRNPA2B1;H3C3;SF3B6;TSG101;ALYREF;SRSF3;SPCS2;PPIL4;HNRNPL;DNAJC3;H2AC8;H3C13;H4C1;RPN2;CLDN1;H2BC6;SRSF11;HNRNPH1;HNRNPC;SF3B4;DNAJA2;STT3A;U2SURP;HSP90AB1;SRSF9;KDELR1;DDX5;H2BC3;H3C11;LEO1;H3C14;SNRPA1;C4B;DNAJC10;SDC4;C4A;H3C15;UBA6;H2AC11;H2AC21;HNRNPK;H2BC15;DAXX;PAPOLA;ELAVL1;CPSF2;POLR2G;H2AC12;FUS;SNRPE;P4HA1;CDC40;H2BC11;LYN;CCAR1;BAG2;CTNNBL1;RNPS1;SEC11A;CD300A;CLINT1;DHX9;RICTOR;TRIM25;CLP1;DNAJC8;HSP90AA1;H2BC18;KPNA1;DHX15;WBP11;SNRPF;UFD1;AP2B1;IPO7;EIF4G1;SNRNP40;POLR2J;H2AC6;P4HA2;DAD1;NCBP2;H3C2;UBA1;U2AF2;TMEM258;POLR2H;ISY1;SF3B5;RBM22;PCBP1;SEC11C;PRPF19;H4C8;P4HB;RTF1;RETREG1;PDCD6IP;BECN1;EMC4;PCF11;SMNDC1;UBA5;SNRPD1;AQR;PRCC;HNRNPM;RIPK1;SRSF6;OST4;HNRNPU;H4C4;CDC5L;HNRNPA3;H2AC20;UBC;XRN1;CSTF2T;H3C6;CSTF3;BUD31;DPM2;KPNA4;SF3B3;SNRPD3"
"REACTOME_M_PHASE",2.62106469191678e-47,1.17773173490127e-44,1.79157248947691,0.567468447761811,3.11793606208305,395,"TNPO1;H2BC26;TUBB3;H3C12;UBE2D1;H4C12;H4C11;RAB2A;PSMA5;PPP2CA;PSMC2;PSMA6;PSMA4;RAD21;NUP210;WAPL;BUB1;PSMA2;KIF2A;MAPRE1;RAB1A;H3C8;H2AC19;H2AC18;NEK6;BUB3;H2BC12;H2AC7;H3C10;H2BC9;NUP50;TUBA1C;PLK1;ZW10;CENPQ;CENPU;ZWILCH;H2BC10;NEDD1;H2AC14;PSMD6;ZWINT;H2BC8;H2AC4;UBE2I;CHMP2B;CCNB1;KIF23;H4C9;PSMA1;CDK1;H4C16;H2AX;SUMO1;H2BC7;PSMD14;NEK2;CENPK;H2BC21;H2BC5;PSMD12;H2BC13;SKA1;PPP1CC;CNEP1R1;UBE2S;PSMB4;H3C4;PSMD1;SGO2;NUP37;MAD2L1;H4C14;VRK2;SMC4;KIF18A;CEP135;H2BC14;H2BC4;GORASP2;H4C15;H2BC17;UBE2C;PSMB1;H3C7;XPO1;BUB1B;CHMP4B;KNL1;CENPA;PTTG1;BLZF1;BIRC5;RAE1;KIF2C;PLK4;PRKCB;PDS5A;FBXO5;CSNK2A1;PSMA3;NCAPH;PSMD2;PSMB2;TMPO;PSMC6;H3C3;CCNB2;CENPE;MZT1;NUP155;LEMD3;CDC20;ERCC6L;CCP110;ADRM1;CENPI;PSMC4;H2AC8;TUBA4B;H3C13;BANF1;LMNB1;SKA2;H4C1;PSMD7;UBE2E1;SPC25;H2BC6;TUBA1B;SPAST;CDCA5;DSN1;H2BC3;H3C11;DYNLL1;H3C14;CDCA8;NDC80;ANAPC11;NCAPG;RCC1;CKAP5;H3C15;PSMA7;ESPL1;NUF2;MASTL;TUBA1A;LPIN2;HAUS2;NUP153;CENPL;NDC1;H2BC15;NUP205;NUP62;KIF20A;PPP2R5E;DYNC1LI1;H2BC11;DYNLL2;H3-3A;RB1;RAN;HSP90AA1;SGO1;SPC24;NCAPG2;PSMB3;H2AC6;STAG2;AURKB;IST1;NUP160;RCC2;H3C2;SEM1;PSMB5;CENPF;CENPH;CENPP;KNTC1;H4C8;CETN2;ARPP19;MIS12;H2AZ2;NUP43;ENSA;CLIP1;RAB1B;H3-3B;ANKLE2;SPDL1;CDC23;CENPN;SET;CENPM;SEC13;CEP70;PSMD8;INCENP;PSMD11;CHMP7;TUBA4A;PSMD3;PPP2R1A;TUBB;H2AJ;RANBP2;CSNK1D;H4C4;H2AC20;ITGB3BP;UBC;PPP2R2A;HAUS1;SEH1L;MAPK1;CHMP2A;H3C6;CHMP4A;SMC3;PSMC5;PSMC3;CEP43;CEP41"
"HALLMARK_INTERFERON_GAMMA_RESPONSE",3.64941330468872e-45,1.2298522836801e-42,1.75065026404932,0.685159482801831,3.48642772920492,197,"CASP3;OAS2;IFI44;MX1;CXCL11;CMPK2;CXCL9;EPSTI1;HERC6;RSAD2;CD69;CXCL10;CD86;EIF2AK2;STAT1;RIGI;ISG15;MARCHF1;SP110;MYD88;ZBP1;IRF7;HELZ2;OAS3;PTPN1;SAMD9L;PSMB10;OASL;PTPN6;DDX60;B2M;IFIT1;IFI27;IRF9;IFI44L;NAMPT;UBE2L6;IFI30;IL2RB;FCGR1A;IFIH1;ADAR;TRAFD1;PSME1;RTP4;PSMB8;GCH1;PSMA2;CASP8;ST8SIA4;TRIM14;STAT2;LAP3;ISG20;PARP14;TDRD7;LCP2;PSME2;SPPL2A;CCL5;TAPBP;BPGM;NMI;NCOA3;GZMA;VAMP8;LY6E;SLAMF7;BST2;SECTM1;HLA-DQA1;MX2;CDKN1A;PARP12;IRF8;MTHFD2;IFIT2;HLA-B;HIF1A;PNP;TNFAIP3;CFB;RNF213;MVP;ITGB7;TRIM26;IFIT3;LYSMD2;CD74;TAP1;HLA-DRB1;HLA-A;OGFR;IRF1;PSMA3;PSMB2;RAPGEF6;TRIM21;CASP7;IRF5;PSMB9;IDO1;IFITM3;CASP1;PLSCR1;KLRK1;SOCS3;RIPK2;NFKB1;TNFAIP6;IL4R;ICAM1;PIM1;CCL2;IFI35;HLA-DMA;ZNFX1;TRIM25"
"REACTOME_REGULATION_OF_T_CELL_ACTIVATION_BY_CD28_FAMILY",1.2185914688638e-41,3.2853226000568e-39,1.67817787124255,0.611582160743996,3.23799894770167,267,"LEF1;ICOS;CD80;CD86;STAT1;CTLA4;H2BC26;H3C12;CD3D;H4C12;H4C11;PTPN6;PSMA5;PPP2CA;PSMC2;PSMA6;CD3E;PSMA4;HLA-DRA;CD3G;CSK;LCK;PSMA2;H3C8;H2AC19;H2AC18;H2BC12;HLA-DPA1;H2AC7;HLA-DQB1;H3C10;H2BC9;HLA-DQB2;PIK3CG;TRAV29DV5;CUL3;CD247;MAGT1;H2BC10;H2AC14;PSMD6;DERL1;H2BC8;RPN1;H2AC4;HLA-DPB1;HLA-DQA1;GRAP2;H4C9;PSMA1;H4C16;H2AX;SEL1L;HIF1A;STT3B;H2BC7;PSMD14;NEK2;H2BC21;H2BC5;PSMD12;H2BC13;OSTC;PSMB4;TRIB3;BTLA;COPS5;CDC42;H3C4;PSMD1;H4C14;H2BC14;PAK2;H2BC4;H4C15;H2BC17;PSMB1;H3C7;RBBP7;TRAV19;PAK1;SKP1;HLA-DRB1;ERLEC1;PRKAG1;CSNK2A1;IRF1;PSMA3;RBX1;PSMD2;PSMB2;PSMC6;H3C3;TRAV8-4;CD4;ADRM1;CD28;PSMC4;RAC1;H2AC8;H3C13;PDPK1;H4C1;PDCD1;PSMD7;RPN2;PIK3R5;H2BC6;STT3A;DPY30;H2BC3;GSK3B;H3C11;H3C14;RBBP4;VAV1;MOV10;GRB2;H3C15;PSMA7;EZH2;NFKB1;H2BC15;HLA-DQA2;PPP2R5E;H2BC11;LYN;RNF5;TRBV7-9;H3-3A;SRC;PIK3R3;RICTOR;PRKAB1;PSMB3;TRBV12-3;H2AC6;DAD1;PIK3CB;HLA-DRB5;H3C2;TMEM258;SEM1;PSMB5;H4C8;H2AZ2;DERL3;H3-3B;CUL1;NFE2L2;PSMD8;PSMD11;RELA;PSMD3;PPP2R1A;OST4;H2AJ;H4C4;H2AC20;CD274;DERL2;UBC"
"REACTOME_DENGUE_VIRUS_HOST_INTERACTIONS",3.16663538398981e-39,7.11437416269711e-37,1.62807167569582,0.584619298097191,3.11664464110817,286,"POLR2K;H2BC26;SDC1;H3C12;H4C12;H4C11;IFIH1;HSPA8;H2AC25;SRSF2;CPSF3;SNRPB2;H2AC17;H2AC15;STAT2;H3C8;H2AC19;H2AC18;H2BC12;H2AC7;H3C10;EIF4A3;H2BC9;GPC6;POLR2B;DDX3X;BCAS2;LY96;SNRPG;H2BC10;H2AC14;H2BC8;H2AC4;DYNLT1;UBE2I;H4C9;H4C16;CRNKL1;HNRNPF;H2BC7;NEK2;CLEC5A;H2BC21;H2BC5;H2BC13;H2AC13;H3C4;SF3B1;AUP1;CSTF2;H4C14;DDX23;H2AC16;H2BC14;SRSF1;H2BC4;H4C15;H2BC17;H3C7;SRSF7;POLR2D;HNRNPH2;PTBP1;CDC73;CTR9;NRBP1;CSTF1;SNRPB;CGAS;U2AF1;CD2BP2;NUDT21;PPIL1;HNRNPA2B1;H3C3;SF3B6;ALYREF;SRSF3;PPIL4;HNRNPL;H2AC8;H3C13;H4C1;H2BC6;SRSF11;HNRNPH1;HNRNPC;SF3B4;U2SURP;HSP90AB1;SRSF9;DDX5;H2BC3;H3C11;LEO1;H3C14;SNRPA1;C4B;SDC4;C4A;H3C15;H2AC11;H2AC21;HNRNPK;H2BC15;DAXX;PAPOLA;ELAVL1;CPSF2;POLR2G;H2AC12;FUS;SNRPE;CDC40;H2BC11;CCAR1;CTNNBL1;RNPS1;DHX9;RICTOR;TRIM25;CLP1;DNAJC8;HSP90AA1;H2BC18;DHX15;WBP11;SNRPF;SNRNP40;POLR2J;H2AC6;NCBP2;H3C2;U2AF2;POLR2H;ISY1;SF3B5;RBM22;PCBP1;PRPF19;H4C8;RTF1;RETREG1;PDCD6IP;BECN1;PCF11;SMNDC1;SNRPD1;AQR;PRCC;HNRNPM;RIPK1;SRSF6;HNRNPU;H4C4;CDC5L;HNRNPA3;H2AC20"
"REACTOME_CO_INHIBITION_BY_PD_1",5.562153032401e-36,1.07111175538236e-33,1.56318197862453,0.622186814466581,3.20169024241646,216,"LEF1;STAT1;H2BC26;H3C12;CD3D;H4C12;H4C11;PTPN6;PSMA5;PSMC2;PSMA6;CD3E;PSMA4;HLA-DRA;CD3G;CSK;LCK;PSMA2;H3C8;H2AC19;H2AC18;H2BC12;HLA-DPA1;H2AC7;HLA-DQB1;H3C10;H2BC9;HLA-DQB2;TRAV29DV5;CUL3;CD247;MAGT1;H2BC10;H2AC14;PSMD6;DERL1;H2BC8;RPN1;H2AC4;HLA-DPB1;HLA-DQA1;H4C9;PSMA1;H4C16;H2AX;SEL1L;HIF1A;STT3B;H2BC7;PSMD14;NEK2;H2BC21;H2BC5;PSMD12;H2BC13;OSTC;PSMB4;COPS5;H3C4;PSMD1;H4C14;H2BC14;H2BC4;H4C15;H2BC17;PSMB1;H3C7;RBBP7;TRAV19;SKP1;HLA-DRB1;ERLEC1;PRKAG1;CSNK2A1;IRF1;PSMA3;RBX1;PSMD2;PSMB2;PSMC6;H3C3;TRAV8-4;CD4;ADRM1;PSMC4;H2AC8;H3C13;H4C1;PDCD1;PSMD7;RPN2;H2BC6;STT3A;DPY30;H2BC3;GSK3B;H3C11;H3C14;RBBP4;MOV10;H3C15;PSMA7;EZH2;NFKB1;H2BC15;HLA-DQA2;H2BC11;RNF5;TRBV7-9;H3-3A;PRKAB1;PSMB3;TRBV12-3;H2AC6;DAD1;HLA-DRB5;H3C2;TMEM258;SEM1;PSMB5;H4C8;H2AZ2;DERL3;H3-3B;CUL1;NFE2L2;PSMD8;PSMD11;RELA;PSMD3;OST4;H2AJ;H4C4;H2AC20;CD274;DERL2;UBC"
"REACTOME_DNA_REPLICATION",5.18866466264878e-35,8.7428999565632e-33,1.53645895003215,0.65309087730791,3.28592010094771,181,"H2BC26;H3C12;UBE2D1;H4C12;H4C11;PSMA5;PSMC2;PSMA6;PSMA4;PSMA2;H3C8;H2AC19;H2AC18;H2BC12;H2AC7;H3C10;H2BC9;POLD4;CCNE2;CDC6;H2BC10;H2AC14;PSMD6;H2BC8;H2AC4;H4C9;PSMA1;DBF4;H4C16;H2AX;H2BC7;PSMD14;RPA3;H2BC21;H2BC5;PSMD12;CDC7;H2BC13;UBE2S;PSMB4;H3C4;PSMD1;H4C14;H2BC14;GINS1;H2BC4;H4C15;H2BC17;UBE2C;PSMB1;H3C7;RFC4;SKP1;PSMA3;PCNA;SSBP1;RBX1;PSMD2;PSMB2;PSMC6;H3C3;ADRM1;PRIM1;PSMC4;DNA2;H2AC8;H3C13;CDK2;H4C1;PSMD7;UBE2E1;H2BC6;MCM2;H2BC3;H3C11;ORC6;H3C14;ANAPC11;H3C15;PSMA7;FEN1;CCNA2;H2BC15;H2BC11;H3-3A;MCM4;KPNA6;ORC3;MCM6;KPNA1;PSMB3;MCM10;RFC5;H2AC6;H3C2;SEM1;CCNE1;PSMB5;ORC2;MGME1;H4C8;H2AZ2;GINS2;GINS4;H3-3B;RPA2;CDC23;GINS3;CUL1;PSMD8;PSMD11;PSMD3;H2AJ;H4C4;H2AC20;UBC;ORC5;H3C6;POLE3;MCM8;PSMC5;PSMC3;PRIM2"
"HALLMARK_ALLOGRAFT_REJECTION",7.78209732928736e-35,1.16558524443104e-32,1.53645895003215,0.64663618764598,3.26048399544037,188,"IGSF6;INHBA;CXCL9;CCL22;CD80;PTPRC;CD86;STAT1;LY86;CD2;FYB1;GPR65;UBE2D1;CD3D;CCL11;IRF7;PSMB10;PTPN6;ABI1;CCR1;B2M;F2R;TRAT1;IL12RB1;CCR5;TGFB1;CD3E;BCAT1;HLA-DRA;IL2RB;CD3G;CSK;GALNT1;LCK;IL2RG;HLA-DMB;LIF;IL18;CCL4;ST8SIA4;ITGAL;SIT1;LCP2;HLA-DOA;CXCR3;IL12B;ITK;TNF;UBE2N;SRGN;CD8A;CCL5;TAPBP;BCL10;TLR1;CD247;GZMA;TPD52;LTB;TLR6;CD7;CD79A;HLA-DQA1;IRF8;CD96;CCR2;HIF1A;MAP4K1;FASLG;CAPG;CD1D;CTSS;GZMB;CD74;MRPL3;TAP1;HLA-A;ITGB2;PRKCB;CD8B;IL1B;HCLS1;CD4;CCL19;THY1;ELF4;ABCE1;CD28;CDKN2A;SPI1;IFNG;CRTAM;NME1;IL2RA;ZAP70;EIF3J;MAP3K7;RIPK2;IFNGR2;IL4R;ICAM1;CCL2;CXCL13;LYN;HLA-DMA;WAS"
"HALLMARK_E2F_TARGETS",9.24629943468675e-35,1.24640116379577e-32,1.53645895003215,0.63347675340647,3.22991685822398,200,"DCK;SMC6;JPT1;RRM2;HMGB3;RAD21;SRSF2;PRPS1;DCTPP1;PLK1;ZW10;DONSON;DEPDC1;RAD1;KPNA2;ATAD2;GSPT1;CDKN1A;CDK1;H2AZ1;CKS2;H2AX;MTHFD2;MYBL2;RPA3;UBE2S;PPP1R8;E2F8;MAD2L1;SMC4;RAD51AP1;AURKA;BRCA2;CNOT9;GINS1;SRSF1;TK1;ASF1A;CDKN1B;HMMR;XPO1;CSE1L;BUB1B;RBBP7;MXD3;KIF4A;PTTG1;BIRC5;RACGAP1;STMN1;SNRPB;KIF2C;TRIP13;PLK4;PRDX4;TFRC;NUDT21;PCNA;HMGB2;DLGAP5;TMPO;CCNB2;CENPE;CDC20;USP1;CCP110;HMGA1;DSCC1;CDKN2A;EIF2S1;LMNB1;TOP2A;CTCF;SPC25;UBE2T;DEK;KIF22;NME1;MCM2;CDKN3;ORC6;TACC3;CDCA8;ESPL1;EZH2;NUP153;NUP205;BARD1;SPAG5;MCM4;MELK;RAN;CHEK1;MCM6;SPC24;UBR7;CDC25A;IPO7;DCLRE1B;AURKB;TRA2B;MKI67;CKS1B;SLBP;CCNE1;CDCA3;PAICS;TIMELESS;ORC2;ASF1B;GINS4;RPA2;GINS3;CENPM;CTPS1;HELLS;TUBB;DNMT1;ANP32E;CBX5;NOLC1;DIAPH3;AK2;CDK4;SMC3;RNASEH2A;KIF18B;NOP56;PRIM2;PA2G4;MSH2;WEE1;NBN;CIT;RANBP1;SYNCRIP;NUP107;RAD51C;PRKDC;CHEK2;RFC2;XRCC6"
"REACTOME_NEUTROPHIL_DEGRANULATION",1.24897798289948e-33,1.53056574631681e-31,1.50926283727233,0.483108111044554,2.70597386372158,458,"ACTR2;RAB31;PTPRC;CD53;RAP1B;CTSH;SELL;PTPRJ;CAP1;PTPN6;PSMA5;CAB39;B2M;RAP2C;NRAS;PSMC2;CLEC4C;SNAP23;OLR1;COMMD3;BIN2;FAF2;PYCARD;HSPA8;MNDA;SIGLEC5;RAP2B;ITGAX;ITGAV;C3AR1;S100A7;RAB18;TYROBP;PLAC8;ATP6AP2;PSMA2;ITGAL;HLA-C;ATP6V0C;LYZ;CTSD;ARSB;AGA;LPCAT1;CEACAM6;GLB1;SERPINB1;S100P;CRISPLD2;CPNE3;PLAU;DNAJC13;CYBB;PLAUR;S100A11;FCGR2A;FCER1G;DDX3X;NEU1;GM2A;CYBA;ADA2;MAGT1;RAB10;VAMP8;HPSE;DOK3;IQGAP1;BST2;HEXB;PSMD6;NCKAP1L;CTSZ;DYNLT1;CTSB;MANBA;FRMPD3;PSAP;SLC15A4;CLEC12A;ADAM8;HLA-B;RAP1A;PSMD14;CLEC5A;PSMD12;PNP;RAB6A;AMPD3;PAFAH1B2;CD55;PSMD1;ASAH1;COTL1;DIAPH1;FUCA1;TBC1D10C;MVP;PSMB1;GDI2;PGAM1;CTSS;OSTF1;MAN2B1;CAND1;HMOX2;LAMP2;CCT8;GYG1;PKM;ITGB2;GRN;ADAM10;PRDX4;LAMTOR2;PSMD2;CD177;KCNAB2;SVIP;ALDOA;NPC2;CD58;RHOA;CMTM6;NDUFC2;SCAMP1;DNAJC3;ARHGAP9;CCT2;CD68;RAC1;PPIA;PSMD7;ARPC5;DNAJC5;HSP90AB1;DSN1;CPPED1;GCA;DYNLL1;CTSA;ALOX5;RAB7A;ATP6V1D;DOCK2;NFKB1;TMEM30A;GLIPR1;TNFAIP6;C6orf120;CAPN1;UNC13D;XRCC5;DYNC1LI1;MIF;TMC6;AGL;CD300A;SRP14;COPB1;CANT1;HSP90AA1;OSCAR;RNASET2;FRK;MOSPD2;RAB14;NFAM1;TMEM179B;GPR84;SIGLEC9;PSEN1;PTAFR;ARHGAP45;PGM2;RHOG;IST1;KCMF1;ITGAM;ORM1;SLC27A2;GAA;RAB27A;ILF2;C5AR1;FUCA2;DEGS1;HVCN1;LAIR1;NCSTN;FPR1;VAPA;TICAM2;HSPA6;RAB37;B4GALT1;PSMD11;SIGLEC14;RAB5C;RHOF;PSMD3;CNN2;RNASE2;TUBB;CKAP4;CPNE1;GUSB;PDAP1;APEH;MAPK1;MLEC;SNAP29;COMMD9;RAB5B;APRT;AOC1;PRCP;PSMC3;GGH;DSP;PA2G4;GLA;STK10;LAMTOR1;GMFG;LILRB2;TLR2;DBNL;CDK13;NIT2;ANXA2;MAPK14;SURF4;PSMB7;GSDMD;CRISP3;CSNK2B;GOLGA7;MMP9;ROCK1;ARL8A;XRCC6;TUBB4B;PLEKHO2;ADGRG3;TCIRG1;RAB4B;CTSC;ACTR10;TRPM2"
"REACTOME_DNA_REPAIR",9.7963931752519e-33,1.10046150001996e-30,1.48853970961455,0.530112382666758,2.84317721110008,327,"COPS8;XRCC4;POLR2K;H2BC26;ISG15;ACTB;CDK7;DCLRE1A;H4C12;H4C11;TINF2;TDP2;UBE2L6;GEN1;MBD4;H2AC19;H2AC18;PPP4C;H2BC12;H2AC7;RAD17;H2BC9;UBE2N;POLD4;UBE2B;POLR2B;USP7;H2BC10;H2AC14;RAD1;KPNA2;H2BC8;H2AC4;SMARCA5;UBE2I;H4C9;H4C16;H2AX;SUMO1;SUMO3;H2BC7;PCLAF;RPA3;H2BC21;H2BC5;RMI1;H2BC13;NEIL3;FANCF;TOPBP1;COPS5;H4C14;UBE2V2;RAD51AP1;BRCA2;H2BC14;H2BC4;H4C15;H2BC17;POLR2D;TDG;POLB;RFC4;BLM;SUMO2;RUVBL1;TCEA1;RNF4;PCNA;RBX1;PARP1;ERCC4;USP1;CLSPN;DNA2;H2AC8;DCLRE1C;CDK2;H4C1;UBE2T;H2BC6;EME1;POT1;PPP4R2;SLX4;H2BC3;RHNO1;POLQ;FEN1;CUL4B;CCNA2;H2BC15;RMI2;PALB2;FANCI;XRCC5;SPRTN;POLR2G;BARD1;ACTL6A;RAD9A;H2BC11;TERF2IP;GTF2H3;TRIM25;FANCD2;CHEK1;EXO1;XRCC2;BRIP1;USP10;UFD1;RFC5;POLR2J;DCLRE1B;H2AC6;SEM1;POLR2H;CENPX;RAD51;ISY1;DTL;GTF2H2;LIG4;RNF111;PRPF19;RAD23B;TIMELESS;FIGNL1;H4C8;CETN2;H2AZ2;DDB1;BAZ1B;COPS4;ADPRS;ASCC3;RPA2;AQR;POLM;RNF168;COPS3;H2AJ;MPG;TERF1;KDM4A;H4C4;H2AC20;UBC;EYA3;COPS2;COPS6;GTF2H5;ASCC1;MSH6;POLE3;SLX1A;MSH2;NBN;SLX1B;RAD51C;NPLOC4;POLR2C;ATM;SIRT6;PIAS4;PRKDC;CHEK2;RFC2;POLH;XRCC6;ATRIP;BRCC3;UBB"
"REACTOME_CLASS_I_MHC_MEDIATED_ANTIGEN_PROCESSING_PRESENTATION",1.18989824205547e-32,1.23383294637752e-30,1.48853970961455,0.517610118822778,2.81579815729102,359,"ZNRF2;DTX3L;HERC6;KBTBD8;UBE2W;MYD88;UBE2D1;BTBD1;PSMB10;ELOC;PSMA5;B2M;PSMC2;ANAPC13;PSMA6;SNAP23;UBE2F;PSMA4;UBE2L6;FCGR1A;PSME1;SEC61G;ITGAV;PSMB8;BTK;WWP1;PSMA2;PDIA3;HLA-C;CALR;CANX;CUL5;PSME2;UFL1;UBE2N;RNF19B;FBXL16;CYBB;SEC61A1;UBE2B;UBE2K;MKRN1;TAPBP;RNF138;TLR1;CUL3;LY96;CYBA;VAMP8;TLR6;UBE4A;KCTD6;SEC24A;PSMD6;FCGR1BP;UBE2D2;SEC31A;PSMA1;FBXO41;RNF7;HLA-B;PSMD14;PSMD12;HSPA5;UBE2S;PSMB4;SIAH2;UBE2A;PSMD1;ELOB;UBA3;UBE2V2;TRIP12;FBXO4;ITCH;RBBP6;RNF213;UBE2C;PSMB1;UBE2Z;CTSS;CUL2;CCNF;SKP1;CTSL;TAP1;ERAP2;HLA-A;RNF4;PSMA3;NEDD4;RBX1;PSMD2;PSMB2;PSMC6;UBR1;UBE2J1;CDC20;CHUK;UBE2G1;TRIM21;ADRM1;RNF34;PSMC4;ASB7;SEC22B;PSMB9;SPSB1;UBE2D3;PSMD7;VHL;UBE2E1;LTN1;UBE2V1;AREL1;UBE2Q2;ANAPC11;SEC24D;SOCS3;UBA6;PSMA7;FBXW11;UBE2M;TRIM11;HERC5;RNF6;SAR1B;SEC61B;RNF115;UBE2Q1;UBE3A;RLIM;CTSV;NCF1;FBXO6;RNF19A;PSMB3;SEC24C;LRR1;UBA1;SEM1;SEC61A2;RNF114;DZIP3;PSMB5;RNF111;HLA-F;FBXO22;BECN1;RNF14;TRIM37;UBA5;TRAF7;CDC23;NCF2;UBE3C;CUL1;SIAH1;SEC13;PSMD8;PSMD11;UBE2L3;PSMD3;STX4;TAP2;STUB1;UBC;MEX3C;RNF126;PSMC5;IKBKB;PSMC3;TRIM69;RNF25;TRAIP;TLR2;KLHL42;SPSB2;CDC27;PSMB7;FBXL19;DCAF1;ZNRF1;FGG;RBCK1;SMURF2;TPP2;PSMC1;UBE2H;UBB"
"REACTOME_G2_M_CHECKPOINTS",1.85804628426831e-31,1.78903313656692e-29,1.46045153084133,0.659618712356839,3.22283932934472,153,"H2BC26;H4C12;H4C11;PSMA5;YWHAZ;PSMC2;PSMA6;PSMA4;PSMA2;H2BC12;RAD17;H2BC9;UBE2N;YWHAQ;CDC6;H2BC10;RAD1;PSMD6;H2BC8;CCNB1;H4C9;PSMA1;DBF4;CDK1;H4C16;PKMYT1;H2AX;H2BC7;PSMD14;RPA3;H2BC21;YWHAH;H2BC5;RMI1;PSMD12;CDC7;H2BC13;TOPBP1;PSMB4;PSMD1;YWHAB;H4C14;UBE2V2;H2BC14;H2BC4;H4C15;H2BC17;PSMB1;RFC4;BLM;PSMA3;PSMD2;PSMB2;PSMC6;CCNB2;ADRM1;CLSPN;PSMC4;DNA2;CDK2;H4C1;PSMD7;H2BC6;MCM2;H2BC3;ORC6;RHNO1;PSMA7;CCNA2;H2BC15;RMI2;BARD1;RAD9A;H2BC11;MCM4;ORC3;CHEK1;MCM6;GTSE1;EXO1;BRIP1;PSMB3;CDC25A;MCM10;RFC5;CDC25C;SEM1;PSMB5;ORC2;H4C8;RPA2;PSMD8;PSMD11;RNF168;PSMD3;H4C4;UBC;ORC5;MCM8;PSMC5;PSMC3;WEE1;NBN;ATM;PIAS4;PSMB7;ORC1;CHEK2;RFC2;ATRIP;PSMC1;BRCC3;UBB"
"REACTOME_MITOTIC_METAPHASE_AND_ANAPHASE",2.16084912318762e-31,1.94188307870461e-29,1.45334466856494,0.599718392546219,3.08961934618086,220,"TNPO1;TUBB3;UBE2D1;PSMA5;PPP2CA;PSMC2;PSMA6;PSMA4;RAD21;WAPL;BUB1;PSMA2;KIF2A;MAPRE1;BUB3;TUBA1C;PLK1;ZW10;CENPQ;CENPU;ZWILCH;PSMD6;ZWINT;UBE2I;CHMP2B;CCNB1;PSMA1;CDK1;SUMO1;PSMD14;CENPK;PSMD12;SKA1;PPP1CC;UBE2S;PSMB4;PSMD1;SGO2;NUP37;MAD2L1;VRK2;KIF18A;UBE2C;PSMB1;XPO1;BUB1B;CHMP4B;KNL1;CENPA;PTTG1;BIRC5;KIF2C;PDS5A;FBXO5;PSMA3;PSMD2;PSMB2;TMPO;PSMC6;CCNB2;CENPE;NUP155;LEMD3;CDC20;ERCC6L;ADRM1;CENPI;PSMC4;TUBA4B;BANF1;LMNB1;SKA2;PSMD7;UBE2E1;SPC25;TUBA1B;SPAST;CDCA5;DSN1;DYNLL1;CDCA8;NDC80;ANAPC11;RCC1;CKAP5;PSMA7;ESPL1;NUF2;TUBA1A;CENPL;NDC1;NUP205;NUP62;PPP2R5E;DYNC1LI1;DYNLL2;RAN;SGO1;SPC24;PSMB3;STAG2;AURKB;IST1;NUP160;RCC2;SEM1;PSMB5;CENPF;CENPH;CENPP;KNTC1;MIS12;NUP43;CLIP1;ANKLE2;SPDL1;CDC23;CENPN;CENPM;SEC13;PSMD8;INCENP;PSMD11;CHMP7;TUBA4A;PSMD3;PPP2R1A;RANBP2;ITGB3BP;UBC;PPP2R2A;SEH1L;CHMP2A;CHMP4A;SMC3;PSMC5;PSMC3"
"REACTOME_INTERFERON_SIGNALING",6.60921515536404e-31,5.56826376839421e-29,1.44620288250144,0.555598399982407,2.9383354033727,268,"OAS1;OAS2;IFI44;MX1;IFI6;RSAD2;EIF2AK2;STAT1;RIGI;TUBB3;ISG15;IFIT5;ACTB;IRF7;OAS3;PTPN1;OASL;PTPN6;B2M;PPP2CA;IFIT1;IFI27;IRF9;IFI44L;HLA-DRA;UBE2L6;IFI30;FCGR1A;IFIH1;ADAR;HSPA8;PSMB8;NUP210;TRIM14;STAT2;ISG20;HLA-C;GBP1;EIF4E;HLA-DPA1;HLA-DQB1;EIF4A3;EIF2S2;GBP5;UBE2N;HLA-DQB2;NUP50;TUBA1C;BST2;KPNA2;ACTG1;HLA-DPB1;FCGR1BP;UBE2I;HLA-DQA1;MX2;IRF8;CDK1;SUMO1;IFIT2;HLA-B;HSPA5;FANCF;NUP37;EIF4E2;TRIM26;IFIT3;EIF4G2;HLA-H;HLA-DRB1;RAE1;IFITM1;HLA-A;IRF1;NEDD4;NUP155;SMAD7;CHUK;TRIM21;ABCE1;DNAJC3;IRF5;EIF2S1;TUBA4B;TRIM22;UBE2E1;IFNG;TUBA1B;IFITM3;CASP1;GBP3;SP100;SOCS3;EIF2S3;IFNGR2;TUBA1A;NUP153;HERC5;EIF2AK3;PGGT1B;NDC1;NUP205;HLA-DQA2;NUP62;ICAM1;PIM1;IFI35;DHX9;TRIM25;PDE12;KPNA1;PTAFR;USP18;EIF4G1;RNASEL;HLA-DRB5;NUP160;CENPX;SAMHD1;ILF2;HLA-F;NUP43;TRIM34;BECN1;IFNAR2;SEC13;TRIM38;TRIM62;TUBA4A;PPP2R1A;RANBP2;UBC;SEH1L;MAPK1;KPNA4;ATF6;NCK1;IKBKB;MAVS;TUBB8;NUP107;EIF4A2;HSPA1L;IFNAR1;PIN1;EIF4A1;TUBB4B;TARBP2;UBB;GBP2;XAF1;VCAM1;KPNA3;NUP93;SPHK1;GBP4;TUBB1;NUP58"
"REACTOME_PROCESSING_OF_CAPPED_INTRON_CONTAINING_PRE_MRNA",4.83929920787977e-30,3.83727960718937e-28,1.42456271623384,0.542911953261192,2.89498546279427,290,"POLR2K;HSPA8;SRSF2;NUP210;CPSF3;SNRPB2;EIF4E;EIF4A3;NUP50;POLR2B;BCAS2;SNRPG;FYTTD1;PRPF40A;PPP1CA;SNIP1;CRNKL1;HNRNPF;XRN2;PPP1R8;SF3B1;NUP37;CSTF2;USP39;DDX23;SRSF1;RBBP6;RBM7;SRSF7;POLR2D;SNRNP25;SNRPC;WTAP;HNRNPH2;PTBP1;ZRSR2;CSTF1;RAE1;SNRPB;U2AF1;SNRNP27;UBL5;NUDT21;PPIL1;HNRNPA2B1;SF3B6;THOC2;ALYREF;NUP155;SRSF3;PPIL4;HNRNPL;MAGOH;MFAP1;SDE2;SRSF10;SRSF11;THOC6;HNRNPH1;HNRNPC;SF3B4;U2SURP;SRSF9;LSM3;DDX5;DDX41;SNRPA1;NUP153;NDC1;HNRNPK;NUP205;PAPOLA;NUP62;ZCRB1;CPSF2;POLR2G;FUS;SNRPE;CDC40;CCAR1;CTNNBL1;RNPS1;DHX9;CLP1;DNAJC8;DHX15;WBP11;MAGOHB;SNRPF;SNRNP40;POLR2J;NCBP2;TRA2B;NUP160;LSM5;U2AF2;MTREX;POLR2H;SLBP;ISY1;SF3B5;RBM22;PCBP1;SARNP;PRPF19;PAPOLG;NUP43;SNRNP48;THOC3;METTL14;PCF11;SMNDC1;SNRPD1;RBM39;AQR;ZMAT2;PRCC;HNRNPM;SEC13;RBM8A;SRSF6;HNRNPU;RANBP2;THOC7;CDC5L;HNRNPA3;UBC;SEH1L;CSTF2T;RNF113A;NKAP;PRPF3;CSTF3;BUD31;SF3B3;SNRPD3;SLU7;PPP1R10;CWC15;PRPF4;PUF60;NUP107;POLR2C;FIP1L1;SF3B2;LSM4;LENG1;PPWD1;SYF2;UBB;LSM7;CHTOP;PPIL2;LSM8;ZNF830;PPIL3;PPIG;NUP93;TXNL4A;NUP58;GLE1;DDX39A;SNRNP200;NXT1;DDX46;SF3A3;IK;PHF5A;RBMX;NUP133;BUD13;NUP42;ACIN1;NCBP1;LSM2"
"REACTOME_DNA_REPLICATION_PRE_INITIATION",5.13080228944518e-30,3.84240082565117e-28,1.42456271623384,0.661245673707659,3.22173676736312,146,"H2BC26;H3C12;UBE2D1;H4C12;H4C11;PSMA5;PSMC2;PSMA6;PSMA4;PSMA2;H3C8;H2AC19;H2AC18;H2BC12;H2AC7;H3C10;H2BC9;CDC6;H2BC10;H2AC14;PSMD6;H2BC8;H2AC4;H4C9;PSMA1;DBF4;H4C16;H2AX;H2BC7;PSMD14;RPA3;H2BC21;H2BC5;PSMD12;CDC7;H2BC13;UBE2S;PSMB4;H3C4;PSMD1;H4C14;H2BC14;H2BC4;H4C15;H2BC17;UBE2C;PSMB1;H3C7;PSMA3;PSMD2;PSMB2;PSMC6;H3C3;ADRM1;PRIM1;PSMC4;H2AC8;H3C13;CDK2;H4C1;PSMD7;UBE2E1;H2BC6;MCM2;H2BC3;H3C11;ORC6;H3C14;ANAPC11;H3C15;PSMA7;H2BC15;H2BC11;H3-3A;MCM4;KPNA6;ORC3;MCM6;KPNA1;PSMB3;MCM10;H2AC6;H3C2;SEM1;PSMB5;ORC2;H4C8;H2AZ2;H3-3B;RPA2;CDC23;PSMD8;PSMD11;PSMD3;H2AJ;H4C4;H2AC20;UBC;ORC5;H3C6;POLE3;MCM8;PSMC5;PSMC3;PRIM2"
"REACTOME_RHO_GTPASE_EFFECTORS",1.26500973552319e-29,8.97491117623819e-28,1.40995143033448,0.520726625847422,2.78515138711752,316,"ACTR2;CYFIP2;ACTR3;ARPC2;H2BC26;TUBB3;H3C12;ACTB;H4C12;H4C11;ABI1;YWHAZ;PPP2CA;ARPC1B;RAC2;ARPC3;BTK;BUB1;KIF2A;MAPRE1;H3C8;H2AC19;H2AC18;BUB3;H2BC12;H2AC7;H3C10;H2BC9;PFN1;CYBB;LIMK1;CFL1;TUBA1C;YWHAQ;PLK1;ZW10;CENPQ;CYBA;CENPU;ZWILCH;H2BC10;H2AC14;ARPC4;IQGAP1;ACTG1;ZWINT;H2BC8;NCKAP1L;H2AC4;H4C9;WIPF1;H4C16;H2AX;KIF5B;H2BC7;CENPK;H2BC21;YWHAH;H2BC5;H2BC13;SKA1;PPP1CC;CDC42;H3C4;SGO2;NUP37;YWHAB;MAD2L1;H4C14;ARPC1A;DIAPH1;KIF18A;H2BC14;PAK2;H2BC4;H4C15;H2BC17;H3C7;CDKN1B;XPO1;BUB1B;KNL1;PAK1;CENPA;BIRC5;KIF2C;PRKCB;H3C3;CENPE;CDC20;RHOA;ERCC6L;WASL;CENPI;RAC1;MYL12B;H2AC8;TUBA4B;H3C13;PDPK1;SKA2;H4C1;NCOA2;SPC25;H2BC6;ARPC5;TUBA1B;DSN1;CDH1;PFN2;FMNL3;H2BC3;H3C11;DYNLL1;H3C14;CDCA8;NDC80;CKAP5;GRB2;H3C15;NUF2;TUBA1A;CENPL;H2BC15;EVL;PPP2R5E;DYNC1LI1;H2BC11;NCF1;DYNLL2;PRC1;H3-3A;WAS;SRC;GOPC;SGO1;SPC24;RHOC;KIF14;DVL3;H2AC6;AURKB;RHOG;NUP160;RCC2;CDC25C;H3C2;CENPF;CENPH;CENPP;KNTC1;H4C8;MIS12;H2AZ2;NUP43;CLIP1;H3-3B;IQGAP3;SPDL1;CENPN;NCF2;KTN1;BRK1;CENPM;SEC13;INCENP;TUBA4A;PPP2R1A;H2AJ;RANBP2;H4C4;H2AC20;ITGB3BP;PRKCZ;SEH1L"
"REACTOME_SIGNALING_BY_INTERLEUKINS",2.35103149836392e-29,1.58459522989728e-27,1.40995143033448,0.470905524367981,2.62944473140973,434,"CASP3;CAPZA1;CCL3L3;FN1;CCL22;IGHG1;CD80;CXCL10;IL21R;CD86;STAT1;IGHG4;SDC1;H3C12;MYD88;RAP1B;CCL11;LGALS9;BLNK;TBK1;IL24;PTPN6;IL9R;PSMA5;CCR1;YWHAZ;IL12RB1;PPP2CA;CCR5;PSMC2;PSMA6;TGFB1;LCP1;PSMA4;CISH;IL2RB;MMP1;IRAK4;HSPA8;ITGAX;LCK;IL2RG;LIF;BOLA2B;IL21;IL18;PSMA2;CASP8;CCL4;STAT2;H3C8;N4BP1;VAMP7;IL7R;CANX;PTPN7;PSME2;MAPKAPK2;H3C10;OPRD1;IL12B;TNF;UBE2N;COL1A2;IL20;MAPK9;CCL5;CFL1;PSMD6;GATA3;HAVCR2;OSM;MCL1;CDKN1A;PSMA1;BOLA2;CCR2;HIF1A;HNRNPF;SOD1;CCL3;PSMD14;PSMD12;EBI3;IL32;PSMB4;HCK;CDC42;H3C4;PSMD1;JUNB;IL13RA1;FASLG;PAK2;PSMB1;H3C7;GSTO1;STX3;NOD2;SKP1;HSP90B1;IGHE;BCL2L1;BIRC5;ITGB2;HMOX1;MMP2;TCP1;SYK;IL1B;PSMA3;RPS6KA1;RBX1;PSMD2;PSMB2;PSMC6;HNRNPA2B1;H3C3;BRWD1;CD4;CCL19;HSPA9;MMP3;CHUK;ADRM1;PSMC4;IL10RB;H3C13;LMNB1;PPIA;PSMD7;ATF2;ELK1;IFNG;CASP1;UBE2V1;TAB3;IL2RA;CCL20;H3C11;H3C14;ARF1;SNRPA1;BATF;ALOX5;MAP3K7;VAV1;GRB2;SOCS3;H3C15;STXBP2;RALA;PSMA7;RIPK2;FBXW11;NFKB1;IL4R;ICAM1;PIM1;CCL2;LYN;MIF;PIK3R3;HSP90AA1;PTK2B;CREB1;PSMB3;PTAFR;USP18;ATF1;PIK3CB;IL10;TIMP1;H3C2;ITGAM;MUC1;SEM1;PSMB5;TXLNA;MAPKAPK3;VRK3;IL23A;P4HB;USP14;IL23R;OPRM1;FPR1;CUL1;CSF2RB;CSF2RA;STX1A;PSMD8;PSMD11;RELA;PTPN12;JAK3;POU2F1;PSMD3;STX4;PPP2R1A;CNN2;STAT4"
"HALLMARK_INTERFERON_ALPHA_RESPONSE",2.89806910475821e-29,1.86028435867336e-27,1.40258870935552,0.743392702858745,3.39344529283665,97,"SAMD9;OAS1;IFI44;MX1;CXCL11;CMPK2;PARP9;EPSTI1;HERC6;RSAD2;LAMP3;CXCL10;EIF2AK2;ISG15;SP110;SELL;IRF7;HELZ2;SAMD9L;OASL;DDX60;B2M;IFI27;IRF9;IFI44L;UBE2L6;IFI30;IFIH1;ADAR;TRAFD1;PSME1;RTP4;PSMB8;CASP8;TRIM14;STAT2;LAP3;ISG20;HLA-C;PARP14;TDRD7;PSME2;NMI;LY6E;BST2;PARP12;IFIT2;ELF1;TRIM26;IFIT3;CD74;TAP1;IFITM1;OGFR;IRF1;PSMA3;TRIM21;PSMB9;IFITM3;CASP1;PLSCR1;MOV10;RIPK2;IL4R;IFI35;TRIM25"
"HALLMARK_MYC_TARGETS_V1",1.03042881912254e-28,6.3137184008054e-27,1.38774608305349,0.597727835726176,3.04764334738411,200,"PSMA6;PSMA4;SRSF2;CBX3;PSMA2;VBP1;SNRPB2;NDUFAB1;BUB3;EIF4E;CANX;EIF2S2;YWHAQ;CCT5;SNRPG;ETF1;PTGES3;GLO1;KPNA2;GSPT1;PSMA1;H2AZ1;HSPE1;PSMD14;HPRT1;COPS5;PSMD1;CSTF2;MAD2L1;SRSF1;PGK1;ERH;SRSF7;XPO1;EIF4G2;RFC4;DDX18;ACP1;U2AF1;TCP1;PRDX4;PCNA;SSBP1;DDX21;PSMB2;PSMC6;HNRNPA2B1;CDC20;SRSF3;USP1;ABCE1;CCT2;PSMC4;SRPK1;EIF2S1;CDK2;PPIA;PSMD7;UBE2E1;DEK;HNRNPC;TOMM70;VDAC3;HSP90AB1;NME1;MCM2;EIF3J;STARD7;SNRPA1;PSMA7;HSPD1;CCNA2;EPRS1;RNPS1;VDAC1;MCM4;RAN;FAM120A;MCM6;GOT2;DHX15;PSMB3;SSB;XPOT;AP3S1;PPM1G;NCBP2;TRA2B;G3BP1;CCT4;PCBP1;CCT3;RAD23B;ORC2;ILF2;COX5A;TUFM;EIF4H;PWP1;SNRPD1;LDHA;CCT7;CNBP;CUL1;SET;PSMD8;HDGF;NHP2;CTPS1;UBE2L3;PSMD3;HNRNPU;HNRNPA3;RRM1;IARS1;EIF1AX;MRPL9;TARDBP;NOLC1;CDK4;POLE3;SF3B3;NOP56;SNRPD3;PRDX3;PA2G4;GNL3;CLNS1A;RANBP1;SYNCRIP;EIF4A1;XRCC6;HDAC2;LSM7;RUVBL2;KARS1;APEX1;MRPS18B;SERBP1;TXNL4A"
"KEGG_SYSTEMIC_LUPUS_ERYTHEMATOSUS",1.38914698804205e-28,8.14160930382905e-27,1.38774608305349,0.688454412856428,3.25420881880215,122,"CD80;CD86;H2BC26;H3C12;H4C12;H4C11;FCGR3A;HLA-DRA;FCGR1A;H2AC25;HLA-DMB;H2AC17;H2AC15;H3C8;H2AC19;H2AC18;H2BC12;HLA-DPA1;H2AC7;HLA-DOA;HLA-DQB1;H3C10;TNF;H2BC9;FCGR2A;H2BC10;H2AC14;H2BC8;H2AC4;HLA-DPB1;HLA-DQA1;H4C9;H4C16;H2AZ1;H2AX;H2BC7;H2BC21;H2BC5;H2BC13;MACROH2A1;H2AC13;H3C4;H4C14;RO60;H2AC16;H2BC14;H2BC4;H4C15;H2BC17;H3C7;HLA-DRB1;SNRPB;H3C3;TRIM21;CD28;H2AC8;H3C13;H4C1;H2BC6;IFNG;H2BC3;H3C11;H3C14;C4B;C4A;H3C15;H2AC11;H2AC21;H2BC15;HLA-DQA2;H2AC12;H2BC11;HLA-DMA;H3-3A;H2BC18;SSB;H2AC6;HLA-DRB5;IL10;H3C2;HLA-DOB;H4C8;H2AZ2;C2;CD40LG;H3-3B;SNRPD1;C1QB;H2AJ;H4C4;H2AC20;H3-5"
"REACTOME_HIV_INFECTION",1.67383083159931e-28,9.40134983748279e-27,1.38774608305349,0.582622308808828,3.00351302653671,218,"XRCC4;POLR2K;CXCR4;CDK7;ELOC;GTF2E1;AP1S3;PSMA5;B2M;CCR5;PSMC2;PSMA6;PSMA4;AP1S2;NUP210;LCK;CHMP5;PSMA2;TAF9;CUL5;VTA1;NUP50;POLR2B;TAF5;CCNT1;CD247;GTF2B;TAF13;AP1G1;PSMD6;CHMP2B;PSMA1;APOBEC3G;PSMD14;AP1S1;PSMD12;SUPT4H1;GTF2A1;PSMB4;HCK;TAF2;PSMD1;NUP37;ELOB;PAK2;GTF2A2;PSMB1;POLR2D;XPO1;CHMP4B;ATP6V1H;TAF12;SKP1;AP2M1;RAE1;HLA-A;CD8B;AP2S1;TCEA1;CCNT2;PSMA3;RBX1;PSMD2;PSMB2;PSMC6;TAF9B;TSG101;CD4;NUP155;TAF11;HMGA1;ADRM1;CD28;PSMC4;RAC1;BANF1;PPIA;PSMD7;ARF1;RCC1;DOCK2;PSMA7;FEN1;NUP153;NDC1;NUP205;NUP62;XRCC5;POLR2G;AP1B1;GTF2H3;RAN;KPNA1;PSMB3;AP2B1;POLR2J;NCBP2;NUP160;TAF4;SEM1;GTF2E2;POLR2H;PSMB5;GTF2H2;LIG4;VPS37C;NUP43;SUPT16H;SLC25A5;PDCD6IP;TBP;SEC13;PSMD8;PSMD11;CHMP7;PSMD3;RANBP2;TAF7;UBC;SEH1L;CCNK;CHMP2A;GTF2H5;AP1M2;CHMP4A;NELFCD;PSMC5;PSMC3;VPS4B;RNMT;RANBP1;NUP107;POLR2C;PSMB7;XRCC6;PSMC1;UBB"
"REACTOME_REGULATION_OF_PD_L1_CD274_EXPRESSION",1.5638272426894e-27,8.43215649258125e-26,1.36517960216169,0.593602320752506,3.01610700527495,193,"LEF1;STAT1;H2BC26;H3C12;H4C12;H4C11;PSMA5;PSMC2;PSMA6;PSMA4;PSMA2;H3C8;H2AC19;H2AC18;H2BC12;H2AC7;H3C10;H2BC9;CUL3;MAGT1;H2BC10;H2AC14;PSMD6;DERL1;H2BC8;RPN1;H2AC4;H4C9;PSMA1;H4C16;H2AX;SEL1L;HIF1A;STT3B;H2BC7;PSMD14;NEK2;H2BC21;H2BC5;PSMD12;H2BC13;OSTC;PSMB4;COPS5;H3C4;PSMD1;H4C14;H2BC14;H2BC4;H4C15;H2BC17;PSMB1;H3C7;RBBP7;SKP1;ERLEC1;PRKAG1;CSNK2A1;IRF1;PSMA3;RBX1;PSMD2;PSMB2;PSMC6;H3C3;ADRM1;PSMC4;H2AC8;H3C13;H4C1;PDCD1;PSMD7;RPN2;H2BC6;STT3A;DPY30;H2BC3;GSK3B;H3C11;H3C14;RBBP4;MOV10;H3C15;PSMA7;EZH2;NFKB1;H2BC15;H2BC11;RNF5;H3-3A;PRKAB1;PSMB3;H2AC6;DAD1;H3C2;TMEM258;SEM1;PSMB5;H4C8;H2AZ2;DERL3;H3-3B;CUL1;NFE2L2;PSMD8;PSMD11;RELA;PSMD3;OST4;H2AJ;H4C4;H2AC20;CD274;DERL2;UBC;RBBP5;H3C6;CDK4;PSMC5;PSMC3"
"REACTOME_TCR_SIGNALING",5.93125167804848e-27,3.0751258700036e-25,1.34992572002205,0.69594518878765,3.21273343411819,109,"CARD11;PTPRC;PTPN22;FYB1;UBE2D1;CD3D;PTPRJ;PSMA5;TRAT1;PSMC2;PSMA6;CD3E;PSMA4;HLA-DRA;CD3G;CSK;LCK;PSMA2;LCP2;HLA-DPA1;HLA-DQB1;ITK;UBE2N;HLA-DQB2;BCL10;TRAV29DV5;CD247;PSMD6;HLA-DPB1;HLA-DQA1;GRAP2;UBE2D2;PSMA1;PSMD14;PSMD12;PSMB4;PSMD1;PAG1;PAK2;PSMB1;VASP;TRAV19;PAK1;SKP1;HLA-DRB1;PSMA3;PSMD2;PSMB2;PSMC6;TRAV8-4;CD4;CHUK;ADRM1;PSMC4;PDPK1;PSMD7;LAT;UBE2V1;ZAP70;MAP3K7;ENAH;PSMA7;RIPK2;FBXW11;NFKB1;HLA-DQA2;EVL;TRBV7-9;WAS;PSMB3;TRBV12-3;PIK3CB;CD101;HLA-DRB5;SEM1;PSMB5;MALT1;CUL1;PSMD8;PSMD11;RELA;PSMD3;UBC;PSMC5;NCK1;IKBKB;PSMC3"
"REACTOME_SEPARATION_OF_SISTER_CHROMATIDS",7.4300714701729e-27,3.70953197844188e-25,1.34223377296446,0.605735115204271,3.03486427618101,175,"TUBB3;UBE2D1;PSMA5;PPP2CA;PSMC2;PSMA6;PSMA4;RAD21;WAPL;BUB1;PSMA2;KIF2A;MAPRE1;BUB3;TUBA1C;PLK1;ZW10;CENPQ;CENPU;ZWILCH;PSMD6;ZWINT;PSMA1;PSMD14;CENPK;PSMD12;SKA1;PPP1CC;UBE2S;PSMB4;PSMD1;SGO2;NUP37;MAD2L1;KIF18A;UBE2C;PSMB1;XPO1;BUB1B;KNL1;CENPA;PTTG1;BIRC5;KIF2C;PDS5A;PSMA3;PSMD2;PSMB2;PSMC6;CENPE;CDC20;ERCC6L;ADRM1;CENPI;PSMC4;TUBA4B;SKA2;PSMD7;UBE2E1;SPC25;TUBA1B;CDCA5;DSN1;DYNLL1;CDCA8;NDC80;ANAPC11;CKAP5;PSMA7;ESPL1;NUF2;TUBA1A;CENPL;PPP2R5E;DYNC1LI1;DYNLL2;SGO1;SPC24;PSMB3;STAG2;AURKB;NUP160;RCC2;SEM1;PSMB5;CENPF;CENPH;CENPP;KNTC1;MIS12;NUP43;CLIP1;SPDL1;CDC23;CENPN;CENPM;SEC13;PSMD8;INCENP;PSMD11;TUBA4A;PSMD3;PPP2R1A;RANBP2;ITGB3BP;UBC;SEH1L"
"REACTOME_TRANSCRIPTIONAL_REGULATION_BY_RUNX1",9.22184101815166e-27,4.43965774731016e-25,1.34223377296446,0.568499117091863,2.92542052273458,216,"FOXP3;CTLA4;H2BC26;H3C12;RUNX2;CDK7;H4C12;H4C11;PSMA5;CBX4;PSMC2;PSMA6;PSMA4;NFATC2;TNFRSF18;PSMA2;THBS1;BLK;CTSK;CBFB;H3C8;H2AC19;H2AC18;H2BC12;H2AC7;H3C10;H2BC9;TCF3;H2BC10;H2AC14;KCTD6;PSMD6;H2BC8;GATA3;H2AC4;PAX5;OCLN;H4C9;PSMA1;H4C16;H2AX;H2BC7;PSMD14;H2BC21;H2BC5;PSMD12;H2BC13;ELF1;PSMB4;CBX2;H3C4;PSMD1;H4C14;RYBP;H2BC14;ITCH;H2BC4;H4C15;H2BC17;PSMB1;H3C7;CTSL;PRKCB;BMI1;CSNK2A1;PSMA3;PSMD2;PSMB2;PSMC6;H3C3;HDAC1;CBX8;ADRM1;PSMC4;H2AC8;SPI1;H3C13;H4C1;PSMD7;ARID1A;H2BC6;IFNG;SOCS4;DPY30;IL2RA;H2BC3;H3C11;H3C14;MOV10;SOCS3;H3C15;PSMA7;H2BC15;ARID2;ACTL6A;CTSV;H2BC11;H3-3A;SRC;PSMB3;SIN3A;H2AC6;TCF12;H3C2;SEM1;PSMB5;H4C8;H2AZ2;SETD1B;RUNX1;H3-3B;PSMD8;PSMD11;PSMD3;MYB;SMARCD1;H2AJ;TP73;H4C4;RNF2;H2AC20;NR4A3;SMARCB1;UBC"
"REACTOME_RUNX1_REGULATES_TRANSCRIPTION_OF_GENES_INVOLVED_IN_DIFFERENTIATION_OF_HSCS",5.99281959917311e-26,2.78562786885702e-24,1.31888879607587,0.685466555112341,3.20547437287257,113,"H2BC26;H3C12;CDK7;H4C12;H4C11;PSMA5;PSMC2;PSMA6;PSMA4;PSMA2;CBFB;H3C8;H2AC19;H2AC18;H2BC12;H2AC7;H3C10;H2BC9;TCF3;H2BC10;H2AC14;PSMD6;H2BC8;GATA3;H2AC4;H4C9;PSMA1;H4C16;H2AX;H2BC7;PSMD14;H2BC21;H2BC5;PSMD12;H2BC13;PSMB4;H3C4;PSMD1;H4C14;H2BC14;ITCH;H2BC4;H4C15;H2BC17;PSMB1;H3C7;PSMA3;PSMD2;PSMB2;PSMC6;H3C3;ADRM1;PSMC4;H2AC8;SPI1;H3C13;H4C1;PSMD7;H2BC6;H2BC3;H3C11;H3C14;H3C15;PSMA7;H2BC15;H2BC11;H3-3A;PSMB3;H2AC6;TCF12;H3C2;SEM1;PSMB5;H4C8;H2AZ2;RUNX1;H3-3B;PSMD8;PSMD11;PSMD3;MYB;H2AJ;TP73;H4C4;H2AC20;UBC"
"REACTOME_REGULATION_OF_HOMOTYPIC_CELL_CELL_ADHESION",2.52246392802323e-25,1.13342712499177e-23,1.30309315086572,0.559029453383622,2.87720563665775,214,"ADAM19;H2BC26;H3C12;ACTB;H4C12;H4C11;PSMA5;SPCS3;PSMC2;PSMA6;PSMA4;WT1;STRAP;PSMA2;H3C8;H2AC19;H2AC18;H2BC12;CANX;H2AC7;H3C10;ZNF217;H2BC9;TCF3;H2BC10;CDH11;H2AC14;SPCS1;ACTG1;PSMD6;H2BC8;RPN1;H2AC4;CTSB;H4C9;PSMA1;H4C16;H2AX;H2BC7;PSMD14;H2BC21;H2BC5;PSMD12;H2BC13;OSTC;PSMB4;CSNK2A3;H3C4;PSMD1;H4C14;H2BC14;H2BC4;H4C15;H2BC17;CBLL1;PSMB1;H3C7;CTSS;RBBP7;CTSL;PKM;CSNK2A1;PSMA3;PSMD2;PSMB2;PSMC6;H3C3;HDAC1;SPCS2;ZC3H12A;ADRM1;PSMC4;H2AC8;H3C13;H4C1;PSMD7;RPN2;ARID1A;H2BC6;SP1;STT3A;CDH1;H2BC3;H3C11;H3C14;RBBP4;MOV10;H3C15;PSMA7;EZH2;H2BC15;DNTTIP1;MTBP;H2BC11;SEC11A;H3-3A;RB1;SRC;PSMB3;H2AC6;DAD1;TCF12;H3C2;TMEM258;SEM1;PSMB5;SEC11C;H4C8;H2AZ2;TGIF2;H3-3B;SIRT1;GANAB;PSMD8;PSMD11;PSMD3;ACTA1;OST4;H2AJ;H4C4;H2AC20;UBC;MAPK1;DNM2;H3C6;PSMC5;PSMC3;MDM2;SNAI1"
"REACTOME_TRANSCRIPTIONAL_REGULATION_BY_TP53",1.02568868095147e-24,4.46009142555671e-23,1.28710367230144,0.474160116177306,2.57738233004167,352,"TP53INP1;POLR2K;RRM2B;CDK7;ELOC;PMAIP1;YWHAZ;PPP2CA;DYRK2;COX7A2;TAF9;MEAF6;PRDX1;RAD17;CCNE2;PRDM1;TIGAR;TP53RK;CNOT11;YWHAQ;POLR2B;TAF5;CCNT1;USP7;CNOT6;PRELID1;TAF13;PIP4K2A;RAD1;PIP4P1;PIP4K2C;CDKN1A;CCNB1;TXNRD1;CDK1;TPX2;RPA3;YWHAH;NDUFA4;RMI1;SUPT4H1;TOPBP1;TAF2;E2F8;LAMTOR5;COX6C;YWHAB;BAX;ELOB;AURKA;GSR;CNOT9;SGK1;POLR2D;CDKN1B;E2F7;BRD7;RBBP7;RFC4;TAF12;BLM;BIRC5;PRKAG1;TCEA1;CSNK2A1;CCNT2;PCNA;LAMTOR2;TAF9B;HDAC1;TAF11;CYCS;CDK5;RNF34;CDKN2A;DNA2;COX8A;PDPK1;RABGGTB;CDK2;ATF2;PHF20;CNOT2;CASP1;TXN;CHM;RHNO1;RBBP4;CNOT1;BBC3;MOV10;CCNA2;RMI2;DAXX;SCO2;FANCI;PLK3;POLR2G;BARD1;RAD9A;GTF2H3;KAT6A;CHD4;RICTOR;FANCD2;PRKAB1;COX7B;CHEK1;EXO1;CASP6;CASP2;BRIP1;CNOT8;RFC5;HIPK1;COX7A2L;POLR2J;AURKB;CDC25C;RHEB;TAF4;POLR2H;CCNE1;E2F1;GTF2H2;SLC38A9;COX5A;RBL1;SUPT16H;ARID3A;RBL2;COX6B1;RPA2;BTG2;G6PD;BRPF3;PRDX5;TBP;COX6A1;PPP2R1A;GATAD2B;TP73;TAF7;UBC;TMEM219;CCNK;GTF2H5;ING2;NELFCD;TP53BP2;MDM2;USP2;MSH2;LAMTOR1;NBN;TNFRSF10B;AKT1;CNOT6L;CDK13;POLR2C;ATM;MAPK14;CDK12;CSNK2B;CNOT7;PIN1;CHEK2;RFC2;ATRIP;HDAC2;UBB;TRIAP1;TNFRSF10A;CDK5R1;HUS1;RRAGC;PPP2R5C;LAMTOR3;MTA2;KMT5A;GLS;BID;COX5B;PMS2;CTDP1"
"REACTOME_CHROMOSOME_MAINTENANCE",1.47481170900458e-24,6.2126443241818e-23,1.28710367230144,0.641930169531333,3.08901354594779,135,"POLR2K;H2BC26;H4C12;H4C11;TINF2;H2AC19;H2AC18;H2BC12;H2AC7;H2BC9;POLD4;POLR2B;CENPQ;CENPU;H2BC10;H2AC14;H2BC8;H2AC4;SMARCA5;H4C9;H4C16;H2AX;H2BC7;CENPK;RPA3;H2BC21;H2BC5;H2BC13;H4C14;H2BC14;H2BC4;H4C15;H2BC17;POLR2D;RBBP7;RFC4;OIP5;KNL1;CENPA;BLM;RUVBL1;NOP10;PCNA;DSCC1;CENPI;PRIM1;DNA2;H2AC8;CDK2;H4C1;HJURP;H2BC6;POT1;H2BC3;MIS18A;RBBP4;FEN1;CENPL;CCNA2;H2BC15;DAXX;POLR2G;H2BC11;TERF2IP;H3-3A;RFC5;POLR2J;H2AC6;POLR2H;CENPX;CENPH;CENPP;H4C8;H2AZ2;H3-3B;RPA2;CENPN;CENPM;NHP2;CHTF8;H2AJ;TERF1;H4C4;H2AC20;ITGB3BP"
"REACTOME_SARS_COV_INFECTIONS",3.66283465645599e-24,1.49621245966748e-22,1.27091304449619,0.437995705769707,2.45152647994919,454,"PARP9;TLR7;STAT1;RIGI;SDC1;ISG15;ATP1A3;ZBP1;IRF7;BLNK;TBK1;PTPN6;B2M;YWHAZ;ITGA4;PYCARD;IFIH1;SERPINE1;BTK;GALNT1;NUP210;REST;MGAT4A;STAT2;HLA-C;IGLV3-1;PARP14;CANX;UBE2N;GPC6;NUP50;YWHAQ;NMI;TLR1;CUL3;SNRPG;MAGT1;PTGES3;RPS27L;G3BP2;BST2;KPNA2;SEC24A;RPN1;CD79A;UBE2I;CHMP2B;SUMO1;HLA-B;STT3B;YWHAH;OSTC;NUP37;YWHAB;MAN2A1;ITCH;FKBP1A;DDX20;VPS33A;TLR8;ARID4B;RBBP7;CHMP4B;SMN1;NOD2;IGHV3-11;SIKE1;MAP1LC3B;CTSL;BCL2L1;IGHV3-33;AP2M1;RAE1;SNRPB;HLA-A;AP2S1;SYK;MGAT2;RBX1;PSMC6;HDAC1;NUP155;FKBP4;CHUK;SRPK2;ST6GAL1;SRPK1;PDPK1;PDCD1;PPIA;RPN2;VHL;RCAN3;IGHV1-69;CASP1;UBE2V1;SP1;TOMM70;STT3A;TAB3;HSP90AB1;ZDHHC20;DDX5;GSK3B;IGHV4-34;FUT8;RBBP4;MAP3K7;VAV1;IGLV1-47;SDC4;SEC24D;GRB2;RIPK2;IFNGR2;NFKB1;IGHD;MGAT5;NUP153;SAR1B;NDC1;NUP205;NUP62;ZCRB1;VPS41;ZDHHC5;SNRPE;IGHV4-59;RIPK3;RB1;CHD4;TRIM25;HSP90AA1;PARP8;SEC24C;SNRPF;SMN2;IGHV3-30;AP2B1;BRMS1;GEMIN7;VPS16;DAD1;PPIB;NUP160;ZDHHC9;TMEM258;IGKV1D-39;G3BP1;IGHV4-39;IGKV1-39;CSNK1A1;HLA-F;IGKV3-15;IGKV2-28;NUP43;IGLV3-21;TUFM;IGKV2D-28;VPS18;BECN1;RUNX1;EDEM2;IGLV3-27;IGHV2-5;SNRPD1;GANAB;CNBP;IFNAR2;PARP10;NFE2L2;TKFC;RIPK1;SEC13;IGKV4-1;IGKV1-5;CHMP7;VPS45;RELA;JAK3;OST4;TUBB;GATAD2B;MGAT4B;RANBP2;IGLV3-25;IGKV3-20;UBC;LARP1;SEH1L;ST6GALNAC4;IGKV1-16;CHMP2A;IGKV1-33;CRB3;CHMP4A;CYSLTR1;IGKV2D-40;SNRPD3;NCK1;IKBKB;IGHV2-70;SAP30;MAVS;AKT1;NUP107;TLR2;TRAF3;IFNAR1;CD79B;GOLGA7;ROCK1;ISCU;ST3GAL1;IGKV1D-33;HDAC2;UBB;GSK3A;IGKV3D-20;IRAK1;PPIG;NUP93;MTA2;NUP58;TLR9;GPC1;PIK3R4;KPNB1;IGKV3-11;GEMIN6;ANO9;NPM1;PATJ;IGLV6-57;MTA3;PARP4;DDOST;NUP133;NFKBIA;NUP42;IGLC2;IMPDH1;MOGS;GPC4;IGHV3-53;GJA1;SUDS3"
"HALLMARK_MTORC1_SIGNALING",5.23296941702264e-24,2.07471846298427e-22,1.27091304449619,0.565896823948506,2.88534611863473,200,"EDEM1;ACTR2;ACTR3;CXCR4;DAPP1;TBK1;PSMC2;STARD4;PSMA4;BCAT1;M6PR;RRM2;NAMPT;IFI30;SQLE;CORO1A;BUB1;RAB1A;CALR;PRDX1;CANX;NHERF1;EIF2S2;SDF2L1;SLC7A5;STIP1;SLC6A6;SLA;PLK1;ETF1;XBP1;YKT6;RPN1;CDKN1A;TXNRD1;MTHFD2;HSPE1;PSMD14;PSMD12;HSPA5;PNP;CCT6A;HPRT1;TRIB3;COPS5;HSPA4;AURKA;GSR;SLC7A11;PGK1;RIT1;CCNF;SERP1;HSP90B1;ITGB2;TCEA1;TFRC;PSMA3;PSMC6;ALDOA;HSPA9;PNO1;CD9;EEF1E1;EGLN3;PSMC4;UBE2D3;PPIA;SSR1;MCM2;ERO1A;GSK3B;ARPC5L;ATP6V1D;SLC1A4;GLRX;HSPD1;FADS2;NUP205;SLC2A1;ATP2A2;P4HA1;CACYBP;BHLHE40;EPRS1;SEC11A;PSMG1;MCM4;PIK3R3;UFM1;IDI1;SHMT2;TPI1;CDC25A;GAPDH;SORD;IMMT;GGA2;PSMB5;SERPINH1;BTG2;PPA1;LDHA;G6PD;DHCR24;ABCF2;SYTL2;HMGCR;TUBA4A;DHFR;PDAP1;GMPS"
"HALLMARK_G2M_CHECKPOINT",5.51926067747283e-24,2.12570382663811e-22,1.27091304449619,0.564697043552949,2.87850724034563,199,"HOXC10;TGFB1;JPT1;HMGB3;HSPA8;SQLE;RAD21;SRSF2;BUB1;SLC38A1;BUB3;H2BC12;CUL5;DR1;SLC7A5;NUP50;CCNT1;CUL3;PLK1;CDC6;TLE3;KPNA2;GSPT1;KIF23;KIF20B;DBF4;CDK1;H2AZ1;CKS2;H2AX;KIF5B;TPX2;HIF1A;MYBL2;NEK2;TOP1;CDC7;UBE2S;MAD2L1;NUSAP1;SS18;SMC4;AURKA;BRCA2;SRSF1;UBE2C;KIF11;CDKN1B;HMMR;PBK;XPO1;CCNF;KIF4A;KNL1;CENPA;PTTG1;BIRC5;RACGAP1;STMN1;KIF2C;PLK4;FBXO5;HMGN2;TMPO;CCNB2;CENPE;E2F3;STIL;CDC20;HMGA1;TTK;LMNB1;TOP2A;SRSF10;CTCF;KIF22;MCM2;CDKN3;ORC6;TACC3;NDC80;MTF2;E2F2;POLQ;ESPL1;EZH2;CCNA2;BARD1;PRC1;CHEK1;MCM6;EXO1;CDC25A;AURKB;TRA2B;MKI67;CKS1B;G3BP1;E2F1;CENPF;RAD23B;H2AZ2;RBL1;BCL3;CBX1;GINS2;RPA2;SNRPD1;KIF15;CUL1;INCENP;HNRNPU;TROAP;ORC5;MARCKS;ATF5;NOLC1;CDK4"
"REACTOME_MITOTIC_PROPHASE",7.2245443392705e-24,2.7051904914824e-22,1.26273988547916,0.633298630479596,3.04095930301754,138,"H2BC26;H3C12;H4C12;H4C11;RAB2A;PPP2CA;NUP210;RAB1A;H3C8;H2AC19;H2AC18;NEK6;H2BC12;H2AC7;H3C10;H2BC9;NUP50;PLK1;H2BC10;H2AC14;H2BC8;H2AC4;CCNB1;H4C9;CDK1;H4C16;H2AX;H2BC7;H2BC21;H2BC5;H2BC13;CNEP1R1;H3C4;NUP37;H4C14;VRK2;SMC4;H2BC14;H2BC4;GORASP2;H4C15;H2BC17;H3C7;BLZF1;RAE1;PRKCB;TMPO;H3C3;CCNB2;NUP155;LEMD3;H2AC8;H3C13;BANF1;LMNB1;H4C1;H2BC6;H2BC3;H3C11;H3C14;H3C15;MASTL;LPIN2;NUP153;NDC1;H2BC15;NUP205;NUP62;H2BC11;H3-3A;RB1;NCAPG2;H2AC6;NUP160;H3C2;H4C8;ARPP19;H2AZ2;NUP43;ENSA;RAB1B;H3-3B;SET;SEC13;PPP2R1A;H2AJ;RANBP2;H4C4;H2AC20;SEH1L;MAPK1;H3C6"
"REACTOME_ESTROGEN_DEPENDENT_GENE_EXPRESSION",1.51673002604606e-23,5.52581641921647e-22,1.25451347943706,0.614285320324169,2.99293542601651,146,"POLR2K;H2BC26;H3C12;H4C12;H4C11;RAD21;CBFB;H3C8;H2AC19;H2AC18;H2BC12;H2AC7;CTSD;H3C10;ZNF217;H2BC9;NRIP1;POLR2B;CCNT1;NCOA3;EBAG9;TLE3;H2BC10;PTGES3;H2AC14;KPNA2;KCTD6;H2BC8;GATA3;H2AC4;H4C9;H4C16;H2AX;H2BC7;H2BC21;H2BC5;H2BC13;GTF2A1;H3C4;H4C14;FOXA1;H2BC14;H2BC4;GTF2A2;H4C15;H2BC17;H3C7;POLR2D;CXXC5;H3C3;CHD1;HDAC1;FKBP4;USF1;H2AC8;H3C13;H4C1;NCOA2;ATF2;H2BC6;SP1;HSP90AB1;DDX5;H2BC3;H3C11;H3C14;MOV10;H3C15;H2BC15;POLR2G;H2BC11;H3-3A;HSP90AA1;POLR2J;H2AC6;STAG2;H3C2;POLR2H;H4C8;H2AZ2;RUNX1;H3-3B;TBP;MED1;POU2F1;MYB;H2AJ;H4C4;H2AC20"
"REACTOME_HCMV_LATE_EVENTS",3.89011192858171e-23,1.37996602098109e-21,1.24623277191648,0.65779138097177,3.08460161637474,114,"H2BC26;H3C12;H4C12;H4C11;H2AC25;NUP210;H2AC17;H2AC15;H3C8;H2AC19;H2AC18;H2BC12;H2AC7;H3C10;H2BC9;NUP50;H2BC10;H2AC14;H2BC8;H2AC4;CHMP2B;H4C9;H4C16;H2BC7;H2BC21;H2BC5;H2BC13;H2AC13;H3C4;NUP37;H4C14;H2AC16;H2BC14;H2BC4;H4C15;H2BC17;H3C7;VPS25;CHMP4B;RAE1;H3C3;TSG101;NUP155;H2AC8;H3C13;H4C1;H2BC6;H2BC3;H3C11;H3C14;H3C15;H2AC11;H2AC21;NUP153;NDC1;HNRNPK;H2BC15;NUP205;NUP62;H2AC12;H2BC11;H2BC18;H2AC6;NUP160;H3C2;H4C8;VPS37C;NUP43;SEC13;CHMP7;RANBP2;H4C4;H2AC20;SEH1L;CHMP2A;H3C6;CHMP4A"
"REACTOME_CELLULAR_SENESCENCE",8.92923518921875e-23,3.08631000899151e-21,1.23789667319529,0.559673590947564,2.82311061455639,190,"H2BC26;H3C12;UBE2D1;H4C12;H4C11;CBX4;TINF2;H3C8;H2AC19;H2AC18;H2BC12;H2AC7;MAPKAPK2;H3C10;H2BC9;MAPK9;CCNE2;H2BC10;H2AC14;H1-3;H2BC8;H2AC4;CDKN1A;H4C9;H4C16;H2AX;H2BC7;H2BC21;H2BC5;H2BC13;UBE2S;CBX2;H3C4;H4C14;H2BC14;H2BC4;H4C15;H2BC17;ASF1A;UBE2C;H3C7;CDKN1B;RBBP7;BMI1;RPS6KA1;H3C3;E2F3;H1-5;CBX8;HMGA1;CDKN2D;CDKN2A;H2AC8;H3C13;LMNB1;CDK2;H4C1;UBE2E1;H2BC6;SP1;TXN;POT1;H2BC3;H3C11;H3C14;RBBP4;ANAPC11;E2F2;MOV10;H3C15;EZH2;NFKB1;CCNA2;H2BC15;H1-2;H2BC11;TERF2IP;H3-3A;RB1;H2AC6;H3C2;TNIK;CCNE1;E2F1;H1-0;MAPKAPK3;H4C8;H2AZ2;UBN1;H3-3B;CDC23;RELA;H2AJ;TERF1;H4C4;RNF2;H2AC20;UBC;MAPK1;H3C6;CDK4;IGFBP7;MDM2;NBN;CDC27;SUZ12;ATM;IL1A;MAPK14"
"REACTOME_S_PHASE",9.31642861779185e-23,3.13963644419585e-21,1.23789667319529,0.603214202234276,2.93976273714205,150,"UBE2D1;CDK7;PSMA5;PSMC2;PSMA6;PSMA4;RAD21;WAPL;PSMA2;LIN54;POLD4;CCNE2;CDC6;PSMD6;CDKN1A;PSMA1;PSMD14;RPA3;PSMD12;UBE2S;PSMB4;PSMD1;GINS1;UBE2C;PSMB1;CDKN1B;RFC4;SKP1;PDS5A;E2F5;PSMA3;PCNA;RBX1;PSMD2;PSMB2;PSMC6;ESCO2;ADRM1;PRIM1;PSMC4;DNA2;CDK2;PSMD7;UBE2E1;CDCA5;MCM2;GSK3B;ORC6;RBBP4;ANAPC11;PSMA7;FEN1;CCNA2;RB1;MCM4;ORC3;MCM6;PSMB3;CDC25A;RFC5;STAG2;CKS1B;MAX;SEM1;CCNE1;E2F1;PSMB5;ESCO1;ORC2;RBL2;GINS2;GINS4;RPA2;CDC23;GINS3;CUL1;PSMD8;PSMD11;PSMD3;UBC;ORC5;CDK4;SMC3;PTK6;POLE3;MCM8;PSMC5;PSMC3;PRIM2;WEE1;AKT1;CDC27;PSMB7;ORC1;RFC2;PSMC1;UBB"
"REACTOME_SIGNALING_BY_THE_B_CELL_RECEPTOR_BCR",1.21968893351072e-22,4.01009922529865e-21,1.22950405660873,0.594348787523329,2.90393618600422,153,"KRAS;REL;CARD11;DAPP1;CD22;CD19;BLNK;PTPN6;PSMA5;NRAS;PSMC2;PSMA6;ORAI2;PSMA4;BTK;NFATC2;PSMA2;BLK;NFKBIE;IGLV3-1;BCL10;PIK3AP1;PSMD6;CD79A;RASGRP1;PSMA1;PSMD14;PSMD12;PSMB4;PSMD1;FKBP1A;PSMB1;IGHV3-11;SKP1;IGHV3-33;PRKCB;SYK;PSMA3;PSMD2;PSMB2;PSMC6;CHUK;ADRM1;PSMC4;PPIA;PSMD7;IGHV1-69;IGHV4-34;MAP3K7;VAV1;IGLV1-47;GRB2;PSMA7;FBXW11;NFKB1;IGHD;IGHV4-59;LYN;PSMB3;IGHV3-30;IGKV1D-39;SEM1;PSMB5;IGHV4-39;IGKV1-39;IGKV3-15;IGKV2-28;IGLV3-21;IGKV2D-28;MALT1;IGLV3-27;IGHV2-5;CUL1;IGKV4-1;PSMD8;IGKV1-5;PSMD11;RELA;PSMD3;IGLV3-25;IGKV3-20;UBC;IGKV1-16;IGKV1-33;ORAI1;IGKV2D-40;PSMC5;NCK1;IKBKB;PSMC3;RASGRP3;IGHV2-70;PIK3CD"
"REACTOME_ADHERENS_JUNCTIONS_INTERACTIONS",1.91127468128786e-22,6.13428159613341e-21,1.22950405660873,0.524916848139512,2.72907760104318,234,"ADAM19;H2BC26;H3C12;ACTB;H4C12;H4C11;PSMA5;SPCS3;PSMC2;PSMA6;PSMA4;WT1;STRAP;PSMA2;H3C8;H2AC19;H2AC18;H2BC12;CANX;H2AC7;H3C10;ZNF217;H2BC9;TCF3;H2BC10;CDH11;H2AC14;SPCS1;ACTG1;PSMD6;H2BC8;RPN1;H2AC4;CTSB;H4C9;PSMA1;H4C16;H2AX;H2BC7;PSMD14;H2BC21;H2BC5;PSMD12;H2BC13;OSTC;PSMB4;CSNK2A3;H3C4;PSMD1;H4C14;NECTIN2;H2BC14;H2BC4;H4C15;H2BC17;CBLL1;PSMB1;H3C7;CTSS;RBBP7;CTSL;PKM;CSNK2A1;PSMA3;PSMD2;PSMB2;PSMC6;H3C3;HDAC1;SPCS2;ZC3H12A;ADRM1;PSMC4;H2AC8;H3C13;CDH2;H4C1;PSMD7;RPN2;ARID1A;H2BC6;SP1;STT3A;CDH1;H2BC3;H3C11;H3C14;RBBP4;MOV10;H3C15;PSMA7;EZH2;H2BC15;DNTTIP1;MTBP;H2BC11;SEC11A;H3-3A;RB1;SRC;PSMB3;H2AC6;DAD1;TCF12;H3C2;TMEM258;SEM1;PSMB5;SEC11C;H4C8;H2AZ2;TGIF2;H3-3B;SIRT1;GANAB;CDH7;PSMD8;PSMD11;PSMD3;ACTA1;OST4;H2AJ;H4C4;H2AC20;UBC;MAPK1;DNM2;H3C6;PSMC5;PSMC3;MDM2;SNAI1"
"REACTOME_HCMV_INFECTION",3.53808185454517e-22,1.10914752091323e-20,1.22105375677186,0.586371546076347,2.88961499954045,158,"H2BC26;TUBB3;H3C12;H4C12;H4C11;H2AC25;NUP210;H2AC17;H2AC15;H3C8;H2AC19;H2AC18;H2BC12;H2AC7;H3C10;H2BC9;NUP50;TUBA1C;H2BC10;H2AC14;H2BC8;H2AC4;CHMP2B;H4C9;H4C16;H2BC7;H2BC21;H2BC5;H2BC13;H2AC13;H3C4;NUP37;H4C14;H2AC16;H2BC14;H2BC4;H4C15;H2BC17;H3C7;VPS25;RBBP7;CHMP4B;RAE1;H3C3;TSG101;NUP155;H2AC8;TUBA4B;H3C13;H4C1;H2BC6;ELK1;TUBA1B;H2BC3;H3C11;DYNLL1;H3C14;RBBP4;TBL1XR1;H3C15;H2AC11;H2AC21;EZH2;NFKB1;TUBA1A;NUP153;NDC1;HNRNPK;H2BC15;NUP205;DAXX;NUP62;H2AC12;DYNC1LI1;H2BC11;DYNLL2;H2BC18;CREB1;H2AC6;NUP160;H3C2;H4C8;VPS37C;NUP43;CBX1;SEC13;CHMP7;TUBA4A;RANBP2;H4C4;H2AC20;SEH1L;CHMP2A;H3C6;CHMP4A"
"REACTOME_HATS_ACETYLATE_HISTONES",3.93191609985835e-22,1.20459611422933e-20,1.22105375677186,0.608613306643158,2.9362063674244,140,"H2BC26;H3C12;ACTB;H4C12;H4C11;H2AC25;TAF9;H2AC17;H2AC15;MEAF6;H3C8;H2AC19;H2AC18;H2BC12;H2AC7;H3C10;DR1;H2BC9;ENY2;H2BC10;H2AC14;H2BC8;MORF4L2;H2AC4;H4C9;H4C16;H2BC7;H2BC21;H2BC5;H2BC13;H2AC13;H3C4;H4C14;MSL2;H2AC16;H2BC14;H2BC4;H4C15;H2BC17;HAT1;H3C7;RBBP7;JADE3;TAF12;RUVBL1;H3C3;H2AC8;H3C13;H4C1;NCOA2;ATF2;H2BC6;PHF20;H2BC3;H3C11;H3C14;H3C15;H2AC11;H2AC21;H2BC15;H2AC12;ACTL6A;H2BC11;YEATS4;KAT6A;H2BC18;H2AC6;MSL3;H3C2;VPS72;MORF4L1;H4C8;SAP130;MRGBP;BRPF3;KANSL2;TADA2B;H4C4;H2AC20;TADA1"
"REACTOME_IMMUNOREGULATORY_INTERACTIONS_BETWEEN_A_LYMPHOID_AND_A_NON_LYMPHOID_CELL",1.07108859028135e-21,3.20850537710946e-20,1.20397524075264,0.562707621932864,2.81618247150344,178,"SIGLEC8;LILRA4;SH2D1A;CD22;CD19;CD3D;SELL;B2M;FCGR3A;ITGA4;CD3E;SIGLEC12;CD226;FCGR1A;CD3G;SIGLEC5;LILRB4;TYROBP;MICB;ITGAL;SLAMF6;HLA-C;IGLV3-1;CD300LF;COL1A2;CD8A;TRAV29DV5;CD247;SLAMF7;SIGLEC7;LILRB1;PILRA;CD96;COL1A1;HLA-B;NECTIN2;CLEC2D;CD1D;ITGB7;IGHV3-11;TRAV19;IGHV3-33;IFITM1;HLA-A;ITGB2;CD8B;TRAV8-4;JAML;ICAM3;ULBP1;SIGLEC6;SIGLEC10;NCR3;HCST;IGHV1-69;CD1A;CRTAM;CDH1;COL3A1;IGHV4-34;CD300C;TREM2;IGLV1-47;KLRK1;ICAM1;IGHV4-59;TRBV7-9;CD300A;OSCAR;SIGLEC9;TRBV12-3;IGHV3-30;IGKV1D-39;CLEC2B;IGHV4-39;CD1B;IGKV1-39;CD1C;KLRB1;HLA-F;IGKV3-15;IGKV2-28;IGLV3-21;IGKV2D-28;CD40LG;IGLV3-27;LAIR1;IGHV2-5;IGKV4-1;IGKV1-5;LAIR2;NCR1;IGLV3-25;IGKV3-20;TREML2;TREM1;KLRG1;IGKV1-16;IGKV1-33"
"REACTOME_DEUBIQUITINATION",1.30184025180665e-21,3.81495795529427e-20,1.20397524075264,0.501198856130974,2.63903002889333,261,"H2BC26;RIGI;UBE2D1;ACTB;CYLD;PSMA5;PSMC2;PSMA6;TGFB1;PSMA4;IFIH1;USP15;H2AC25;PSMA2;BIRC3;H2AC17;H2AC15;H2AC19;H2AC18;H2BC12;H2AC7;H2BC9;USP12;USP7;H2BC10;H2AC14;PSMD6;H2BC8;GATA3;USP16;H2AC4;PSMA1;STAM;CDK1;HIF1A;H2BC7;PSMD14;H2BC21;H2BC5;PSMD12;H2BC13;BIRC2;H2AC13;PSMB4;TNFAIP3;SIAH2;PSMD1;ABRAXAS2;KDM1B;H2AC16;H2BC14;H2BC4;H2BC17;PSMB1;POLB;NOD2;RUVBL1;VCPIP1;PSMA3;TNIP3;PSMD2;PSMB2;PSMC6;TAF9B;IDE;CDC20;SMAD7;RHOA;NEDD8;CCP110;ADRM1;CLSPN;PSMC4;H2AC8;PSMD7;H2BC6;TOMM70;VDAC3;USP37;H2BC3;MAP3K7;MAT2B;H2AC11;H2AC21;PSMA7;RIPK2;TGFBR1;CCNA2;H2BC15;H2AC12;OTUB1;BARD1;ACTL6A;H2BC11;VDAC1;TRIM25;H2BC18;USP5;STAM2;PSMB3;USP10;USP18;CDC25A;UFD1;H2AC6;USP28;SEM1;PSMB5;TNKS2;RAD23B;YOD1;ASXL2;USP8;USP14;STAMBP;BECN1;VDAC2;USP9X;RIPK1;PSMD8;PSMD11;PSMD3;TADA2B;H2AC20;UBC;PSMC5;PSMC3;MDM2;AXIN1;USP2;MAVS;TNIP2;HCFC1;TRAF3;PSMB7;TADA3;SMURF2;MYSM1;PSMC1;BRCC3;UBB"
"REACTOME_DNA_DOUBLE_STRAND_BREAK_REPAIR",1.341231629309e-21,3.84676646023093e-20,1.20397524075264,0.581634089171887,2.88701603063317,166,"XRCC4;H2BC26;H4C12;H4C11;TDP2;GEN1;PPP4C;H2BC12;RAD17;H2BC9;UBE2N;POLD4;H2BC10;RAD1;KPNA2;H2BC8;SMARCA5;UBE2I;H4C9;H4C16;H2AX;SUMO1;H2BC7;RPA3;H2BC21;H2BC5;RMI1;H2BC13;TOPBP1;H4C14;UBE2V2;RAD51AP1;BRCA2;H2BC14;H2BC4;H4C15;H2BC17;RFC4;BLM;SUMO2;RNF4;PCNA;PARP1;ERCC4;CLSPN;DNA2;DCLRE1C;CDK2;H4C1;H2BC6;EME1;PPP4R2;SLX4;H2BC3;RHNO1;POLQ;FEN1;CCNA2;H2BC15;RMI2;PALB2;XRCC5;BARD1;RAD9A;H2BC11;CHEK1;EXO1;XRCC2;BRIP1;RFC5;SEM1;RAD51;LIG4;TIMELESS;FIGNL1;H4C8;BAZ1B;RPA2;POLM;RNF168;KDM4A;H4C4;UBC;EYA3;POLE3;SLX1A;NBN;SLX1B;RAD51C;ATM;SIRT6;PIAS4;PRKDC;CHEK2;RFC2;POLH;XRCC6;ATRIP;BRCC3;UBB"
"REACTOME_MRNA_SPLICING",1.69052684463094e-21,4.74756288867189e-20,1.20397524075264,0.53241587075144,2.73494771161766,211,"POLR2K;HSPA8;SRSF2;SNRPB2;EIF4A3;POLR2B;BCAS2;SNRPG;PRPF40A;SNIP1;CRNKL1;HNRNPF;PPP1R8;SF3B1;USP39;DDX23;SRSF1;RBM7;SRSF7;POLR2D;SNRNP25;SNRPC;HNRNPH2;PTBP1;ZRSR2;SNRPB;U2AF1;SNRNP27;UBL5;PPIL1;HNRNPA2B1;SF3B6;ALYREF;SRSF3;PPIL4;HNRNPL;MAGOH;MFAP1;SDE2;SRSF10;SRSF11;HNRNPH1;HNRNPC;SF3B4;U2SURP;SRSF9;LSM3;DDX5;DDX41;SNRPA1;HNRNPK;ZCRB1;POLR2G;FUS;SNRPE;CDC40;CCAR1;CTNNBL1;RNPS1;DHX9;DNAJC8;DHX15;WBP11;MAGOHB;SNRPF;SNRNP40;POLR2J;NCBP2;TRA2B;LSM5;U2AF2;MTREX;POLR2H;ISY1;SF3B5;RBM22;PCBP1;PRPF19;SNRNP48;SMNDC1;SNRPD1;RBM39;AQR;ZMAT2;PRCC;HNRNPM;RBM8A;SRSF6;HNRNPU;CDC5L;HNRNPA3;RNF113A;NKAP;PRPF3;BUD31;SF3B3;SNRPD3;SLU7;CWC15;PRPF4;PUF60;POLR2C;SF3B2;LSM4;LENG1;PPWD1;SYF2;LSM7;PPIL2;LSM8;ZNF830;PPIL3;PPIG;TXNL4A;SNRNP200;DDX46;SF3A3;IK;PHF5A;RBMX;BUD13;ACIN1;NCBP1;LSM2"
"REACTOME_FC_EPSILON_RECEPTOR_FCERI_SIGNALING",1.85377275684914e-21,5.09976668618906e-20,1.19534448258848,0.567944888787547,2.84479007494459,173,"KRAS;CARD11;LAT2;UBE2D1;PSMA5;NRAS;PSMC2;PSMA6;VAV3;PSMA4;BTK;NFATC2;PSMA2;IGLV3-1;LCP2;ITK;UBE2N;MAPK9;BCL10;FCER1G;PSMD6;RASGRP1;GRAP2;UBE2D2;PSMA1;PSMD14;PSMD12;PSMB4;PSMD1;PAK2;PSMB1;IGHV3-11;PAK1;SKP1;IGHE;IGHV3-33;SYK;PSMA3;PSMD2;PSMB2;PSMC6;CHUK;ADRM1;PSMC4;RAC1;PDPK1;PSMD7;LAT;IGHV1-69;UBE2V1;TAB3;IGHV4-34;MAP3K7;VAV1;IGLV1-47;GRB2;PSMA7;FBXW11;NFKB1;MS4A2;IGHV4-59;LYN;VAV2;PSMB3;IGHV3-30;PIK3CB;IGKV1D-39;SEM1;PSMB5;IGHV4-39;IGKV1-39;IGKV3-15;IGKV2-28;IGLV3-21;IGKV2D-28;MALT1;IGLV3-27;IGHV2-5;CUL1;IGKV4-1;PSMD8;IGKV1-5;PSMD11;RELA;PSMD3;IGLV3-25;IGKV3-20;UBC;MAPK1;IGKV1-16;IGKV1-33;IGKV2D-40;PSMC5;IKBKB;PSMC3;IGHV2-70"
"REACTOME_ESR_MEDIATED_SIGNALING",2.06469979840331e-21,5.56643065649532e-20,1.19534448258848,0.530327566970128,2.72648370468233,215,"KRAS;POLR2K;H2BC26;H3C12;UHMK1;GNG5;H4C12;H4C11;GNAI3;NRAS;RAD21;CBFB;H3C8;H2AC19;H2AC18;H2BC12;H2AC7;CTSD;H3C10;ZNF217;H2BC9;NRIP1;GNG10;POLR2B;CCNT1;NCOA3;EBAG9;HSPB1;TLE3;H2BC10;PTGES3;H2AC14;GNB2;KPNA2;KCTD6;H2BC8;GATA3;H2AC4;H4C9;H4C16;H2AX;H2BC7;H2BC21;H2BC5;H2BC13;GTF2A1;H3C4;H4C14;FOXA1;H2BC14;H2BC4;GTF2A2;H4C15;H2BC17;H3C7;POLR2D;CDKN1B;XPO1;MMP2;CXXC5;H3C3;CHD1;HDAC1;MMP3;FKBP4;ZDHHC7;USF1;H2AC8;H3C13;PDPK1;H4C1;NCOA2;ATF2;H2BC6;ELK1;SP1;GNB4;HSP90AB1;DDX5;H2BC3;H3C11;H3C14;MOV10;H3C15;H2BC15;POLR2G;H2BC11;H3-3A;SRC;PIK3R3;HSP90AA1;CREB1;GNGT2;POLR2J;H2AC6;STAG2;H3C2;POLR2H;GNB1;H4C8;H2AZ2;RUNX1;H3-3B;TBP;MED1;POU2F1;MYB;H2AJ;H4C4;H2AC20;PRKCZ;MAPK1;H3C6;GNAI2;SMC3"
"REACTOME_UB_SPECIFIC_PROCESSING_PROTEASES",1.01689891292813e-20,2.68780340122963e-19,1.1778932614942,0.548393139487426,2.74956040361367,184,"H2BC26;RIGI;CYLD;PSMA5;PSMC2;PSMA6;PSMA4;IFIH1;USP15;H2AC25;PSMA2;BIRC3;H2AC17;H2AC15;H2AC19;H2AC18;H2BC12;H2AC7;H2BC9;USP12;USP7;H2BC10;H2AC14;PSMD6;H2BC8;GATA3;USP16;H2AC4;PSMA1;HIF1A;H2BC7;PSMD14;H2BC21;H2BC5;PSMD12;H2BC13;BIRC2;H2AC13;PSMB4;SIAH2;PSMD1;H2AC16;H2BC14;H2BC4;H2BC17;PSMB1;POLB;RUVBL1;PSMA3;PSMD2;PSMB2;PSMC6;TAF9B;IDE;CDC20;SMAD7;CCP110;ADRM1;CLSPN;PSMC4;H2AC8;PSMD7;H2BC6;TOMM70;VDAC3;USP37;H2BC3;MAP3K7;MAT2B;H2AC11;H2AC21;PSMA7;TGFBR1;CCNA2;H2BC15;H2AC12;OTUB1;H2BC11;VDAC1;H2BC18;USP5;STAM2;PSMB3;USP10;USP18;CDC25A;UFD1;H2AC6;USP28;SEM1;PSMB5;TNKS2;USP8;USP14;BECN1;VDAC2;USP9X;RIPK1;PSMD8;PSMD11;PSMD3;TADA2B;H2AC20;UBC"
"REACTOME_DOWNSTREAM_TCR_SIGNALING",1.11128622648852e-20,2.88079583328178e-19,1.1778932614942,0.693366722015045,3.11298177678554,87,"CARD11;UBE2D1;CD3D;PSMA5;TRAT1;PSMC2;PSMA6;CD3E;PSMA4;HLA-DRA;CD3G;LCK;PSMA2;HLA-DPA1;HLA-DQB1;UBE2N;HLA-DQB2;BCL10;TRAV29DV5;CD247;PSMD6;HLA-DPB1;HLA-DQA1;UBE2D2;PSMA1;PSMD14;PSMD12;PSMB4;PSMD1;PSMB1;TRAV19;SKP1;HLA-DRB1;PSMA3;PSMD2;PSMB2;PSMC6;TRAV8-4;CD4;CHUK;ADRM1;PSMC4;PDPK1;PSMD7;UBE2V1;MAP3K7;PSMA7;RIPK2;FBXW11;NFKB1;HLA-DQA2;TRBV7-9;PSMB3;TRBV12-3;PIK3CB;HLA-DRB5;SEM1;PSMB5;MALT1;CUL1;PSMD8;PSMD11;RELA;PSMD3;UBC;PSMC5;IKBKB;PSMC3"
"REACTOME_HDACS_DEACETYLATE_HISTONES",1.26673435572698e-20,3.22180738022636e-19,1.1778932614942,0.676549636347578,3.05950185581213,92,"H2BC26;H3C12;H4C12;H4C11;H2AC25;REST;H2AC17;H2AC15;H3C8;H2AC19;H2AC18;H2BC12;H2AC7;H3C10;H2BC9;H2BC10;H2AC14;H2BC8;H2AC4;H4C9;H4C16;H2BC7;H2BC21;H2BC5;H2BC13;H2AC13;H3C4;H4C14;H2AC16;H2BC14;H2BC4;H4C15;H2BC17;H3C7;ARID4B;RBBP7;H3C3;HDAC1;H2AC8;H3C13;H4C1;H2BC6;H2BC3;H3C11;H3C14;RBBP4;TBL1XR1;H3C15;H2AC11;H2AC21;H2BC15;H2AC12;H2BC11;CHD4;H2BC18;BRMS1;H2AC6;H3C2"
"REACTOME_HCMV_EARLY_EVENTS",1.70614984223689e-20,4.23438964700372e-19,1.16906996676109,0.607423375411958,2.91785435218507,134,"H2BC26;TUBB3;H3C12;H4C12;H4C11;H2AC25;NUP210;H2AC17;H2AC15;H3C8;H2AC19;H2AC18;H2BC12;H2AC7;H3C10;H2BC9;NUP50;TUBA1C;H2BC10;H2AC14;H2BC8;H2AC4;H4C9;H4C16;H2BC7;H2BC21;H2BC5;H2BC13;H2AC13;H3C4;NUP37;H4C14;H2AC16;H2BC14;H2BC4;H4C15;H2BC17;H3C7;RBBP7;RAE1;H3C3;NUP155;H2AC8;TUBA4B;H3C13;H4C1;H2BC6;ELK1;TUBA1B;H2BC3;H3C11;DYNLL1;H3C14;RBBP4;TBL1XR1;H3C15;H2AC11;H2AC21;EZH2;NFKB1;TUBA1A;NUP153;NDC1;H2BC15;NUP205;DAXX;NUP62;H2AC12;DYNC1LI1;H2BC11;DYNLL2;H2BC18;CREB1;H2AC6;NUP160;H3C2;H4C8;NUP43;CBX1;SEC13;TUBA4A;RANBP2;H4C4;H2AC20;SEH1L"
"REACTOME_HOST_INTERACTIONS_OF_HIV_FACTORS",1.72768123579529e-20,4.23438964700372e-19,1.16906996676109,0.622777805417823,2.92349097822512,118,"ELOC;AP1S3;PSMA5;B2M;PSMC2;PSMA6;PSMA4;AP1S2;NUP210;LCK;PSMA2;CUL5;NUP50;CCNT1;CD247;AP1G1;PSMD6;PSMA1;APOBEC3G;PSMD14;AP1S1;PSMD12;PSMB4;HCK;PSMD1;NUP37;ELOB;PAK2;PSMB1;XPO1;ATP6V1H;SKP1;AP2M1;RAE1;HLA-A;CD8B;AP2S1;PSMA3;RBX1;PSMD2;PSMB2;PSMC6;CD4;NUP155;HMGA1;ADRM1;CD28;PSMC4;RAC1;BANF1;PPIA;PSMD7;ARF1;RCC1;DOCK2;PSMA7;NUP153;NDC1;NUP205;NUP62;AP1B1;RAN;KPNA1;PSMB3;AP2B1;NUP160;SEM1;PSMB5;NUP43;SLC25A5;SEC13;PSMD8;PSMD11;PSMD3;RANBP2;UBC;SEH1L;AP1M2;PSMC5;PSMC3"
"REACTOME_MRNA_3_END_PROCESSING",3.16136668453578e-20,7.60986123348971e-19,1.16017957183021,0.578356305709667,2.81926020985372,151,"POLR2K;SRSF2;CPSF3;SNRPB2;EIF4A3;POLR2B;SNRPG;FYTTD1;PRPF40A;PPP1CA;HNRNPF;XRN2;PPP1R8;SF3B1;CSTF2;SRSF1;RBBP6;SRSF7;POLR2D;SNRPC;HNRNPH2;PTBP1;CSTF1;SNRPB;U2AF1;NUDT21;HNRNPA2B1;SF3B6;THOC2;ALYREF;SRSF3;HNRNPL;MAGOH;SRSF10;SRSF11;THOC6;HNRNPH1;HNRNPC;SF3B4;U2SURP;SRSF9;DDX5;SNRPA1;HNRNPK;PAPOLA;CPSF2;POLR2G;FUS;SNRPE;CDC40;CCAR1;RNPS1;DHX9;CLP1;DNAJC8;DHX15;MAGOHB;SNRPF;POLR2J;NCBP2;TRA2B;U2AF2;POLR2H;SF3B5;PCBP1;SARNP;PAPOLG;THOC3;PCF11;SMNDC1;SNRPD1;RBM39;HNRNPM;RBM8A;SRSF6;HNRNPU;THOC7;HNRNPA3;UBC;CSTF2T;CSTF3;SF3B3;SNRPD3;SLU7;PPP1R10;PUF60;POLR2C;FIP1L1;SF3B2;UBB;CHTOP"
"REACTOME_CHROMATIN_ORGANIZATION",5.25555471788702e-20,1.2428925894231e-18,1.16017957183021,0.480099977316621,2.54964835825343,280,"H2BC26;H3C12;ACTB;H4C12;H4C11;H2AC25;REST;TAF9;H2AC17;H2AC15;MEAF6;H3C8;H2AC19;H2AC18;H2BC12;H2AC7;H3C10;DR1;H2BC9;ENY2;H2BC10;H2AC14;H2BC8;MORF4L2;H2AC4;H4C9;H4C16;H2AX;H2BC7;H2BC21;H2BC5;H2BC13;H2AC13;H3C4;H4C14;SS18;MSL2;KDM1B;H2AC16;H2BC14;H2BC4;H4C15;H2BC17;HAT1;BCL11B;H3C7;ARID4B;BRD7;RBBP7;JADE3;TAF12;RUVBL1;H3C3;HDAC1;BRWD1;KDM5B;H2AC8;H3C13;H4C1;NCOA2;ARID1A;ATF2;H2BC6;PHF20;DPY30;H2BC3;H3C11;H3C14;RBBP4;TBL1XR1;H3C15;H2AC11;H2AC21;EZH2;NFKB1;KDM7A;H2BC15;ARID2;H2AC12;KDM6A;ACTL6A;H2BC11;YEATS4;KAT6A;CHD4;H2BC18;BRMS1;H2AC6;MSL3;H3C2;VPS72;MORF4L1;H4C8;H2AZ2;SETD1B;SAP130;MRGBP;KDM2A;KDM5C;BRPF3;SS18L1;KANSL2;RELA;SMARCD1;TADA2B;GATAD2B;H2AJ;KDM4A;H4C4;H2AC20;TADA1;SMARCB1;RBBP5;H3C6;CDK4;ATXN7L3;DPF2;SUV39H2;SAP30;NFKB2;HCFC1;PHF8;SUZ12;TADA3;TAF5L;MSL1;KDM2B;HDAC2;SMARCE1;H3C1;RUVBL2;SUPT20H;MTA2;KMT5A;PRMT6;KMT5C;JADE2;USP22;H4C6;ASH2L;MTA3;AEBP2;CLOCK;EPC1;NSD1;CARM1;SUDS3;HDAC3;KMT5B"
"REACTOME_DISEASES_OF_PROGRAMMED_CELL_DEATH",5.46913928107108e-20,1.27110340532479e-18,1.15122052214226,0.649049403214935,2.95920954446888,101,"H2BC26;H3C12;H4C12;H4C11;CASP8;H3C8;H2AC19;H2AC18;H2BC12;PRDX1;H2AC7;H3C10;H2BC9;H2BC10;H2AC14;H2BC8;H2AC4;H4C9;H4C16;H2AX;H2BC7;H2BC21;H2BC5;H2BC13;H3C4;BCL2L11;H4C14;FASLG;H2BC14;H2BC4;H4C15;H2BC17;H3C7;RBBP7;FADD;H3C3;CDK5;CDKN2A;PRIM1;H2AC8;H3C13;LMNB1;H4C1;H2BC6;H2BC3;H3C11;H3C14;RBBP4;H3C15;EZH2;H2BC15;CAPN1;H2BC11;H3-3A;RIPK3;TRADD;CDC25A;H2AC6;CDC25C;H3C2;H4C8;H2AZ2;H3-3B;RIPK1;H2AJ;H4C4;H2AC20;DNMT1"
"REACTOME_SIGNALING_BY_WNT",7.84434727574689e-20,1.79223391995031e-18,1.15122052214226,0.464944758669448,2.49128303632814,306,"KRAS;LEF1;SFRP2;H2BC26;H3C12;GNG5;H4C12;H4C11;PSMA5;WNT7B;YWHAZ;PPP2CA;PSMC2;TMED5;PSMA6;RAC2;PSMA4;XIAP;PSMA2;H3C8;WNT9A;H2AC19;H2AC18;H2BC12;H2AC7;H3C10;H2BC9;PFN1;VPS29;GNG10;CUL3;TLE3;H2BC10;H2AC14;GNB2;PSMD6;H2BC8;DACT1;H2AC4;CLTC;H4C9;PSMA1;H4C16;PRICKLE1;H2AX;H2BC7;PSMD14;H2BC21;H2BC5;PSMD12;H2BC13;RUNX3;VPS35;PSMB4;H3C4;PSMD1;DKK1;H4C14;H2BC14;H2BC4;H4C15;H2BC17;PSMB1;H3C7;XPO1;KREMEN2;CDC73;SKP1;AP2M1;RUVBL1;PRKCB;AP2S1;CSNK2A1;PSMA3;RBX1;PSMD2;PSMB2;PSMC6;H3C3;HDAC1;RHOA;CHD8;ADRM1;PSMC4;RAC1;H2AC8;H3C13;LGR5;BCL9;H4C1;PSMD7;H2BC6;GNB4;CCDC88C;DPY30;H2BC3;GSK3B;H3C11;LEO1;H3C14;WNT2;MAP3K7;MOV10;VPS26A;H3C15;PSMA7;H2BC15;PPP2R5E;PLCB2;H2BC11;H3-3A;DVL3;PSMB3;GNGT2;AP2B1;H2AC6;H3C2;SEM1;PSMB5;FZD6;TNKS2;PYGO2;GNB1;CSNK1A1;H4C8;H2AZ2;KLHL12;USP8;H3-3B;CUL1;PDE6G;PSMD8;PSMD11;PSMD3;PPP2R1A;H2AJ;H4C4;H2AC20;UBC;FZD2;DKK2;ROR2;RBBP5"
"REACTOME_ANTIGEN_PROCESSING_UBIQUITINATION_PROTEASOME_DEGRADATION",1.60561185138286e-19,3.60727462610683e-18,1.14219120216838,0.476192695056385,2.5360756172091,283,"ZNRF2;DTX3L;HERC6;KBTBD8;UBE2W;UBE2D1;BTBD1;ELOC;PSMA5;PSMC2;ANAPC13;PSMA6;UBE2F;PSMA4;UBE2L6;WWP1;PSMA2;CUL5;UFL1;UBE2N;RNF19B;FBXL16;UBE2B;UBE2K;MKRN1;RNF138;CUL3;UBE4A;KCTD6;PSMD6;UBE2D2;PSMA1;FBXO41;RNF7;PSMD14;PSMD12;UBE2S;PSMB4;SIAH2;UBE2A;PSMD1;ELOB;UBA3;UBE2V2;TRIP12;FBXO4;ITCH;RBBP6;RNF213;UBE2C;PSMB1;UBE2Z;CUL2;CCNF;SKP1;RNF4;PSMA3;NEDD4;RBX1;PSMD2;PSMB2;PSMC6;UBR1;UBE2J1;CDC20;UBE2G1;TRIM21;ADRM1;RNF34;PSMC4;ASB7;SPSB1;UBE2D3;PSMD7;VHL;UBE2E1;LTN1;UBE2V1;AREL1;UBE2Q2;ANAPC11;SOCS3;UBA6;PSMA7;FBXW11;UBE2M;TRIM11;HERC5;RNF6;RNF115;UBE2Q1;UBE3A;RLIM;FBXO6;RNF19A;PSMB3;LRR1;UBA1;SEM1;RNF114;DZIP3;PSMB5;RNF111;FBXO22;RNF14;TRIM37;UBA5;TRAF7;CDC23;UBE3C;CUL1;SIAH1;PSMD8;PSMD11;UBE2L3;PSMD3;STUB1;UBC;MEX3C;RNF126;PSMC5;PSMC3;TRIM69;RNF25;TRAIP;KLHL42;SPSB2;CDC27;PSMB7;FBXL19;DCAF1;ZNRF1;RBCK1;SMURF2;TPP2;PSMC1;UBE2H;UBB"
"REACTOME_HOMOLOGY_DIRECTED_REPAIR",1.90804595414606e-19,4.21646876424408e-18,1.14219120216838,0.59416147145526,2.85297261201463,136,"H2BC26;H4C12;H4C11;GEN1;PPP4C;H2BC12;RAD17;H2BC9;UBE2N;POLD4;H2BC10;RAD1;H2BC8;UBE2I;H4C9;H4C16;H2AX;H2BC7;RPA3;H2BC21;H2BC5;RMI1;H2BC13;TOPBP1;H4C14;UBE2V2;RAD51AP1;BRCA2;H2BC14;H2BC4;H4C15;H2BC17;RFC4;BLM;SUMO2;RNF4;PCNA;PARP1;ERCC4;CLSPN;DNA2;CDK2;H4C1;H2BC6;EME1;PPP4R2;SLX4;H2BC3;RHNO1;POLQ;FEN1;CCNA2;H2BC15;RMI2;PALB2;BARD1;RAD9A;H2BC11;CHEK1;EXO1;XRCC2;BRIP1;RFC5;SEM1;RAD51;TIMELESS;FIGNL1;H4C8;RPA2;RNF168;H4C4;UBC;POLE3;SLX1A;NBN;SLX1B;RAD51C;ATM;SIRT6;PIAS4;RFC2;POLH;ATRIP;BRCC3;UBB"
"REACTOME_RESOLUTION_OF_SISTER_CHROMATID_COHESION",2.47850462301453e-19,5.38874876100578e-18,1.13308993200902,0.607152201081022,2.86933258971234,123,"TUBB3;PPP2CA;RAD21;WAPL;BUB1;KIF2A;MAPRE1;BUB3;TUBA1C;PLK1;ZW10;CENPQ;CENPU;ZWILCH;ZWINT;CCNB1;CDK1;CENPK;SKA1;PPP1CC;SGO2;NUP37;MAD2L1;KIF18A;XPO1;BUB1B;KNL1;CENPA;BIRC5;KIF2C;PDS5A;CCNB2;CENPE;CDC20;ERCC6L;CENPI;TUBA4B;SKA2;SPC25;TUBA1B;CDCA5;DSN1;DYNLL1;CDCA8;NDC80;CKAP5;NUF2;TUBA1A;CENPL;PPP2R5E;DYNC1LI1;DYNLL2;SGO1;SPC24;STAG2;AURKB;NUP160;RCC2;CENPF;CENPH;CENPP;KNTC1;MIS12;NUP43;CLIP1;SPDL1;CENPN;CENPM;SEC13;INCENP;TUBA4A;PPP2R1A;RANBP2;ITGB3BP;SEH1L"
"HALLMARK_INFLAMMATORY_RESPONSE",2.64578870726407e-19,5.66114790062216e-18,1.13308993200902,0.531642940203913,2.70128997174616,193,"INHBA;RGS1;CXCL11;MSR1;RGS16;CXCL9;CCL22;GPR132;LAMP3;TNFRSF9;CD69;CXCL10;EIF2AK2;SELL;IRF7;ABI1;GNAI3;CD48;OLR1;NAMPT;IL2RB;SERPINE1;RTP4;C3AR1;LCK;CCR7;LIF;GPR183;GCH1;IL18;SEMA4D;KCNA3;IL7R;LCP2;IL12B;CCL5;CYBB;PLAUR;TAPBP;CD70;NMI;TLR1;PDPN;LY6E;BST2;OSM;RASGRP1;CDKN1A;HIF1A;CLEC5A;EBI3;CD55;SELENOS;CXCR6;KLF6;NOD2;SLAMF1;MMP14;IFITM1;IRF1;IL1B;SELE;ADRM1;TPBG;PIK3R5;CCL20;SGMS2;ATP2C1;AHR;RIPK2;IFNGR2;NFKB1;ATP2A2;TNFAIP6;IL4R;ICAM1;CCL2;LYN;TNFSF9;P2RX7;PSEN1;PTAFR;RHOG;IL10;TIMP1"
"REACTOME_REGULATION_OF_ENDOGENOUS_RETROELEMENTS_BY_KRAB_ZFP_PROTEINS",2.94106451531447e-19,6.19461713538111e-18,1.13308993200902,0.632251680264063,2.9053406087624,104,"H2BC26;H3C12;H4C12;H4C11;H3C8;H2AC19;H2AC18;H2BC12;H2AC7;H3C10;H2BC9;ZNF28;ZNF816;H2BC10;H2AC14;H2BC8;H2AC4;UBE2I;H4C9;H4C16;H2AX;H2BC7;H2BC21;H2BC5;H2BC13;ZNF264;H3C4;H4C14;H2BC14;H2BC4;H4C15;H2BC17;H3C7;RBBP7;SUMO2;H3C3;HDAC1;ZNF354A;H2AC8;H3C13;H4C1;H2BC6;H2BC3;H3C11;H3C14;RBBP4;H3C15;ZNF765;ZNF547;H2BC15;H2BC11;H3-3A;CHD4;ZNF669;H2AC6;H3C2;ZNF320;H4C8;H2AZ2;ZNF680;H3-3B;GATAD2B;H2AJ;H4C4;H2AC20;CBX5;H3C6;ZNF708"
"REACTOME_ASSEMBLY_OF_THE_ORC_COMPLEX_AT_THE_ORIGIN_OF_REPLICATION",3.28373964836334e-19,6.78895362249302e-18,1.13308993200902,0.728915236345054,3.08122464378166,65,"H2BC26;H3C12;H4C12;H4C11;H3C8;H2AC19;H2AC18;H2BC12;H2AC7;H3C10;H2BC9;H2BC10;H2AC14;H2BC8;H2AC4;H4C9;H4C16;H2AX;H2BC7;H2BC21;H2BC5;H2BC13;H3C4;H4C14;H2BC14;H2BC4;H4C15;H2BC17;H3C7;H3C3;H2AC8;H3C13;H4C1;H2BC6;H2BC3;H3C11;ORC6;H3C14;H3C15;H2BC15;H2BC11;H3-3A;KPNA6;ORC3;KPNA1;H2AC6;H3C2;ORC2;H4C8;H2AZ2;H3-3B;H2AJ;H4C4;H2AC20;ORC5;H3C6"
"REACTOME_TELOMERE_MAINTENANCE",3.32396839083486e-19,6.78895362249302e-18,1.13308993200902,0.635339133482415,2.92600060510663,108,"POLR2K;H2BC26;H4C12;H4C11;TINF2;H2AC19;H2AC18;H2BC12;H2AC7;H2BC9;POLD4;POLR2B;H2BC10;H2AC14;H2BC8;H2AC4;H4C9;H4C16;H2AX;H2BC7;RPA3;H2BC21;H2BC5;H2BC13;H4C14;H2BC14;H2BC4;H4C15;H2BC17;POLR2D;RFC4;BLM;RUVBL1;NOP10;PCNA;DSCC1;PRIM1;DNA2;H2AC8;CDK2;H4C1;H2BC6;POT1;H2BC3;FEN1;CCNA2;H2BC15;DAXX;POLR2G;H2BC11;TERF2IP;H3-3A;RFC5;POLR2J;H2AC6;POLR2H;H4C8;H2AZ2;H3-3B;RPA2;NHP2;CHTF8;H2AJ;TERF1;H4C4;H2AC20"
"REACTOME_ANTIGEN_PROCESSING_CROSS_PRESENTATION",3.84079548061268e-19,7.72745120576999e-18,1.13308993200902,0.656039854845615,2.99220628073338,96,"MYD88;PSMB10;PSMA5;B2M;PSMC2;PSMA6;SNAP23;PSMA4;FCGR1A;PSME1;SEC61G;ITGAV;PSMB8;BTK;PSMA2;PDIA3;HLA-C;CALR;PSME2;CYBB;SEC61A1;TAPBP;TLR1;LY96;CYBA;VAMP8;TLR6;PSMD6;FCGR1BP;PSMA1;HLA-B;PSMD14;PSMD12;PSMB4;PSMD1;PSMB1;CTSS;CTSL;TAP1;HLA-A;PSMA3;PSMD2;PSMB2;PSMC6;CHUK;ADRM1;PSMC4;SEC22B;PSMB9;PSMD7;PSMA7;SEC61B;CTSV;NCF1;PSMB3;SEM1;SEC61A2;PSMB5;HLA-F;NCF2;PSMD8;PSMD11;PSMD3;STX4;TAP2;UBC;PSMC5;IKBKB;PSMC3;TLR2;PSMB7;FGG;PSMC1;UBB"
"REACTOME_DEPOSITION_OF_NEW_CENPA_CONTAINING_NUCLEOSOMES_AT_THE_CENTROMERE",3.9019699297979e-19,7.73508156671702e-18,1.13308993200902,0.726667974829986,3.10577873491756,69,"H2BC26;H4C12;H4C11;H2AC19;H2AC18;H2BC12;H2AC7;H2BC9;CENPQ;CENPU;H2BC10;H2AC14;H2BC8;H2AC4;SMARCA5;H4C9;H4C16;H2AX;H2BC7;CENPK;H2BC21;H2BC5;H2BC13;H4C14;H2BC14;H2BC4;H4C15;H2BC17;RBBP7;OIP5;KNL1;CENPA;RUVBL1;CENPI;H2AC8;H4C1;HJURP;H2BC6;H2BC3;MIS18A;RBBP4;CENPL;H2BC15;H2BC11;H2AC6;CENPX;CENPH;CENPP;H4C8;H2AZ2;CENPN;CENPM;H2AJ;H4C4;H2AC20;ITGB3BP"
"REACTOME_DNA_DAMAGE_TELOMERE_STRESS_INDUCED_SENESCENCE",4.31740455710152e-19,8.4345816564824e-18,1.13308993200902,0.703824597010879,3.07104644407046,75,"H2BC26;H4C12;H4C11;TINF2;H2AC19;H2AC18;H2BC12;H2AC7;H2BC9;CCNE2;H2BC10;H2AC14;H1-3;H2BC8;H2AC4;CDKN1A;H4C9;H4C16;H2AX;H2BC7;H2BC21;H2BC5;H2BC13;H4C14;H2BC14;H2BC4;H4C15;H2BC17;ASF1A;CDKN1B;H1-5;HMGA1;H2AC8;LMNB1;CDK2;H4C1;H2BC6;POT1;H2BC3;CCNA2;H2BC15;H1-2;H2BC11;TERF2IP;RB1;H2AC6;CCNE1;H1-0;H4C8;H2AZ2;UBN1;H2AJ;TERF1;H4C4;H2AC20"
"REACTOME_TRANSCRIPTIONAL_REGULATION_BY_SMALL_RNAS",5.81734526669866e-19,1.1202544885014e-17,1.12391496374483,0.712010331183264,3.09626039649632,73,"POLR2K;H2BC26;H3C12;H4C12;H4C11;H3C8;H2AC19;H2AC18;H2BC12;H2AC7;H3C10;H2BC9;POLR2B;H2BC10;H2AC14;H2BC8;H2AC4;H4C9;H4C16;H2AX;H2BC7;H2BC21;H2BC5;H2BC13;H3C4;H4C14;H2BC14;H2BC4;H4C15;H2BC17;H3C7;POLR2D;H3C3;H2AC8;H3C13;H4C1;H2BC6;H2BC3;H3C11;H3C14;H3C15;H2BC15;POLR2G;H2BC11;H3-3A;RAN;POLR2J;H2AC6;H3C2;POLR2H;H4C8;H2AZ2;H3-3B;H2AJ;H4C4;H2AC20"
"REACTOME_MITOTIC_G1_PHASE_AND_G1_S_TRANSITION",7.82152047522798e-19,1.48498726769117e-17,1.12391496374483,0.578018892197444,2.77890271472928,139,"CDK7;PSMA5;PPP2CA;PSMC2;PSMA6;PSMA4;RRM2;PSMA2;LIN54;CCNE2;CDC6;PSMD6;CDKN1A;CCNB1;PSMA1;DBF4;CDK1;MYBL2;PSMD14;RPA3;PSMD12;CDC7;PSMB4;PSMD1;TK1;PSMB1;CDKN1B;SKP1;FBXO5;E2F5;PSMA3;PCNA;PSMD2;PSMB2;PSMC6;HDAC1;E2F3;ADRM1;CDKN2D;CDKN2A;PRIM1;PSMC4;CDK2;TOP2A;PSMD7;MCM2;ORC6;RBBP4;E2F2;PSMA7;CCNA2;LYN;RB1;SRC;MCM4;ORC3;MCM6;PSMB3;CDC25A;MCM10;CKS1B;MAX;SEM1;CCNE1;E2F1;PSMB5;ORC2;RBL1;RBL2;RPA2;CUL1;PSMD8;PSMD11;PSMD3;PPP2R1A;DHFR;UBC;PPP2R2A;ORC5;CDK4;PTK6;POLE3;MCM8;PSMC5;PSMC3;PRIM2;WEE1;AKT1;PSMB7;ORC1;DYRK1A;PSMC1;UBB"
"REACTOME_REGULATION_OF_ENDOGENOUS_RETROELEMENTS_BY_THE_HUMAN_SILENCING_HUB_HUSH_COMPLEX",9.9706050973332e-19,1.86671884322294e-17,1.11466447751729,0.721183341856171,3.06886460516114,67,"H2BC26;H3C12;H4C12;H4C11;H3C8;H2AC19;H2AC18;H2BC12;H2AC7;H3C10;H2BC9;H2BC10;H2AC14;H2BC8;H2AC4;H4C9;H4C16;H2AX;H2BC7;H2BC21;H2BC5;H2BC13;H3C4;H4C14;H2BC14;H2BC4;RBM7;H4C15;H2BC17;H3C7;H3C3;H2AC8;H3C13;H4C1;H2BC6;H2BC3;ZCCHC8;H3C11;H3C14;H3C15;H2BC15;H2BC11;H3-3A;H2AC6;H3C2;MTREX;PPHLN1;H4C8;H2AZ2;H3-3B;H2AJ;H4C4;H2AC20"
"REACTOME_CHROMATIN_MODIFICATIONS_DURING_THE_MATERNAL_TO_ZYGOTIC_TRANSITION_MZT",1.03652709651445e-18,1.9140253782212e-17,1.11466447751729,0.722901000694165,3.0558016450885,65,"H2BC26;H3C12;H4C12;H4C11;H3C8;H2AC19;H2AC18;H2BC12;H2AC7;H3C10;H2BC9;H2BC10;H2AC14;H2BC8;H2AC4;H4C9;H4C16;H2AX;H2BC7;H2BC21;H2BC5;H2BC13;UHRF1;H3C4;H4C14;H2BC14;H2BC4;H4C15;H2BC17;H3C7;H3C3;KDM5B;H2AC8;H3C13;H4C1;H2BC6;H2BC3;H3C11;H3C14;H3C15;H2BC15;KDM6A;H2BC11;H3-3A;TET3;H2AC6;H3C2;H4C8;H2AZ2;H3-3B;H2AJ;H4C4;H2AC20;H3C6;METTL23"
"REACTOME_CONDENSATION_OF_PROPHASE_CHROMOSOMES",1.51562378783561e-18,2.7608930621654e-17,1.11466447751729,0.718516887101259,3.07094098809068,69,"H2BC26;H3C12;H4C12;H4C11;H3C8;H2AC19;H2AC18;H2BC12;H2AC7;H3C10;H2BC9;PLK1;H2BC10;H2AC14;H2BC8;H2AC4;CCNB1;H4C9;CDK1;H4C16;H2AX;H2BC7;H2BC21;H2BC5;H2BC13;H3C4;H4C14;SMC4;H2BC14;H2BC4;H4C15;H2BC17;H3C7;H3C3;H2AC8;H3C13;H4C1;H2BC6;H2BC3;H3C11;H3C14;H3C15;H2BC15;H2BC11;H3-3A;RB1;NCAPG2;H2AC6;H3C2;H4C8;H2AZ2;H3-3B;SET;H2AJ;H4C4;H2AC20"
"REACTOME_TRANSCRIPTIONAL_REGULATION_OF_GRANULOPOIESIS",1.69092130720505e-18,3.0391492294832e-17,1.11466447751729,0.672108447854791,3.00986345063063,85,"LEF1;H2BC26;H3C12;H4C12;H4C11;CBFB;H3C8;H2AC19;H2AC18;H2BC12;H2AC7;H3C10;H2BC9;H2BC10;H2AC14;H2BC8;H2AC4;CDKN1A;H4C9;H4C16;H2AX;H2BC7;H2BC21;H2BC5;H2BC13;H3C4;H4C14;H2BC14;H2BC4;H4C15;H2BC17;H3C7;RARA;H3C3;H2AC8;SPI1;H3C13;CDK2;H4C1;H2BC6;GFI1;DEK;H2BC3;H3C11;H3C14;H3C15;H2BC15;H2BC11;H3-3A;CREB1;H2AC6;H3C2;E2F1;H4C8;H2AZ2;RUNX1;H3-3B;MYB;H2AJ;H4C4;H2AC20;H3C6;CDK4"
"REACTOME_MITOTIC_SPINDLE_CHECKPOINT",2.02744685598307e-18,3.5960504761384e-17,1.10533657731401,0.622590301448656,2.88998991990468,110,"UBE2D1;PPP2CA;BUB1;KIF2A;MAPRE1;BUB3;PLK1;ZW10;CENPQ;CENPU;ZWILCH;ZWINT;CENPK;SKA1;PPP1CC;UBE2S;SGO2;NUP37;MAD2L1;KIF18A;UBE2C;XPO1;BUB1B;KNL1;CENPA;BIRC5;KIF2C;CENPE;CDC20;ERCC6L;CENPI;SKA2;UBE2E1;SPC25;DSN1;DYNLL1;CDCA8;NDC80;ANAPC11;CKAP5;NUF2;CENPL;PPP2R5E;DYNC1LI1;DYNLL2;SGO1;SPC24;AURKB;NUP160;RCC2;CENPF;CENPH;CENPP;KNTC1;MIS12;NUP43;CLIP1;SPDL1;CDC23;CENPN;CENPM;SEC13;INCENP;PPP2R1A;RANBP2;ITGB3BP;SEH1L"
"REACTOME_ERCC6_CSB_AND_EHMT2_G9A_POSITIVELY_REGULATE_RRNA_EXPRESSION",2.28678522231074e-18,4.00335906451282e-17,1.10533657731401,0.707729281867575,3.06916535479499,72,"H2BC26;H3C12;H4C12;H4C11;CBX3;H3C8;H2AC19;H2AC18;H2BC12;H2AC7;H3C10;H2BC9;H2BC10;H2AC14;H2BC8;H2AC4;H4C9;H4C16;H2AX;H2BC7;H2BC21;H2BC5;H2BC13;H3C4;H4C14;H2BC14;H2BC4;H4C15;H2BC17;H3C7;RBBP7;H3C3;HDAC1;H2AC8;H3C13;H4C1;H2BC6;H2BC3;H3C11;H3C14;RBBP4;H3C15;H2BC15;H2BC11;H3-3A;CHD4;H2AC6;H3C2;H4C8;H2AZ2;H3-3B;GATAD2B;H2AJ;H4C4;H2AC20"
"REACTOME_ANTIMICROBIAL_MECHANISM_OF_IFN_STIMULATED_GENES",2.99975589594864e-18,5.18419352274201e-17,1.10533657731401,0.549663359155427,2.71946848363802,163,"OAS1;OAS2;MX1;EIF2AK2;STAT1;RIGI;TUBB3;ISG15;ACTB;OAS3;OASL;PPP2CA;IFIT1;UBE2L6;ADAR;HSPA8;NUP210;GBP1;EIF4E;EIF4A3;EIF2S2;GBP5;UBE2N;NUP50;TUBA1C;KPNA2;ACTG1;UBE2I;MX2;CDK1;SUMO1;FANCF;NUP37;EIF4E2;EIF4G2;RAE1;NEDD4;NUP155;CHUK;ABCE1;DNAJC3;EIF2S1;TUBA4B;UBE2E1;TUBA1B;CASP1;GBP3;EIF2S3;TUBA1A;NUP153;HERC5;PGGT1B;NDC1;NUP205;NUP62;PIM1;DHX9;TRIM25;PDE12;KPNA1;USP18;EIF4G1;RNASEL;NUP160;CENPX;ILF2;NUP43;BECN1;SEC13;TUBA4A;PPP2R1A;RANBP2;UBC;SEH1L;KPNA4;NCK1;IKBKB;MAVS;TUBB8;NUP107;EIF4A2;HSPA1L;PIN1;EIF4A1;TUBB4B;TARBP2;UBB;GBP2;KPNA3;NUP93;SPHK1;GBP4;TUBB1;NUP58;KPNB1;NPM1;PRKRA;NUP133;DUS2;NUP42"
"REACTOME_NEGATIVE_EPIGENETIC_REGULATION_OF_RRNA_EXPRESSION",3.06618768581093e-18,5.23192531705461e-17,1.10533657731401,0.623789886915989,2.86874087619216,105,"POLR2K;H2BC26;H3C12;CDK7;H4C12;H4C11;H3C8;H2AC19;H2AC18;H2BC12;H2AC7;H3C10;H2BC9;H2BC10;H2AC14;H2BC8;H2AC4;SMARCA5;H4C9;H4C16;H2AX;H2BC7;H2BC21;H2BC5;H2BC13;H3C4;H4C14;H2BC14;H2BC4;H4C15;H2BC17;H3C7;ARID4B;H3C3;HDAC1;H2AC8;H3C13;H4C1;H2BC6;H2BC3;H3C11;H3C14;H3C15;H2BC15;H2BC11;POLR1H;GTF2H3;H3-3A;SIN3A;H2AC6;H3C2;POLR2H;GTF2H2;H4C8;H2AZ2;POLR1F;SAP130;H3-3B;SIRT1;TAF1B;TBP;BAZ2A;H2AJ;H4C4;H2AC20;DNMT1;GTF2H5;H3C6;TAF1D"
"REACTOME_FCERI_MEDIATED_NF_KB_ACTIVATION",4.03857489346106e-18,6.80499869548188e-17,1.0959292864312,0.594367216763635,2.80891220072993,123,"CARD11;UBE2D1;PSMA5;PSMC2;PSMA6;PSMA4;PSMA2;IGLV3-1;UBE2N;BCL10;FCER1G;PSMD6;RASGRP1;UBE2D2;PSMA1;PSMD14;PSMD12;PSMB4;PSMD1;PSMB1;IGHV3-11;SKP1;IGHE;IGHV3-33;PSMA3;PSMD2;PSMB2;PSMC6;CHUK;ADRM1;PSMC4;PDPK1;PSMD7;IGHV1-69;UBE2V1;TAB3;IGHV4-34;MAP3K7;IGLV1-47;PSMA7;FBXW11;NFKB1;MS4A2;IGHV4-59;LYN;PSMB3;IGHV3-30;IGKV1D-39;SEM1;PSMB5;IGHV4-39;IGKV1-39;IGKV3-15;IGKV2-28;IGLV3-21;IGKV2D-28;MALT1;IGLV3-27;IGHV2-5;CUL1;IGKV4-1;PSMD8;IGKV1-5;PSMD11;RELA;PSMD3;IGLV3-25;IGKV3-20;UBC;IGKV1-16;IGKV1-33;IGKV2D-40;PSMC5;IKBKB;PSMC3;IGHV2-70"
"REACTOME_RNA_POLYMERASE_I_PROMOTER_ESCAPE",4.18784767430115e-18,6.96940575920735e-17,1.0959292864312,0.66655536063843,2.9926078437337,87,"POLR2K;H2BC26;H3C12;CDK7;H4C12;H4C11;RRN3;CBX3;H3C8;H2AC19;H2AC18;H2BC12;H2AC7;H3C10;H2BC9;H2BC10;H2AC14;H2BC8;H2AC4;H4C9;H4C16;H2AX;H2BC7;H2BC21;H2BC5;H2BC13;H3C4;H4C14;H2BC14;H2BC4;H4C15;H2BC17;H3C7;H3C3;H2AC8;H3C13;H4C1;H2BC6;H2BC3;H3C11;H3C14;H3C15;H2BC15;H2BC11;POLR1H;GTF2H3;H3-3A;H2AC6;H3C2;POLR2H;GTF2H2;H4C8;H2AZ2;POLR1F;H3-3B;TAF1B;TBP;H2AJ;H4C4;H2AC20;GTF2H5;H3C6;TAF1D"
"REACTOME_MEIOTIC_RECOMBINATION",4.44716003080011e-18,7.31069722136409e-17,1.0959292864312,0.671777999879598,2.97973418478732,80,"H2BC26;H3C12;H4C12;H4C11;H3C8;H2AC19;H2AC18;H2BC12;H2AC7;H3C10;H2BC9;H2BC10;H2AC14;H2BC8;H2AC4;H4C9;H4C16;H2AX;H2BC7;RPA3;H2BC21;H2BC5;H2BC13;H3C4;H4C14;BRCA2;H2BC14;H2BC4;H4C15;H2BC17;H3C7;BLM;H3C3;H2AC8;H3C13;CDK2;H4C1;H2BC6;H2BC3;H3C11;H3C14;H3C15;H2BC15;H2BC11;H3-3A;H2AC6;H3C2;RAD51;FIGNL1;H4C8;H2AZ2;H3-3B;RPA2;H2AJ;H4C4;H2AC20;H3C6;CDK4"
"REACTOME_SYNTHESIS_OF_DNA",5.57668065773179e-18,9.05706689954513e-17,1.0959292864312,0.621133620853232,2.86057831902611,108,"UBE2D1;PSMA5;PSMC2;PSMA6;PSMA4;PSMA2;POLD4;CCNE2;CDC6;PSMD6;PSMA1;PSMD14;RPA3;PSMD12;UBE2S;PSMB4;PSMD1;GINS1;UBE2C;PSMB1;RFC4;SKP1;PSMA3;PCNA;RBX1;PSMD2;PSMB2;PSMC6;ADRM1;PRIM1;PSMC4;DNA2;CDK2;PSMD7;UBE2E1;MCM2;ORC6;ANAPC11;PSMA7;FEN1;CCNA2;MCM4;ORC3;MCM6;PSMB3;RFC5;SEM1;CCNE1;PSMB5;ORC2;GINS2;GINS4;RPA2;CDC23;GINS3;CUL1;PSMD8;PSMD11;PSMD3;UBC;ORC5;POLE3;MCM8;PSMC5;PSMC3;PRIM2;CDC27;PSMB7;ORC1;RFC2;PSMC1;UBB;CDT1"
"REACTOME_MRNA_POLYADENYLATION",7.11303450286661e-18,1.14147267974574e-16,1.0864405425825,0.583632017968621,2.79069390243215,127,"POLR2K;SRSF2;CPSF3;SNRPB2;POLR2B;SNRPG;PRPF40A;PPP1CA;HNRNPF;XRN2;PPP1R8;SF3B1;CSTF2;SRSF1;RBBP6;SRSF7;POLR2D;SNRPC;HNRNPH2;PTBP1;CSTF1;SNRPB;U2AF1;NUDT21;HNRNPA2B1;SF3B6;SRSF3;HNRNPL;SRSF10;SRSF11;HNRNPH1;HNRNPC;SF3B4;U2SURP;SRSF9;DDX5;SNRPA1;HNRNPK;PAPOLA;CPSF2;POLR2G;FUS;SNRPE;CDC40;CCAR1;DHX9;CLP1;DNAJC8;DHX15;SNRPF;POLR2J;NCBP2;TRA2B;U2AF2;POLR2H;SF3B5;PCBP1;PAPOLG;PCF11;SMNDC1;SNRPD1;RBM39;HNRNPM;SRSF6;HNRNPU;HNRNPA3;UBC;CSTF2T;CSTF3;SF3B3;SNRPD3;PPP1R10;PUF60;POLR2C;FIP1L1;SF3B2"
"REACTOME_INHIBITION_OF_DNA_RECOMBINATION_AT_TELOMERE",7.66288981247446e-18,1.2152441726136e-16,1.0864405425825,0.72087925669198,3.01559680776799,63,"POLR2K;H2BC26;H4C12;H4C11;TINF2;H2AC19;H2AC18;H2BC12;H2AC7;H2BC9;POLR2B;H2BC10;H2AC14;H2BC8;H2AC4;H4C9;H4C16;H2AX;H2BC7;H2BC21;H2BC5;H2BC13;H4C14;H2BC14;H2BC4;H4C15;H2BC17;POLR2D;H2AC8;H4C1;H2BC6;POT1;H2BC3;H2BC15;DAXX;POLR2G;H2BC11;TERF2IP;H3-3A;POLR2J;H2AC6;POLR2H;H4C8;H2AZ2;H3-3B;H2AJ;TERF1;H4C4;H2AC20"
"REACTOME_G2_M_DNA_DAMAGE_CHECKPOINT",9.17886928277662e-18,1.43873439455615e-16,1.0864405425825,0.640204102225598,2.89440764469607,93,"H2BC26;H4C12;H4C11;YWHAZ;H2BC12;RAD17;H2BC9;UBE2N;YWHAQ;H2BC10;RAD1;H2BC8;CCNB1;H4C9;CDK1;H4C16;H2AX;H2BC7;RPA3;H2BC21;YWHAH;H2BC5;RMI1;H2BC13;TOPBP1;YWHAB;H4C14;UBE2V2;H2BC14;H2BC4;H4C15;H2BC17;RFC4;BLM;DNA2;H4C1;H2BC6;H2BC3;RHNO1;CCNA2;H2BC15;RMI2;BARD1;RAD9A;H2BC11;CHEK1;EXO1;BRIP1;RFC5;CDC25C;H4C8;RPA2;RNF168;H4C4;WEE1;NBN;ATM;PIAS4;CHEK2;RFC2;ATRIP;BRCC3"
"REACTOME_ASPARAGINE_N_LINKED_GLYCOSYLATION",1.25127722505955e-17,1.93876057400032e-16,1.0864405425825,0.448861449358157,2.40591267396884,305,"EDEM1;CAPZA1;CAPZA2;TUBB3;RNF103;DCTN5;SEC23IP;F5;ARCN1;ARF3;MGAT4A;ST8SIA4;PDIA3;RAB1A;CALR;CANX;GLB1;TUBA1C;DPM1;NEU1;TMED2;MAGT1;PPP6R1;ARF4;YKT6;RNF139;SEC24A;B4GALT4;DERL1;NPL;CTSZ;RPN1;TMED9;SEC31A;LMAN2;SEL1L;STT3B;TMED7;OSTC;ST6GAL2;TFG;CD55;ALG8;MAN2A1;FUCA1;COPZ1;LMAN1;COPG1;EDEM3;TRAPPC10;DPAGT1;NAGK;HK1;GFUS;ALG10B;MGAT2;ALG1;COG2;NUS1;TRAPPC4;COPB2;CAPZB;ST6GAL1;TUBA4B;SEC22B;RPN2;TUBA1B;NSF;STT3A;KDELR1;DYNLL1;ARF1;CTSA;FUT8;UGGT1;KDELR2;TMED3;SEC24D;TUBA1A;NAPA;MGAT5;SAR1B;ARF5;NAPG;PMM2;MANEA;DYNC1LI1;RNF5;ALG6;NANS;DYNLL2;COPA;COPB1;B4GALT3;B4GALNT2;NANP;SEC24C;TRAPPC6B;SEC16A;DAD1;AMDHD2;TMEM258;BET1;TRAPPC3;GNPNAT1;RAD23B;GFPT2;GMPPA;RAB1B;EDEM2;GANAB;B4GALT1;ALG3;SEC13;ALG10;DCTN4;PGM3;TUBA4A;DOLK;OST4;MGAT4B;CSNK1D;DERL2;UBC;ARFGAP1;SCFD1;ST6GALNAC4;SLC35A1;MLEC;SRD5A3;B4GALT5;DPM2;SYVN1;NEU3;PPP6R3;SEC22A;MARCHF6;NGLY1;ALG2;ACTR1A;CMAS;TUBB8;ARFGAP3;GFPT1;TBC1D20;DOLPP1;TMED10;ST3GAL1;TUBB4B;KDELR3;PSMC1;AMFR;UBB;CTSC;ACTR10;CNIH1;PREB;MPDU1;UAP1;COG4;TUBB1"
"REACTOME_DNA_METHYLATION",1.3870670441952e-17,2.10086109615184e-16,1.0864405425825,0.733668134117386,3.02515074786217,60,"H2BC26;H3C12;H4C12;H4C11;H3C8;H2AC19;H2AC18;H2BC12;H2AC7;H3C10;H2BC9;H2BC10;H2AC14;H2BC8;H2AC4;H4C9;H4C16;H2AX;H2BC7;H2BC21;H2BC5;H2BC13;UHRF1;H3C4;H4C14;H2BC14;H2BC4;H4C15;H2BC17;H3C7;H3C3;H2AC8;H3C13;H4C1;H2BC6;H2BC3;H3C11;H3C14;H3C15;H2BC15;H2BC11;H3-3A;H2AC6;H3C2;H4C8;H2AZ2;H3-3B;H2AJ;H4C4;H2AC20;DNMT1"
"REACTOME_TCF_DEPENDENT_SIGNALING_IN_RESPONSE_TO_WNT",1.38100622420066e-17,2.10086109615184e-16,1.0864405425825,0.498711505540361,2.56738873202107,212,"LEF1;SFRP2;H2BC26;H3C12;H4C12;H4C11;PSMA5;YWHAZ;PPP2CA;PSMC2;PSMA6;PSMA4;XIAP;PSMA2;H3C8;WNT9A;H2AC19;H2AC18;H2BC12;H2AC7;H3C10;H2BC9;CUL3;TLE3;H2BC10;H2AC14;PSMD6;H2BC8;DACT1;H2AC4;H4C9;PSMA1;H4C16;H2AX;H2BC7;PSMD14;H2BC21;H2BC5;PSMD12;H2BC13;RUNX3;PSMB4;H3C4;PSMD1;DKK1;H4C14;H2BC14;H2BC4;H4C15;H2BC17;PSMB1;H3C7;XPO1;KREMEN2;CDC73;RUVBL1;CSNK2A1;PSMA3;RBX1;PSMD2;PSMB2;PSMC6;H3C3;HDAC1;CHD8;ADRM1;PSMC4;H2AC8;H3C13;LGR5;BCL9;H4C1;PSMD7;H2BC6;CCDC88C;DPY30;H2BC3;GSK3B;H3C11;LEO1;H3C14;H3C15;PSMA7;H2BC15;PPP2R5E;H2BC11;H3-3A;DVL3;PSMB3;H2AC6;H3C2;SEM1;PSMB5;FZD6;TNKS2;PYGO2;CSNK1A1;H4C8;H2AZ2;KLHL12;USP8;H3-3B;PSMD8;PSMD11;PSMD3;PPP2R1A;H2AJ;H4C4;H2AC20;UBC;FZD2;DKK2;RBBP5;H3C6;PSMC5;PSMC3;AXIN1"
"REACTOME_SENESCENCE_ASSOCIATED_SECRETORY_PHENOTYPE_SASP",1.41535787859019e-17,2.11989157815509e-16,1.07686819261983,0.616981374023459,2.8414554976915,108,"H2BC26;H3C12;UBE2D1;H4C12;H4C11;H3C8;H2AC19;H2AC18;H2BC12;H2AC7;H3C10;H2BC9;H2BC10;H2AC14;H2BC8;H2AC4;CDKN1A;H4C9;H4C16;H2AX;H2BC7;H2BC21;H2BC5;H2BC13;UBE2S;H3C4;H4C14;H2BC14;H2BC4;H4C15;H2BC17;UBE2C;H3C7;CDKN1B;RPS6KA1;H3C3;CDKN2D;CDKN2A;H2AC8;H3C13;CDK2;H4C1;UBE2E1;H2BC6;H2BC3;H3C11;H3C14;ANAPC11;H3C15;NFKB1;CCNA2;H2BC15;H2BC11;H3-3A;H2AC6;H3C2;H4C8;H2AZ2;H3-3B;CDC23;RELA;H2AJ;H4C4;H2AC20;UBC;MAPK1;H3C6;CDK4"
"REACTOME_RHO_GTPASES_ACTIVATE_FORMINS",1.50950973400371e-17,2.23606496861208e-16,1.07686819261983,0.575651803579356,2.76936442400933,137,"TUBB3;ACTB;PPP2CA;BUB1;KIF2A;MAPRE1;BUB3;PFN1;TUBA1C;PLK1;ZW10;CENPQ;CENPU;ZWILCH;ACTG1;ZWINT;CENPK;SKA1;PPP1CC;CDC42;SGO2;NUP37;MAD2L1;DIAPH1;KIF18A;XPO1;BUB1B;KNL1;CENPA;BIRC5;KIF2C;CENPE;CDC20;RHOA;ERCC6L;CENPI;RAC1;TUBA4B;SKA2;SPC25;TUBA1B;DSN1;PFN2;FMNL3;DYNLL1;CDCA8;NDC80;CKAP5;NUF2;TUBA1A;CENPL;EVL;PPP2R5E;DYNC1LI1;DYNLL2;SRC;SGO1;SPC24;RHOC;DVL3;AURKB;NUP160;RCC2;CENPF;CENPH;CENPP;KNTC1;MIS12;NUP43;CLIP1;SPDL1;CENPN;CENPM;SEC13;INCENP;TUBA4A;PPP2R1A;RANBP2;ITGB3BP;SEH1L"
"REACTOME_RUNX1_REGULATES_GENES_INVOLVED_IN_MEGAKARYOCYTE_DIFFERENTIATION_AND_PLATELET_FUNCTION",1.78113351097868e-17,2.60974779652093e-16,1.07686819261983,0.642836809517544,2.90704525734583,92,"H2BC26;H3C12;H4C12;H4C11;THBS1;CBFB;H3C8;H2AC19;H2AC18;H2BC12;H2AC7;H3C10;H2BC9;H2BC10;H2AC14;H2BC8;H2AC4;H4C9;H4C16;H2AX;H2BC7;H2BC21;H2BC5;H2BC13;H3C4;H4C14;H2BC14;H2BC4;H4C15;H2BC17;H3C7;H3C3;HDAC1;H2AC8;H3C13;H4C1;H2BC6;DPY30;H2BC3;H3C11;H3C14;MOV10;H3C15;H2BC15;H2BC11;H3-3A;SIN3A;H2AC6;H3C2;H4C8;H2AZ2;SETD1B;RUNX1;H3-3B;H2AJ;H4C4;H2AC20;NR4A3;RBBP5;H3C6"
"KEGG_SPLICEOSOME",1.91099545088681e-17,2.76991598687679e-16,1.07686819261983,0.580440473413686,2.76744596140467,126,"HSPA8;SRSF2;SNRPB2;EIF4A3;BCAS2;SNRPG;PRPF40A;CRNKL1;SF3B1;USP39;DDX23;SRSF1;SRSF7;SNRPC;PRPF38B;SNRPB;U2AF1;SNRNP27;PPIL1;SF3B6;THOC2;ALYREF;SRSF3;MAGOH;SRSF10;HNRNPC;SF3B4;U2SURP;SRSF9;LSM3;DDX5;SNRPA1;HNRNPK;SNRPE;CDC40;CTNNBL1;DHX15;WBP11;MAGOHB;SNRPF;SNRNP40;NCBP2;TRA2B;LSM5;U2AF2;ISY1;SF3B5;RBM22;PCBP1;PRPF19;TRA2A;THOC3;SMNDC1;SNRPD1;AQR;ZMAT2;HSPA6;HNRNPM;RBM8A;SRSF6;HNRNPU;CDC5L;HNRNPA3;PRPF3;BUD31;SF3B3;SNRPD3;SLU7;CWC15;PRPF4;PUF60;PRPF40B;HSPA1L;SF3B2;LSM4;SYF2;LSM7;LSM8;TXNL4A;SNRNP200;DDX46;SF3A3;PHF5A;RBMX;ACIN1;NCBP1;LSM2"
"REACTOME_REGULATION_OF_ENDOGENOUS_RETROELEMENTS",2.03212799806577e-17,2.91415802275815e-16,1.07686819261983,0.574406437169993,2.76337317477237,137,"H2BC26;H3C12;ACTB;H4C12;H4C11;H3C8;H2AC19;H2AC18;H2BC12;H2AC7;H3C10;H2BC9;ZNF28;ZNF816;H2BC10;H2AC14;H2BC8;H2AC4;UBE2I;H4C9;H4C16;H2AX;H2BC7;H2BC21;H2BC5;H2BC13;ZNF264;H3C4;H4C14;SS18;H2BC14;H2BC4;RBM7;H4C15;H2BC17;H3C7;RBBP7;SUMO2;SPOCD1;H3C3;HDAC1;ZNF354A;H2AC8;H3C13;H4C1;ARID1A;H2BC6;H2BC3;ZCCHC8;H3C11;H3C14;RBBP4;H3C15;ZNF765;ZNF547;H2BC15;ACTL6A;H2BC11;H3-3A;CHD4;ZNF669;H2AC6;H3C2;MTREX;ZNF320;PPHLN1;H4C8;H2AZ2;ZNF680;H3-3B;SS18L1;SMARCD1;GATAD2B;H2AJ;H4C4;H2AC20;SMARCB1;CBX5;H3C6;ZNF708;DPF2"
"REACTOME_PROCESSING_OF_DNA_DOUBLE_STRAND_BREAK_ENDS",2.23755730833805e-17,3.17497605435756e-16,1.07686819261983,0.631494406992458,2.86462786299869,94,"H2BC26;H4C12;H4C11;PPP4C;H2BC12;RAD17;H2BC9;UBE2N;H2BC10;RAD1;H2BC8;UBE2I;H4C9;H4C16;H2AX;H2BC7;RPA3;H2BC21;H2BC5;RMI1;H2BC13;TOPBP1;H4C14;UBE2V2;H2BC14;H2BC4;H4C15;H2BC17;RFC4;BLM;SUMO2;RNF4;CLSPN;DNA2;CDK2;H4C1;H2BC6;PPP4R2;H2BC3;RHNO1;CCNA2;H2BC15;RMI2;BARD1;RAD9A;H2BC11;CHEK1;EXO1;BRIP1;RFC5;TIMELESS;H4C8;RPA2;RNF168;H4C4;UBC;NBN;ATM;SIRT6;PIAS4;RFC2;ATRIP;BRCC3;UBB"
"REACTOME_SIRT1_NEGATIVELY_REGULATES_RRNA_EXPRESSION",3.04973378775737e-17,4.28233452697597e-16,1.06720998682811,0.710679968595067,2.98044489865773,64,"H2BC26;H3C12;H4C12;H4C11;H3C8;H2AC19;H2AC18;H2BC12;H2AC7;H3C10;H2BC9;H2BC10;H2AC14;H2BC8;H2AC4;H4C9;H4C16;H2AX;H2BC7;H2BC21;H2BC5;H2BC13;H3C4;H4C14;H2BC14;H2BC4;H4C15;H2BC17;H3C7;H3C3;H2AC8;H3C13;H4C1;H2BC6;H2BC3;H3C11;H3C14;H3C15;H2BC15;H2BC11;H3-3A;H2AC6;H3C2;H4C8;H2AZ2;H3-3B;SIRT1;TAF1B;TBP;H2AJ;H4C4;H2AC20;H3C6;TAF1D"
"REACTOME_POSITIVE_EPIGENETIC_REGULATION_OF_RRNA_EXPRESSION",3.59111077258783e-17,4.97222599783325e-16,1.06720998682811,0.622132610604158,2.84291361885152,102,"POLR2K;H2BC26;H3C12;ACTB;H4C12;H4C11;CBX3;H3C8;H2AC19;H2AC18;H2BC12;H2AC7;H3C10;H2BC9;H2BC10;H2AC14;H2BC8;H2AC4;SMARCA5;H4C9;H4C16;H2AX;H2BC7;H2BC21;H2BC5;H2BC13;H3C4;SF3B1;H4C14;H2BC14;H2BC4;H4C15;H2BC17;H3C7;RBBP7;DDX21;H3C3;HDAC1;H2AC8;H3C13;H4C1;H2BC6;DEK;H2BC3;GSK3B;H3C11;H3C14;RBBP4;H3C15;H2BC15;H2BC11;POLR1H;H3-3A;CHD4;H2AC6;H3C2;POLR2H;H4C8;H2AZ2;POLR1F;BAZ1B;H3-3B;TAF1B;TBP;GATAD2B;H2AJ;H4C4;H2AC20"
"REACTOME_PRC2_METHYLATES_HISTONES_AND_DNA",3.61482305480459e-17,4.97222599783325e-16,1.06720998682811,0.699557975499573,3.0186406466269,71,"H2BC26;H3C12;H4C12;H4C11;H3C8;H2AC19;H2AC18;H2BC12;H2AC7;H3C10;H2BC9;H2BC10;H2AC14;H2BC8;H2AC4;H4C9;H4C16;H2AX;H2BC7;H2BC21;H2BC5;H2BC13;H3C4;H4C14;H2BC14;H2BC4;H4C15;H2BC17;H3C7;RBBP7;H3C3;H2AC8;H3C13;H4C1;H2BC6;H2BC3;H3C11;H3C14;RBBP4;MTF2;EPOP;H3C15;EZH2;H2BC15;JARID2;H2BC11;H3-3A;H2AC6;H3C2;H4C8;H2AZ2;H3-3B;H2AJ;H4C4;H2AC20;DNMT1"
"REACTOME_REGULATION_OF_CDH1_GENE_TRANSCRIPTION",4.38331110284279e-17,5.96838723902231e-16,1.06720998682811,0.620538085211498,2.83066159037978,100,"H2BC26;H3C12;H4C12;H4C11;WT1;STRAP;H3C8;H2AC19;H2AC18;H2BC12;H2AC7;H3C10;ZNF217;H2BC9;TCF3;H2BC10;H2AC14;H2BC8;H2AC4;H4C9;H4C16;H2AX;H2BC7;H2BC21;H2BC5;H2BC13;H3C4;H4C14;H2BC14;H2BC4;H4C15;H2BC17;H3C7;RBBP7;PKM;H3C3;HDAC1;H2AC8;H3C13;H4C1;ARID1A;H2BC6;SP1;CDH1;H2BC3;H3C11;H3C14;RBBP4;H3C15;EZH2;H2BC15;DNTTIP1;H2BC11;H3-3A;RB1;H2AC6;TCF12;H3C2;H4C8;H2AZ2;TGIF2;H3-3B;SIRT1;H2AJ;H4C4;H2AC20;MAPK1;H3C6"
"KEGG_ANTIGEN_PROCESSING_AND_PRESENTATION",4.95172381677132e-17,6.67492370500774e-16,1.06720998682811,0.727106861274855,2.99809650013967,60,"B2M;HLA-DRA;IFI30;HSPA8;PSME1;HLA-DMB;PDIA3;HLA-C;CALR;CANX;HLA-DPA1;HLA-DOA;PSME2;HLA-DQB1;CD8A;TAPBP;RFX5;CTSB;HLA-DPB1;HLA-DQA1;HLA-B;HSPA5;HSPA4;CTSS;CD74;CTSL;TAP1;HLA-DRB1;HLA-A;CD8B;CD4;KLRC4;HSP90AB1;HLA-DQA2;KLRC3;NFYA;HLA-DMA;HSP90AA1;CREB1;HLA-DRB5;HLA-DOB;HLA-F;HSPA6;NFYB;TAP2;KLRC2;LTA"
"REACTOME_MATERNAL_TO_ZYGOTIC_TRANSITION_MZT",5.78192533289504e-17,7.71686668192328e-16,1.05746357275086,0.616091464962181,2.83467033399895,107,"H2BC26;H3C12;H4C12;H4C11;ELOC;H3C8;H2AC19;H2AC18;EIF4E;H2BC12;H2AC7;H3C10;EIF4A3;H2BC9;CNOT11;CNOT6;H2BC10;H2AC14;H2BC8;H2AC4;H4C9;H4C16;H2AX;H2BC7;H2BC21;H2BC5;H2BC13;UHRF1;H3C4;H4C14;PAIP2;CNOT9;H2BC14;H2BC4;H4C15;H2BC17;H3C7;POLR2D;H3C3;KDM5B;SRPK1;H2AC8;H3C13;H4C1;H2BC6;CNOT2;PAIP1;H2BC3;H3C11;H3C14;CNOT1;H3C15;H2BC15;KDM6A;H2BC11;H3-3A;CNOT8;TET3;EIF4G1;H2AC6;H3C2;H4C8;H2AZ2"
"REACTOME_MEIOSIS",6.36832949130204e-17,8.41618446497563e-16,1.05746357275086,0.602521425869818,2.7814557250358,109,"H2BC26;H3C12;H4C12;H4C11;TINF2;RAD21;H3C8;H2AC19;H2AC18;H2BC12;H2AC7;H3C10;H2BC9;H2BC10;H2AC14;H2BC8;H2AC4;UBE2I;H4C9;H4C16;H2AX;H2BC7;RPA3;H2BC21;H2BC5;H2BC13;H3C4;H4C14;BRCA2;H2BC14;H2BC4;H4C15;H2BC17;H3C7;SYCP2;BLM;H3C3;H2AC8;H3C13;LMNB1;CDK2;H4C1;H2BC6;POT1;H2BC3;H3C11;H3C14;H3C15;H2BC15;H2BC11;TERF2IP;H3-3A;H2AC6;STAG2;H3C2;RAD51;FIGNL1;H4C8;H2AZ2;H3-3B;RPA2;H2AJ;TERF1;H4C4;H2AC20;DIDO1;REC8;H3C6;CDK4;SMC3"
"HALLMARK_UNFOLDED_PROTEIN_RESPONSE",7.8063579694042e-17,1.02164762551038e-15,1.05746357275086,0.596314674035802,2.7746332956326,112,"EDEM1;SPCS3;YWHAZ;IFIT1;PDIA6;HYOU1;HERPUD1;TARS1;DNAJB9;EIF4E;CALR;SLC30A5;EIF4A3;SLC7A5;ATP6V0D1;CNOT6;SPCS1;XBP1;POP4;SEC31A;H2AX;MTHFD2;KIF5B;HSPA5;SERP1;HSP90B1;PARN;LSM1;HSPA9;DCP2;DNAJC3;SRPRA;SRPRB;EIF2S1;BANF1;SSR1;CNOT2;PAIP1;ERO1A;WIPI1;DNAJA4;SLC1A4;EIF2AK3;NFYA;FUS;CCL2;NABP1;SEC11A;ALDH18A1;XPOT;EIF4G1;CKS1B;MTREX;NFYB;EXOSC9;NHP2;ARFGAP1;IARS1;YIF1A;CHAC1;NOLC1;NOP56;ATF6;EXOC2;EDC4;EXOSC1;EIF4A2;ASNS;LSM4;EIF4A1;SHC1;KDELR3;EIF4EBP1;SDAD1;PREB"
"REACTOME_BASE_EXCISION_REPAIR",1.00725873103057e-16,1.30556227829732e-15,1.05746357275086,0.644092421213522,2.90352768019273,86,"H2BC26;H4C12;H4C11;TINF2;MBD4;H2AC19;H2AC18;H2BC12;H2AC7;H2BC9;POLD4;H2BC10;H2AC14;H2BC8;H2AC4;H4C9;H4C16;H2AX;H2BC7;RPA3;H2BC21;H2BC5;H2BC13;NEIL3;H4C14;H2BC14;H2BC4;H4C15;H2BC17;TDG;POLB;RFC4;PCNA;PARP1;H2AC8;H4C1;H2BC6;POT1;H2BC3;FEN1;H2BC15;H2BC11;TERF2IP;RFC5;H2AC6;H4C8;H2AZ2;ADPRS;RPA2;H2AJ;MPG;TERF1;H4C4;H2AC20"
"REACTOME_DEFECTIVE_PYROPTOSIS",1.14547635455211e-16,1.47057345327262e-15,1.04762648849882,0.697156825385342,2.97964808988728,69,"H2BC26;H3C12;H4C12;H4C11;H3C8;H2AC19;H2AC18;H2BC12;H2AC7;H3C10;H2BC9;H2BC10;H2AC14;H2BC8;H2AC4;H4C9;H4C16;H2AX;H2BC7;H2BC21;H2BC5;H2BC13;H3C4;H4C14;H2BC14;H2BC4;H4C15;H2BC17;H3C7;RBBP7;H3C3;PRIM1;H2AC8;H3C13;H4C1;H2BC6;H2BC3;H3C11;H3C14;RBBP4;H3C15;EZH2;H2BC15;H2BC11;H3-3A;H2AC6;H3C2;H4C8;H2AZ2;H3-3B;H2AJ;H4C4;H2AC20;DNMT1"
"REACTOME_REGULATION_OF_ENDOGENOUS_RETROELEMENTS_BY_PIWI_INTERACTING_RNAS_PIRNAS",1.57327379020788e-16,2.00072931056624e-15,1.04762648849882,0.629378985232706,2.84618610354163,92,"H2BC26;H3C12;ACTB;H4C12;H4C11;H3C8;H2AC19;H2AC18;H2BC12;H2AC7;H3C10;H2BC9;H2BC10;H2AC14;H2BC8;H2AC4;H4C9;H4C16;H2AX;H2BC7;H2BC21;H2BC5;H2BC13;H3C4;H4C14;SS18;H2BC14;H2BC4;H4C15;H2BC17;H3C7;RBBP7;SPOCD1;H3C3;HDAC1;H2AC8;H3C13;H4C1;ARID1A;H2BC6;H2BC3;H3C11;H3C14;RBBP4;H3C15;H2BC15;ACTL6A;H2BC11;H3-3A;CHD4;H2AC6;H3C2;H4C8;H2AZ2;H3-3B;SS18L1;SMARCD1;GATAD2B;H2AJ;H4C4;H2AC20;SMARCB1"
"HALLMARK_TNFA_SIGNALING_VIA_NFKB",1.72286591846196e-16,2.17048902624927e-15,1.04762648849882,0.498258613084351,2.53984156939082,199,"INHBA;REL;CXCL11;ID2;SLC16A6;CD80;TNFRSF9;CD69;CXCL10;RIGI;CD83;CCN1;SERPINB8;OLR1;NAMPT;IFIH1;SERPINE1;LIF;GPR183;GCH1;IL18;CCL4;BIRC3;NFKBIE;CCNL1;IL7R;IL12B;TNF;TRAF1;PLAU;RNF19B;CCL5;PLAUR;TRIB1;PLEK;DUSP5;TIPARP;PMEPA1;PANX1;BCL2A1;MCL1;CDKN1A;DUSP2;IFIT2;SAT1;BIRC2;NINJ1;TNFAIP3;IER3;JUNB;F2RL1;SGK1;KLF6;KLF10;LITAF;GADD45B;TAP1;IRF1;IL1B;DRAM1;ZC3H12A;SPSB1;CCL20;YRDC;SDC4;SOCS3;PHLDA2;SLC2A6;RIPK2;IFNGR2;NFKB1;TNFAIP6;ICAM1;CCL2;BHLHE40;TNFSF9;TNFAIP8;EHD1;MXD1;IL23A;BCL3;GFPT2;TGIF1;BTG2;NFE2L2;IER2;MSC;B4GALT1;IER5;RELA;RELB"
"REACTOME_RNA_POLYMERASE_I_TRANSCRIPTION",2.59955340364165e-16,3.24462776676754e-15,1.03769615548758,0.608807540878547,2.80115660318263,107,"POLR2K;H2BC26;H3C12;CDK7;H4C12;H4C11;RRN3;CBX3;H3C8;H2AC19;H2AC18;H2BC12;H2AC7;H3C10;H2BC9;H2BC10;H2AC14;H2BC8;H2AC4;H4C9;H4C16;H2AX;H2BC7;H2BC21;H2BC5;H2BC13;H3C4;H4C14;H2BC14;H2BC4;H4C15;H2BC17;H3C7;RBBP7;H3C3;HDAC1;H2AC8;H3C13;H4C1;H2BC6;H2BC3;H3C11;H3C14;RBBP4;H3C15;H2BC15;H2BC11;POLR1H;GTF2H3;H3-3A;CHD4;H2AC6;H3C2;POLR2H;GTF2H2;H4C8;H2AZ2;POLR1F;H3-3B;TAF1B;TBP;GATAD2B;H2AJ;H4C4;H2AC20;GTF2H5;H3C6;TAF1D"
"REACTOME_MITOTIC_PROMETAPHASE",2.6249139071867e-16,3.2462238044841e-15,1.03769615548758,0.496445170369936,2.53059766056751,199,"TUBB3;PPP2CA;RAD21;WAPL;BUB1;KIF2A;MAPRE1;NEK6;BUB3;TUBA1C;PLK1;ZW10;CENPQ;CENPU;ZWILCH;NEDD1;ZWINT;CCNB1;CDK1;NEK2;CENPK;SKA1;PPP1CC;SGO2;NUP37;MAD2L1;SMC4;KIF18A;CEP135;XPO1;BUB1B;KNL1;CENPA;BIRC5;KIF2C;PLK4;PDS5A;CSNK2A1;NCAPH;CCNB2;CENPE;MZT1;CDC20;ERCC6L;CCP110;CENPI;TUBA4B;SKA2;SPC25;TUBA1B;CDCA5;DSN1;DYNLL1;CDCA8;NDC80;NCAPG;CKAP5;NUF2;TUBA1A;HAUS2;CENPL;PPP2R5E;DYNC1LI1;DYNLL2;HSP90AA1;SGO1;SPC24;STAG2;AURKB;NUP160;RCC2;CENPF;CENPH;CENPP;KNTC1;CETN2;MIS12;NUP43;CLIP1;SPDL1;CENPN;CENPM;SEC13;CEP70;INCENP;TUBA4A;PPP2R1A;TUBB;RANBP2;CSNK1D;ITGB3BP;HAUS1;SEH1L;SMC3;CEP43;CEP41;HAUS3;ACTR1A;TUBB8"
"REACTOME_CELL_CELL_COMMUNICATION",3.16749739917472e-16,3.88162408553412e-15,1.03769615548758,0.422736926532578,2.26626140532691,323,"ADAM19;H2BC26;H3C12;FYB1;ACTB;H4C12;SIRPG;H4C11;PTPN6;PSMA5;SPCS3;PSMC2;PSMA6;PSMA4;WT1;STRAP;TYROBP;PSMA2;H3C8;H2AC19;H2AC18;H2BC12;CANX;H2AC7;H3C10;ZNF217;H2BC9;TCF3;CD2AP;H2BC10;CDH11;H2AC14;SPCS1;IQGAP1;PARD6B;ACTG1;PSMD6;H2BC8;RPN1;H2AC4;CTSB;H4C9;PSMA1;H4C16;H2AX;H2BC7;PSMD14;H2BC21;H2BC5;PSMD12;H2BC13;CLDN3;OSTC;PSMB4;CSNK2A3;H3C4;PSMD1;H4C14;NECTIN2;H2BC14;H2BC4;H4C15;H2BC17;CBLL1;PSMB1;H3C7;CTSS;CLDN4;RBBP7;CLDN9;VASP;CTSL;PKM;CSNK2A1;PSMA3;PSMD2;PSMB2;PSMC6;H3C3;HDAC1;SPCS2;WASL;ZC3H12A;ADRM1;PSMC4;H2AC8;H3C13;CDH2;H4C1;PSMD7;RPN2;ARID1A;CLDN1;H2BC6;SP1;STT3A;CDH1;CLDN7;H2BC3;H3C11;H3C14;RBBP4;MOV10;GRB2;H3C15;PSMA7;EZH2;H2BC15;DNTTIP1;MTBP;H2BC11;SEC11A;H3-3A;LIMS1;RB1;SRC;PTK2B;PSMB3;F11R;H2AC6;DAD1;PIK3CB;TCF12;H3C2;TMEM258;SEM1;PRKCI;PSMB5;SEC11C;H4C8;H2AZ2;TGIF2;H3-3B;SIRT1;GANAB;CLDN12;CDH7;PSMD8;PSMD11;PSMD3;ACTA1;OST4;H2AJ;H4C4;H2AC20;UBC;CASK;MAPK1;DNM2;CRB3;H3C6;SFTPA2;PSMC5;NCK1;PSMC3;MDM2"
"REACTOME_OXIDATIVE_STRESS_INDUCED_SENESCENCE",3.51162240742508e-16,4.26456486955767e-15,1.03769615548758,0.586123140298301,2.7606624393911,119,"H2BC26;H3C12;H4C12;H4C11;CBX4;H3C8;H2AC19;H2AC18;H2BC12;H2AC7;MAPKAPK2;H3C10;H2BC9;MAPK9;H2BC10;H2AC14;H2BC8;H2AC4;H4C9;H4C16;H2AX;H2BC7;H2BC21;H2BC5;H2BC13;CBX2;H3C4;H4C14;H2BC14;H2BC4;H4C15;H2BC17;H3C7;RBBP7;BMI1;H3C3;E2F3;CBX8;CDKN2D;CDKN2A;H2AC8;H3C13;H4C1;H2BC6;TXN;H2BC3;H3C11;H3C14;RBBP4;E2F2;MOV10;H3C15;EZH2;H2BC15;H2BC11;H3-3A;H2AC6;H3C2;TNIK;E2F1;MAPKAPK3;H4C8;H2AZ2;H3-3B;H2AJ;H4C4;RNF2;H2AC20;UBC;MAPK1;H3C6;CDK4"
"REACTOME_INTERFERON_ALPHA_BETA_SIGNALING",5.32889022834781e-16,6.4137000248329e-15,1.02766987054358,0.697073417578906,2.91601173610834,63,"OAS1;OAS2;MX1;IFI6;RSAD2;EIF2AK2;STAT1;ISG15;IFIT5;IRF7;OAS3;PTPN1;OASL;PTPN6;IFIT1;IFI27;IRF9;ADAR;PSMB8;STAT2;ISG20;HLA-C;BST2;MX2;IRF8;IFIT2;HLA-B;IFIT3;HLA-H;IFITM1;HLA-A;IRF1;ABCE1;IRF5;IFITM3;SOCS3;IFI35;KPNA1;USP18;RNASEL;SAMHD1;HLA-F"
"REACTOME_MITOTIC_G2_G2_M_PHASES",7.17317005635926e-16,8.55702056280733e-15,1.02766987054358,0.496194059038038,2.50290658270732,190,"TUBB3;CDK7;PSMA5;PPP2CA;PSMC2;PSMA6;PSMA4;PSMA2;MAPRE1;LIN54;TUBA1C;PLK1;NEDD1;PSMD6;CDKN1A;CCNB1;PSMA1;CDK1;PKMYT1;TPX2;MYBL2;PSMD14;NEK2;PSMD12;PSMB4;PSMD1;AURKA;CEP135;PSMB1;HMMR;XPO1;SKP1;PLK4;PSMA3;RBX1;PSMD2;PSMB2;PSMC6;CCNB2;RAB8A;E2F3;MZT1;CCP110;ADRM1;PSMC4;TUBA4B;FOXM1;CDK2;HJURP;PSMD7;TUBA1B;HSP90AB1;DYNLL1;RBBP4;CKAP5;FKBPL;PSMA7;FBXW11;TUBA1A;HAUS2;CCNA2;HSP90AA1;SGO1;GTSE1;BORA;PSMB3;CDC25A;LCMT1;CDC25C;SEM1;E2F1;PSMB5;CENPF;CETN2;CUL1;CEP70;PSMD8;PSMD11;TUBA4A;PSMD3;PPP2R1A;TUBB;CSNK1D;UBC;PPP2R2A;HAUS1;OBI1;PSMC5;PSMC3;CEP43;CEP41;HAUS3;ACTR1A;WEE1;TUBB8"
"KEGG_LYSOSOME",7.58000588874981e-16,8.96302450704802e-15,1.02766987054358,0.581752956975368,2.74007870856154,119,"PPT1;LAMP3;LAPTM5;CTSH;AP1S3;CD164;M6PR;ATP6V0B;AP1S2;ATP6AP1;CTSK;ATP6V0C;CTSD;ARSB;AGA;GLB1;ATP6V0D1;NEU1;GM2A;HEXB;AP1G1;CLN3;CTSZ;CTSB;MANBA;CLTC;PSAP;AP1S1;ARSG;ASAH1;PLA2G15;AP4E1;AP3M2;FUCA1;LIPA;CTSS;MAN2B1;LAMP2;ATP6V1H;CTSL;GBA1;NPC2;ACP2;CD68;DNASE2;CTSA;IDS;TPP1;NAGA;AP3M1;CTSV;AP1B1;AP3B1;LAPTM4B;AP3S1;GGA2;GAA;HEXA;NPC1;GUSB;ATP6V0D2;AP1M2;ATP6V0A2;ACP5;ENTPD4;GLA;ABCA2;LAPTM4A;GALC;CTSO;LGMN;GNPTAB;TCIRG1;CTSC"
"REACTOME_REGULATION_OF_PD_L1_CD274_TRANSCRIPTION",7.71085049443563e-16,9.03845779695586e-15,1.02766987054358,0.610907292571354,2.80065025979014,98,"LEF1;STAT1;H2BC26;H3C12;H4C12;H4C11;H3C8;H2AC19;H2AC18;H2BC12;H2AC7;H3C10;H2BC9;H2BC10;H2AC14;H2BC8;H2AC4;H4C9;H4C16;H2AX;HIF1A;H2BC7;H2BC21;H2BC5;H2BC13;H3C4;H4C14;H2BC14;H2BC4;H4C15;H2BC17;H3C7;RBBP7;IRF1;H3C3;H2AC8;H3C13;H4C1;H2BC6;DPY30;H2BC3;H3C11;H3C14;RBBP4;H3C15;EZH2;NFKB1;H2BC15;H2BC11;H3-3A;H2AC6;H3C2;H4C8;H2AZ2;H3-3B;NFE2L2;RELA;H2AJ;H4C4;H2AC20;CD274;RBBP5;H3C6"
"REACTOME_GENE_SILENCING_BY_RNA",7.93816242412431e-16,9.22469219630998e-15,1.02766987054358,0.60492514909349,2.75803392780244,101,"POLR2K;H2BC26;H3C12;H4C12;H4C11;H3C8;H2AC19;H2AC18;H2BC12;H2AC7;H3C10;H2BC9;POLR2B;H2BC10;H2AC14;H2BC8;H2AC4;H4C9;H4C16;TSNAX;H2AX;H2BC7;H2BC21;H2BC5;H2BC13;H3C4;H4C14;H2BC14;H2BC4;H4C15;H2BC17;H3C7;POLR2D;H3C3;H2AC8;H3C13;H4C1;H2BC6;H2BC3;H3C11;H3C14;TSN;H3C15;H2BC15;POLR2G;H2BC11;H3-3A;RAN;HSP90AA1;TDRD1;POLR2J;H2AC6;MOV10L1;H3C2;POLR2H;H4C8;H2AZ2;H3-3B;H2AJ;H4C4;H2AC20;BCDIN3D;MYBL1;H3C6;TDRKH;TDRD12"
"REACTOME_B_WICH_COMPLEX_POSITIVELY_REGULATES_RRNA_EXPRESSION",1.57062864232717e-15,1.80957898278378e-14,1.01754479730988,0.63790492243416,2.86397707851956,87,"POLR2K;H2BC26;H3C12;ACTB;H4C12;H4C11;H3C8;H2AC19;H2AC18;H2BC12;H2AC7;H3C10;H2BC9;H2BC10;H2AC14;H2BC8;H2AC4;SMARCA5;H4C9;H4C16;H2AX;H2BC7;H2BC21;H2BC5;H2BC13;H3C4;SF3B1;H4C14;H2BC14;H2BC4;H4C15;H2BC17;H3C7;DDX21;H3C3;H2AC8;H3C13;H4C1;H2BC6;DEK;H2BC3;GSK3B;H3C11;H3C14;H3C15;H2BC15;H2BC11;POLR1H;H3-3A;H2AC6;H3C2;POLR2H;H4C8;H2AZ2;POLR1F;BAZ1B;H3-3B;TAF1B;TBP;H2AJ;H4C4;H2AC20;H3C6;TAF1D"
"REACTOME_ACTIVATED_PKN1_STIMULATES_TRANSCRIPTION_OF_AR_ANDROGEN_RECEPTOR_REGULATED_GENES_KLK2_AND_KLK3",1.83562962155061e-15,2.08316904339065e-14,1.00731795687447,0.689600864378797,2.88475239917093,63,"H2BC26;H3C12;H4C12;H4C11;H3C8;H2AC19;H2AC18;H2BC12;H2AC7;H3C10;H2BC9;H2BC10;H2AC14;H2BC8;H2AC4;H4C9;H4C16;H2AX;H2BC7;H2BC21;H2BC5;H2BC13;H3C4;H4C14;H2BC14;H2BC4;H4C15;H2BC17;H3C7;H3C3;H2AC8;H3C13;H4C1;NCOA2;H2BC6;H2BC3;H3C11;H3C14;H3C15;H2BC15;H2BC11;H3-3A;H2AC6;H3C2;H4C8;H2AZ2;H3-3B;H2AJ;H4C4;H2AC20"
"REACTOME_ACTIVATION_OF_ANTERIOR_HOX_GENES_IN_HINDBRAIN_DEVELOPMENT_DURING_EARLY_EMBRYOGENESIS",1.83899937806741e-15,2.08316904339065e-14,1.00731795687447,0.569146232929323,2.6717295683705,118,"POLR2K;H2BC26;H3C12;H4C12;H4C11;H3C8;H2AC19;H2AC18;H2BC12;H2AC7;H3C10;H2BC9;POLR2B;NCOA3;CNOT6;H2BC10;H2AC14;H2BC8;H2AC4;H4C9;H4C16;H2AX;H2BC7;H2BC21;H2BC5;H2BC13;H3C4;H4C14;CNOT9;H2BC14;H2BC4;H4C15;H2BC17;H3C7;POLR2D;RBBP7;RARA;H3C3;PAGR1;H2AC8;H3C13;H4C1;CTCF;HOXB2;H2BC6;DPY30;H2BC3;H3C11;H3C14;RBBP4;H3C15;EZH2;H2BC15;POLR2G;KDM6A;H2BC11;H3-3A;POLR2J;H2AC6;H3C2;PKNOX1;POLR2H;H4C8;H2AZ2;H3-3B;MAFB;H2AJ;H4C4;H2AC20;RBBP5;H3C6"
"REACTOME_HIV_LIFE_CYCLE",1.96463838818802e-15,2.20694378939787e-14,1.00731795687447,0.529217964111727,2.58069529016621,149,"XRCC4;POLR2K;CXCR4;CDK7;ELOC;GTF2E1;CCR5;NUP210;CHMP5;TAF9;VTA1;NUP50;POLR2B;TAF5;CCNT1;GTF2B;TAF13;CHMP2B;SUPT4H1;GTF2A1;TAF2;NUP37;ELOB;GTF2A2;POLR2D;XPO1;CHMP4B;TAF12;RAE1;TCEA1;CCNT2;TAF9B;TSG101;CD4;NUP155;TAF11;HMGA1;BANF1;PPIA;RCC1;FEN1;NUP153;NDC1;NUP205;NUP62;XRCC5;POLR2G;GTF2H3;RAN;KPNA1;POLR2J;NCBP2;NUP160;TAF4;GTF2E2;POLR2H;GTF2H2;LIG4;VPS37C;NUP43;SUPT16H;PDCD6IP;TBP;SEC13;CHMP7;RANBP2;TAF7;UBC;SEH1L;CCNK;CHMP2A;GTF2H5;CHMP4A;NELFCD;VPS4B;RNMT;RANBP1;NUP107;POLR2C"
"REACTOME_SARS_COV_2_INFECTION",2.10587265261832e-15,2.34604655845413e-14,1.00731795687447,0.439541506990194,2.34088113950841,283,"PARP9;TLR7;STAT1;RIGI;SDC1;ISG15;IRF7;TBK1;PTPN6;B2M;YWHAZ;IFIH1;GALNT1;NUP210;MGAT4A;STAT2;HLA-C;PARP14;CANX;UBE2N;GPC6;NUP50;YWHAQ;TLR1;SNRPG;MAGT1;RPS27L;G3BP2;KPNA2;SEC24A;RPN1;UBE2I;CHMP2B;SUMO1;HLA-B;STT3B;YWHAH;OSTC;NUP37;YWHAB;MAN2A1;DDX20;VPS33A;TLR8;CHMP4B;SMN1;NOD2;SIKE1;MAP1LC3B;CTSL;RAE1;SNRPB;HLA-A;MGAT2;NUP155;CHUK;SRPK2;ST6GAL1;SRPK1;PDPK1;RPN2;VHL;UBE2V1;TOMM70;STT3A;TAB3;HSP90AB1;ZDHHC20;DDX5;GSK3B;FUT8;MAP3K7;SDC4;SEC24D;RIPK2;MGAT5;NUP153;SAR1B;NDC1;NUP205;NUP62;ZCRB1;VPS41;ZDHHC5;SNRPE;RB1;TRIM25;HSP90AA1;PARP8;SEC24C;SNRPF;SMN2;GEMIN7;VPS16;DAD1;NUP160;ZDHHC9;TMEM258;G3BP1;CSNK1A1;HLA-F;NUP43;TUFM;VPS18;BECN1;EDEM2;SNRPD1;GANAB;CNBP;IFNAR2;PARP10;TKFC;SEC13;CHMP7;VPS45;OST4;MGAT4B;RANBP2;UBC;LARP1;SEH1L;ST6GALNAC4;CHMP2A;CRB3"
"REACTOME_RECOGNITION_AND_ASSOCIATION_OF_DNA_GLYCOSYLASE_WITH_SITE_CONTAINING_AN_AFFECTED_PURINE",2.33105004073542e-15,2.57561922533717e-14,1.00731795687447,0.739376013612768,2.93495731881954,51,"H2BC26;H4C12;H4C11;TINF2;H2AC19;H2AC18;H2BC12;H2AC7;H2BC9;H2BC10;H2AC14;H2BC8;H2AC4;H4C9;H4C16;H2AX;H2BC7;H2BC21;H2BC5;H2BC13;NEIL3;H4C14;H2BC14;H2BC4;H4C15;H2BC17;H2AC8;H4C1;H2BC6;POT1;H2BC3;H2BC15;H2BC11;TERF2IP;H2AC6;H4C8;H2AZ2;H2AJ;MPG;TERF1;H4C4;H2AC20"
"REACTOME_FORMATION_OF_THE_BETA_CATENIN_TCF_TRANSACTIVATING_COMPLEX",2.46098873758294e-15,2.69708359208277e-14,1.00731795687447,0.618360836286522,2.78623883618418,89,"LEF1;H2BC26;H3C12;H4C12;H4C11;H3C8;H2AC19;H2AC18;H2BC12;H2AC7;H3C10;H2BC9;TLE3;H2BC10;H2AC14;H2BC8;H2AC4;H4C9;H4C16;H2AX;H2BC7;H2BC21;H2BC5;H2BC13;RUNX3;H3C4;H4C14;H2BC14;H2BC4;H4C15;H2BC17;H3C7;CDC73;RUVBL1;H3C3;HDAC1;H2AC8;H3C13;BCL9;H4C1;H2BC6;DPY30;H2BC3;H3C11;LEO1;H3C14;H3C15;H2BC15;H2BC11;H3-3A;H2AC6;H3C2;PYGO2;H4C8;H2AZ2;H3-3B;H2AJ;H4C4;H2AC20;RBBP5;H3C6"
"REACTOME_NEDDYLATION",2.51673173234551e-15,2.73593094774335e-14,1.00731795687447,0.474008549105222,2.44615889189415,222,"COPS8;KBTBD8;UBD;UBE2D1;BTBD1;ELOC;PSMA5;COMMD8;PSMC2;PSMA6;UBE2F;PSMA4;CISH;COMMD3;PSMA2;DCAF13;FEM1C;CUL5;DCUN1D1;FBXL16;DCAF7;CUL3;KCTD6;PSMD6;UBE2D2;CDKN1A;PSMA1;FBXO41;RNF7;HIF1A;PSMD14;PSMD12;PSMB4;COPS5;PSMD1;ELOB;SOCS6;UBA3;FBXO4;PSMB1;CUL2;CAND1;RBBP7;CCNF;SKP1;COMMD7;BIRC5;WSB2;PSMA3;RBX1;PSMD2;PSMB2;PSMC6;NEDD8;ADRM1;PSMC4;DPP3;ASB7;SPSB1;UBE2D3;PSMD7;VHL;SOCS3;PSMA7;FBXW11;UBE2M;CUL4B;FEM1B;PALB2;FBXO6;PSMB3;LRR1;UFD1;SEM1;PSMB5;DTL;DDB1;COPS4;FBXO22;DCAF11;COMMD5;CUL1;NFE2L2;PSMD8;PSMD11;DCAF10;PSMD3;TULP4;COPS3;DCAF17;UBC;COPS2;COPS6;RBBP5;COMMD9;PSMC5;PSMC3;SQSTM1;NAE1;KLHL42;SPSB2;PUM2;NPLOC4;PSMB7;FBXL19;DCAF6;PSMC1;UBB;UBXN7"
"REACTOME_REPRODUCTION",3.75196222756333e-15,4.0461160662043e-14,0.996986217533181,0.547200327290572,2.6274802760633,136,"H2BC26;H3C12;CXCR4;H4C12;H4C11;EOMES;TINF2;RAD21;H3C8;H2AC19;H2AC18;H2BC12;H2AC7;H3C10;H2BC9;PRDM1;H2BC10;H2AC14;PDPN;H2BC8;H2AC4;UBE2I;H4C9;H4C16;H2AX;H2BC7;RPA3;H2BC21;H2BC5;H2BC13;H3C4;H4C14;BRCA2;H2BC14;H2BC4;H4C15;H2BC17;H3C7;SYCP2;BLM;H3C3;CD9;H2AC8;H3C13;LMNB1;CDK2;H4C1;H2BC6;POT1;H2BC3;H3C11;H3C14;H3C15;H2BC15;H2BC11;TERF2IP;H3-3A;H2AC6;STAG2;H3C2;RAD51;FIGNL1;H4C8;H2AZ2;H3-3B;HVCN1;RPA2;B4GALT1;H2AJ;TERF1;H4C4;H2AC20;DIDO1;REC8;H3C6;CDK4;SMC3"
"REACTOME_SWITCHING_OF_ORIGINS_TO_A_POST_REPLICATIVE_STATE",4.46162822059616e-15,4.77323400108224e-14,0.996986217533181,0.635893105050203,2.80447469199198,79,"UBE2D1;PSMA5;PSMC2;PSMA6;PSMA4;PSMA2;CCNE2;CDC6;PSMD6;PSMA1;PSMD14;PSMD12;UBE2S;PSMB4;PSMD1;UBE2C;PSMB1;SKP1;PSMA3;RBX1;PSMD2;PSMB2;PSMC6;ADRM1;PSMC4;CDK2;PSMD7;UBE2E1;MCM2;ORC6;ANAPC11;PSMA7;CCNA2;MCM4;ORC3;MCM6;PSMB3;SEM1;CCNE1;PSMB5;ORC2;CDC23;CUL1;PSMD8;PSMD11;PSMD3;UBC;ORC5;MCM8;PSMC5;PSMC3;CDC27;PSMB7;ORC1;PSMC1;UBB;CDT1"
"REACTOME_APC_C_MEDIATED_DEGRADATION_OF_CELL_CYCLE_PROTEINS",7.72978617731974e-15,8.20452895041497e-14,0.986546283587582,0.653151589406609,2.84994141239871,75,"UBE2D1;PSMA5;PSMC2;PSMA6;PSMA4;PSMA2;BUB3;PLK1;PSMD6;CCNB1;PSMA1;CDK1;PSMD14;NEK2;PSMD12;UBE2S;PSMB4;PSMD1;MAD2L1;AURKA;UBE2C;PSMB1;BUB1B;SKP1;PTTG1;FBXO5;PSMA3;PSMD2;PSMB2;PSMC6;CDC20;ADRM1;PSMC4;CDK2;PSMD7;UBE2E1;ANAPC11;PSMA7;CCNA2;RB1;PSMB3;AURKB;SEM1;PSMB5;CDC23;CUL1;PSMD8;PSMD11;PSMD3;UBC;PSMC5;PSMC3;CDC27;PSMB7;PSMC1;UBB"
"HALLMARK_COMPLEMENT",7.82099576391699e-15,8.20673721580021e-14,0.986546283587582,0.488344854858774,2.47304771759043,192,"CASP3;FN1;DOCK10;CTSH;IRF7;MMP13;GZMK;GNAI3;PHEX;DYRK2;OLR1;F5;APOC1;CR2;SERPINE1;USP15;LCK;PDP1;KIF2A;ATOX1;LAP3;PPP4C;GMFB;LCP2;CTSD;PFN1;CCL5;PLAUR;PIK3CG;FCER1G;GZMA;PLA2G7;PLEK;DUSP5;GNB2;SPOCK2;GATA3;USP16;CTSB;RASGRP1;APOBEC3G;HSPA5;TNFAIP3;CD55;CFB;LIPA;CTSS;GZMB;LAMP2;CTSL;MMP14;ERAP2;VCPIP1;IRF1;RNF4;CASP7;RABIF;PSMB9;PIK3R5;CASP1;GNB4;GCA;PLSCR1;GRB2;F7;MSRB1;PIM1;ADAM9;CTSV;LYN;WAS;SRC;PRDM4;PSEN1;GNGT2;HPCAL4;RHOG;TIMP1;ITGAM;EHD1;USP8;USP14;C2;CD40LG;CASP4;DPP4"
"REACTOME_UCH_PROTEINASES",7.85362834449723e-15,8.20673721580021e-14,0.986546283587582,0.627556693135003,2.81751703334079,87,"ACTB;PSMA5;PSMC2;PSMA6;TGFB1;PSMA4;USP15;H2AC25;PSMA2;H2AC17;H2AC15;H2AC19;H2AC18;H2AC7;H2AC14;PSMD6;H2AC4;PSMA1;PSMD14;PSMD12;H2AC13;PSMB4;PSMD1;KDM1B;H2AC16;PSMB1;RUVBL1;PSMA3;PSMD2;PSMB2;PSMC6;SMAD7;NEDD8;ADRM1;PSMC4;H2AC8;PSMD7;H2AC11;H2AC21;PSMA7;TGFBR1;H2AC12;BARD1;ACTL6A;PSMB3;H2AC6;SEM1;PSMB5;ASXL2;PSMD8;PSMD11;PSMD3;H2AC20;UBC"
"REACTOME_CELL_JUNCTION_ORGANIZATION",9.03649375179008e-15,9.37014890570233e-14,0.986546283587582,0.430342844973192,2.29472987789523,290,"ADAM19;H2BC26;H3C12;ACTB;H4C12;H4C11;PSMA5;SPCS3;PSMC2;PSMA6;PSMA4;WT1;STRAP;PSMA2;H3C8;H2AC19;H2AC18;H2BC12;CANX;H2AC7;H3C10;ZNF217;H2BC9;TCF3;H2BC10;CDH11;H2AC14;SPCS1;PARD6B;ACTG1;PSMD6;H2BC8;RPN1;H2AC4;CTSB;H4C9;PSMA1;H4C16;H2AX;H2BC7;PSMD14;H2BC21;H2BC5;PSMD12;H2BC13;CLDN3;OSTC;PSMB4;CSNK2A3;H3C4;PSMD1;H4C14;NECTIN2;H2BC14;H2BC4;H4C15;H2BC17;CBLL1;PSMB1;H3C7;CTSS;CLDN4;RBBP7;CLDN9;VASP;CTSL;PKM;CSNK2A1;PSMA3;PSMD2;PSMB2;PSMC6;H3C3;HDAC1;SPCS2;ZC3H12A;ADRM1;PSMC4;H2AC8;H3C13;CDH2;H4C1;PSMD7;RPN2;ARID1A;CLDN1;H2BC6;SP1;STT3A;CDH1;CLDN7;H2BC3;H3C11;H3C14;RBBP4;MOV10;H3C15;PSMA7;EZH2;H2BC15;DNTTIP1;MTBP;H2BC11;SEC11A;H3-3A;LIMS1;RB1;SRC;PSMB3;F11R;H2AC6;DAD1;TCF12;H3C2;TMEM258;SEM1;PRKCI;PSMB5;SEC11C;H4C8;H2AZ2;TGIF2;H3-3B;SIRT1;GANAB;CLDN12;CDH7;PSMD8;PSMD11;PSMD3;ACTA1;OST4;H2AJ;H4C4;H2AC20;UBC;MAPK1;DNM2;CRB3;H3C6"
"REACTOME_REGULATION_OF_TP53_ACTIVITY",1.05535578065508e-14,1.08596915444507e-13,0.986546283587582,0.511458197276256,2.52044508021704,158,"TP53INP1;PPP2CA;DYRK2;TAF9;MEAF6;RAD17;PRDM1;TP53RK;TAF5;USP7;TAF13;PIP4K2A;RAD1;PIP4P1;PIP4K2C;CDK1;TPX2;RPA3;RMI1;TOPBP1;TAF2;AURKA;SGK1;BRD7;RBBP7;RFC4;TAF12;BLM;PRKAG1;CSNK2A1;TAF9B;HDAC1;TAF11;CDK5;RNF34;CDKN2A;DNA2;PDPK1;CDK2;PHF20;RHNO1;RBBP4;CCNA2;RMI2;DAXX;PLK3;BARD1;RAD9A;KAT6A;CHD4;RICTOR;PRKAB1;CHEK1;EXO1;BRIP1;RFC5;HIPK1;AURKB;TAF4;SUPT16H;RPA2;BRPF3;TBP;PPP2R1A;GATAD2B;TP73;TAF7;UBC;ING2;TP53BP2;MDM2;USP2;NBN;AKT1;ATM;MAPK14;CSNK2B;PIN1;CHEK2;RFC2;ATRIP;HDAC2;UBB;CDK5R1;HUS1;PPP2R5C;MTA2;KMT5A"
"REACTOME_PROTEIN_UBIQUITINATION",1.0868986206275e-14,1.10995404591354e-13,0.986546283587582,0.642477644118749,2.82022066369719,78,"UBE2W;UBE2D1;PEX2;H2BC12;PEX13;H2BC9;UBE2N;UBE2B;UBE2K;BCL10;USP7;H2BC10;DERL1;H2BC8;UBE2D2;H2BC7;H2BC5;H2BC13;UBE2S;UBE2A;UBE2V2;SELENOS;H2BC14;OTULIN;H2BC4;H2BC17;UBE2C;UBE2Z;CDC73;CTR9;HLA-A;PCNA;UBE2G1;UBE2D3;UBE2E1;UBE2T;H2BC6;UBE2Q2;H2BC3;WAC;LEO1;UBA6;H2BC15;RNF181;H2BC11;USP5;UBA1;RTF1;RNF40;USP9X;UBE2L3;UBC"
"REACTOME_SIGNALING_BY_NOTCH",1.23500374386175e-14,1.25171808024484e-13,0.986546283587582,0.460317608652503,2.38161842464797,228,"STAT1;H2BC26;H3C12;H4C12;H4C11;PSMA5;YWHAZ;PSMC2;PSMA6;PSMA4;IKZF1;PSMA2;H3C8;H2AC19;H2AC18;H2BC12;H2AC7;H3C10;H2BC9;MDK;TMED2;TLE3;H2BC10;ATP2A3;NEURL1;H2AC14;PSMD6;APH1A;H2BC8;H2AC4;H4C9;PSMA1;H4C16;PTCRA;H2AX;SEL1L;HIF1A;H2BC7;PSMD14;H2BC21;H2BC5;PSMD12;H2BC13;RAB6A;PSMB4;H3C4;PSMD1;H4C14;H2BC14;ITCH;H2BC4;H4C15;H2BC17;PSMB1;H3C7;GZMB;SKP1;PSENEN;ADAM10;PSMA3;DLGAP5;RBX1;PSMD2;PSMB2;PSMC6;H3C3;HDAC1;E2F3;ADRM1;PSMC4;H2AC8;H3C13;H4C1;PSMD7;H2BC6;CCNC;H2BC3;H3C11;H3C14;TACC3;TBL1XR1;MOV10;H3C15;PSMA7;H2BC15;ATP2A2;H2BC11;H3-3A;ADAM17;CREB1;PSMB3;MAML1;PSEN1;H2AC6;H3C2;SEM1;E2F1;PRKCI;PSMB5;LFNG;H4C8;H2AZ2;RUNX1;H3-3B;NCSTN;CUL1;B4GALT1;PSMD8;PSMD11;PSMD3;H2AJ;H4C4;H2AC20;UBC"
"REACTOME_AMYLOID_FIBER_FORMATION",1.36697827424459e-14,1.37513933856844e-13,0.986546283587582,0.60301574347182,2.75036262152412,96,"H2BC26;H3C12;H4C12;H4C11;B2M;UBE2L6;H3C8;H2AC19;H2AC18;H2BC12;H2AC7;LYZ;H3C10;H2BC9;H2BC10;H2AC14;APH1A;H2BC8;H2AC4;H4C9;H4C16;H2AZ1;H2AX;H2BC7;H2BC21;H2BC5;H2BC13;SIAH2;H3C4;APOE;H4C14;H2BC14;H2BC4;H4C15;H2BC17;H3C7;TSPAN33;PSENEN;ADAM10;H3C3;H2AC8;H3C13;H4C1;H2BC6;H2BC3;H3C11;H3C14;H3C15;H2BC15;TSPAN15;H2BC11;H3-3A;H2AC6;H3C2;GGA2;H4C8;H3-3B;NCSTN;USP9X;SIAH1;H4C4;H2AC20;UBC"
"REACTOME_DOWNSTREAM_SIGNALING_EVENTS_OF_B_CELL_RECEPTOR_BCR",1.52290475474202e-14,1.52064859954981e-13,0.97599468306432,0.666953680624093,2.84395260076949,68,"KRAS;REL;CARD11;PSMA5;NRAS;PSMC2;PSMA6;PSMA4;NFATC2;PSMA2;NFKBIE;BCL10;PSMD6;RASGRP1;PSMA1;PSMD14;PSMD12;PSMB4;PSMD1;FKBP1A;PSMB1;SKP1;PRKCB;PSMA3;PSMD2;PSMB2;PSMC6;CHUK;ADRM1;PSMC4;PPIA;PSMD7;MAP3K7;PSMA7;FBXW11;NFKB1;PSMB3;SEM1;PSMB5;MALT1;CUL1;PSMD8;PSMD11;RELA;PSMD3;UBC;PSMC5;IKBKB;PSMC3;RASGRP3"
"REACTOME_TNFR2_NON_CANONICAL_NF_KB_PATHWAY",1.74988861760348e-14,1.73444842391874e-13,0.97599468306432,0.614367432485224,2.75818465161896,88,"TNFRSF9;TNFRSF12A;TNFSF13B;PSMA5;PSMC2;PSMA6;PSMA4;TNFSF8;TNFRSF18;PSMA2;BIRC3;TNF;CD70;LTB;PSMD6;PSMA1;PSMD14;PSMD12;BIRC2;CD27;PSMB4;PSMD1;TNFRSF11B;UBA3;FASLG;PSMB1;TNFRSF13C;SKP1;PSMA3;PSMD2;PSMB2;PSMC6;TNFRSF4;CHUK;ADRM1;PSMC4;PSMD7;PSMA7;FBXW11;UBE2M;TNFSF9;PSMB3;TNFRSF13B;SEM1;PSMB5;CD40LG;CUL1;TNFSF14;PSMD8;PSMD11;RELB;PSMD3;LTA;UBC;PSMC5;PSMC3;NFKB2;TRAF3;PSMB7;PSMC1;UBB;TRAF2;TNFSF11;TNFSF13;PSMD13;EDARADD"
"REACTOME_GENERATION_OF_SECOND_MESSENGER_MOLECULES",1.96686418768611e-14,1.93527950729991e-13,0.97599468306432,0.779466676045827,2.90272489717366,37,"FYB1;CD3D;CD3E;HLA-DRA;CD3G;LCK;LCP2;HLA-DPA1;HLA-DQB1;ITK;HLA-DQB2;TRAV29DV5;CD247;HLA-DPB1;HLA-DQA1;GRAP2;PAK2;VASP;TRAV19;PAK1;HLA-DRB1;TRAV8-4;CD4;LAT;ZAP70;ENAH;HLA-DQA2;EVL;TRBV7-9;WAS;TRBV12-3;CD101;HLA-DRB5"
"REACTOME_SIGNALING_BY_NUCLEAR_RECEPTORS",3.3467500856328e-14,3.26914428654566e-13,0.965327754226083,0.430379730215709,2.29327662757998,285,"KRAS;POLR2K;H2BC26;H3C12;UHMK1;GNG5;H4C12;H4C11;GNAI3;NRAS;APOC1;RAD21;APOC2;CBFB;H3C8;H2AC19;H2AC18;H2BC12;H2AC7;CTSD;H3C10;ZNF217;H2BC9;NRIP1;GNG10;POLR2B;CCNT1;NCOA3;DLAT;EBAG9;HSPB1;TLE3;H2BC10;PTGES3;H2AC14;GNB2;KPNA2;KCTD6;H2BC8;GATA3;H2AC4;H4C9;H4C16;H2AX;H2BC7;H2BC21;H2BC5;H2BC13;GTF2A1;H3C4;APOE;H4C14;FOXA1;KDM1B;H2BC14;H2BC4;GTF2A2;H4C15;H2BC17;H3C7;POLR2D;CDKN1B;XPO1;MMP2;RARA;CXXC5;H3C3;ABCG1;CHD1;HDAC1;MMP3;FKBP4;ZDHHC7;USF1;H2AC8;H3C13;PDPK1;H4C1;SDR16C5;NCOA2;ATF2;H2BC6;ELK1;SP1;GNB4;HSP90AB1;DDX5;H2BC3;H3C11;H3C14;TBL1XR1;MOV10;H3C15;H2BC15;POLR2G;H2BC11;H3-3A;SRC;PIK3R3;HSP90AA1;CREB1;GNGT2;PDHB;ARL4C;POLR2J;H2AC6;STAG2;H3C2;RDH14;POLR2H;GNB1;H4C8;H2AZ2;RUNX1;H3-3B;TBP;MED1;POU2F1;MYB;H2AJ;KDM4A;H4C4;H2AC20;PRKCZ;MAPK1;H3C6;GNAI2;RDH11;SMC3"
"REACTOME_MHC_CLASS_II_ANTIGEN_PRESENTATION",3.77996503262783e-14,3.66575026185778e-13,0.965327754226083,0.562146630664088,2.64773216071078,119,"CAPZA1;CAPZA2;TUBB3;CTSH;DCTN5;AP1S3;HLA-DRA;IFI30;AP1S2;HLA-DMB;KIF2A;CTSK;CANX;HLA-DPA1;HLA-DOA;CTSD;HLA-DQB1;HLA-DQB2;TUBA1C;AP1G1;SEC24A;CTSB;HLA-DPB1;HLA-DQA1;KIF23;CLTC;SEC31A;KIF5B;AP1S1;KIF18A;KIF11;CTSS;CD74;KIF4A;CTSL;RACGAP1;HLA-DRB1;AP2M1;KIF2C;AP2S1;CENPE;CAPZB;TUBA4B;TUBA1B;KIF22;DYNLL1;ARF1;CTSA;RAB7A;SEC24D;LAG3;TUBA1A;SAR1B;HLA-DQA2;KIF20A;CTSV;AP1B1;DYNC1LI1;DYNLL2;HLA-DMA;SEC24C;AP2B1;HLA-DRB5;HLA-DOB;KIF15;SEC13;DCTN4;KIF3B;TUBA4A;KIF3A;AP1M2;DNM2"
"REACTOME_REGULATION_OF_PD_L1_CD274_POST_TRANSLATIONAL_MODIFICATION",4.14885990298616e-14,3.99475939230382e-13,0.965327754226083,0.609447678521941,2.74735138302619,86,"PSMA5;PSMC2;PSMA6;PSMA4;PSMA2;CUL3;MAGT1;PSMD6;DERL1;RPN1;PSMA1;SEL1L;STT3B;PSMD14;NEK2;PSMD12;OSTC;PSMB4;COPS5;PSMD1;PSMB1;SKP1;ERLEC1;PRKAG1;CSNK2A1;PSMA3;RBX1;PSMD2;PSMB2;PSMC6;ADRM1;PSMC4;PDCD1;PSMD7;RPN2;STT3A;GSK3B;PSMA7;RNF5;PRKAB1;PSMB3;DAD1;TMEM258;SEM1;PSMB5;DERL3;CUL1;PSMD8;PSMD11;PSMD3;OST4;CD274;DERL2;UBC;CDK4;PSMC5;PSMC3;PSMB7;CSNK2B;PSMC1;UBB"
"REACTOME_CLEC7A_DECTIN_1_SIGNALING",5.15619198763113e-14,4.92946581512537e-13,0.965327754226083,0.617315041006232,2.77153548356525,87,"CARD11;CCL22;UBE2D1;PSMA5;PSMC2;PSMA6;PSMA4;PYCARD;NFATC2;PSMA2;CASP8;UBE2N;BCL10;PSMD6;UBE2D2;PSMA1;PSMD14;PSMD12;CLEC7A;PSMB4;PSMD1;UBA3;PSMB1;SKP1;SYK;IL1B;PSMA3;PSMD2;PSMB2;PSMC6;CHUK;ADRM1;PSMC4;PDPK1;PSMD7;UBE2V1;TAB3;MAP3K7;PSMA7;FBXW11;NFKB1;UBE2M;SRC;PSMB3;SEM1;PSMB5;MALT1;CUL1;PSMD8;PSMD11;RELA;RELB;PSMD3;UBC;PSMC5;IKBKB;PSMC3;NFKB2;PSMB7;PSMC1;UBB"
"REACTOME_TRANSLATION",5.50166026210505e-14,5.22270284036451e-13,0.965327754226083,0.39429501178787,2.14310619543751,350,"TRAM1;EEF1A2;UBE2D1;GFM2;ELOC;PSMA5;SPCS3;MRPL13;PSMC2;PSMA6;PSMA4;MRPL47;SEC61G;SRP54;PSMA2;TARS1;NDUFAB1;EIF4E;EIF2S2;MRPL44;SEC61A1;MRPL49;ETF1;SPCS1;RPS27L;MRPL35;MRPL18;PSMD6;RPN1;GSPT1;UBE2D2;MRPS10;PSMA1;PSMD14;SRP9;PSMD12;MRPL33;PSMB4;PSMD1;ELOB;PSMB1;SSR3;CUL2;MRPS23;MRPL3;HBS1L;PSMA3;MRPS34;RBX1;PSMD2;PSMB2;PSMC6;SRP72;MRPL32;RPL26L1;MRPL51;SPCS2;ABCE1;ADRM1;MRPL15;TRMT112;EEF1E1;SRPRA;SRPRB;PSMC4;GARS1;EIF2S1;UBE2D3;PSMD7;RPN2;SSR1;LTN1;YARS1;EIF3J;MARS1;MRPL14;MRPL36;MRPL28;EIF2S3;PSMA7;MRPL39;SEC61B;EIF3H;GFM1;SRP19;MRPL42;MRPS35;EPRS1;SEC11A;SRP14;TRIP4;DAP3;PSMB3;MRPS16;UFD1;EIF4G1;NARS1;CHCHD1;HARS2;MRPS17;SEM1;SEC61A2;DARS2;PSMB5;MRPS33;PARS2;SEC11C;TUFM;EIF5B;MRPL37;MRPS12;EIF4H;ASCC3;RARS1;MRPS7;PPA1;EIF2B5;SSR4;AIMP1;MRPS28;RPL39L;PSMD8;PSMD11;PSMD3;MRPS6;MARS2;UBC;MRPL17;IARS1;EIF1AX;APEH;MRPL9;MRPL22;ZNF598;EARS2;PSMC5;PSMC3;MRPS18C;SARS1;EIF4A2;NPLOC4;PSMB7;MRPL27;EIF4A1;TARS2;PSMC1;UBB;MRPL1;EIF4EBP1;TSFM;MRPL30;IARS2;KARS1;MRPS18B;SSR2;RPL22L1;RARS2;VARS1;MRPS22;PSMD13;WARS1;MRPL19;AURKAIP1;MRPL58;DARS1;PTCD3;DDOST"
"REACTOME_KEAP1_NFE2L2_PATHWAY",8.7989224337117e-14,8.29436883961075e-13,0.954541630725724,0.559238643402774,2.60211969913151,112,"PSMA5;PSMC2;PSMA6;PSMA4;PSMA2;PRDX1;CUL3;SRXN1;PSMD6;CDKN1A;TXNRD1;PSMA1;PSMD14;PSMD12;PSMB4;PSMD1;GSR;SLC7A11;PSMB1;NQO1;MAP1LC3B;SKP1;BCL2L1;HMOX1;CSNK2A1;PSMA3;RBX1;PSMD2;PSMB2;PSMC6;TRIM21;ADRM1;CDKN2A;PSMC4;DPP3;PSMD7;SP1;TXN;GSK3B;PSMA7;NFKB1;EIF2AK3;PALB2;CCL2;PSMB3;UFD1;BACH1;SEM1;PRKCI;PSMB5;G6PD;CUL1;NFE2L2;ABCC3;ABCF2;PSMD8;PSMD11;RELA;PSMD3;GCLM;UBC;PSMC5;PSMC3;SQSTM1;AKT1;NPLOC4;PSMB7;CSNK2B;PSMC1;UBB;UBXN7"
"REACTOME_BASE_EXCISION_REPAIR_AP_SITE_FORMATION",1.04569167339331e-13,9.78883594259849e-13,0.954541630725724,0.685261308866728,2.80948551931673,58,"H2BC26;H4C12;H4C11;TINF2;MBD4;H2AC19;H2AC18;H2BC12;H2AC7;H2BC9;H2BC10;H2AC14;H2BC8;H2AC4;H4C9;H4C16;H2AX;H2BC7;H2BC21;H2BC5;H2BC13;NEIL3;H4C14;H2BC14;H2BC4;H4C15;H2BC17;TDG;H2AC8;H4C1;H2BC6;POT1;H2BC3;H2BC15;H2BC11;TERF2IP;H2AC6;H4C8;H2AZ2;H2AJ;MPG;TERF1;H4C4;H2AC20"
"REACTOME_CELLULAR_RESPONSE_TO_CHEMICAL_STRESS",1.16779179248186e-13,1.08564368018313e-12,0.943632225232838,0.483279050317334,2.43680084566186,188,"HELZ2;NOX4;PSMA5;PSMC2;PSMA6;PSMA4;COX7A2;PSMA2;ATOX1;PRDX1;CYBB;CUL3;CYBA;SRXN1;PSMD6;CDKN1A;TXNRD1;PSMA1;SOD1;PSMD14;NDUFA4;PSMD12;PSMB4;PSMD1;COX6C;GSR;SLC7A11;PSMB1;NQO1;HMOX2;MAP1LC3B;SKP1;BCL2L1;HMOX1;CSNK2A1;PSMA3;RBX1;PSMD2;PSMB2;PSMC6;HM13;CYCS;TRIM21;ADRM1;CDKN2A;PSMC4;DPP3;COX8A;NCOA2;PSMD7;SP1;TXN;ERO1A;GSK3B;TBL1XR1;PSMA7;NFKB1;EIF2AK3;PALB2;CCL2;NCF1;COX7B;TGS1;PSMB3;GPX8;UFD1;COX7A2L;SIN3A;BACH1;SEM1;PRKCI;PSMB5;COX5A;P4HB;COX6B1;G6PD;NCF2;CUL1;PRDX5;NFE2L2;ABCC3;ABCF2;PSMD8;PSMD11;COX6A1;RELA;MED1;PSMD3;GCLM;UBC;PTK6;PSMC5;PSMC3;PRDX3;SQSTM1;AKT1;GPX7;ATP7A;NPLOC4;PSMB7;CSNK2B;PSMC1;BLVRA;UBB;BLVRB;UBXN7"
"REACTOME_INTRA_GOLGI_AND_RETROGRADE_GOLGI_TO_ER_TRAFFIC",1.19694729559751e-13,1.10512668114072e-12,0.943632225232838,0.46362374129883,2.35732926940259,198,"CAPZA1;CAPZA2;TUBB3;KIF26B;DCTN5;M6PR;ARCN1;ARF3;GALNT1;RAB18;KIF2A;RAB1A;TUBA1C;TMED2;ZW10;ARF4;YKT6;TMED9;KIF23;KIF20B;KIF5B;TMED7;RAB6A;PAFAH1B2;MAN2A1;KIF18A;COPZ1;COPG1;KIF21B;KIF11;KIF4A;RACGAP1;GALNT2;KIF2C;RINT1;CENPE;COG2;RAB39A;COPB2;CAPZB;TUBA4B;SEC22B;PAFAH1B3;TUBA1B;NSF;KIF22;KIFC1;KDELR1;DYNLL1;ARF1;KDELR2;TMED3;TUBA1A;NAPA;BNIP1;ARF5;STX6;KIF20A;GCC1;NAPG;DYNC1LI1;GCC2;RAB3GAP2;DYNLL2;COPA;COPB1;ARL1;CUX1;SCOC;AGPAT3;RAB30;KIF21A;RAB1B;CYTH1;KIF15;GOLGA5;KIF1A;SYS1;DCTN4;VPS45;RAB43;KIF3B;TUBA4A;KIF3A;ARFGAP1;TMF1;TGOLN2;CYTH4;SNAP29;PLIN3;KIF18B;ACTR1A;TUBB8;ARFGAP3;VPS52;SURF4;TMED10;STX16;TUBB4B;KDELR3;ACTR10;USP6NL;BICD2;NAA30;COG4;TUBB1;RAB3GAP1;COG5"
"REACTOME_LEISHMANIA_INFECTION",1.28645241922159e-13,1.1796856198032e-12,0.943632225232838,0.460572580100788,2.37046906121889,214,"ACTR2;CYFIP2;IGHG2;IGHG1;ACTR3;ARPC2;IGHG4;ACTB;GNG5;ABI1;FCGR3A;GNAI3;ARPC1B;VAV3;FCGR1A;PYCARD;ARPC3;CD3G;C3AR1;BTK;IL18;ELMO2;IGLV3-1;DPEP1;GNG10;FCGR2A;CD247;CYBA;GNB2;ARPC4;ACTG1;NCKAP1L;WIPF1;HCK;CDC42;ARPC1A;IGHV3-11;IGHV3-33;HMOX1;SYK;IL1B;WASL;RAC1;ARPC5;IGHV1-69;CASP1;GNB4;TXN;HSP90AB1;IGHV4-34;ADCY7;VAV1;IGLV1-47;GNAS;GRB2;NFKB1;IGHV4-59;LYN;WAS;SRC;ADAM17;VAV2;PRKACB;CREB1;DVL3;P2RX7;GNGT2;IGHV3-30;MYO5A;IL10;IGKV1D-39;IGHV4-39;GNB1;IGKV1-39;IGKV3-15;IGKV2-28;IGLV3-21;IGKV2D-28;IGLV3-27;IGHV2-5;BRK1;IGKV4-1;IGKV1-5;RELA;GGT1;IGLV3-25;IGKV3-20;ADCY9;MAPK1;IGKV1-16;IGKV1-33;GNAI2;CYSLTR1;IGKV2D-40;NCK1;NOX1;IGHV2-70;NFKB2;DPEP2;MYO9B;IL1A;MAPK14;PSTPIP1;GSDMD;RHBDF2;IGKV1D-33;GNG13;P2RX4;IGKV3D-20;PRKAR2A;NOXO1"
"REACTOME_C_TYPE_LECTIN_RECEPTORS_CLRS",1.36982857806743e-13,1.24765467786142e-12,0.943632225232838,0.54589367490476,2.58034806347279,122,"KRAS;CARD11;CCL22;UBE2D1;PSMA5;NRAS;PSMC2;CLEC4C;PSMA6;PSMA4;PYCARD;NFATC2;PSMA2;CASP8;UBE2N;BCL10;FCER1G;PSMD6;UBE2D2;PSMA1;PSMD14;PSMD12;CLEC7A;PSMB4;PSMD1;UBA3;PAK2;PSMB1;PAK1;SKP1;SYK;IL1B;PSMA3;PSMD2;PSMB2;PSMC6;ICAM3;CHUK;ADRM1;PSMC4;PDPK1;PSMD7;UBE2V1;TAB3;MAP3K7;PSMA7;FBXW11;NFKB1;UBE2M;CLEC6A;LYN;CLEC4A;SRC;PRKACB;PSMB3;MUC1;SEM1;PSMB5;MALT1;CUL1;PSMD8;PSMD11;RELA;RELB;PSMD3"
"KEGG_NATURAL_KILLER_CELL_MEDIATED_CYTOTOXICITY",1.98335073491646e-13,1.79433341655529e-12,0.943632225232838,0.564939632137066,2.59809504656306,105,"CASP3;KRAS;SH2D1A;PTPN6;FCGR3A;NRAS;RAC2;VAV3;CD48;NFATC2;LCK;TYROBP;MICB;ITGAL;HLA-C;LCP2;TNF;PIK3CG;FCER1G;CD247;HLA-B;FASLG;GZMB;PAK1;HLA-A;ITGB2;PRKCB;SYK;ULBP1;RAC1;NCR3;PIK3R5;LAT;IFNG;HCST;ZAP70;VAV1;KLRK1;GRB2;IFNGR2;KLRC3;ICAM1;PIK3R3;VAV2;PTK2B;PIK3CB;ULBP2"
"REACTOME_FCGAMMA_RECEPTOR_FCGR_DEPENDENT_PHAGOCYTOSIS",2.30625001787225e-13,2.0725500160612e-12,0.932595211336209,0.513014749217189,2.49121358573117,143,"ACTR2;CYFIP2;IGHG2;IGHG1;ACTR3;PLPP4;ARPC2;IGHG4;ACTB;ABI1;FCGR3A;ARPC1B;VAV3;FCGR1A;ARPC3;CD3G;BTK;ELMO2;IGLV3-1;LIMK1;CFL1;FCGR2A;CD247;ARPC4;ACTG1;NCKAP1L;WIPF1;HCK;CDC42;PLD4;ARPC1A;IGHV3-11;PAK1;IGHV3-33;SYK;WASL;RAC1;ARPC5;IGHV1-69;HSP90AB1;IGHV4-34;VAV1;IGLV1-47;GRB2;IGHV4-59;LYN;WAS;SRC;VAV2;HSP90AA1;IGHV3-30;PIK3CB;MYO5A;IGKV1D-39;IGHV4-39;IGKV1-39;IGKV3-15;IGKV2-28;IGLV3-21;IGKV2D-28;IGLV3-27;IGHV2-5;BRK1;IGKV4-1;IGKV1-5;IGLV3-25;IGKV3-20;MAPK1;IGKV1-16;IGKV1-33;IGKV2D-40;NCK1;IGHV2-70"
"REACTOME_SARS_COV_2_ACTIVATES_MODULATES_INNATE_AND_ADAPTIVE_IMMUNE_RESPONSES",3.30534787899636e-13,2.95073439793847e-12,0.932595211336209,0.558481707922745,2.57204023678822,108,"TLR7;STAT1;RIGI;ISG15;IRF7;TBK1;PTPN6;B2M;IFIH1;NUP210;STAT2;HLA-C;UBE2N;NUP50;TLR1;G3BP2;KPNA2;SEC24A;HLA-B;NUP37;TLR8;NOD2;SIKE1;RAE1;HLA-A;NUP155;CHUK;UBE2V1;TOMM70;TAB3;HSP90AB1;MAP3K7;SEC24D;RIPK2;NUP153;SAR1B;NDC1;NUP205;NUP62;TRIM25;HSP90AA1;SEC24C;NUP160;G3BP1;HLA-F;NUP43;BECN1;CNBP;IFNAR2;TKFC;SEC13;RANBP2;UBC;LARP1;SEH1L;IKBKB;MAVS;NUP107;TLR2;TRAF3;IFNAR1;UBB;IRAK1;NUP93;NUP58;PIK3R4"
"REACTOME_INTERFERON_GAMMA_SIGNALING",3.73323243694756e-13,3.31078771381929e-12,0.932595211336209,0.581607325135259,2.62948750598527,93,"OAS1;OAS2;STAT1;IRF7;OAS3;PTPN1;OASL;PTPN6;B2M;IRF9;HLA-DRA;IFI30;FCGR1A;TRIM14;HLA-C;GBP1;HLA-DPA1;HLA-DQB1;GBP5;HLA-DQB2;HLA-DPB1;FCGR1BP;HLA-DQA1;IRF8;SUMO1;HLA-B;TRIM26;HLA-H;HLA-DRB1;HLA-A;IRF1;SMAD7;TRIM21;IRF5;TRIM22;IFNG;GBP3;SP100;SOCS3;IFNGR2;HLA-DQA2;ICAM1;TRIM25;PTAFR;HLA-DRB5;HLA-F;TRIM34"
"REACTOME_ACTIVATION_OF_APC_C_AND_APC_C_CDC20_MEDIATED_DEGRADATION_OF_MITOTIC_PROTEINS",6.68863593743258e-13,5.89299427690139e-12,0.921426003494898,0.650882197388892,2.72966540575198,64,"UBE2D1;PSMA5;PSMC2;PSMA6;PSMA4;PSMA2;BUB3;PLK1;PSMD6;CCNB1;PSMA1;CDK1;PSMD14;NEK2;PSMD12;UBE2S;PSMB4;PSMD1;MAD2L1;UBE2C;PSMB1;BUB1B;PTTG1;PSMA3;PSMD2;PSMB2;PSMC6;CDC20;ADRM1;PSMC4;PSMD7;UBE2E1;ANAPC11;PSMA7;CCNA2;PSMB3;SEM1;PSMB5;CDC23;PSMD8;PSMD11;PSMD3;UBC;PSMC5;PSMC3;CDC27;PSMB7;PSMC1;UBB"
"REACTOME_EPIGENETIC_REGULATION_OF_GENE_EXPRESSION",6.79891919753448e-13,5.95126173914057e-12,0.921426003494898,0.399115594741379,2.13826508276605,314,"POLR2K;H2BC26;H3C12;ACTB;CDK7;H4C12;H4C11;CBX3;H3C8;H2AC19;H2AC18;H2BC12;H2AC7;H3C10;DR1;H2BC9;ZNF28;NCOA3;ZNF816;H2BC10;H2AC14;H2BC8;H2AC4;SMARCA5;UBE2I;H4C9;H4C16;H2AX;H2BC7;H2BC21;H2BC5;H2BC13;ZNF264;MED14;UHRF1;H3C4;SF3B1;H4C14;SS18;H2BC14;H2BC4;RBM7;H4C15;H2BC17;H3C7;TDG;ARID4B;RBBP7;SUMO2;SPOCD1;DDX21;H3C3;HDAC1;PAGR1;CDK5;ZNF354A;H2AC8;H3C13;H4C1;NCOA2;ARID1A;H2BC6;PHF20;DEK;DPY30;CCNC;H2BC3;ZCCHC8;GSK3B;H3C11;H3C14;RBBP4;MTF2;TBL1XR1;EPOP;H3C15;ZNF765;ZNF547;EZH2;H2BC15;KDM6A;ACTL6A;JARID2;H2BC11;MED23;PHF20L1;POLR1H;GTF2H3;H3-3A;RB1;CHD4;ZNF669;TET3;SIN3A;H2AC6;H3C2;MED13;MTREX;POLR2H;ZNF320;GTF2H2;PPHLN1;H4C8;H2AZ2;POLR1F;BAZ1B;SETD1B;SAP130;MED17;ZNF680;H3-3B;SIRT1;TAF1B;TBP;SS18L1;BAZ2A;KANSL2;MED7;MED1;SMARCD1;GATAD2B;H2AJ;H4C4;H2AC20;DNMT1;SMARCB1;GTF2H5;RBBP5;CBX5;MED30;MED10;H3C6;ZNF708;TAF1D"
"REACTOME_PARASITE_INFECTION",7.34327372583024e-13,6.38627934349623e-12,0.921426003494898,0.541294414704883,2.54613132099421,116,"ACTR2;CYFIP2;IGHG2;IGHG1;ACTR3;ARPC2;IGHG4;ACTB;ABI1;FCGR3A;ARPC1B;VAV3;ARPC3;CD3G;BTK;ELMO2;IGLV3-1;CD247;ARPC4;ACTG1;NCKAP1L;WIPF1;HCK;CDC42;ARPC1A;IGHV3-11;IGHV3-33;SYK;WASL;RAC1;ARPC5;IGHV1-69;IGHV4-34;VAV1;IGLV1-47;GRB2;IGHV4-59;LYN;WAS;SRC;VAV2;IGHV3-30;MYO5A;IGKV1D-39;IGHV4-39;IGKV1-39;IGKV3-15;IGKV2-28;IGLV3-21;IGKV2D-28;IGLV3-27;IGHV2-5;BRK1;IGKV4-1;IGKV1-5;IGLV3-25;IGKV3-20;MAPK1;IGKV1-16;IGKV1-33;IGKV2D-40;NCK1;IGHV2-70"
"REACTOME_CYCLIN_A_CDK2_ASSOCIATED_EVENTS_AT_S_PHASE_ENTRY",9.89292586245522e-13,8.54850260422413e-12,0.910119734774459,0.622085816291084,2.7143899803176,75,"CDK7;PSMA5;PSMC2;PSMA6;PSMA4;PSMA2;LIN54;CCNE2;PSMD6;CDKN1A;PSMA1;PSMD14;PSMD12;PSMB4;PSMD1;PSMB1;CDKN1B;SKP1;E2F5;PSMA3;PSMD2;PSMB2;PSMC6;ADRM1;PSMC4;CDK2;PSMD7;RBBP4;PSMA7;CCNA2;RB1;PSMB3;CDC25A;CKS1B;MAX;SEM1;CCNE1;E2F1;PSMB5;RBL2;CUL1;PSMD8;PSMD11;PSMD3;UBC;CDK4;PTK6;PSMC5;PSMC3;WEE1;AKT1;PSMB7;PSMC1;UBB"
"HALLMARK_DNA_REPAIR",1.27051631056045e-12,1.08395948521233e-11,0.910119734774459,0.502101420424201,2.44698987616987,150,"CMPK2;POLR2K;RRM2B;ARL6IP1;TAF9;POLD4;SEC61A1;NT5C3A;TMED2;GTF2B;TAF13;COX17;ZWINT;BOLA2;RPA3;PNP;HPRT1;SUPT4H1;GTF2A2;POLR2D;POLB;STX3;RFC4;TAF12;RAE1;NUDT21;PCNA;GMPR2;RBX1;HCLS1;ERCC4;TSG101;ALYREF;ADRM1;PRIM1;NME1;MPC2;RALA;FEN1;POLR2G;POLR1H;GTF2H3;CANT1;CLP1;RFC5;NME3;POLR2J;DAD1;NCBP2;POLR2H;RAD51;CETN2;DDB1;ITPA;RPA2;POLR3C;PDE6G;DCTN4;CCNO;SRSF6;GUK1;MPG;SNAPC5;GTF2H5;ZNF707;CSTF3;APRT;NELFCD"
"REACTOME_PHOSPHORYLATION_OF_CD3_AND_TCR_ZETA_CHAINS",1.26657125160564e-12,1.08395948521233e-11,0.910119734774459,0.83644402707673,2.81759877574224,25,"PTPRC;PTPN22;CD3D;PTPRJ;CD3E;HLA-DRA;CD3G;CSK;LCK;HLA-DPA1;HLA-DQB1;HLA-DQB2;TRAV29DV5;CD247;HLA-DPB1;HLA-DQA1;PAG1;TRAV19;HLA-DRB1;TRAV8-4;CD4;HLA-DQA2;TRBV7-9;TRBV12-3;HLA-DRB5"
"REACTOME_ORC1_REMOVAL_FROM_CHROMATIN",1.54531662087099e-12,1.31011748737993e-11,0.910119734774459,0.666599120674187,2.73297288565817,58,"PSMA5;PSMC2;PSMA6;PSMA4;PSMA2;CDC6;PSMD6;PSMA1;PSMD14;PSMD12;PSMB4;PSMD1;PSMB1;SKP1;PSMA3;RBX1;PSMD2;PSMB2;PSMC6;ADRM1;PSMC4;CDK2;PSMD7;MCM2;ORC6;PSMA7;CCNA2;MCM4;ORC3;MCM6;PSMB3;SEM1;PSMB5;ORC2;CUL1;PSMD8;PSMD11;PSMD3;UBC;ORC5;MCM8;PSMC5;PSMC3;PSMB7;ORC1;PSMC1;UBB;CDT1"
"REACTOME_THE_ROLE_OF_GTSE1_IN_G2_M_PROGRESSION_AFTER_G2_CHECKPOINT",1.64573719974653e-12,1.38653359078645e-11,0.910119734774459,0.643700918069691,2.69954860457766,64,"TUBB3;PSMA5;PSMC2;PSMA6;PSMA4;PSMA2;MAPRE1;TUBA1C;PLK1;PSMD6;CDKN1A;CCNB1;PSMA1;CDK1;PSMD14;PSMD12;PSMB4;PSMD1;PSMB1;PSMA3;PSMD2;PSMB2;PSMC6;CCNB2;ADRM1;PSMC4;TUBA4B;PSMD7;TUBA1B;HSP90AB1;FKBPL;PSMA7;TUBA1A;HSP90AA1;GTSE1;PSMB3;SEM1;PSMB5;PSMD8;PSMD11;TUBA4A;PSMD3;UBC;PSMC5;PSMC3;TUBB8;PSMB7;TUBB4B;PSMC1;UBB"
"REACTOME_PROTEASOME_ASSEMBLY",1.82293808980632e-12,1.52628605283163e-11,0.898671232061694,0.698469238992298,2.78422312698498,50,"PSMB10;PSMA5;PSMC2;PSMA6;PSMA4;PSME1;PSMB8;PSMA2;PSMD10;PSME2;PSMD6;POMP;PSMA1;PSMD14;PSMD12;PSMB4;PSMD1;PSMB1;PSMG3;PSMA3;PSMD2;PSMB2;PSMC6;ADRM1;PSMC4;PSMB9;PSMD4;PSMD7;PSMA7;PSMF1;PSME4;PSMG1;PSMB3;SEM1;PSMB5;PSMD5;PSMD8;PSMD11;PSMD3;PSMC5;PSMC3;PSME3;PSMB7;PSMC1;PSMD9;PSMG2;PAAF1;PSMD13"
"KEGG_UBIQUITIN_MEDIATED_PROTEOLYSIS",1.93049498876207e-12,1.60636249682177e-11,0.898671232061694,0.521580566810563,2.50473270752947,132,"UBE2W;UBE2D1;ELOC;ANAPC13;UBE2F;XIAP;UBE2L6;WWP1;BIRC3;CUL5;UBE2N;UBE2B;UBE2K;CUL3;UBE4A;UBE2I;UBE2D2;RNF7;BIRC2;UBE2S;UBE2A;ELOB;UBA3;TRIP12;FBXO4;ITCH;UBE2C;UBE2Z;CUL2;SKP1;NEDD4;RBX1;UBE2J1;CDC20;UBE2G1;UBE2D3;VHL;UBE2E1;UBE2Q2;ANAPC11;SOCS3;UBA6;FBXW11;UBE2M;CUL4B;UBE2Q1;UBE3A;SAE1;UBR5;UBA1;UBE2QL1;PRPF19;DDB1;TRIM37;CDC23;UBE3C;CUL1;SIAH1;UBE2L3;STUB1"
"HALLMARK_PI3K_AKT_MTOR_SIGNALING",2.07966038801048e-12,1.71986638223198e-11,0.898671232061694,0.561035627955163,2.56372323229569,102,"ACTR2;ACTR3;CXCR4;DAPP1;MYD88;CAMK4;TBK1;CAB39;VAV3;ARPC3;IRAK4;LCK;IL2RG;STAT2;EIF4E;CALR;UBE2N;PFN1;MAPK9;CFL1;SLA;GNA14;CDKN1A;CLTC;PPP1CA;TIAM1;CDK1;TRIB3;YWHAB;FASLG;RIT1;CDKN1B;HSP90B1;AP2M1;PRKAG1;PRKCB;RPS6KA1;RAC1;UBE2D3;CDK2;GSK3B;ARF1;MAP3K7;GRB2;GRK2;SLC2A1"
"REACTOME_RMTS_METHYLATE_HISTONE_ARGININES",2.99593534558232e-12,2.46251271088107e-11,0.898671232061694,0.615670562546187,2.68639786085382,75,"H3C12;H4C12;H4C11;H2AC25;H2AC17;H2AC15;H3C8;H2AC19;H2AC18;H2AC7;H3C10;H2AC14;H2AC4;H4C9;H4C16;H2AX;H2AC13;H3C4;H4C14;H2AC16;H4C15;H3C7;RBBP7;H3C3;H2AC8;H3C13;H4C1;ARID1A;H3C11;H3C14;H3C15;H2AC11;H2AC21;ARID2;H2AC12;ACTL6A;H2AC6;H3C2;H4C8;H2AZ2;SMARCD1;H2AJ;H4C4;H2AC20;SMARCB1;H3C6;CDK4"
"REACTOME_G1_S_DNA_DAMAGE_CHECKPOINTS",3.02763807083338e-12,2.47348855726266e-11,0.898671232061694,0.634814764884737,2.70133882706485,67,"PSMA5;PSMC2;PSMA6;PSMA4;PSMA2;CCNE2;PSMD6;CDKN1A;PSMA1;PSMD14;PSMD12;PSMB4;PSMD1;PSMB1;CDKN1B;SKP1;PSMA3;RBX1;PSMD2;PSMB2;PSMC6;ADRM1;CDKN2A;PSMC4;CDK2;PSMD7;PHF20;GSK3B;PSMA7;FBXW11;CCNA2;PLK3;CHEK1;PSMB3;CDC25A;SEM1;CCNE1;PSMB5;CSNK1A1;CUL1;PSMD8;PSMD11;PSMD3;UBC;PSMC5;PSMC3;MDM2;ATM;MAPK14;PSMB7;CHEK2;PSMC1;UBB"
"REACTOME_ACTIVATION_OF_NF_KAPPAB_IN_B_CELLS",3.51644110162431e-12,2.83842072155064e-11,0.898671232061694,0.679246078559019,2.72812495411778,54,"REL;CARD11;PSMA5;PSMC2;PSMA6;PSMA4;PSMA2;NFKBIE;BCL10;PSMD6;PSMA1;PSMD14;PSMD12;PSMB4;PSMD1;PSMB1;SKP1;PRKCB;PSMA3;PSMD2;PSMB2;PSMC6;CHUK;ADRM1;PSMC4;PSMD7;MAP3K7;PSMA7;FBXW11;NFKB1;PSMB3;SEM1;PSMB5;MALT1;CUL1;PSMD8;PSMD11;RELA;PSMD3;UBC;PSMC5;IKBKB;PSMC3;PSMB7;PSMC1;UBB"
"REACTOME_APC_C_CDH1_MEDIATED_DEGRADATION_OF_CDC20_AND_OTHER_APC_C_CDH1_TARGETED_PROTEINS_IN_LATE_MITOSIS_EARLY_G1",3.50914249680154e-12,2.83842072155064e-11,0.898671232061694,0.648238930735469,2.68545814339502,61,"UBE2D1;PSMA5;PSMC2;PSMA6;PSMA4;PSMA2;PLK1;PSMD6;PSMA1;PSMD14;PSMD12;UBE2S;PSMB4;PSMD1;AURKA;UBE2C;PSMB1;PTTG1;PSMA3;PSMD2;PSMB2;PSMC6;CDC20;ADRM1;PSMC4;PSMD7;UBE2E1;ANAPC11;PSMA7;RB1;PSMB3;AURKB;SEM1;PSMB5;CDC23;PSMD8;PSMD11;PSMD3;UBC;PSMC5;PSMC3;CDC27;PSMB7;PSMC1;UBB"
"REACTOME_METABOLISM_OF_POLYAMINES",4.79272523568138e-12,3.84559143910625e-11,0.887074988399873,0.703984278489008,2.74483264326998,46,"PSMA5;PSMC2;PSMA6;PSMA4;PSMA2;SMS;AZIN1;PSMD6;PSMA1;PSMD14;SAT1;PSMD12;PSMB4;PSMD1;AZIN2;PSMB1;NQO1;PSMA3;PSMD2;PSMB2;PSMC6;ADRM1;PSMC4;PSMD7;PSMA7;PSMB3;OAZ1;OAZ3;SEM1;PSMB5;AGMAT;PSMD8;PSMD11;PSMD3;PAOX;PSMC5;PSMC3;PSMB7;PSMC1;AMD1"
"KEGG_T_CELL_RECEPTOR_SIGNALING_PATHWAY",4.96156976905819e-12,3.95751245484641e-11,0.887074988399873,0.551233262637735,2.52857157124499,103,"KRAS;CARD11;ICOS;PTPRC;CTLA4;CD3D;PTPN6;NRAS;CD3E;VAV3;CD3G;NFATC2;LCK;NFKBIE;LCP2;ITK;TNF;CD8A;MAPK9;BCL10;PIK3CG;CD247;RASGRP1;GRAP2;CDC42;PAK2;PAK1;CD8B;CD4;RHOA;CHUK;CD28;PDPK1;PDCD1;PIK3R5;LAT;IFNG;ZAP70;GSK3B;MAP3K7;VAV1;GRB2;NFKB1;PIK3R3;VAV2;PIK3CB;IL10"
"KEGG_PROTEASOME",5.49958642484946e-12,4.3500494653334e-11,0.887074988399873,0.72484522370113,2.78473010321963,42,"PSMB10;PSMA5;PSMC2;PSMA6;PSMA4;PSME1;PSMB8;PSMA2;PSME2;PSMD6;POMP;PSMA1;PSMD14;PSMD12;PSMB4;PSMD1;PSMB1;PSMA3;PSMD2;PSMB2;PSMC6;PSMC4;PSMB9;PSMD4;PSMD7;IFNG;PSMA7;PSMF1;PSME4;PSMB3;SEM1;PSMB5;PSMD8;PSMD11;PSMD3;PSMC5;PSMC3;PSME3;PSMB7;PSMC1"
"REACTOME_PROGRAMMED_CELL_DEATH",5.5182378232345e-12,4.3500494653334e-11,0.887074988399873,0.443851166395329,2.256794147062,198,"CASP3;PSMA5;PMAIP1;YWHAZ;PSMC2;PSMA6;PSMA4;UNC5B;XIAP;IL18;PSMA2;CASP8;BIRC3;BMF;YWHAQ;LY96;H1-3;PSMD6;OCLN;CHMP2B;PSMA1;PSMD14;YWHAH;PSMD12;BIRC2;PSMB4;PSMD1;BCL2L11;YWHAB;BAX;FASLG;STK26;PAK2;ITCH;PSMB1;GZMB;CHMP4B;BCL2L1;IRF1;IL1B;PSMA3;HMGB2;FADD;PSMD2;PSMB2;PSMC6;FLOT1;H1-5;CYCS;BAK1;ADRM1;CASP7;CLSPN;CDKN2A;PSMC4;LMNB1;PSMD7;CASP1;TICAM1;CDH1;DYNLL1;BBC3;DIABLO;OPA1;PSMA7;H1-2;DYNLL2;RIPK3;HSP90AA1;KPNA1;CASP6;PSMB3;TRADD;SEM1;E2F1;PSMB5;H1-0;PDCD6IP;CASP4;TICAM2;RIPK1;PSMD8;PSMD11;CHMP7;DAPK3;UBE2L3;PSMD3;STUB1;TP73;UBC;MAPK1;CHMP2A;CHMP4A;TP53BP2;PSMC5;PSMC3;DSP;TNFRSF10B;AKT1;DBNL;IL1A;PSMB7;GSDMD;ROCK1;PSMC1;UBB;TRAF2;UNC5A;TNFRSF10A;APPL1;BID;TNFSF10;SDCBP;KPNB1;PSMD13;PLEC;PRKCD"
"REACTOME_TRANSPORT_OF_MATURE_TRANSCRIPT_TO_CYTOPLASM",5.95167115823261e-12,4.66444925656835e-11,0.887074988399873,0.588889328408914,2.61725716470701,81,"SRSF2;NUP210;CPSF3;EIF4E;EIF4A3;NUP50;FYTTD1;NUP37;SRSF1;SRSF7;RAE1;U2AF1;THOC2;ALYREF;NUP155;SRSF3;MAGOH;SRSF11;THOC6;SRSF9;NUP153;NDC1;NUP205;NUP62;CPSF2;CDC40;RNPS1;MAGOHB;NCBP2;NUP160;U2AF2;SLBP;SARNP;NUP43;THOC3;SEC13;RBM8A;SRSF6;RANBP2;THOC7;SEH1L;SLU7;NUP107;FIP1L1;CHTOP;NUP93;NUP58;GLE1;DDX39A;NXT1;NUP133;NUP42;NCBP1"
"KEGG_CELL_ADHESION_MOLECULES_CAMS",7.83499414291199e-12,6.10495497378345e-11,0.875325132024659,0.509020072600756,2.42692508313232,126,"CNTNAP2;ICOS;CD80;PTPRC;CD86;CTLA4;SDC1;SELPLG;CD2;CD22;SELL;SPN;CD6;VCAN;ITGA4;CD226;HLA-DRA;ITGAV;HLA-DMB;ITGAL;HLA-C;HLA-DPA1;HLA-DOA;HLA-DQB1;CD8A;NCAM2;HLA-DPB1;OCLN;HLA-DQA1;HLA-B;CLDN3;NECTIN2;CLDN4;ITGB7;CLDN9;ALCAM;HLA-DRB1;HLA-A;ITGB2;CD8B;SELE;CD4;CD58;ICAM3;L1CAM;CD28;CDH2;PDCD1;CLDN1;CDH1;CLDN7;CD276;MAG;SDC4;HLA-DQA2;ICAM1;HLA-DMA;F11R;HLA-DRB5;ITGAM;HLA-DOB"
"HALLMARK_PROTEIN_SECRETION",1.0385867254626e-11,8.04606267772172e-11,0.875325132024659,0.561439482670866,2.56073275715056,96,"PPT1;RAB2A;TMX1;SNAP23;M6PR;ARCN1;ARFGEF1;VAMP7;TMED2;ZW10;TPD52;YKT6;AP1G1;RAB5A;CLTC;SEC31A;STAM;SOD1;KRT18;YIPF6;LMAN1;LAMP2;ATP6V1H;AP2M1;AP2S1;ADAM10;RAB22A;COG2;TSG101;SCAMP1;COPB2;SEC22B;ARF1;GNAS;SEC24D;NAPA;NAPG;AP3B1;COPB1;RAB14;AP2B1;AP3S1;SCAMP3;BET1;VPS45;ANP32E;SNX2;MAPK1;RER1;BNIP3;GLA;VPS4B;ICA1;TOM1L1;SCRN1;ARFGAP3;ARFGEF2;ATP7A;GALC;TMED10;STX16;CTSC;CLCN3"
"KEGG_CELL_CYCLE",1.10797279405967e-11,8.53455615081394e-11,0.875325132024659,0.516820175690581,2.46303133508253,125,"CDK7;YWHAZ;ANAPC13;TGFB1;RAD21;BUB1;BUB3;CCNE2;YWHAQ;PLK1;CDC6;CDKN1A;CCNB1;DBF4;CDK1;PKMYT1;YWHAH;CDC7;YWHAB;MAD2L1;CDKN1B;BUB1B;SKP1;PTTG1;GADD45B;E2F5;PCNA;RBX1;CCNB2;HDAC1;E2F3;CDC20;CDKN2D;CDKN2A;TTK;CDK2;MCM2;GSK3B;ORC6;ANAPC11;E2F2;ESPL1;CCNA2;RB1;MCM4;ORC3;CHEK1;MCM6;CDC25A;STAG2;CDC25C;CCNE1;E2F1;ORC2;RBL1;RBL2;CDC23;CUL1;TGFB2;ORC5;CDK4;SMC3;MDM2;WEE1;CDC27;ATM;ORC1;PRKDC;CHEK2;HDAC2"
"REACTOME_MEIOTIC_SYNAPSIS",1.12549645421853e-11,8.6202796607192e-11,0.875325132024659,0.617222295900313,2.66335654179129,71,"H2BC26;H4C12;H4C11;TINF2;RAD21;H2AC19;H2AC18;H2BC12;H2AC7;H2BC9;H2BC10;H2AC14;H2BC8;H2AC4;UBE2I;H4C9;H4C16;H2AX;H2BC7;H2BC21;H2BC5;H2BC13;H4C14;H2BC14;H2BC4;H4C15;H2BC17;SYCP2;H2AC8;LMNB1;H4C1;H2BC6;POT1;H2BC3;H2BC15;H2BC11;TERF2IP;H2AC6;STAG2;H4C8;H2AZ2;H2AJ;TERF1;H4C4;H2AC20;DIDO1;REC8;SMC3"
"REACTOME_RNA_POLYMERASE_II_TRANSCRIPTION_TERMINATION",1.34962393475674e-11,1.02784918872999e-10,0.875325132024659,0.629467345791531,2.67196596746468,66,"SRSF2;CPSF3;EIF4A3;SNRPG;FYTTD1;CSTF2;SRSF1;SRSF7;CSTF1;SNRPB;U2AF1;NUDT21;THOC2;ALYREF;SRSF3;MAGOH;SRSF11;THOC6;SRSF9;PAPOLA;CPSF2;SNRPE;CDC40;RNPS1;CLP1;MAGOHB;SNRPF;NCBP2;U2AF2;SLBP;SARNP;THOC3;PCF11;LSM10;RBM8A;SRSF6;THOC7;CSTF2T;CSTF3;SNRPD3;SLU7"
"REACTOME_SCF_SKP2_MEDIATED_DEGRADATION_OF_P27_P21",1.49258730662227e-11,1.13034139849821e-10,0.863415391606693,0.681080103515853,2.71490692743174,50,"PSMA5;PSMC2;PSMA6;PSMA4;PSMA2;CCNE2;PSMD6;CDKN1A;PSMA1;PSMD14;PSMD12;PSMB4;PSMD1;PSMB1;CDKN1B;SKP1;PSMA3;PSMD2;PSMB2;PSMC6;ADRM1;PSMC4;CDK2;PSMD7;PSMA7;CCNA2;PSMB3;CKS1B;SEM1;CCNE1;PSMB5;CUL1;PSMD8;PSMD11;PSMD3;UBC;CDK4;PTK6;PSMC5;PSMC3;PSMB7;PSMC1;UBB"
"REACTOME_PRE_NOTCH_EXPRESSION_AND_PROCESSING",1.5350938756601e-11,1.15603717563677e-10,0.863415391606693,0.528458002649776,2.45229858350181,111,"H2BC26;H3C12;H4C12;H4C11;H3C8;H2AC19;H2AC18;H2BC12;H2AC7;H3C10;H2BC9;TMED2;H2BC10;ATP2A3;H2AC14;H2BC8;H2AC4;H4C9;H4C16;H2AX;SEL1L;H2BC7;H2BC21;H2BC5;H2BC13;RAB6A;H3C4;H4C14;H2BC14;H2BC4;H4C15;H2BC17;H3C7;H3C3;E2F3;H2AC8;H3C13;H4C1;H2BC6;H2BC3;H3C11;H3C14;MOV10;H3C15;H2BC15;ATP2A2;H2BC11;H3-3A;MAML1;H2AC6;H3C2;E2F1;PRKCI;LFNG;H4C8;H2AZ2;RUNX1;H3-3B;B4GALT1;H2AJ;H4C4;H2AC20"
"REACTOME_NUCLEAR_EVENTS_MEDIATED_BY_NFE2L2",1.60047040325788e-11,1.19857450199535e-10,0.863415391606693,0.570363774236339,2.57116362765804,86,"PSMA5;PSMC2;PSMA6;PSMA4;PSMA2;PRDX1;SRXN1;PSMD6;TXNRD1;PSMA1;PSMD14;PSMD12;PSMB4;PSMD1;GSR;SLC7A11;PSMB1;NQO1;SKP1;BCL2L1;HMOX1;PSMA3;RBX1;PSMD2;PSMB2;PSMC6;ADRM1;CDKN2A;PSMC4;PSMD7;SP1;TXN;GSK3B;PSMA7;NFKB1;CCL2;PSMB3;BACH1;SEM1;PSMB5;G6PD;CUL1;NFE2L2;ABCC3;ABCF2;PSMD8;PSMD11;RELA;PSMD3;GCLM;UBC;PSMC5;PSMC3;SQSTM1;PSMB7;PSMC1;UBB"
"REACTOME_CROSS_PRESENTATION_OF_SOLUBLE_EXOGENOUS_ANTIGENS_ENDOSOMES",2.28265769629983e-11,1.70001247216142e-10,0.863415391606693,0.713032961494541,2.73934943286652,42,"PSMB10;PSMA5;PSMC2;PSMA6;PSMA4;FCGR1A;PSME1;PSMB8;PSMA2;PSME2;PSMD6;FCGR1BP;PSMA1;PSMD14;PSMD12;PSMB4;PSMD1;PSMB1;PSMA3;PSMD2;PSMB2;PSMC6;ADRM1;PSMC4;PSMB9;PSMD7;PSMA7;PSMB3;SEM1;PSMB5;PSMD8;PSMD11;PSMD3;PSMC5;PSMC3"
"REACTOME_SARS_COV_2_HOST_INTERACTIONS",2.50368364671995e-11,1.85437667899917e-10,0.863415391606693,0.448247822532518,2.24744690459374,184,"TLR7;STAT1;RIGI;ISG15;IRF7;TBK1;PTPN6;B2M;YWHAZ;IFIH1;NUP210;STAT2;HLA-C;UBE2N;NUP50;YWHAQ;TLR1;SNRPG;RPS27L;G3BP2;KPNA2;SEC24A;HLA-B;YWHAH;NUP37;YWHAB;DDX20;VPS33A;TLR8;SMN1;NOD2;SIKE1;MAP1LC3B;RAE1;SNRPB;HLA-A;NUP155;CHUK;PDPK1;UBE2V1;TOMM70;TAB3;HSP90AB1;MAP3K7;SEC24D;RIPK2;NUP153;SAR1B;NDC1;NUP205;NUP62;VPS41;SNRPE;TRIM25;HSP90AA1;SEC24C;SNRPF;SMN2;GEMIN7;VPS16;NUP160;G3BP1;HLA-F;NUP43;TUFM;VPS18;BECN1;SNRPD1;CNBP;IFNAR2;TKFC;SEC13;VPS45;RANBP2;UBC;LARP1;SEH1L;CRB3;SNRPD3;IKBKB;MAVS;AKT1;NUP107;TLR2;TRAF3;IFNAR1"
"REACTOME_NONHOMOLOGOUS_END_JOINING_NHEJ",2.91675743677527e-11,2.14851859277216e-10,0.851339057116899,0.616904037595712,2.60773794909194,65,"XRCC4;H2BC26;H4C12;H4C11;TDP2;H2BC12;H2BC9;UBE2N;H2BC10;H2BC8;H4C9;H4C16;H2AX;H2BC7;H2BC21;H2BC5;H2BC13;H4C14;UBE2V2;H2BC14;H2BC4;H4C15;H2BC17;DCLRE1C;H4C1;H2BC6;H2BC3;H2BC15;XRCC5;BARD1;H2BC11;LIG4;H4C8;POLM;RNF168;H4C4;NBN;ATM;PIAS4;PRKDC;XRCC6;BRCC3"
"REACTOME_RHO_GTPASES_ACTIVATE_PKNS",3.16407198129507e-11,2.31802664716617e-10,0.851339057116899,0.56217881753087,2.52358073314539,90,"H2BC26;H3C12;H4C12;H4C11;YWHAZ;H3C8;H2AC19;H2AC18;H2BC12;H2AC7;H3C10;H2BC9;YWHAQ;H2BC10;H2AC14;H2BC8;H2AC4;H4C9;H4C16;H2AX;H2BC7;H2BC21;YWHAH;H2BC5;H2BC13;H3C4;YWHAB;H4C14;H2BC14;H2BC4;H4C15;H2BC17;H3C7;PAK1;H3C3;RHOA;RAC1;MYL12B;H2AC8;H3C13;PDPK1;H4C1;NCOA2;H2BC6;H2BC3;H3C11;H3C14;H3C15;H2BC15;H2BC11;H3-3A;RHOC;H2AC6;CDC25C;H3C2;H4C8;H2AZ2"
"REACTOME_GOLGI_TO_ER_RETROGRADE_TRANSPORT",3.43154368733254e-11,2.50038967055366e-10,0.851339057116899,0.502103350124866,2.40335350177607,130,"CAPZA1;CAPZA2;TUBB3;KIF26B;DCTN5;ARCN1;ARF3;GALNT1;RAB18;KIF2A;RAB1A;TUBA1C;TMED2;ZW10;ARF4;TMED9;KIF23;KIF20B;KIF5B;TMED7;RAB6A;PAFAH1B2;KIF18A;COPZ1;COPG1;KIF21B;KIF11;KIF4A;RACGAP1;GALNT2;KIF2C;RINT1;CENPE;COPB2;CAPZB;TUBA4B;SEC22B;PAFAH1B3;TUBA1B;NSF;KIF22;KIFC1;KDELR1;DYNLL1;ARF1;KDELR2;TMED3;TUBA1A;NAPA;BNIP1;ARF5;KIF20A;NAPG;DYNC1LI1;RAB3GAP2;DYNLL2;COPA;COPB1;AGPAT3;KIF21A;RAB1B;KIF15;KIF1A;DCTN4;KIF3B;TUBA4A;KIF3A;ARFGAP1"
"REACTOME_RESPIRATORY_SYNCYTIAL_VIRUS_INFECTION_PATHWAY",3.80559718715543e-11,2.75803495069114e-10,0.851339057116899,0.523206513805813,2.40985863444231,106,"OAS2;TLR7;EIF2AK2;RIGI;SDC1;ISG15;ELOC;SPCS3;UBE2L6;IFIH1;HSPA8;STAT2;CUL5;GPC6;LY96;SPCS1;TLR6;RAB5A;PPP1CA;PPP1CC;MED14;ELOB;XPO1;CSNK2A1;RBX1;MED8;SPCS2;MED21;HSP90AB1;CCNC;SDC4;HERC5;H2BC15;MED23;SEC11A;TRIM25;HSP90AA1;MED19;MED18;MED13;SEC11C;MED17;BECN1;IFNAR2;MED7;RAB5C;MED1;UBC;MED30;MED10;CDK19;RAB5B;MED13L;MAVS;TLR2;IFNAR1;CSNK2B;UBB"
"REACTOME_E3_UBIQUITIN_LIGASES_UBIQUITINATE_TARGET_PROTEINS",4.06574465838828e-11,2.9152254252699e-10,0.851339057116899,0.63999108284589,2.62388326392006,58,"UBE2D1;PEX2;H2BC12;PEX13;H2BC9;UBE2N;UBE2B;BCL10;H2BC10;DERL1;H2BC8;UBE2D2;H2BC7;H2BC5;H2BC13;UBE2A;UBE2V2;SELENOS;H2BC14;H2BC4;H2BC17;CDC73;CTR9;HLA-A;PCNA;UBE2D3;UBE2E1;H2BC6;H2BC3;WAC;LEO1;H2BC15;RNF181;H2BC11"
"REACTOME_REGULATION_OF_RUNX3_EXPRESSION_AND_ACTIVITY",4.0577248875327e-11,2.9152254252699e-10,0.851339057116899,0.691788037053728,2.69702502964241,45,"PSMA5;PSMC2;PSMA6;TGFB1;PSMA4;PSMA2;CBFB;PSMD6;PSMA1;PSMD14;PSMD12;RUNX3;PSMB4;PSMD1;PSMB1;PSMA3;PSMD2;PSMB2;PSMC6;ADRM1;CDKN2A;PSMC4;PSMD7;PSMA7;SRC;PSMB3;SEM1;PSMB5;PSMD8;PSMD11;PSMD3;UBC;PSMC5;PSMC3;MDM2;PSMB7;SMURF2;PSMC1;UBB"
"REACTOME_REGULATION_OF_TP53_ACTIVITY_THROUGH_PHOSPHORYLATION",4.62063976645233e-11,3.29556741014695e-10,0.851339057116899,0.550160052980065,2.48794118369972,92,"TP53INP1;DYRK2;TAF9;RAD17;TP53RK;TAF5;TAF13;RAD1;TPX2;RPA3;RMI1;TOPBP1;TAF2;AURKA;RFC4;TAF12;BLM;PRKAG1;CSNK2A1;TAF9B;TAF11;CDK5;DNA2;CDK2;RHNO1;CCNA2;RMI2;PLK3;BARD1;RAD9A;PRKAB1;CHEK1;EXO1;BRIP1;RFC5;HIPK1;AURKB;TAF4;SUPT16H;RPA2;TBP;TAF7;UBC;MDM2;NBN;ATM;MAPK14;CSNK2B;PIN1;CHEK2;RFC2;ATRIP;UBB;CDK5R1;HUS1"
"REACTOME_P53_DEPENDENT_G1_DNA_DAMAGE_RESPONSE",6.11834540722295e-11,4.34080505733502e-10,0.839088935621274,0.656467648766624,2.62070440320386,53,"PSMA5;PSMC2;PSMA6;PSMA4;PSMA2;CCNE2;PSMD6;CDKN1A;PSMA1;PSMD14;PSMD12;PSMB4;PSMD1;PSMB1;CDKN1B;PSMA3;PSMD2;PSMB2;PSMC6;ADRM1;CDKN2A;PSMC4;CDK2;PSMD7;PHF20;PSMA7;CCNA2;PSMB3;SEM1;CCNE1;PSMB5;PSMD8;PSMD11;PSMD3;UBC;PSMC5;PSMC3;MDM2;ATM;PSMB7;CHEK2;PSMC1;UBB"
"HALLMARK_APOPTOSIS",6.45927700013169e-11,4.55869392470027e-10,0.839088935621274,0.471120232601902,2.32904216659388,159,"CASP3;BGN;LEF1;PPT1;CD69;TNFRSF12A;SLC20A1;CD2;LUM;CYLD;PMAIP1;F2R;XIAP;GCH1;IL18;CASP8;BIRC3;ISG20;TNF;BMF;BCL10;ETF1;HSPB1;MCL1;CDKN1A;SOD1;SAT1;KRT18;BCL2L11;BAX;IER3;GSR;FASLG;BIK;CDKN1B;PAK1;GADD45B;BCL2L1;TAP1;HMOX1;MMP2;RARA;IRF1;IL1B;HMGB2;SMAD7;DAP;DNAJC3;CASP7;CDK2;TOP2A;IFITM3;CASP1;DNAJA1;DIABLO;PLCB2;DAP3;CASP6;CASP2;PSEN1;RNASEL;TIMP1;CD38;H1-0;CASP4;VDAC2;BTG2;ANKH;RELA;TGFB2"
"REACTOME_DECTIN_1_MEDIATED_NONCANONICAL_NF_KB_SIGNALING",6.64599631910043e-11,4.64186685914372e-10,0.839088935621274,0.677582467414045,2.68887939673498,49,"CCL22;PSMA5;PSMC2;PSMA6;PSMA4;PSMA2;PSMD6;PSMA1;PSMD14;PSMD12;PSMB4;PSMD1;UBA3;PSMB1;SKP1;PSMA3;PSMD2;PSMB2;PSMC6;CHUK;ADRM1;PSMC4;PSMD7;PSMA7;FBXW11;UBE2M;PSMB3;SEM1;PSMB5;CUL1;PSMD8;PSMD11;RELA;RELB;PSMD3;UBC;PSMC5;PSMC3;NFKB2;PSMB7;PSMC1;UBB"
"REACTOME_REGULATION_OF_CDH1_FUNCTION",6.61672576573164e-11,4.64186685914372e-10,0.839088935621274,0.633275939072438,2.60437622730941,59,"ACTB;PSMA5;PSMC2;PSMA6;PSMA4;PSMA2;ACTG1;PSMD6;CTSB;PSMA1;PSMD14;PSMD12;PSMB4;PSMD1;CBLL1;PSMB1;CTSS;CTSL;PSMA3;PSMD2;PSMB2;PSMC6;ADRM1;PSMC4;PSMD7;CDH1;PSMA7;MTBP;SRC;PSMB3;SEM1;PSMB5;PSMD8;PSMD11;PSMD3;ACTA1;UBC;DNM2;PSMC5;PSMC3;MDM2;PSMB7;PSMC1;UBB"
"REACTOME_CDK_MEDIATED_PHOSPHORYLATION_AND_REMOVAL_OF_CDC6",6.76562425284424e-11,4.70106262517218e-10,0.839088935621274,0.636831448531636,2.62586180753952,60,"UBE2D1;PSMA5;PSMC2;PSMA6;PSMA4;PSMA2;CCNE2;CDC6;PSMD6;PSMA1;PSMD14;PSMD12;UBE2S;PSMB4;PSMD1;UBE2C;PSMB1;PSMA3;PSMD2;PSMB2;PSMC6;ADRM1;PSMC4;CDK2;PSMD7;UBE2E1;ANAPC11;PSMA7;CCNA2;PSMB3;SEM1;CCNE1;PSMB5;CDC23;PSMD8;PSMD11;PSMD3;UBC;PSMC5;PSMC3;CDC27;PSMB7;PSMC1;UBB"
"REACTOME_GSK3B_MEDIATED_PROTEASOMAL_DEGRADATION_OF_PD_L1_CD274",6.95613257299485e-11,4.80864959404978e-10,0.839088935621274,0.687892099454336,2.66677366609801,44,"PSMA5;PSMC2;PSMA6;PSMA4;PSMA2;PSMD6;PSMA1;PSMD14;NEK2;PSMD12;PSMB4;COPS5;PSMD1;PSMB1;SKP1;PSMA3;RBX1;PSMD2;PSMB2;PSMC6;ADRM1;PSMC4;PSMD7;GSK3B;PSMA7;PSMB3;SEM1;PSMB5;CUL1;PSMD8;PSMD11;PSMD3;CD274;UBC;PSMC5;PSMC3;PSMB7;PSMC1;UBB"
"REACTOME_REGULATION_OF_MRNA_STABILITY_BY_PROTEINS_THAT_BIND_AU_RICH_ELEMENTS",8.56838966987235e-11,5.89295371172854e-10,0.839088935621274,0.598464675545323,2.61627636369123,74,"TNPO1;PSMA5;YWHAZ;PSMC2;PSMA6;PSMA4;HSPA8;PSMA2;MAPKAPK2;HSPB1;PSMD6;PSMA1;PSMD14;PSMD12;PSMB4;PSMD1;YWHAB;PSMB1;XPO1;PSMA3;PSMD2;PSMB2;PSMC6;PARN;DCP2;ADRM1;PSMC4;PSMD7;PSMA7;ELAVL1;EXOSC6;PSMB3;EIF4G1;SEM1;PSMB5;ANP32A;SET;PSMD8;PSMD11;EXOSC9;PSMD3;UBC;XRN1;PSMC5;PSMC3;EXOSC1;AKT1;MAPK14;PSMB7;PSMC1;UBB;TNFSF13;PSMD13;EXOSC3;PRKCD"
"REACTOME_DNA_DOUBLE_STRAND_BREAK_RESPONSE",9.5683077976811e-11,6.54724817831173e-10,0.839088935621274,0.590199335267912,2.57525749677551,75,"H2BC26;H4C12;H4C11;H2BC12;H2BC9;UBE2N;H2BC10;KPNA2;H2BC8;SMARCA5;UBE2I;H4C9;H4C16;H2AX;SUMO1;H2BC7;H2BC21;H2BC5;H2BC13;H4C14;UBE2V2;H2BC14;H2BC4;H4C15;H2BC17;H4C1;H2BC6;H2BC3;H2BC15;BARD1;H2BC11;H4C8;BAZ1B;RNF168;KDM4A;H4C4;UBC;EYA3;NBN;ATM;PIAS4;CHEK2;BRCC3;UBB"
"REACTOME_SUMOYLATION",1.09042777344044e-10,7.42372039695815e-10,0.839088935621274,0.445666453230915,2.23851212888662,185,"XRCC4;SMC6;EIF2AK2;H4C12;H4C11;CBX4;RAD21;NUP210;NRIP1;NUP50;SENP1;UBE2I;H4C9;SP3;H4C16;SUMO1;SUMO3;TOP1;CBX2;NUP37;H4C14;AURKA;H4C15;TDG;BLM;SUMO2;BIRC5;VDR;RAE1;RARA;BMI1;PCNA;PARP1;HDAC1;NUP155;CBX8;CDKN2A;TOP2A;H4C1;NCOA2;VHL;HNRNPC;NSMCE1;DDX5;CDCA8;SP100;NUP153;NDC1;HNRNPK;NUP205;DAXX;NUP62;SAE1;NOP58;SIN3A;ZNF131;STAG2;AURKB;NUP160;ZNF350;H4C8;CETN2;NUP43;NSMCE2;ZBED1;SEC13;INCENP;RELA;RNF168;TRIM27;RANBP2;H4C4;RNF2;DNMT1;SEH1L;SENP5;CBX5;SMC3;ING2;MDM2;NFKB2;NSMCE3;TFAP2A;NUP107;SUZ12;PIAS4;HDAC2;DNMT3B;TOP2B;NUP93;NUP58;H4C6;NPM1;PHC3;NUP133;NFKBIA;NUP42;ESR1;SMC1A;RANGAP1;PIAS1;PARK7;H4C13"
"REACTOME_DENGUE_VIRUS_GENOME_TRANSLATION_AND_REPLICATION",1.11630030927486e-10,7.56167244674632e-10,0.839088935621274,0.56667909185999,2.51854608618472,81,"P4HA3;SPCS3;HYOU1;HSPA8;PDIA3;EIF4E;CALR;CANX;DNAJB11;EIF4A3;DPM1;MAGT1;SPCS1;KPNA2;RPN1;UBE2I;SUMO1;STT3B;HSPA5;OSTC;XPO1;EIF4G2;MAP1LC3B;SPCS2;DNAJC3;RPN2;DNAJA2;STT3A;DNAJC10;P4HA1;BAG2;SEC11A;KPNA1;UFD1;IPO7;EIF4G1;P4HA2;DAD1;TMEM258;SEC11C;P4HB;OST4;UBC;XRN1;DPM2;KPNA4;EIF4A2;NPLOC4;EIF4A1;UBB;KPNA3"
"KEGG_TOLL_LIKE_RECEPTOR_SIGNALING_PATHWAY",1.20308129113195e-10,8.10876790222937e-10,0.826657301178302,0.556934715512101,2.50034214552249,88,"CXCL11;TLR7;CXCL9;CD80;CXCL10;CD86;STAT1;MYD88;IRF7;TBK1;IRAK4;CASP8;CCL4;CTSK;IL12B;TNF;MAPK9;CCL5;PIK3CG;TLR1;LY96;TLR6;CCL3;TLR8;IL1B;FADD;SPP1;CHUK;IRF5;RAC1;PIK3R5;TICAM1;MAP3K7;NFKB1;PIK3R3;PIK3CB;IFNAR2;TICAM2;RIPK1;RELA;MAPK1;IKBKB;PIK3CD;AKT1;MAPK13;TLR2;TRAF3;MAPK14;IFNAR1"
"HALLMARK_EPITHELIAL_MESENCHYMAL_TRANSITION",1.68394561278953e-10,1.12933267962203e-09,0.826657301178302,0.431217355708294,2.19865401417074,200,"COMP;LRRC15;MATN3;CTHRC1;FAP;INHBA;BGN;ID2;FN1;COL12A1;TNFRSF12A;COL11A1;SDC1;LUM;BASP1;CCN1;VCAN;TGFB1;MMP1;SERPINE1;ITGAV;LOXL1;SCG2;THBS2;THBS1;COL1A2;PLAUR;LOX;NNMT;CDH11;PMEPA1;COL5A1;WIPF1;POSTN;PRRX1;COL1A1;SAT1;IL32;TNFAIP3;DKK1;TNFRSF11B;RGS4;FUCA1;CAPG;COL5A2;CALU;GADD45B;MMP14;GREM1;COL6A3;MMP2;CCN2;SPP1;MMP3;THY1;COL8A2;CDH2;NID2;COL3A1;PFN2;DPYSL3;SPOCK1;SDC4;MXRA5;GLIPR1;HTRA1"
"KEGG_B_CELL_RECEPTOR_SIGNALING_PATHWAY",1.79994885792571e-10,1.20115399033854e-09,0.826657301178302,0.585806035502153,2.5474462213765,73,"KRAS;CARD11;DAPP1;CD22;CD19;BLNK;PTPN6;NRAS;RAC2;VAV3;CR2;BTK;NFATC2;NFKBIE;BCL10;PIK3CG;PIK3AP1;CD79A;IFITM1;PRKCB;SYK;CHUK;RAC1;PIK3R5;GSK3B;VAV1;GRB2;CD72;NFKB1;LYN;PIK3R3;VAV2;PIK3CB;MALT1;RELA;MAPK1;IKBKB;RASGRP3;PIK3CD;AKT1;CD79B;FCGR2B"
"KEGG_CHEMOKINE_SIGNALING_PATHWAY",1.85186353019568e-10,1.2263531258982e-09,0.826657301178302,0.447560978578567,2.2423775528395,175,"KRAS;CCL3L3;CXCL11;CCL4L2;CXCL9;CCL22;CXCL10;CCR4;STAT1;CXCR4;RAP1B;CCL11;GNG5;CCR8;CCR1;GNAI3;NRAS;CCR5;RAC2;VAV3;CSK;CCR7;CCL4;STAT2;CXCR3;ITK;CCL5;GNG10;PIK3CG;GNB2;PREX1;TIAM1;CCR2;RAP1A;CCL3;GRK6;HCK;CDC42;CXCR6;PAK1;PRKCB;CCL19;RHOA;CHUK;WASL;RAC1;PIK3R5;CCR6;GNB4;CCL20;GSK3B;ADCY7;VAV1;DOCK2;GRB2;NFKB1;GRK2;CCL2;PLCB2;CXCL13;LYN;NCF1;WAS;PIK3R3;VAV2;PRKACB;PTK2B;GNGT2;PIK3CB"
"REACTOME_STABILIZATION_OF_P53",1.8559053240596e-10,1.2263531258982e-09,0.826657301178302,0.67810599186349,2.62883554464325,44,"PSMA5;PSMC2;PSMA6;PSMA4;PSMA2;PSMD6;PSMA1;PSMD14;PSMD12;PSMB4;PSMD1;PSMB1;PSMA3;PSMD2;PSMB2;PSMC6;ADRM1;CDKN2A;PSMC4;PSMD7;PHF20;PSMA7;PSMB3;SEM1;PSMB5;PSMD8;PSMD11;PSMD3;UBC;PSMC5;PSMC3;MDM2;ATM;PSMB7;CHEK2;PSMC1;UBB"
"REACTOME_VIF_MEDIATED_DEGRADATION_OF_APOBEC3G",1.87455748265879e-10,1.23263584713369e-09,0.826657301178302,0.693304183851993,2.64603558167712,41,"ELOC;PSMA5;PSMC2;PSMA6;PSMA4;PSMA2;CUL5;PSMD6;PSMA1;APOBEC3G;PSMD14;PSMD12;PSMB4;PSMD1;ELOB;PSMB1;PSMA3;RBX1;PSMD2;PSMB2;PSMC6;ADRM1;PSMC4;PSMD7;PSMA7;PSMB3;SEM1;PSMB5;PSMD8;PSMD11;PSMD3;UBC;PSMC5;PSMC3;PSMB7;PSMC1;UBB"
"KEGG_GRAFT_VERSUS_HOST_DISEASE",2.40663996216284e-10,1.57483042184248e-09,0.814035837847908,0.744811746724177,2.64876954105836,31,"CD80;CD86;HLA-DRA;HLA-DMB;HLA-C;HLA-DPA1;HLA-DOA;HLA-DQB1;TNF;HLA-DPB1;HLA-DQA1;HLA-B;FASLG;GZMB;HLA-DRB1;HLA-A;IL1B;CD28;IFNG;HLA-DQA2;HLA-DMA;HLA-DRB5;HLA-DOB;HLA-F"
"REACTOME_SPOP_MEDIATED_PROTEASOMAL_DEGRADATION_OF_PD_L1_CD274",2.80869781248709e-10,1.82904572523314e-09,0.814035837847908,0.670810029391349,2.61548634304483,46,"PSMA5;PSMC2;PSMA6;PSMA4;PSMA2;CUL3;PSMD6;PSMA1;PSMD14;PSMD12;PSMB4;PSMD1;PSMB1;CSNK2A1;PSMA3;RBX1;PSMD2;PSMB2;PSMC6;ADRM1;PSMC4;PSMD7;PSMA7;PSMB3;SEM1;PSMB5;PSMD8;PSMD11;PSMD3;CD274;UBC;CDK4;PSMC5;PSMC3;PSMB7;CSNK2B;PSMC1;UBB"
"REACTOME_CIRCADIAN_CLOCK",2.95522008532897e-10,1.90865280674807e-09,0.814035837847908,0.512022694845002,2.37674827799501,110,"UBE2D1;HELZ2;PSMA5;PSMC2;PSMA6;PSMA4;NAMPT;SERPINE1;PSMA2;NRIP1;PSMD6;PPP1CA;PSMA1;PSMD14;PSMD12;PPP1CC;PSMB4;PSMD1;PSMB1;SKP1;CSNK2A1;PSMA3;RBX1;PSMD2;PSMB2;PSMC6;CRY1;CDK5;ADRM1;PSMC4;NCOA2;PSMD7;ATF2;TBL1XR1;PSMA7;F7;FBXW11;BHLHE40;CREB1;TGS1;PSMB3;SEM1;RBM4;PSMB5;MEF2D;CREM;SIRT1;CUL1;CIPC;PSMD8;PSMD11;MED1;PSMD3;CSNK1D;UBC;PSMC5;PSMC3;BMAL2;CRTC2;PSMB7;CSNK2B;CPT1A;PSMC1;UBB"
"REACTOME_NUCLEOTIDE_EXCISION_REPAIR",2.95926139918655e-10,1.90865280674807e-09,0.814035837847908,0.51522327857398,2.37281720175075,108,"COPS8;POLR2K;ACTB;CDK7;UBE2N;POLD4;POLR2B;USP7;UBE2I;SUMO1;SUMO3;RPA3;COPS5;UBE2V2;POLR2D;RFC4;SUMO2;RUVBL1;TCEA1;PCNA;RBX1;PARP1;ERCC4;CUL4B;POLR2G;ACTL6A;GTF2H3;RFC5;POLR2J;POLR2H;ISY1;GTF2H2;RNF111;PRPF19;RAD23B;CETN2;DDB1;COPS4;RPA2;AQR;COPS3;UBC;COPS2;COPS6;GTF2H5;POLE3"
"REACTOME_INTERLEUKIN_12_FAMILY_SIGNALING",3.24216450794496e-10,2.08116083652848e-09,0.814035837847908,0.633992278047163,2.55859871322428,55,"CAPZA1;STAT1;RAP1B;IL12RB1;LCP1;BOLA2B;VAMP7;CANX;PSME2;IL12B;CFL1;BOLA2;HNRNPF;SOD1;EBI3;CDC42;PAK2;GSTO1;TCP1;HNRNPA2B1;HSPA9;LMNB1;PPIA;IFNG;ARF1;SNRPA1;RALA;MIF;IL10;IL23A;P4HB;IL23R;CNN2;STAT4"
"KEGG_OXIDATIVE_PHOSPHORYLATION",3.28155951711963e-10,2.09646551141103e-09,0.814035837847908,0.511283207210269,2.37331566459692,110,"ATP6V1A;ATP6V0E2;ATP6V0E1;ATP6V0B;ATP6AP1;COX7A2;NDUFAB1;ATP6V0C;ATP6V1C2;ATP6V0D1;NDUFV2;NDUFB4;COX17;ATP6V1B2;ATP6V1F;ATP6V1C1;NDUFB3;NDUFA4;COX6C;ATP5PB;ATP6V1H;ATP5F1E;ATP5PF;NDUFC2;NDUFA5;UQCRQ;COX8A;ATP6V1G1;ATP5F1C;ATP5MF;ATP6V1D;NDUFA6;NDUFS3;NDUFB10;NDUFB9;NDUFB2;COX7B;COX7A2L;NDUFA7;COX5A;COX6B1;PPA1;ATP6V1E1;COX6A1;UQCR10;ATP6V0D2;ATP5PD;NDUFA2;NDUFA3;ATP6V0A2;NDUFB5;ATP5MG;NDUFS6;TCIRG1;NDUFS2;ATP5PO;COX5B;ATP5MC3;SDHB;SDHC;NDUFC1;NDUFB1;CYC1;NDUFA9;ATP5F1B;UQCRB;COX7C;NDUFS1;SDHD;ATP6V1G2"
"REACTOME_HH_MUTANTS_ABROGATE_LIGAND_SECRETION",3.32686704496941e-10,2.11538527198998e-09,0.814035837847908,0.673275789069485,2.61011014043642,44,"PSMA5;PSMC2;PSMA6;PSMA4;PSMA2;PSMD6;PSMA1;SEL1L;PSMD14;PSMD12;PSMB4;PSMD1;PSMB1;ERLEC1;PSMA3;PSMD2;PSMB2;PSMC6;ADRM1;PSMC4;PSMD7;PSMA7;PSMB3;SEM1;PSMB5;HHAT;PSMD8;PSMD11;PSMD3;DERL2;UBC;SYVN1;PSMC5;PSMC3;PSMB7;PSMC1;UBB"
"REACTOME_INTERLEUKIN_4_AND_INTERLEUKIN_13_SIGNALING",4.17253787537197e-10,2.64064838309926e-09,0.814035837847908,0.513223651093142,2.36025895481978,105,"FN1;CCL22;IGHG1;STAT1;IGHG4;CCL11;TGFB1;MMP1;HSPA8;ITGAX;IL2RG;LIF;IL18;OPRD1;IL12B;TNF;COL1A2;GATA3;OSM;MCL1;CDKN1A;HIF1A;JUNB;IL13RA1;FASLG;HSP90B1;IGHE;BCL2L1;BIRC5;ITGB2;HMOX1;MMP2;IL1B;MMP3;BATF;ALOX5;SOCS3;IL4R;ICAM1;PIM1;CCL2;HSP90AA1;IL10;TIMP1;ITGAM;MUC1;IL23A;IL23R;OPRM1;JAK3;POU2F1"
"REACTOME_DISEASES_OF_SIGNAL_TRANSDUCTION_BY_GROWTH_FACTOR_RECEPTORS_AND_SECOND_MESSENGERS",4.30632666496305e-10,2.71258333849075e-09,0.814035837847908,0.340986736708694,1.90350858942869,441,"ERBIN;KRAS;FN1;ICOS;CD80;CD86;STAT1;POLR2K;RAP1B;CD19;ACTB;PTPN6;NOX4;PSMA5;TPM3;TRAT1;PPP2CA;NRAS;PSMC2;PSMA6;TGFB1;RAC2;PSMA4;BIN2;CSK;LCK;PSMA2;AGGF1;DUSP10;MIR21;MAPK9;PIK3CG;POLR2B;PIK3AP1;NEURL1;IQGAP1;ACTG1;PSMD6;APH1A;BCL2A1;MCL1;CDKN1A;CCNB1;CLTC;SEC31A;PSMA1;KIF5B;SEL1L;RAP1A;PSMD14;PSMD12;ZC3HAV1;PPP1CC;RPS6KB2;PSMB4;ESRP1;TFG;FLT3;PSMD1;DKK1;BCL2L11;YWHAB;JUNB;SHOC2;FKBP1A;RNF213;PSMB1;POLR2D;CDKN1B;GZMB;KREMEN2;ATIC;SKP1;BCL2L1;ERLEC1;PSENEN;ADAM10;PSMA3;RBX1;PSMD2;PSMB2;PSMC6;HDAC1;CHUK;ADRM1;CD28;PSMC4;RAC1;LRRFIP1;PDPK1;FOXM1;PSMD7;PIK3R5;SPRED3;ZAP70;CCNC;GSK3B;VAV1;TBL1XR1;MOV10;GRB2;PSMA7;TGFBR1;EIF2AK3;KDM7A;PIM1;POLR2G;PPP2R5E;AP3B1;LYN;FOXO6;GCC2;RB1;SRC;PIK3R3;RICTOR;ADAM17;HSP90AA1;CUX1;CREB1;PSMB3;MAML1;PSEN1;POLR2J;PIK3CB;RHOG;NCBP2;IL10;SEM1;POLR2H;PSMB5;FZD6;TNKS2;CSNK1A1;CLIP1;HHAT;DUSP16;NCSTN;CUL1;KITLG;PSMD8;DUSP8;PSMD11;PTPN12;PSMD3;PPP2R1A;RANBP2;FGF18;FGFR3;DNMT1;DERL2;TRIM24;UBC;DKK2;BAG4;MAPK1;ERBB2;FRS2;FGFR1OP2;BRAP;IL10RA;SYVN1;ERBB3;PSMC5;PSMC3;CEP43;MDM2;AXIN1;KSR2;BIRC6;PIK3CD"
"REACTOME_AMPK_INDUCED_ERAD_AND_LYSOSOME_MEDIATED_DEGRADATION_OF_PD_L1_CD274",4.56418277610397e-10,2.8616364568317e-09,0.814035837847908,0.630593497246368,2.54488227457895,55,"PSMA5;PSMC2;PSMA6;PSMA4;PSMA2;PSMD6;DERL1;PSMA1;SEL1L;PSMD14;PSMD12;PSMB4;PSMD1;PSMB1;ERLEC1;PRKAG1;PSMA3;PSMD2;PSMB2;PSMC6;ADRM1;PSMC4;PSMD7;PSMA7;RNF5;PRKAB1;PSMB3;SEM1;PSMB5;DERL3;PSMD8;PSMD11;PSMD3;CD274;DERL2;UBC;PSMC5;PSMC3;PSMB7;PSMC1;UBB"
"KEGG_LEISHMANIA_INFECTION",4.80235382929835e-10,2.99702451939545e-09,0.801215574617779,0.589233700471402,2.51838468215009,69,"STAT1;MYD88;PTPN6;FCGR3A;TGFB1;ITGA4;HLA-DRA;FCGR1A;IRAK4;HLA-DMB;HLA-DPA1;HLA-DOA;HLA-DQB1;IL12B;TNF;FCGR2A;CYBA;HLA-DPB1;HLA-DQA1;HLA-DRB1;ITGB2;PRKCB;IL1B;ELK1;IFNG;MARCKSL1;MAP3K7;IFNGR2;NFKB1;HLA-DQA2;NCF1;HLA-DMA;HLA-DRB5;IL10;ITGAM;HLA-DOB;NCF2;RELA;TGFB2;MAPK1;MAPK13;TLR2;IL1A;MAPK14"
"HALLMARK_IL6_JAK_STAT3_SIGNALING",5.13121786307857e-10,3.1875030780783e-09,0.801215574617779,0.554342812875409,2.466636859927,82,"CXCL11;CXCL9;CXCL10;TNFRSF12A;STAT1;MYD88;PTPN1;IL9R;CCR1;IL12RB1;TGFB1;IRF9;ITGA4;HAX1;IL2RG;STAT2;TNF;LTB;EBI3;IL13RA1;HMOX1;IRF1;IL1B;BAK1;CD9;IL10RB;PIK3R5;IL2RA;GRB2;SOCS3;IFNGR2;IL4R;PIM1;CXCL13;PLA2G2A;STAM2"
"KEGG_ALLOGRAFT_REJECTION",6.0280553298451e-10,3.72743971772073e-09,0.801215574617779,0.738226812743878,2.66864512304709,32,"CD80;CD86;HLA-DRA;HLA-DMB;HLA-C;HLA-DPA1;HLA-DOA;HLA-DQB1;IL12B;TNF;HLA-DPB1;HLA-DQA1;HLA-B;FASLG;GZMB;HLA-DRB1;HLA-A;CD28;IFNG;HLA-DQA2;HLA-DMA;HLA-DRB5;IL10;HLA-DOB;HLA-F;CD40LG"
"REACTOME_ISG15_ANTIVIRAL_MECHANISM",6.41752238197197e-10,3.95014619675717e-09,0.801215574617779,0.583181480594221,2.54946362879452,74,"MX1;EIF2AK2;STAT1;RIGI;ISG15;IFIT1;UBE2L6;NUP210;EIF4E;EIF4A3;UBE2N;NUP50;KPNA2;MX2;NUP37;EIF4E2;EIF4G2;RAE1;NEDD4;NUP155;UBE2E1;NUP153;HERC5;NDC1;NUP205;NUP62;TRIM25;KPNA1;USP18;EIF4G1;NUP160;NUP43;BECN1;SEC13;RANBP2;UBC;SEH1L;KPNA4;NUP107;EIF4A2;PIN1;EIF4A1;UBB;KPNA3;NUP93;NUP58;KPNB1"
"REACTOME_REGULATION_OF_ORNITHINE_DECARBOXYLASE_ODC",6.87830679298181e-10,4.21452616224522e-09,0.801215574617779,0.706941904457982,2.64010396601413,38,"PSMA5;PSMC2;PSMA6;PSMA4;PSMA2;AZIN1;PSMD6;PSMA1;PSMD14;PSMD12;PSMB4;PSMD1;PSMB1;NQO1;PSMA3;PSMD2;PSMB2;PSMC6;ADRM1;PSMC4;PSMD7;PSMA7;PSMB3;OAZ1;OAZ3;SEM1;PSMB5;PSMD8;PSMD11;PSMD3;PSMC5;PSMC3;PSMB7;PSMC1"
"REACTOME_UBIQUITIN_MEDIATED_DEGRADATION_OF_PHOSPHORYLATED_CDC25A",6.94640884043707e-10,4.23699507552451e-09,0.801215574617779,0.650859843124346,2.58359187332791,51,"PSMA5;PSMC2;PSMA6;PSMA4;PSMA2;PSMD6;PSMA1;PSMD14;PSMD12;PSMB4;PSMD1;PSMB1;SKP1;PSMA3;RBX1;PSMD2;PSMB2;PSMC6;ADRM1;PSMC4;PSMD7;GSK3B;PSMA7;FBXW11;PLK3;CHEK1;PSMB3;CDC25A;SEM1;PSMB5;CSNK1A1;CUL1;PSMD8;PSMD11;PSMD3;UBC;PSMC5;PSMC3;MAPK14;PSMB7;CHEK2;PSMC1;UBB"
"REACTOME_DEGRADATION_OF_CRY_AND_PER_PROTEINS",8.5635571887993e-10,5.19128989685737e-09,0.801215574617779,0.638589823904755,2.5150932768145,48,"UBE2D1;PSMA5;PSMC2;PSMA6;PSMA4;PSMA2;PSMD6;PSMA1;PSMD14;PSMD12;PSMB4;PSMD1;PSMB1;SKP1;PSMA3;RBX1;PSMD2;PSMB2;PSMC6;CRY1;ADRM1;PSMC4;PSMD7;PSMA7;FBXW11;PSMB3;SEM1;PSMB5;CUL1;PSMD8;PSMD11;PSMD3;UBC;PSMC5;PSMC3;PSMB7;PSMC1;UBB"
"REACTOME_FCERI_MEDIATED_MAPK_ACTIVATION",8.5879647403501e-10,5.19128989685737e-09,0.801215574617779,0.548614611781883,2.46309382139372,87,"KRAS;NRAS;VAV3;IGLV3-1;LCP2;MAPK9;FCER1G;GRAP2;PAK2;IGHV3-11;PAK1;IGHE;IGHV3-33;SYK;RAC1;LAT;IGHV1-69;IGHV4-34;VAV1;IGLV1-47;GRB2;MS4A2;IGHV4-59;LYN;VAV2;IGHV3-30;IGKV1D-39;IGHV4-39;IGKV1-39;IGKV3-15;IGKV2-28;IGLV3-21;IGKV2D-28;IGLV3-27;IGHV2-5;IGKV4-1;IGKV1-5;IGLV3-25;IGKV3-20;MAPK1;IGKV1-16;IGKV1-33;IGKV2D-40;IGHV2-70;IGKV1D-33;SHC1;IGKV3D-20;IGKV3-11;IGLV6-57;IGLC2;IGHV3-53;IGLC3;IGLV1-44;IGLV1-40;JUN;IGHV3-48;MAP3K1;MAP2K4;IGLV2-14;FOS"
"REACTOME_SCF_BETA_TRCP_MEDIATED_DEGRADATION_OF_EMI1",1.080188923882e-09,6.50042263121849e-09,0.788186810800237,0.680608086492157,2.61477866581197,42,"PSMA5;PSMC2;PSMA6;PSMA4;PSMA2;PSMD6;PSMA1;PSMD14;PSMD12;PSMB4;PSMD1;PSMB1;SKP1;FBXO5;PSMA3;PSMD2;PSMB2;PSMC6;CDC20;ADRM1;PSMC4;PSMD7;PSMA7;PSMB3;SEM1;PSMB5;CUL1;PSMD8;PSMD11;PSMD3;UBC;PSMC5;PSMC3;PSMB7;PSMC1;UBB"
"REACTOME_COPI_DEPENDENT_GOLGI_TO_ER_RETROGRADE_TRAFFIC",1.14343305242262e-09,6.85043446518088e-09,0.788186810800237,0.527328358316188,2.40515147686239,96,"TUBB3;KIF26B;ARCN1;ARF3;KIF2A;RAB1A;TUBA1C;TMED2;ZW10;ARF4;TMED9;KIF23;KIF20B;KIF5B;TMED7;KIF18A;COPZ1;COPG1;KIF21B;KIF11;KIF4A;RACGAP1;KIF2C;RINT1;CENPE;COPB2;TUBA4B;SEC22B;TUBA1B;NSF;KIF22;KIFC1;KDELR1;ARF1;KDELR2;TMED3;TUBA1A;NAPA;BNIP1;ARF5;KIF20A;NAPG;COPA;COPB1;KIF21A;RAB1B;KIF15;KIF1A;KIF3B;TUBA4A;KIF3A;ARFGAP1;KIF18B;TUBB8;ARFGAP3;SURF4;TMED10;TUBB4B;KDELR3"
"REACTOME_DEGRADATION_OF_GLI1_BY_THE_PROTEASOME",1.22101676745371e-09,7.28287877224602e-09,0.788186810800237,0.657780774186489,2.56468531510063,46,"PSMA5;PSMC2;PSMA6;PSMA4;PSMA2;PSMD6;PSMA1;PSMD14;PSMD12;PSMB4;PSMD1;ITCH;PSMB1;SKP1;PSMA3;RBX1;PSMD2;PSMB2;PSMC6;ADRM1;PSMC4;PSMD7;PSMA7;PRKACB;PSMB3;SEM1;PSMB5;CUL1;PSMD8;PSMD11;PSMD3;UBC;PSMC5;PSMC3;PSMB7;PSMC1;UBB"
"REACTOME_MITOCHONDRIAL_TRANSLATION",1.2460115303993e-09,7.39922265629189e-09,0.788186810800237,0.521204902538477,2.38895461996113,99,"GFM2;MRPL13;MRPL47;NDUFAB1;MRPL44;MRPL49;MRPL35;MRPL18;MRPS10;MRPL33;MRPS23;MRPL3;MRPS34;MRPL32;MRPL51;MRPL15;MRPL14;MRPL36;MRPL28;MRPL39;GFM1;MRPL42;MRPS35;DAP3;MRPS16;CHCHD1;MRPS17;MRPS33;TUFM;MRPL37;MRPS12;MRPS7;MRPS28;MRPS6;MRPL17;MRPL9;MRPL22;MRPS18C;MRPL27;MRPL1;TSFM;MRPL30;MRPS18B;MRPS22;MRPL19;AURKAIP1;MRPL58;PTCD3;MRPS30;MRPS15;MRPL53;MTRF1L;MRPS9;MRPL40;MTFMT;OXA1L;MRPL12;MRPL50;MRPL16;MRPL41;MRPL52;MRPL21;MRPL48;MRPL11;MRPS26;MRPL24"
"REACTOME_MATURATION_OF_DENV_PROTEINS",1.44071005017313e-09,8.5178822264622e-09,0.788186810800237,0.644811173460151,2.55958164446843,51,"P4HA3;SPCS3;HYOU1;PDIA3;CALR;CANX;DNAJB11;DPM1;MAGT1;SPCS1;KPNA2;RPN1;UBE2I;SUMO1;STT3B;HSPA5;OSTC;XPO1;SPCS2;DNAJC3;RPN2;STT3A;DNAJC10;P4HA1;SEC11A;KPNA1;IPO7;P4HA2;DAD1;TMEM258;SEC11C;P4HB;OST4;UBC;DPM2;KPNA4"
"REACTOME_DEGRADATION_OF_DVL",1.44930553197945e-09,8.53128321881354e-09,0.788186810800237,0.658083515088839,2.55121375797779,44,"PSMA5;PSMC2;PSMA6;PSMA4;PSMA2;CUL3;PSMD6;DACT1;PSMA1;PSMD14;PSMD12;PSMB4;PSMD1;PSMB1;PSMA3;RBX1;PSMD2;PSMB2;PSMC6;ADRM1;PSMC4;PSMD7;PSMA7;DVL3;PSMB3;SEM1;PSMB5;KLHL12;PSMD8;PSMD11;PSMD3;UBC;PSMC5;PSMC3;PSMB7;PSMC1;UBB"
"REACTOME_UBIQUITIN_DEPENDENT_DEGRADATION_OF_CYCLIN_D",1.52470658518538e-09,8.93610642099952e-09,0.788186810800237,0.681277362008988,2.56466496835515,39,"PSMA5;PSMC2;PSMA6;PSMA4;PSMA2;PSMD6;PSMA1;PSMD14;PSMD12;PSMB4;PSMD1;PSMB1;PSMA3;PSMD2;PSMB2;PSMC6;ADRM1;PSMC4;PSMD7;GSK3B;PSMA7;PSMB3;SEM1;PSMB5;PSMD8;PSMD11;PSMD3;UBC;CDK4;PSMC5;PSMC3;PSMB7;PSMC1;UBB"
"REACTOME_TRNA_PROCESSING",1.67612709689205e-09,9.78103604593282e-09,0.788186810800237,0.490869249014899,2.28399907200193,112,"TRMT10C;NUP210;NSUN2;NUP50;TP53RK;TRMT6;ZBTB8OS;POP4;LCMT2;NUP37;CSTF2;QTRT2;GON7;RAE1;TSEN15;NUP155;FAM98B;TRMT112;ADAT1;PUS3;YRDC;NUP153;NDC1;NUP205;NUP62;PRORP;TRMT10A;EPRS1;FTSJ1;RAN;CLP1;RPP38;XPOT;NUP160;DDX1;POP1;HSD17B10;NUP43;LAGE3;TPRKB;SEC13;METTL1;TYW5;RANBP2;SEH1L;MTO1;RTRAF;TSEN34;TRMT12;ALKBH8;NUP107;TRMT13;RTCB;NUP93;RPP40;NUP58;POP7;TRNT1;NUP133;DUS2;NUP42;C2orf49;THG1L"
"REACTOME_FCERI_MEDIATED_CA_2_MOBILIZATION",1.71159411361806e-09,9.94495200498768e-09,0.788186810800237,0.532796360517295,2.40181211533783,86,"VAV3;BTK;NFATC2;IGLV3-1;LCP2;ITK;FCER1G;GRAP2;IGHV3-11;IGHE;IGHV3-33;SYK;LAT;IGHV1-69;IGHV4-34;VAV1;IGLV1-47;GRB2;MS4A2;IGHV4-59;LYN;VAV2;IGHV3-30;IGKV1D-39;IGHV4-39;IGKV1-39;IGKV3-15;IGKV2-28;IGLV3-21;IGKV2D-28;IGLV3-27;IGHV2-5;IGKV4-1;IGKV1-5;IGLV3-25;IGKV3-20;IGKV1-16;IGKV1-33;IGKV2D-40;IGHV2-70;IGKV1D-33;SHC1;IGKV3D-20;IGKV3-11;CALM1;IGLV6-57;IGLC2;IGHV3-53;IGLC3;IGLV1-44;PPP3CB;PPP3R1;TXK;IGLV1-40;IGHV3-48"
"REACTOME_APOPTOSIS",1.72987065110101e-09,1.00080070286874e-08,0.788186810800237,0.441598311324726,2.19193033494682,166,"CASP3;PSMA5;PMAIP1;YWHAZ;PSMC2;PSMA6;PSMA4;UNC5B;XIAP;PSMA2;CASP8;BMF;YWHAQ;LY96;H1-3;PSMD6;OCLN;PSMA1;PSMD14;YWHAH;PSMD12;BIRC2;PSMB4;PSMD1;BCL2L11;YWHAB;BAX;FASLG;STK26;PAK2;PSMB1;GZMB;BCL2L1;PSMA3;HMGB2;FADD;PSMD2;PSMB2;PSMC6;H1-5;CYCS;BAK1;ADRM1;CASP7;CLSPN;CDKN2A;PSMC4;LMNB1;PSMD7;TICAM1;CDH1;DYNLL1;BBC3;DIABLO;OPA1;PSMA7;H1-2;DYNLL2;KPNA1;CASP6;PSMB3;TRADD;SEM1;E2F1;PSMB5;H1-0;TICAM2;RIPK1;PSMD8;PSMD11;DAPK3;PSMD3;TP73;UBC;MAPK1;TP53BP2;PSMC5;PSMC3;DSP;TNFRSF10B;AKT1;DBNL;PSMB7;GSDMD;ROCK1;PSMC1;UBB;TRAF2;UNC5A;TNFRSF10A;APPL1;BID;TNFSF10;KPNB1;PSMD13;PLEC;PRKCD"
"REACTOME_UNFOLDED_PROTEIN_RESPONSE_UPR",1.75539475038387e-09,1.01122740321259e-08,0.788186810800237,0.534010675727993,2.40543672297943,91,"EDEM1;PDIA6;HYOU1;HERPUD1;DNAJB9;CALR;DNAJB11;EIF2S2;ATP6V0D1;XBP1;SEC31A;HSPA5;MYDGF;SERP1;HSP90B1;PARN;DCP2;DNAJC3;SRPRA;SRPRB;EIF2S1;CREB3L1;SSR1;WIPI1;TPP1;EIF2S3;EIF2AK3;NFYA;CCL2;EXOSC6;ATF6B;MBTPS2;HDGF;NFYB;EXOSC9;ARFGAP1;YIF1A;SYVN1;ATF6;EXOSC1;GFPT1;CREB3L4;ASNS;DCSTAMP;SHC1;KDELR3;GSK3A;PREB;EXOSC3;CXCL8;ATF3;CEBPG;EXOSC4"
"REACTOME_HEDGEHOG_LIGAND_BIOGENESIS",1.80800713356802e-09,1.03710366640412e-08,0.788186810800237,0.63653969754544,2.53736091471536,50,"PSMA5;PSMC2;PSMA6;PSMA4;PSMA2;PSMD6;PSMA1;SEL1L;PSMD14;PSMD12;PSMB4;PSMD1;PSMB1;ERLEC1;PSMA3;PSMD2;PSMB2;PSMC6;ADRM1;PSMC4;PSMD7;PSMA7;ADAM17;PSMB3;SEM1;PSMB5;P4HB;HHAT;PSMD8;PSMD11;PSMD3;DERL2;UBC;SYVN1;PSMC5;PSMC3;PSMB7;PSMC1;UBB"
"KEGG_PRIMARY_IMMUNODEFICIENCY",1.82113387046833e-09,1.0402069734709e-08,0.788186810800237,0.728503571258882,2.63349619520918,32,"ICOS;PTPRC;CD19;CD3D;BLNK;CD3E;BTK;LCK;IL2RG;IL7R;CD8A;RFX5;CD79A;TNFRSF13C;TAP1;CD8B;CD4;DCLRE1C;ZAP70;TNFRSF13B;CD40LG;JAK3;TAP2"
"REACTOME_INTERLEUKIN_12_SIGNALING",2.00774655637291e-09,1.14195880083995e-08,0.774939030136436,0.65347596258441,2.54790086725206,46,"CAPZA1;RAP1B;IL12RB1;LCP1;BOLA2B;VAMP7;PSME2;IL12B;CFL1;BOLA2;HNRNPF;SOD1;CDC42;PAK2;GSTO1;TCP1;HNRNPA2B1;HSPA9;LMNB1;PPIA;IFNG;ARF1;SNRPA1;RALA;MIF;IL10;P4HB;CNN2;STAT4"
"REACTOME_PTEN_REGULATION",2.37796394845277e-09,1.34121146548717e-08,0.774939030136436,0.481885825169699,2.29654325266834,125,"PSMA5;CBX4;PSMC2;PSMA6;PSMA4;XIAP;REST;PSMA2;SALL4;MKRN1;USP7;PSMD6;PSMA1;PSMD14;PSMD12;PSMB4;CBX2;LAMTOR5;PSMD1;PSMB1;RBBP7;BMI1;CSNK2A1;PSMA3;NEDD4;LAMTOR2;PSMD2;PSMB2;PSMC6;HDAC1;CBX8;ADRM1;PSMC4;PSMD7;ATF2;RBBP4;MOV10;PSMA7;EZH2;CHD4;FRK;PSMB3;RHEB;SEM1;PSMB5;TNKS2;SLC38A9;PSMD8;PSMD11;TRIM27;PSMD3;GATAD2B;STUB1;RNF2;UBC;MAPK1;PSMC5;PSMC3;SNAI1;LAMTOR1;AKT1;SUZ12;PSMB7;CSNK2B;HDAC2;PSMC1;UBB;RRAGC;LAMTOR3;MTA2"
"REACTOME_THE_ROLE_OF_NEF_IN_HIV_1_REPLICATION_AND_DISEASE_PATHOGENESIS",2.37796326753087e-09,1.34121146548717e-08,0.774939030136436,0.752137015174448,2.58841358702066,28,"AP1S3;B2M;AP1S2;LCK;CD247;AP1G1;AP1S1;HCK;PAK2;ATP6V1H;AP2M1;HLA-A;CD8B;AP2S1;CD4;CD28;RAC1;ARF1;DOCK2;AP1B1;AP2B1"
"REACTOME_NEGATIVE_REGULATION_OF_NOTCH4_SIGNALING",3.02275007169148e-09,1.69777795693338e-08,0.774939030136436,0.65109283867223,2.5241127754388,44,"PSMA5;YWHAZ;PSMC2;PSMA6;PSMA4;PSMA2;PSMD6;PSMA1;PSMD14;PSMD12;PSMB4;PSMD1;PSMB1;SKP1;PSMA3;RBX1;PSMD2;PSMB2;PSMC6;ADRM1;PSMC4;PSMD7;TACC3;PSMA7;PSMB3;SEM1;PSMB5;CUL1;PSMD8;PSMD11;PSMD3;UBC;PSMC5;PSMC3;AKT1;PSMB7;PSMC1;UBB"
"REACTOME_RNA_POLYMERASE_II_TRANSCRIBES_SNRNA_GENES",3.18085548223574e-09,1.7791672987775e-08,0.774939030136436,0.537355376464116,2.38349005909149,80,"POLR2K;CDK7;GTF2E1;INTS8;TAF9;ELL3;POLR2B;TAF5;CCNT1;GTF2B;TAF13;POU2F2;SUPT4H1;GTF2A1;GTF2A2;POLR2D;CCNT2;TAF11;INTS14;SP1;POLR2G;NABP1;POLR2J;NCBP2;GTF2E2;POLR2H;PHAX;NABP2;SNAPC2;PCF11;TBP;POU2F1;ELL2;CCNK;SNAPC5;INTS13;ICE1;POLR2C;RPRD1B;INTS7;INTS2;INTS5;NCBP1;ZNF143;INTS12;TAF6;SNAPC1;SRRT"
"REACTOME_FBXL7_DOWN_REGULATES_AURKA_DURING_MITOTIC_ENTRY_AND_IN_EARLY_MITOSIS",3.19543807715646e-09,1.7799382347136e-08,0.774939030136436,0.670706340954516,2.57673787038216,42,"PSMA5;PSMC2;PSMA6;PSMA4;PSMA2;PSMD6;PSMA1;PSMD14;PSMD12;PSMB4;PSMD1;AURKA;PSMB1;SKP1;PSMA3;RBX1;PSMD2;PSMB2;PSMC6;ADRM1;PSMC4;PSMD7;PSMA7;PSMB3;SEM1;PSMB5;CUL1;PSMD8;PSMD11;PSMD3;UBC;PSMC5;PSMC3;PSMB7;PSMC1;UBB"
"HALLMARK_OXIDATIVE_PHOSPHORYLATION",3.36645871962978e-09,1.86748409632137e-08,0.774939030136436,0.411141896765393,2.09629498848025,200,"ATP6V0E1;ATP6V0B;ATP6AP1;PDP1;COX7A2;NDUFAB1;ATP6V0C;TIMM8B;NDUFV2;DLAT;NDUFB4;COX17;MRPL35;ATP6V1F;MTRR;ATP6V1C1;NDUFB3;NDUFA4;COX6C;TIMM17A;BAX;ATP5PB;ATP6V1H;ATP5F1E;HSPA9;ATP5PF;CYCS;NDUFC2;NDUFA5;MRPL15;CASP7;IDH2;UQCRQ;COX8A;ATP6V1G1;TOMM70;VDAC3;ATP5F1C;AIFM1;ATP5MF;ATP6V1D;OPA1;NDUFA6;NDUFS3;VDAC1;NDUFB2;COX7B;GOT2;COX7A2L;PDHB;IMMT;NDUFA7;HSD17B10;COX5A;COX6B1;SLC25A5;MRPS12;VDAC2;LDHA;HCCS;ATP6V1E1;COX6A1;UQCR10;ATP5PD;NDUFA2;NDUFA3;MTX2;NDUFB5;PRDX3;ATP5MG;NDUFS6;GRPEL1;CPT1A;ISCU;TCIRG1;TIMM10;TOMM22;NDUFS2;ATP5PO;COX5B;ATP5MC3;MRPS22;SDHB;SDHC;LRPPRC;NDUFC1;FH;FDX1;NDUFB1;CYC1;NDUFA9;BCKDHA;MRPS30;ATP5F1B;UQCRB;MRPS15;COX7C;NDUFS1;OAT;SDHD;IDH3B;ECI1;IDH3A;HTRA2;NDUFS8;ATP5MC2;RHOT2;UQCRH;ACADSB;UQCR11;OXA1L"
"REACTOME_AUF1_HNRNP_D0_BINDS_AND_DESTABILIZES_MRNA",3.52886708752311e-09,1.94955444015621e-08,0.774939030136436,0.669898361943356,2.57363375463224,42,"PSMA5;PSMC2;PSMA6;PSMA4;HSPA8;PSMA2;HSPB1;PSMD6;PSMA1;PSMD14;PSMD12;PSMB4;PSMD1;PSMB1;PSMA3;PSMD2;PSMB2;PSMC6;ADRM1;PSMC4;PSMD7;PSMA7;PSMB3;EIF4G1;SEM1;PSMB5;PSMD8;PSMD11;PSMD3;UBC;PSMC5;PSMC3;PSMB7;PSMC1;UBB"
"REACTOME_FCGR_ACTIVATION",3.56408532192952e-09,1.96097429141265e-08,0.774939030136436,0.571857346788477,2.4441181510408,69,"IGHG2;IGHG1;IGHG4;FCGR3A;FCGR1A;CD3G;IGLV3-1;FCGR2A;CD247;HCK;IGHV3-11;IGHV3-33;SYK;IGHV1-69;IGHV4-34;IGLV1-47;IGHV4-59;LYN;SRC;IGHV3-30;IGKV1D-39;IGHV4-39;IGKV1-39;IGKV3-15;IGKV2-28;IGLV3-21;IGKV2D-28;IGLV3-27;IGHV2-5;IGKV4-1;IGKV1-5;IGLV3-25;IGKV3-20;IGKV1-16;IGKV1-33;IGKV2D-40;IGHV2-70;IGKV1D-33;IGKV3D-20;IGKV3-11;IGLV6-57;IGLC2;IGHV3-53;IGLC3;IGLV1-44;IGLV1-40;IGHV3-48"
"REACTOME_MITOCHONDRIAL_TRANSLATION_ELONGATION",3.66659689443943e-09,2.00917585922941e-08,0.774939030136436,0.537915704148134,2.41505934924804,87,"MRPL13;MRPL47;MRPL44;MRPL49;MRPL35;MRPL18;MRPS10;MRPL33;MRPS23;MRPL3;MRPS34;MRPL32;MRPL51;MRPL15;MRPL14;MRPL36;MRPL28;MRPL39;GFM1;MRPL42;MRPS35;DAP3;MRPS16;CHCHD1;MRPS17;MRPS33;TUFM;MRPL37;MRPS12;MRPS7;MRPS28;MRPS6;MRPL17;MRPL9;MRPL22;MRPS18C;MRPL27;MRPL1;TSFM;MRPL30;MRPS18B;MRPS22;MRPL19;AURKAIP1;MRPL58;PTCD3;MRPS30;MRPS15;MRPL53;MRPS9;MRPL40;OXA1L;MRPL12;MRPL50;MRPL16;MRPL41;MRPL52;MRPL21;MRPL48;MRPL11;MRPS26;MRPL24"
"REACTOME_REGULATION_OF_PTEN_STABILITY_AND_ACTIVITY",4.27170588051142e-09,2.33127916070016e-08,0.761460801445585,0.611017335402948,2.47130391626871,56,"PSMA5;PSMC2;PSMA6;PSMA4;XIAP;PSMA2;MKRN1;PSMD6;PSMA1;PSMD14;PSMD12;PSMB4;PSMD1;PSMB1;CSNK2A1;PSMA3;NEDD4;PSMD2;PSMB2;PSMC6;ADRM1;PSMC4;PSMD7;PSMA7;FRK;PSMB3;SEM1;PSMB5;TNKS2;PSMD8;PSMD11;TRIM27;PSMD3;STUB1;UBC;PSMC5;PSMC3;AKT1;PSMB7;CSNK2B;PSMC1;UBB"
"REACTOME_GLOBAL_GENOME_NUCLEOTIDE_EXCISION_REPAIR_GG_NER",4.45273130719612e-09,2.42027492020176e-08,0.761460801445585,0.51985603621121,2.32910110469704,84,"COPS8;ACTB;CDK7;UBE2N;POLD4;UBE2I;SUMO1;SUMO3;RPA3;COPS5;UBE2V2;RFC4;SUMO2;RUVBL1;PCNA;RBX1;PARP1;ERCC4;CUL4B;ACTL6A;GTF2H3;RFC5;GTF2H2;RNF111;RAD23B;CETN2;DDB1;COPS4;RPA2;COPS3;UBC;COPS2;COPS6;GTF2H5;POLE3"
"REACTOME_CELL_SURFACE_INTERACTIONS_AT_THE_VASCULAR_WALL",4.69609921265016e-09,2.54230591913752e-08,0.761460801445585,0.417120151270208,2.09994473579132,182,"KRAS;FN1;SDC1;CD84;SELPLG;CD2;SELL;SIRPG;SPN;PTPN6;NRAS;TGFB1;ITGA4;CD48;OLR1;MMP1;ITGAX;ITGAV;LCK;CEACAM5;ITGAL;IGLV3-1;CEACAM6;COL1A2;SLC7A5;FCER1G;COL1A1;GRB14;SLC16A3;SLC7A11;SLC7A7;CD74;IGHV3-11;IGHV3-33;ITGB2;SELE;CD177;PROC;CD58;JAML;L1CAM;PPIA;IGHV1-69;IGHV4-34;MAG;IGLV1-47;SDC4;GRB2;EPCAM;IGHV4-59;LYN;GRB7;MIF;SRC;F11R;IGHV3-30;PIK3CB;ITGAM;IGKV1D-39;IGHV4-39;IGKV1-39;IGKV3-15;IGKV2-28;IGLV3-21;SLC16A1;IGKV2D-28;IGLV3-27;IGHV2-5;IGKV4-1;IGKV1-5;VPREB3;IGLV3-25;IGKV3-20;TREM1;IGKV1-16;IGKV1-33;SLC3A2;IGKV2D-40;IGHV2-70;ITGA5;TNFRSF10B;SLC7A6;BSG;IGKV1D-33;SHC1;PPIL2;ANGPT2;IGKV3D-20;TNFRSF10A"
"KEGG_TYPE_I_DIABETES_MELLITUS",4.77761107414351e-09,2.57608789117818e-08,0.761460801445585,0.677036991082961,2.52127793364256,37,"CD80;CD86;HLA-DRA;HLA-DMB;HLA-C;HLA-DPA1;HLA-DOA;HLA-DQB1;IL12B;TNF;HLA-DPB1;HLA-DQA1;HLA-B;FASLG;GZMB;HLA-DRB1;HLA-A;IL1B;CD28;IFNG;HSPD1;HLA-DQA2;HLA-DMA;HLA-DRB5;HLA-DOB;HLA-F"
"REACTOME_TRANSPORT_TO_THE_GOLGI_AND_SUBSEQUENT_MODIFICATION",6.56289652837114e-09,3.52461534671088e-08,0.761460801445585,0.414709528948908,2.08780872740577,182,"CAPZA1;CAPZA2;TUBB3;DCTN5;SEC23IP;F5;ARCN1;ARF3;MGAT4A;RAB1A;TUBA1C;TMED2;PPP6R1;ARF4;YKT6;SEC24A;B4GALT4;CTSZ;TMED9;SEC31A;LMAN2;TMED7;TFG;CD55;MAN2A1;FUCA1;COPZ1;LMAN1;COPG1;TRAPPC10;MGAT2;COG2;TRAPPC4;COPB2;CAPZB;ST6GAL1;TUBA4B;SEC22B;TUBA1B;NSF;KDELR1;DYNLL1;ARF1;FUT8;KDELR2;TMED3;SEC24D;TUBA1A;NAPA;MGAT5;SAR1B;ARF5;NAPG;MANEA;DYNC1LI1;DYNLL2;COPA;COPB1;B4GALT3;SEC24C;TRAPPC6B;SEC16A;BET1;TRAPPC3;RAB1B;B4GALT1;SEC13;DCTN4;TUBA4A;MGAT4B;CSNK1D;ARFGAP1;SCFD1;B4GALT5;PPP6R3;SEC22A;ACTR1A;TUBB8;ARFGAP3;TBC1D20;TMED10;TUBB4B;KDELR3;CTSC;ACTR10;CNIH1;PREB;COG4;TUBB1"
"REACTOME_REPLACEMENT_OF_PROTAMINES_BY_NUCLEOSOMES_IN_THE_MALE_PRONUCLEUS",7.33497977722235e-09,3.9236320395618e-08,0.761460801445585,0.684816854296695,2.55747704531424,38,"H2BC26;H4C12;H4C11;H2BC12;H2BC9;H2BC10;H2BC8;H4C9;H4C16;H2AX;H2BC7;H2BC21;H2BC5;H2BC13;H4C14;H2BC14;H2BC4;H4C15;H2BC17;SRPK1;H4C1;H2BC6;H2BC3;H2BC15;H2BC11;H3-3A"
"REACTOME_DEGRADATION_OF_AXIN",8.37867534751995e-09,4.46421121282881e-08,0.747739663149885,0.66002811910437,2.5357139871273,42,"PSMA5;PSMC2;PSMA6;PSMA4;PSMA2;PSMD6;PSMA1;PSMD14;PSMD12;PSMB4;PSMD1;PSMB1;PSMA3;PSMD2;PSMB2;PSMC6;ADRM1;PSMC4;PSMD7;PSMA7;PSMB3;SEM1;PSMB5;TNKS2;PSMD8;PSMD11;PSMD3;UBC;PSMC5;PSMC3;AXIN1;PSMB7;SMURF2;PSMC1;UBB"
"KEGG_INTESTINAL_IMMUNE_NETWORK_FOR_IGA_PRODUCTION",9.23661063440272e-09,4.90194926581688e-08,0.747739663149885,0.653108294249678,2.49262564041013,41,"ICOS;CD80;CD86;CXCR4;TNFSF13B;TGFB1;ITGA4;HLA-DRA;HLA-DMB;HLA-DPA1;HLA-DOA;HLA-DQB1;HLA-DPB1;HLA-DQA1;ITGB7;TNFRSF13C;HLA-DRB1;CD28;HLA-DQA2;HLA-DMA;HLA-DRB5;IL10;TNFRSF13B;HLA-DOB;CD40LG"
"REACTOME_HDR_THROUGH_HOMOLOGOUS_RECOMBINATION_HRR",9.34722872583269e-09,4.94120169506763e-08,0.747739663149885,0.562890255799191,2.40579280649109,69,"GEN1;RAD17;POLD4;RAD1;RPA3;RMI1;TOPBP1;RAD51AP1;BRCA2;RFC4;BLM;PCNA;DNA2;EME1;SLX4;RHNO1;RMI2;PALB2;BARD1;RAD9A;CHEK1;EXO1;XRCC2;BRIP1;RFC5;SEM1;RAD51;FIGNL1;RPA2;UBC;POLE3;SLX1A;NBN;SLX1B;RAD51C;ATM;RFC2;POLH;ATRIP;UBB;HUS1"
"REACTOME_POTENTIAL_THERAPEUTICS_FOR_SARS",9.63572343959296e-09,5.0540681698721e-08,0.747739663149885,0.437236855520325,2.1363010293856,153,"TLR7;ATP1A3;ZBP1;BLNK;TBK1;ITGA4;BTK;REST;STAT2;IGLV3-1;CUL3;PTGES3;CD79A;FKBP1A;ARID4B;RBBP7;IGHV3-11;IGHV3-33;AP2M1;AP2S1;SYK;RBX1;HDAC1;FKBP4;PDCD1;IGHV1-69;HSP90AB1;IGHV4-34;RBBP4;VAV1;IGLV1-47;GRB2;IFNGR2;IGHD;IGHV4-59;CHD4;HSP90AA1;IGHV3-30;AP2B1;BRMS1;IGKV1D-39;IGHV4-39;IGKV1-39;IGKV3-15;IGKV2-28;IGLV3-21;IGKV2D-28;IGLV3-27;IGHV2-5;IFNAR2;NFE2L2;RIPK1;IGKV4-1;IGKV1-5;JAK3;TUBB;GATAD2B;IGLV3-25;IGKV3-20;IGKV1-16;IGKV1-33;CYSLTR1;IGKV2D-40;NCK1;IGHV2-70;SAP30;IFNAR1;CD79B;ROCK1;IGKV1D-33;HDAC2;IGKV3D-20;MTA2;TLR9;IGKV3-11;IGLV6-57;MTA3;IGLC2;IMPDH1;IGHV3-53;SUDS3;IGLC3;FNTA;IGLV1-44;JAK1;IL1R1"
"REACTOME_RAB_GERANYLGERANYLATION",9.60241321984076e-09,5.0540681698721e-08,0.747739663149885,0.56514270614074,2.38893570416464,65,"RAB31;PTP4A2;RAB19;RAB2A;RAB18;RAB1A;RAB11A;CHML;RAB10;RAB5A;RAB6A;RAB2B;RAB21;RAB26;RAB22A;RAB8A;RAB39A;RAB39B;RABGGTB;RAB27B;CHM;RAB35;RAB7A;RAB33A;RAB14;RAB42;RAB30;RAB27A;RAB13;RAB40C;RAB1B;RAB8B;RAB32;RAB17;RAB37;RAB43;RAB5C;RAB23;RAB5B;RAB20;RAB25;RAB15"
"REACTOME_GPVI_MEDIATED_ACTIVATION_CASCADE",1.00911691962309e-08,5.27244033973613e-08,0.747739663149885,0.701461131014772,2.57690833136666,35,"PTPN6;RAC2;VAV3;LCK;LCP2;COL1A2;PIK3CG;FCER1G;PDPN;COL1A1;CDC42;SYK;RHOA;RAC1;PDPK1;PIK3R5;LAT;CLEC1B;VAV1;LYN;PIK3R3;VAV2;PIK3CB;RHOG"
"REACTOME_INTERLEUKIN_10_SIGNALING",1.07457253417881e-08,5.5927558921739e-08,0.747739663149885,0.649480221641234,2.5107889955692,43,"CCL3L3;CCL22;CD80;CXCL10;CD86;CCR1;CCR5;LIF;IL18;CCL4;IL12B;TNF;CCL5;CCR2;CCL3;IL1B;CCL19;IL10RB;CCL20;ICAM1;CCL2;PTAFR;IL10;TIMP1"
"REACTOME_ANTIGEN_ACTIVATES_B_CELL_RECEPTOR_BCR_LEADING_TO_GENERATION_OF_SECOND_MESSENGERS",1.07967097927262e-08,5.59767876945961e-08,0.747739663149885,0.516457953246821,2.3281596142407,86,"DAPP1;CD22;CD19;BLNK;PTPN6;ORAI2;BTK;BLK;IGLV3-1;PIK3AP1;CD79A;IGHV3-11;IGHV3-33;SYK;IGHV1-69;IGHV4-34;VAV1;IGLV1-47;GRB2;IGHD;IGHV4-59;LYN;IGHV3-30;IGKV1D-39;IGHV4-39;IGKV1-39;IGKV3-15;IGKV2-28;IGLV3-21;IGKV2D-28;IGLV3-27;IGHV2-5;IGKV4-1;IGKV1-5;IGLV3-25;IGKV3-20;IGKV1-16;IGKV1-33;ORAI1;IGKV2D-40;NCK1;IGHV2-70;PIK3CD;CD79B;IGKV1D-33;IGKV3D-20;IGKV3-11;CALM1;IGLV6-57;IGLC2;IGHV3-53;IGLC3;IGLV1-44;IGLV1-40;IGHV3-48"
"REACTOME_NUCLEAR_ENVELOPE_NE_REASSEMBLY",1.73957015236373e-08,8.98444661067553e-08,0.73376198835648,0.55413719242651,2.4224922506356,74,"TNPO1;TUBB3;PPP2CA;TUBA1C;UBE2I;CHMP2B;CCNB1;CDK1;SUMO1;NUP37;VRK2;CHMP4B;TMPO;CCNB2;NUP155;LEMD3;TUBA4B;BANF1;LMNB1;TUBA1B;SPAST;RCC1;TUBA1A;NDC1;NUP205;NUP62;RAN;IST1;NUP160;NUP43;ANKLE2;SEC13;CHMP7;TUBA4A;PPP2R1A;PPP2R2A;SEH1L;CHMP2A;CHMP4A;TUBB8;NUP107;LEMD2;TUBB4B;NUP93;TUBB1;NUP58;KPNB1;NUP133;EMD;RANGAP1;LBR;TUBA3D"
"REACTOME_REGULATION_OF_RUNX2_EXPRESSION_AND_ACTIVITY",1.75923929146407e-08,9.05135330112046e-08,0.73376198835648,0.585351455331073,2.39986763616251,58,"STAT1;RUNX2;NKX3-2;PSMA5;PSMC2;PSMA6;PSMA4;WWP1;PSMA2;CBFB;PSMD6;PSMA1;PSMD14;PSMD12;PSMB4;PSMD1;PSMB1;SKP1;PSMA3;RBX1;PSMD2;PSMB2;PSMC6;ADRM1;PSMC4;PSMD7;GSK3B;PSMA7;PSMB3;SEM1;PSMB5;CUL1;PSMD8;PSMD11;PSMD3;STUB1;UBC;PSMC5;PSMC3;DLX5;PSMB7;PSMC1;UBB"
"REACTOME_SOMITOGENESIS",1.77731230557084e-08,9.1095702962338e-08,0.73376198835648,0.645696589527109,2.46433843996683,41,"LEF1;PSMA5;PSMC2;PSMA6;PSMA4;PSMA2;PSMD6;PSMA1;PSMD14;PSMD12;PSMB4;PSMD1;PSMB1;PSMA3;PSMD2;PSMB2;PSMC6;ADRM1;PSMC4;PSMD7;PSMA7;PSMB3;SEM1;PSMB5;LFNG;PSMD8;PSMD11;PSMD3;PSMC5;PSMC3;PSMB7;PSMC1"
"HALLMARK_UV_RESPONSE_UP",1.92420852209049e-08,9.82512533249237e-08,0.73376198835648,0.434911058524995,2.12770908333557,152,"CASP3;PPT1;HSPA13;GCH1;TARS1;TMBIM6;STIP1;YKT6;SLC6A12;RPN1;RASGRP1;ATP6V1F;H2AX;ATP6V1C1;PPP1R2;BCL2L11;JUNB;MAPK8IP2;RFC4;TAP1;MMP14;AP2S1;HMOX1;IRF1;E2F5;TFRC;DDX21;NAT1;ALDOA;FKBP4;BAK1;PPAT;CDK2;CYB5R1;DNAJA1;EIF2S3;EPCAM;FEN1;ICAM1;CTSV;LYN;MARK2;TCHH;PTPRD;POLR2H;CCNE1;PPIF;RAB27A;KCNH2;HLA-F;PDLIM3;BTG2;TUBA4A;HNRNPU;FGF18;CDC5L;PDAP1;PRPF3;POLE3;PSMC3;GGH;TGFBRAP1;SELENOW;GRINA;SQSTM1;GRPEL1;ASNS;CYB5B;BSG;AMD1;STARD3;CA2;GLS;BID;RHOB;NUP58;PLCL1;SPR;HTR7;PRKCD;ENO2;NFKBIA;ATF3;CEBPG"
"REACTOME_INTERLEUKIN_1_SIGNALING",1.95194867672586e-08,9.92915779708099e-08,0.73376198835648,0.488996404160021,2.22948025101582,101,"MYD88;PSMA5;PSMC2;PSMA6;PSMA4;IRAK4;PSMA2;CASP8;N4BP1;UBE2N;PSMD6;PSMA1;PSMD14;PSMD12;PSMB4;PSMD1;PSMB1;NOD2;SKP1;IL1B;PSMA3;RBX1;PSMD2;PSMB2;PSMC6;CHUK;ADRM1;PSMC4;PSMD7;UBE2V1;TAB3;MAP3K7;PSMA7;RIPK2;FBXW11;NFKB1;PSMB3;USP18;SEM1;PSMB5;USP14;CUL1;PSMD8;PSMD11;RELA;PSMD3;UBC;PSMC5;IKBKB;PSMC3;NFKB2;TNIP2;SQSTM1;NKIRAS1;IL1A;PSMB7;NLRC5;PSMC1;UBB;TRAF2;IRAK1"
"REACTOME_ACTIVATION_OF_ATR_IN_RESPONSE_TO_REPLICATION_STRESS",2.02541129061422e-08,1.02641143599548e-07,0.73376198835648,0.663166218346835,2.46962333620878,37,"RAD17;CDC6;RAD1;DBF4;RPA3;CDC7;RFC4;CLSPN;CDK2;MCM2;ORC6;RAD9A;MCM4;ORC3;CHEK1;MCM6;CDC25A;MCM10;RFC5;CDC25C;ORC2;RPA2;ORC5;MCM8;ORC1;RFC2;ATRIP;HUS1"
"REACTOME_GENE_AND_PROTEIN_EXPRESSION_BY_JAK_STAT_SIGNALING_AFTER_INTERLEUKIN_12_STIMULATION",2.08903620370051e-08,1.05468943917164e-07,0.73376198835648,0.662538413523897,2.46728539830058,37,"CAPZA1;RAP1B;LCP1;BOLA2B;PSME2;CFL1;BOLA2;HNRNPF;SOD1;CDC42;PAK2;GSTO1;TCP1;HNRNPA2B1;HSPA9;LMNB1;PPIA;IFNG;ARF1;SNRPA1;RALA;MIF;IL10"
"HALLMARK_IL2_STAT5_SIGNALING",2.19114795296489e-08,1.10211471664055e-07,0.73376198835648,0.397012683975658,2.02019539246331,197,"CASP3;ADAM19;RGS16;TLR7;ICOS;TNFRSF9;CXCL10;RHOH;CD86;CCR4;PHTF2;CTLA4;IKZF2;GPR65;CD83;SELL;EOMES;CST7;CD48;CISH;F2RL2;IL2RB;ITGAV;TWSG1;LIF;TNFRSF18;MAPKAPK2;TRAF1;CDC42SE2;NCOA3;CDC6;LTB;XBP1;SNX14;CTSZ;LCLAT1;IRF8;TIAM1;PNP;HOPX;CAPG;KLF6;GSTO1;ALCAM;SYNGR2;GADD45B;BCL2L1;TNFRSF4;SPP1;IFITM3;IL2RA;BATF;MYO1E;PLSCR1;AHR;IL4R;PIM1;P4HA1;BHLHE40"
"REACTOME_CELLULAR_RESPONSE_TO_HYPOXIA",2.94505687182276e-08,1.47581288595431e-07,0.73376198835648,0.566497848537849,2.36002496266468,62,"UBE2D1;ELOC;PSMA5;PSMC2;PSMA6;PSMA4;PSMA2;PSMD6;UBE2D2;PSMA1;HIF1A;PSMD14;PSMD12;PSMB4;PSMD1;ELOB;PSMB1;CUL2;PSMA3;RBX1;PSMD2;PSMB2;PSMC6;ADRM1;EGLN3;PSMC4;UBE2D3;PSMD7;VHL;PSMA7;PSMB3;SEM1;PSMB5;HIGD1A;PSMD8;PSMD11;PSMD3;LIMD1;UBC;EGLN2;PSMC5;PSMC3"
"REACTOME_TRANSLATION_OF_SARS_COV_2_STRUCTURAL_PROTEINS",3.27389984561394e-08,1.63452481181022e-07,0.719512826338911,0.565584347227933,2.34304516286422,61,"PARP9;GALNT1;MGAT4A;PARP14;CANX;MAGT1;RPN1;UBE2I;SUMO1;STT3B;OSTC;MAN2A1;MGAT2;SRPK2;ST6GAL1;SRPK1;RPN2;STT3A;ZDHHC20;GSK3B;FUT8;MGAT5;ZDHHC5;PARP8;DAD1;ZDHHC9;TMEM258;CSNK1A1;EDEM2;GANAB;PARP10;OST4;MGAT4B;UBC;ST6GALNAC4;GOLGA7;ST3GAL1;UBB;GSK3A"
"REACTOME_REGULATION_OF_MITF_M_DEPENDENT_GENES_INVOLVED_IN_LYSOSOME_BIOGENESIS_AND_AUTOPHAGY",3.44336015990962e-08,1.71278579171888e-07,0.719512826338911,0.817708595989228,2.51678335649169,17,"ATP6V1A;ATP6V0E2;ATP6V0E1;ATP6V0B;ATP6AP2;ATP6V0C;ATP6V0D1;ATP6V1B2;ATP6V1F;ATP6V1C1;ASAH1;ATP6V1H;ATP6V1G1;ATP6V1D"
"REACTOME_RSV_HOST_INTERACTIONS",3.46472513872281e-08,1.71707701727881e-07,0.719512826338911,0.512768257999349,2.29737585524093,83,"OAS2;TLR7;EIF2AK2;RIGI;SDC1;ISG15;ELOC;UBE2L6;IFIH1;STAT2;CUL5;GPC6;LY96;TLR6;MED14;ELOB;RBX1;MED8;MED21;CCNC;SDC4;HERC5;H2BC15;MED23;TRIM25;MED19;MED18;MED13;MED17;BECN1;IFNAR2;MED7;MED1;UBC;MED30;MED10;CDK19;MED13L;MAVS;TLR2;IFNAR1;UBB"
"REACTOME_TRANSCRIPTION_OF_THE_HIV_GENOME",3.86869773245819e-08,1.91025807448852e-07,0.719512826338911,0.551090395002722,2.36209316778866,70,"POLR2K;CDK7;ELOC;GTF2E1;TAF9;POLR2B;TAF5;CCNT1;GTF2B;TAF13;SUPT4H1;GTF2A1;TAF2;ELOB;GTF2A2;POLR2D;TAF12;TCEA1;CCNT2;TAF9B;TAF11;POLR2G;GTF2H3;POLR2J;NCBP2;TAF4;GTF2E2;POLR2H;GTF2H2;SUPT16H;TBP;TAF7;CCNK;GTF2H5;NELFCD;RNMT;POLR2C"
"REACTOME_EPIGENETIC_REGULATION_OF_GENE_EXPRESSION_BY_MLL3_AND_MLL4_COMPLEXES",4.18809406471096e-08,2.06041999971911e-07,0.719512826338911,0.44897729073056,2.16012483564034,131,"H2BC26;H3C12;H4C12;H4C11;H3C8;H2AC19;H2AC18;H2BC12;H2AC7;H3C10;H2BC9;NCOA3;H2BC10;H2AC14;H2BC8;H2AC4;H4C9;H4C16;H2AX;H2BC7;H2BC21;H2BC5;H2BC13;MED14;H3C4;H4C14;H2BC14;H2BC4;H4C15;H2BC17;H3C7;H3C3;PAGR1;CDK5;H2AC8;H3C13;H4C1;NCOA2;H2BC6;DPY30;CCNC;H2BC3;H3C11;H3C14;TBL1XR1;H3C15;H2BC15;KDM6A;H2BC11;MED23;H3-3A;RB1;H2AC6;H3C2;MED13;H4C8;H2AZ2;MED17;H3-3B;SIRT1;MED7;MED1;H2AJ;H4C4;H2AC20;RBBP5;MED30;MED10;H3C6"
"REACTOME_PCP_CE_PATHWAY",4.2253894118976e-08,2.07120906445017e-07,0.719512826338911,0.527530507069292,2.31564856829865,78,"PSMA5;PSMC2;PSMA6;RAC2;PSMA4;PSMA2;PFN1;PSMD6;CLTC;PSMA1;PRICKLE1;PSMD14;PSMD12;PSMB4;PSMD1;PSMB1;AP2M1;PRKCB;AP2S1;PSMA3;PSMD2;PSMB2;PSMC6;RHOA;ADRM1;PSMC4;RAC1;PSMD7;PSMA7;DVL3;PSMB3;AP2B1;SEM1;PSMB5;FZD6;PSMD8;PSMD11;PSMD3;UBC;FZD2;ROR2;PSMC5;PSMC3;PSMB7;SMURF2;PSMC1;UBB"
"REACTOME_REGULATION_OF_RAS_BY_GAPS",4.68115980382263e-08,2.28630558534526e-07,0.719512826338911,0.5864633016024,2.36678631710643,55,"KRAS;PSMA5;NRAS;PSMC2;PSMA6;PSMA4;PSMA2;CUL3;PSMD6;RASAL3;PSMA1;PSMD14;PSMD12;PSMB4;PSMD1;PSMB1;PSMA3;RBX1;PSMD2;PSMB2;PSMC6;ADRM1;PSMC4;PSMD7;SPRED3;PSMA7;PSMB3;SEM1;PSMB5;PSMD8;PSMD11;PSMD3;UBC;PSMC5;PSMC3;PSMB7;PSMC1;UBB"
"KEGG_CYTOSOLIC_DNA_SENSING_PATHWAY",5.3973266104614e-08,2.62656905086714e-07,0.719512826338911,0.633757154297977,2.41877089374795,41,"CCL4L2;CXCL10;RIGI;ZBP1;IRF7;TBK1;PYCARD;ADAR;POLR3K;IL18;CCL4;CCL5;AIM2;IL1B;CHUK;POLR3F;CASP1;NFKB1;RIPK3;TREX1;POLR3C;RIPK1;RELA;IKBKB;POLR3A;MAVS"
"REACTOME_SUMOYLATION_OF_CHROMATIN_ORGANIZATION_PROTEINS",5.93450931588142e-08,2.87759660352811e-07,0.719512826338911,0.541508428192784,2.33664600945541,71,"H4C12;H4C11;CBX4;NUP210;NUP50;UBE2I;H4C9;H4C16;SUMO1;SUMO3;CBX2;NUP37;H4C14;H4C15;SUMO2;RAE1;BMI1;HDAC1;NUP155;CBX8;H4C1;NUP153;NDC1;NUP205;NUP62;NUP160;H4C8;NUP43;ZBED1;SEC13;RANBP2;H4C4;RNF2;SEH1L;CBX5;NUP107;SUZ12;HDAC2;NUP93;NUP58;H4C6;PHC3;NUP133;NUP42;PIAS1;H4C13;TPR;H4C2;AAAS;NUP54;PHC2"
"REACTOME_SUMOYLATION_OF_DNA_DAMAGE_RESPONSE_AND_REPAIR_PROTEINS",6.25608671502151e-08,3.0226540831e-07,0.704975715167238,0.527741780337883,2.30979080247503,77,"XRCC4;SMC6;CBX4;RAD21;NUP210;NUP50;UBE2I;SUMO1;SUMO3;CBX2;NUP37;TDG;BLM;SUMO2;RAE1;BMI1;PARP1;NUP155;CBX8;CDKN2A;NSMCE1;SP100;NUP153;NDC1;NUP205;NUP62;STAG2;NUP160;CETN2;NUP43;NSMCE2;SEC13;RNF168;RANBP2;RNF2;SEH1L;SMC3;NSMCE3;NUP107;PIAS4;NUP93;NUP58;PHC3;NUP133;NUP42;SMC1A;PIAS1;TPR;MDC1;AAAS;NUP54;PHC2"
"KEGG_PATHOGENIC_ESCHERICHIA_COLI_INFECTION",6.51739867190117e-08,3.13766193204385e-07,0.704975715167238,0.591228840643744,2.37461238963071,54,"ARPC2;TUBB3;EZR;ACTB;YWHAZ;ARPC1B;ARPC3;TUBA1C;YWHAQ;LY96;ARPC4;ACTG1;OCLN;KRT18;CDC42;ARPC1A;HCLS1;RHOA;WASL;CLDN1;ARPC5;TUBA1B;CDH1;ARPC5L;TUBA1A;WAS"
"REACTOME_REGULATION_OF_APOPTOSIS",6.7361741759772e-08,3.23144583246166e-07,0.704975715167238,0.641280407685131,2.42996267728183,40,"PSMA5;PSMC2;PSMA6;PSMA4;PSMA2;PSMD6;PSMA1;PSMD14;PSMD12;PSMB4;PSMD1;PAK2;PSMB1;PSMA3;PSMD2;PSMB2;PSMC6;ADRM1;PSMC4;PSMD7;OPA1;PSMA7;PSMB3;SEM1;PSMB5;PSMD8;PSMD11;PSMD3;UBC;PSMC5;PSMC3;PSMB7;PSMC1;UBB"
"REACTOME_ANTIGEN_PROCESSING_UB_ATP_INDEPENDENT_PROTEASOMAL_DEGRADATION",7.53943554933511e-08,3.6039571349304e-07,0.704975715167238,0.788696944937528,2.5074706607325,19,"PSMB10;PSMA5;PSMA6;PSMA4;PSME1;PSMB8;PSMA2;PSME2;PSMA1;PSMB4;PSMB1;PSMA3;PSMB2;PSMB9;PSMA7;PSMB3;PSMB5"
"REACTOME_TRANS_GOLGI_NETWORK_VESICLE_BUDDING",7.61803295135645e-08,3.62866021852597e-07,0.704975715167238,0.538521670152579,2.32375794365162,71,"AP1S3;SNAP23;M6PR;HSPA8;AP1S2;NECAP1;VAMP7;TPD52;VAMP8;AP1G1;CTSZ;CLTC;AP1S1;AP4E1;YIPF6;TFRC;BLOC1S6;DNASE2;ACBD3;ARF1;NAPA;AP1B1;AP3B1;CLINT1;AP3S1;SNAPIN;DTNBP1;BLOC1S3;RAB5C;STX4;SNX5;TGOLN2;SNX2;CHMP2A;AP1M2;DNM2"
"REACTOME_TOLL_LIKE_RECEPTOR_CASCADES",7.90613740667323e-08,3.75263141697025e-07,0.704975715167238,0.404563032879589,2.00406240307745,168,"TLR7;TLR10;LY86;MYD88;UBE2D1;IRF7;TBK1;PPP2CA;IRAK4;BTK;CASP8;BIRC3;CTSK;N4BP1;TASL;MAPKAPK2;UBE2N;MAPK9;TLR1;LY96;CD180;TLR6;CTSB;UBE2D2;SLC15A4;BIRC2;CTSS;TLR8;NOD2;SKP1;HSP90B1;CTSL;ITGB2;RPS6KA1;FADD;CHUK;UNC93B1;IRF5;UBE2D3;ATF2;ELK1;UBE2V1;TICAM1;TAB3;MAP3K7;RIPK2;FBXW11;NFKB1;CTSV;RIPK3;CREB1;USP18;ATF1;ITGAM;MAPKAPK3;VRK3;USP14;CNPY3;TICAM2;CUL1;RIPK1;RELA;PPP2R1A;UBC;MAPK1;DNM2;SFTPA2;IKBKB;NFKB2;TNIP2;NKIRAS1;TLR2;TRAF3;MAPK14;NLRC5;GSDMD;LGMN;FGG;UBB;SIGIRR;TRAF2;IRAK1"
"REACTOME_CD22_MEDIATED_BCR_REGULATION",7.97055282576527e-08,3.76993165232687e-07,0.704975715167238,0.557379503407757,2.30905497250774,61,"CD22;PTPN6;IGLV3-1;CD79A;IGHV3-11;IGHV3-33;IGHV1-69;IGHV4-34;IGLV1-47;IGHD;IGHV4-59;LYN;IGHV3-30;IGKV1D-39;IGHV4-39;IGKV1-39;IGKV3-15;IGKV2-28;IGLV3-21;IGKV2D-28;IGLV3-27;IGHV2-5;IGKV4-1;IGKV1-5;IGLV3-25;IGKV3-20;IGKV1-16;IGKV1-33;IGKV2D-40;IGHV2-70;CD79B;IGKV1D-33;IGKV3D-20;IGKV3-11;IGLV6-57;IGLC2;IGHV3-53;IGLC3;IGLV1-44;IGLV1-40;IGHV3-48"
"REACTOME_FACTORS_INVOLVED_IN_MEGAKARYOCYTE_DEVELOPMENT_AND_PLATELET_PRODUCTION",8.40822455207049e-08,3.96303730636049e-07,0.704975715167238,0.426971416851865,2.08209697936969,149,"CAPZA1;CAPZA2;TUBB3;DOCK10;H3C12;KIF26B;ACTB;KIF2A;H3C8;H3C10;TUBA1C;GATA3;RAB5A;KIF23;KIF20B;KIF5B;GATA5;CDC42;H3C4;KIF18A;KIF21B;KIF11;H3C7;KIF4A;RACGAP1;KIF2C;IRF1;H3C3;CENPE;HDAC1;CDK5;CAPZB;RAC1;TUBA4B;H3C13;CDK2;TUBA1B;KIF22;KIFC1;H3C11;H3C14;DOCK2;MICAL1;H3C15;TUBA1A;CABLES2;MFN1;KIF20A;H3-3A;DOCK8;PRKACB;SIN3A;H3C2;KIF21A;EHD1;H3-3B;KIF15;KIF1A;VPS45;KIF3B;TUBA4A;MYB;KIF3A;CBX5;H3C6;KIF18B;WEE1;TUBB8"
"KEGG_ASTHMA",9.11711467229534e-08,4.28218487047182e-07,0.704975715167238,0.740947368811848,2.47344813008062,23,"CCL11;HLA-DRA;HLA-DMB;HLA-DPA1;HLA-DOA;HLA-DQB1;TNF;FCER1G;HLA-DPB1;HLA-DQA1;HLA-DRB1;MS4A2;HLA-DQA2;HLA-DMA;HLA-DRB5;IL10;HLA-DOB;CD40LG"
"REACTOME_EPIGENETIC_REGULATION_BY_WDR5_CONTAINING_HISTONE_MODIFYING_COMPLEXES",9.26219315357318e-08,4.33522096215856e-07,0.704975715167238,0.411798041174693,2.03737756200298,163,"H2BC26;H3C12;H4C12;H4C11;H3C8;H2AC19;H2AC18;H2BC12;H2AC7;H3C10;DR1;H2BC9;NCOA3;H2BC10;H2AC14;H2BC8;H2AC4;H4C9;H4C16;H2AX;H2BC7;H2BC21;H2BC5;H2BC13;MED14;H3C4;H4C14;H2BC14;H2BC4;H4C15;H2BC17;H3C7;H3C3;PAGR1;CDK5;H2AC8;H3C13;H4C1;NCOA2;H2BC6;PHF20;DPY30;CCNC;H2BC3;H3C11;H3C14;TBL1XR1;H3C15;H2BC15;KDM6A;H2BC11;MED23;PHF20L1;H3-3A;RB1;H2AC6;H3C2;MED13;H4C8;H2AZ2;SETD1B;MED17;H3-3B;SIRT1;KANSL2;MED7;MED1;H2AJ;H4C4;H2AC20;RBBP5;MED30;MED10;H3C6"
"REACTOME_ER_TO_GOLGI_ANTEROGRADE_TRANSPORT",9.54858306213648e-08,4.45380275701037e-07,0.704975715167238,0.42101026048118,2.0570193054232,153,"CAPZA1;CAPZA2;TUBB3;DCTN5;SEC23IP;F5;ARCN1;ARF3;RAB1A;TUBA1C;TMED2;PPP6R1;ARF4;YKT6;SEC24A;CTSZ;TMED9;SEC31A;LMAN2;TMED7;TFG;CD55;COPZ1;LMAN1;COPG1;TRAPPC10;COG2;TRAPPC4;COPB2;CAPZB;TUBA4B;SEC22B;TUBA1B;NSF;KDELR1;DYNLL1;ARF1;KDELR2;TMED3;SEC24D;TUBA1A;NAPA;SAR1B;ARF5;NAPG;DYNC1LI1;DYNLL2;COPA;COPB1;SEC24C;TRAPPC6B;SEC16A;BET1;TRAPPC3;RAB1B;SEC13;DCTN4;TUBA4A;CSNK1D;ARFGAP1;SCFD1;PPP6R3;SEC22A;ACTR1A;TUBB8;ARFGAP3;TBC1D20;TMED10;TUBB4B;KDELR3;CTSC;ACTR10;CNIH1;PREB;COG4;TUBB1;COG5;USO1;COG8;SERPINA1;DYNC1I2;COPE;TRAPPC5;TRAPPC2L;SEC23A;TRAPPC2"
"REACTOME_SUMOYLATION_OF_DNA_REPLICATION_PROTEINS",1.00971529388708e-07,4.69343522813717e-07,0.704975715167238,0.611123746290946,2.38276969976826,46,"NUP210;NUP50;UBE2I;SUMO1;SUMO3;TOP1;NUP37;AURKA;SUMO2;BIRC5;RAE1;PCNA;NUP155;TOP2A;CDCA8;NUP153;NDC1;NUP205;NUP62;AURKB;NUP160;NUP43;SEC13;INCENP;RANBP2;SEH1L;NUP107;PIAS4;TOP2B;NUP93;NUP58;NUP133;NUP42;RANGAP1;TPR;AAAS;NUP54"
"REACTOME_DAP12_INTERACTIONS",1.02468603066645e-07,4.74665556473668e-07,0.704975715167238,0.652439122312703,2.43656105761789,38,"KRAS;B2M;NRAS;VAV3;BTK;LCK;TYROBP;HLA-C;LCP2;GRAP2;HLA-B;CLEC5A;SYK;RAC1;LAT;TREM2;KLRK1;GRB2;VAV2;PIK3CB;SIGLEC14;KLRC2;TREM1"
"REACTOME_TNF_SIGNALING",1.09754241851402e-07,5.06673691834556e-07,0.704975715167238,0.56165014766982,2.28957479526793,57,"UBE2D1;CYLD;TBK1;XIAP;CASP8;BIRC3;MAPKAPK2;TNF;TRAF1;SPPL2A;UBE2D2;BIRC2;TNFAIP3;OTULIN;FADD;CHUK;UBE2D3;TAB3;MAP3K7;TAX1BP1;ADAM17;SMPD3;TRADD;SPATA2;RIPK1;UBE2L3;RNF31;STUB1;UBC;BAG4;IKBKB;USP2;NSMAF;RBCK1;UBB;TRAF2"
"KEGG_AUTOIMMUNE_THYROID_DISEASE",1.2598278710482e-07,5.79606815758696e-07,0.690132458796796,0.682471330050625,2.46709243706505,32,"CD80;CD86;CTLA4;HLA-DRA;HLA-DMB;HLA-C;HLA-DPA1;HLA-DOA;HLA-DQB1;HLA-DPB1;HLA-DQA1;HLA-B;FASLG;GZMB;HLA-DRB1;HLA-A;CD28;HLA-DQA2;HLA-DMA;HLA-DRB5;IL10;HLA-DOB;HLA-F;CD40LG"
"REACTOME_ANTIGEN_PRESENTATION_FOLDING_ASSEMBLY_AND_PEPTIDE_LOADING_OF_CLASS_I_MHC",1.41005798672904e-07,6.44324802071439e-07,0.690132458796796,0.710436244086588,2.44490403982995,28,"B2M;PDIA3;HLA-C;CALR;CANX;TAPBP;SEC24A;SEC31A;HLA-B;HSPA5;TAP1;ERAP2;HLA-A;SEC24D;SAR1B;SEC24C;HLA-F;BECN1;SEC13;TAP2"
"REACTOME_TRANSCRIPTION_COUPLED_NUCLEOTIDE_EXCISION_REPAIR_TC_NER",1.40712198636943e-07,6.44324802071439e-07,0.690132458796796,0.518781037965345,2.27007817578473,76,"COPS8;POLR2K;CDK7;POLD4;POLR2B;USP7;RPA3;COPS5;POLR2D;RFC4;TCEA1;PCNA;RBX1;ERCC4;CUL4B;POLR2G;GTF2H3;RFC5;POLR2J;POLR2H;ISY1;GTF2H2;PRPF19;DDB1;COPS4;RPA2;AQR;COPS3;UBC;COPS2;COPS6;GTF2H5;POLE3;POLR2C;RFC2;UBB;ZNF830"
"REACTOME_DISORDERS_OF_TRANSMEMBRANE_TRANSPORTERS",1.42160583232228e-07,6.47406980395416e-07,0.690132458796796,0.4227763021142,2.06163978861016,149,"SLC40A1;PSMA5;PSMC2;PSMA6;PSMA4;NUP210;PSMA2;SLC33A1;NUP50;SLC12A3;PSMD6;DERL1;PSMA1;SLC35A2;SEL1L;PSMD14;PSMD12;SLC29A3;SLC24A5;PSMB4;PSMD1;NUP37;ABCB4;SLC7A7;PSMB1;ERLEC1;RAE1;HK1;PSMA3;SLC35A3;PSMD2;PSMB2;PSMC6;NUP155;ADRM1;PSMC4;PSMD7;PSMA7;NUP153;NDC1;NUP205;SLC2A1;NUP62;SLC2A10;RNF5;PSMB3;NUP160;SEM1;PSMB5;NUP43;SLC16A1;DERL3;SLC5A5;SEC13;PSMD8;PSMD11;PSMD3;RANBP2;DERL2;UBC;SEH1L;SLC35A1;SLC5A2;SLC3A2;PSMC5;PSMC3;ABCD1;SLC1A3;NUP107;PSMB7;BSG;PSMC1;UBB;SLC20A2;NUP93;SLC6A20;NUP58"
"REACTOME_PLATELET_ACTIVATION_SIGNALING_AND_AGGREGATION",1.49251660412622e-07,6.77411576552912e-07,0.690132458796796,0.359975438165603,1.87923902565092,243,"FN1;MANF;RAP1B;PTPN1;GNG5;CAP1;PTPN6;F2R;YWHAZ;GNAI3;TGFB1;RAC2;VAV3;F5;F2RL2;SERPINE1;CSK;LCK;THBS1;CYRIB;LCP2;GNA13;SRGN;COL1A2;PFN1;FAM3C;GNG10;CFL1;PIK3CG;FCER1G;GNA14;PLEK;GNB2;PDPN;RASGRP1;PSAP;COL1A1;RAP1A;SOD1;HSPA5;ABHD12;CDC42;DGKA;FERMT3;CALU;LAMP2;SCCPDH;PRKCB;SYK;ALDOA;RHOA;WDR1;CD9;RAC1;TMSB4X;PDPK1;RAB27B;PPIA;CYB5R1;PIK3R5;LAT;CLEC1B;GNB4;TAGLN2;VAV1;GRB2;STXBP2;STXBP3;LYN;SRC;PIK3R3;VAV2;GNGT2;PIK3CB;RHOG;TIMP1;ORM1;GNB1;TOR4A;OLA1;BRPF3;SPARC;ABCC4;TMX3;TGFB2;TUBA4A;STX4"
"KEGG_RIBOSOME",2.0727423994715e-07,9.37602937747509e-07,0.690132458796796,-0.485320666957102,-2.14806152297187,84,"RPL13;RPS6;RPLP2;RPL4;RPL3;RPS9;RPS16;RPL18A;RPS3A;RPL32;RPL13A;RPL23A;RPL37A;RPL7;RPL22;RPL27;RPS28;RPL34;RPS23;RPS12;RPS5;RPL38;RPL8;RPS8;RPL14;RPS20;RPL31;RPS27A;RPL10;RPL5;RPL12;UBA52;RPL11;RPL18;RPLP1;RPL35;RPS3;RPS4X;RPL23;RPS19;RPS29;RPL29;RPL26;RPL9;RPL10A;RPL17;RPL21;RPL39;RPL19;RPL37;RPL7A;RPS11;RPL6;RPS7;RPS25;RPS18;RPL27A;RPL15;RPS15"
"REACTOME_HIV_TRANSCRIPTION_INITIATION",2.29979591090249e-07,1.03683106618614e-06,0.690132458796796,0.605661261648184,2.37813303684629,47,"POLR2K;CDK7;GTF2E1;TAF9;POLR2B;TAF5;GTF2B;TAF13;GTF2A1;TAF2;GTF2A2;POLR2D;TAF12;TAF9B;TAF11;POLR2G;GTF2H3;POLR2J;TAF4;GTF2E2;POLR2H;GTF2H2;TBP;TAF7;GTF2H5"
"REACTOME_DAP12_SIGNALING",2.34261738795975e-07,1.05261607965658e-06,0.690132458796796,0.700460681950319,2.44212197005945,29,"KRAS;B2M;NRAS;VAV3;BTK;LCK;TYROBP;LCP2;GRAP2;SYK;RAC1;LAT;TREM2;KLRK1;GRB2;VAV2;PIK3CB"
"REACTOME_HDMS_DEMETHYLATE_HISTONES",2.37959471516202e-07,1.065678962139e-06,0.690132458796796,0.581730452089673,2.31888147388744,50,"H3C12;H4C12;H4C11;H3C8;H3C10;H4C9;H4C16;H3C4;H4C14;KDM1B;H4C15;H3C7;H3C3;KDM5B;H3C13;H4C1;H3C11;H3C14;H3C15;KDM7A;KDM6A;H3C2;H4C8;KDM2A;KDM5C;KDM4A;H4C4;H3C6"
"REACTOME_CO_STIMULATION_BY_CD28",2.57178522871245e-07,1.1479359232796e-06,0.674962860011025,0.579632134854397,2.28288774863936,48,"CD80;CD86;CTLA4;PPP2CA;LCK;PIK3CG;GRAP2;TRIB3;CDC42;PAK2;PAK1;CD28;RAC1;PDPK1;PIK3R5;VAV1;GRB2;PPP2R5E;LYN;SRC;PIK3R3;RICTOR;PIK3CB"
"REACTOME_ROLE_OF_LAT2_NTAL_LAB_ON_CALCIUM_MOBILIZATION",2.63207479116167e-07,1.17096924702506e-06,0.674962860011025,0.527432505673169,2.27590743832249,71,"LAT2;IGLV3-1;FCER1G;IGHV3-11;IGHE;IGHV3-33;SYK;PDPK1;IGHV1-69;IGHV4-34;IGLV1-47;GRB2;MS4A2;IGHV4-59;LYN;IGHV3-30;PIK3CB;IGKV1D-39;IGHV4-39;IGKV1-39;IGKV3-15;IGKV2-28;IGLV3-21;IGKV2D-28;IGLV3-27;IGHV2-5;IGKV4-1;IGKV1-5;IGLV3-25;IGKV3-20;IGKV1-16;IGKV1-33;IGKV2D-40;IGHV2-70;IGKV1D-33;SHC1;IGKV3D-20;IGKV3-11;IGLV6-57;IGLC2;IGHV3-53;IGLC3;IGLV1-44;IGLV1-40;IGHV3-48"
"REACTOME_REGULATION_OF_HSF1_MEDIATED_HEAT_SHOCK_RESPONSE",2.67863127561995e-07,1.18776149984727e-06,0.674962860011025,0.494934020251673,2.19532616373631,80,"HSPA13;RLN1;HSPA8;NUP210;MAPKAPK2;NUP50;HSPB1;MRPL18;DNAJB6;RPA3;HSPA5;NUP37;HSPA4;DNAJC2;RAE1;HSPA14;NUP155;HSPA9;FKBP4;GSK3B;NUP153;NDC1;NUP205;NUP62;BAG2;DEDD2;NUP160;HSPH1;NUP43;SERPINH1;SIRT1;RPA2;HSPA6;SEC13;RANBP2;SEH1L;BAG4;MAPK1;NUP107;ATM;HSPA1L;BAG5;UBB;HIKESHI;NUP93;NUP58"
"REACTOME_ANTI_INFLAMMATORY_RESPONSE_FAVOURING_LEISHMANIA_PARASITE_INFECTION",2.82450542598018e-07,1.24833879154796e-06,0.674962860011025,0.431170579476239,2.06606243122722,129,"IGHG2;IGHG1;IGHG4;GNG5;FCGR3A;GNAI3;FCGR1A;CD3G;IGLV3-1;DPEP1;GNG10;FCGR2A;CD247;GNB2;HCK;IGHV3-11;IGHV3-33;SYK;IGHV1-69;GNB4;IGHV4-34;ADCY7;IGLV1-47;GNAS;IGHV4-59;LYN;SRC;ADAM17;PRKACB;CREB1;GNGT2;IGHV3-30;IL10;IGKV1D-39;IGHV4-39;GNB1;IGKV1-39;IGKV3-15;IGKV2-28;IGLV3-21;IGKV2D-28;IGLV3-27;IGHV2-5;IGKV4-1;IGKV1-5;GGT1;IGLV3-25;IGKV3-20;ADCY9;IGKV1-16;IGKV1-33;GNAI2;CYSLTR1;IGKV2D-40;IGHV2-70;DPEP2;MAPK14;RHBDF2;IGKV1D-33;GNG13;IGKV3D-20;PRKAR2A;MYH9;IGKV3-11;CALM1;PRKX;IGLV6-57;CYSLTR2"
"REACTOME_SARS_COV_1_INFECTION",3.40179359976158e-07,1.49856789950281e-06,0.674962860011025,0.413007134340998,1.99841920461007,141,"PARP9;TLR7;RIGI;TBK1;YWHAZ;PYCARD;IFIH1;SERPINE1;GALNT1;PARP14;CANX;YWHAQ;NMI;RPS27L;BST2;KPNA2;UBE2I;CHMP2B;SUMO1;YWHAH;YWHAB;ITCH;FKBP1A;CHMP4B;SIKE1;MAP1LC3B;CTSL;BCL2L1;PSMC6;ST6GAL1;PDPK1;PPIA;VHL;RCAN3;CASP1;SP1;TOMM70;DDX5;GSK3B;NFKB1;ZCRB1;RIPK3;RB1;TRIM25;PARP8;PPIB;BECN1;RUNX1;GANAB;PARP10;TKFC;RIPK1;CHMP7;RELA;UBC;ST6GALNAC4;CHMP2A;CHMP4A"
"REACTOME_RAB_REGULATION_OF_TRAFFICKING",3.69371065605659e-07,1.62186383204048e-06,0.674962860011025,0.433313627729842,2.04820101713789,122,"DENND2D;RAB31;DENND1C;DENND1B;ARF6;RAB18;RAB1A;RAB11A;CHML;RAB10;RAB5A;TRAPPC13;RAB6A;CCZ1;TBC1D10C;GDI2;TRAPPC10;RAB21;MAP1LC3B;RINL;RAB8A;RAB39A;RAB39B;TRAPPC4;RAB27B;CHM;RAB35;RAB7A;RAB33A;GABARAPL2;CCZ1B;RAB3GAP2;RAB14;TRAPPC6B;TRAPPC3;GGA2;MON1B;RAB27A;RAB3IP;RABEP1;RAB13;TBC1D10B;RIN2;RAB1B;RAB8B;RAB32;TBC1D7;RAB5C;SYTL1;TBC1D2;GDI1"
"REACTOME_NEF_MEDIATES_DOWN_MODULATION_OF_CELL_SURFACE_RECEPTORS_BY_RECRUITING_THEM_TO_CLATHRIN_ADAPTERS",3.72008991723486e-07,1.6281432494911e-06,0.674962860011025,0.743906721067741,2.42318136984102,21,"AP1S3;B2M;AP1S2;LCK;AP1G1;AP1S1;ATP6V1H;AP2M1;HLA-A;CD8B;AP2S1;CD4;CD28;ARF1;AP1B1;AP2B1"
"REACTOME_MRNA_SPLICING_MINOR_PATHWAY",3.73273542109974e-07,1.62839072739238e-06,0.674962860011025,0.575373682774115,2.29354225613346,50,"POLR2K;SRSF2;POLR2B;SNRPG;SF3B1;DDX23;SRSF1;SRSF7;POLR2D;SNRNP25;ZRSR2;SNRPB;SF3B6;SF3B4;ZCRB1;POLR2G;SNRPE;SNRPF;SNRNP40;POLR2J;NCBP2;POLR2H;SF3B5;SNRNP48;SNRPD1;SRSF6;SF3B3;SNRPD3;POLR2C;SF3B2"
"REACTOME_EUKARYOTIC_TRANSLATION_ELONGATION",4.14126199556688e-07,1.80078102258844e-06,0.674962860011025,-0.479361591198493,-2.16520462953978,90,"RPL13;EEF2;RPS6;RPLP2;RPL4;RPL3;RPS9;EEF1G;RPS16;EEF1A1;RPL18A;RPS3A;RPL32;RPL13A;RPL23A;RPL37A;RPL7;RPL22;RPL27;RPS28;RPL34;RPS23;RPS12;RPS5;RPL38;RPL8;RPS8;RPL14;RPS20;RPL31;RPS27A;RPL10;RPL5;RPL12;UBA52;RPL11;RPL18;RPLP1;RPL35;RPS3;RPS4X;RPL23;RPS19;RPS29;RPL29;RPL26;RPL9;RPL10A;RPL17;RPL21;RPL39;RPL19;RPL37;RPL7A;RPS11;RPL6;RPS7;RPS25;RPS18;RPS14;RPL27A;RPL15;RPS15;RPLP0;EEF1B2"
"REACTOME_TRNA_PROCESSING_IN_THE_NUCLEUS",4.2208393043999e-07,1.82948275959198e-06,0.674962860011025,0.548379922840794,2.25523748252966,59,"NUP210;NUP50;ZBTB8OS;POP4;NUP37;CSTF2;RAE1;TSEN15;NUP155;FAM98B;NUP153;NDC1;NUP205;NUP62;RAN;CLP1;RPP38;XPOT;NUP160;DDX1;POP1;NUP43;SEC13;RANBP2;SEH1L;RTRAF;TSEN34;NUP107;RTCB;NUP93;RPP40;NUP58;POP7;TRNT1;NUP133;NUP42;C2orf49;TPR;AAAS;TSEN54;NUP54"
"REACTOME_METALLOPROTEASE_DUBS",5.05698850490208e-07,2.18487836686154e-06,0.659444398037935,0.640614924800897,2.3743271716119,36,"H2AC25;H2AC17;H2AC15;H2AC19;H2AC18;H2AC7;H2AC14;H2AC4;STAM;PSMD14;H2AC13;ABRAXAS2;H2AC16;H2AC8;H2AC11;H2AC21;H2AC12;BARD1;H2AC6;STAMBP;H2AC20;UBC;MYSM1;BRCC3;UBB"
"KEGG_VIBRIO_CHOLERAE_INFECTION",5.24146622558114e-07,2.25734711568159e-06,0.659444398037935,0.584073112695943,2.31848156455134,51,"ATP6V1A;ACTB;PDIA4;ATP6V0E2;ATP6V0E1;ATP6V0B;SEC61G;ATP6AP1;ATP6V0C;ATP6V1C2;SEC61A1;ATP6V0D1;ACTG1;ATP6V1B2;ATP6V1F;ATP6V1C1;ATP6V1H;PRKCB;ATP6V1G1;KDELR1;ERO1A;ARF1;KDELR2;ATP6V1D;GNAS;SEC61B;PRKACB"
"REACTOME_ABC_TRANSPORTER_DISORDERS",5.48874526771677e-07,2.3526688425548e-06,0.659444398037935,0.528566539402041,2.2166988174386,64,"PSMA5;PSMC2;PSMA6;PSMA4;PSMA2;PSMD6;DERL1;PSMA1;SEL1L;PSMD14;PSMD12;PSMB4;PSMD1;ABCB4;PSMB1;ERLEC1;PSMA3;PSMD2;PSMB2;PSMC6;ADRM1;PSMC4;PSMD7;PSMA7;RNF5;PSMB3;SEM1;PSMB5;DERL3;PSMD8;PSMD11;PSMD3;DERL2;UBC;PSMC5;PSMC3;ABCD1;PSMB7;PSMC1;UBB"
"REACTOME_SIGNALING_BY_TGF_BETA_RECEPTOR_COMPLEX",5.49770538134096e-07,2.3526688425548e-06,0.659444398037935,0.470497425000556,2.12715185516188,93,"STAT1;SKIL;UBE2D1;TGFB1;SERPINE1;USP15;ITGAV;STRAP;COL1A2;CCNT1;TRIM33;PMEPA1;PPP1CA;PPP1CC;JUNB;FKBP1A;XPO1;E2F5;CCNT2;PARP1;HDAC1;SMAD7;RHOA;NEDD8;UBE2D3;SP1;CCNC;LTBP1;ARHGEF18;UBE2M;TGFBR1;F11R;RNF111;FBN1;RBL1;BAMBI;TGIF1;TGIF2;USP9X;TGFB2;STUB1;UBC;PRKCZ;CCNK;MAPK1"
"REACTOME_INITIAL_TRIGGERING_OF_COMPLEMENT",5.80413000135207e-07,2.47593900057677e-06,0.659444398037935,0.500887626036785,2.19225703705435,77,"IGHG2;IGHG1;IGHG4;IGLV3-1;CFB;IGHV3-11;IGHV3-33;IGHV1-69;IGHV4-34;C4B;IGLV1-47;C4A;IGHV4-59;IGHV3-30;IGKV1D-39;IGHV4-39;GZMM;IGKV1-39;IGKV3-15;IGKV2-28;IGLV3-21;C2;IGKV2D-28;IGLV3-27;IGHV2-5;C1QB;IGKV4-1;IGKV1-5;IGLV3-25;IGKV3-20;IGKV1-16;IGKV1-33;IGKV2D-40;IGHV2-70;C1QC;IGKV1D-33;IGKV3D-20;IGKV3-11;IGLV6-57;IGLC2;IGHV3-53;IGLC3;C1QA;FCN1;IGLV1-44;IGLV1-40;IGHV3-48;COLEC10"
"REACTOME_MITF_M_REGULATED_MELANOCYTE_DEVELOPMENT",5.94429387505255e-07,2.5277312755744e-06,0.659444398037935,0.406933175321193,1.98363966628624,151,"LEF1;TFEC;ATP6V1A;ACTB;ATP6V0E2;YWHAZ;ATP6V0E1;SERPINE1;ATP6V0B;ATP6AP2;ATP6V0C;ATP6V0D1;PLK1;BCL2A1;ATP6V1B2;UBE2I;CDKN1A;CCNB1;ATP6V1F;SUMO1;ATP6V1C1;STT3B;YWHAH;ASAH1;YWHAB;SS18;DIAPH1;XPO1;ATP6V1H;RPS6KA1;HDAC1;USF1;EEF1E1;CDKN2A;CDK2;CDH2;ARID1A;ATP6V1G1;CDH1;MCM2;GSK3B;MARS1;ATP6V1D;MOV10;ACTL6A;EPRS1;CREB1;SIN3A;MYO5A;BIRC7;RAB27A;RARS1;SIRT1;AIMP1;SS18L1;KITLG;SYTL2;ATP6V1E1;SMARCD1;EDIL3;SMARCB1;IARS1;MAPK1"
"KEGG_FC_GAMMA_R_MEDIATED_PHAGOCYTOSIS",6.26038485644062e-07,2.65377320329621e-06,0.659444398037935,0.468697441790854,2.11901400483513,93,"PTPRC;ARPC2;ARF6;FCGR3A;ARPC1B;RAC2;VAV3;FCGR1A;ARPC3;LIMK1;CFL1;FCGR2A;PIK3CG;ARPC4;RPS6KB2;HCK;CDC42;ARPC1A;VASP;PAK1;PRKCB;SYK;WASL;RAC1;PIK3R5;LAT;ARPC5;MARCKSL1;ARPC5L;VAV1;DOCK2;LYN;NCF1;WAS;PIK3R3;VAV2;PIP5K1A;PIK3CB"
"REACTOME_INTERLEUKIN_1_FAMILY_SIGNALING",6.4497110113733e-07,2.72545781922609e-06,0.659444398037935,0.427376301740016,2.05619790268357,131,"MYD88;TBK1;PTPN6;PSMA5;PSMC2;PSMA6;PSMA4;IRAK4;IL18;PSMA2;CASP8;N4BP1;PTPN7;UBE2N;PSMD6;PSMA1;PSMD14;PSMD12;PSMB4;PSMD1;PSMB1;NOD2;SKP1;IL1B;PSMA3;RBX1;PSMD2;PSMB2;PSMC6;CHUK;ADRM1;PSMC4;PSMD7;CASP1;UBE2V1;TAB3;ALOX5;MAP3K7;PSMA7;RIPK2;FBXW11;NFKB1;PSMB3;USP18;SEM1;PSMB5;USP14;CUL1;PSMD8;PSMD11;RELA;PTPN12;PSMD3;UBC;PSMC5;IKBKB;PSMC3;NFKB2;TNIP2;SQSTM1;NKIRAS1;IL1A;PSMB7;NLRC5;GSDMD;PSMC1;UBB;SIGIRR;TRAF2;IRAK1;IL18R1;IL1RL1;NFKBIB;PSMD13"
"KEGG_PROTEIN_EXPORT",6.85365747692938e-07,2.8871032121565e-06,0.659444398037935,0.715239266694954,2.38762873212402,23,"SPCS3;SEC61G;SRP54;SEC61A1;SPCS1;SRP9;HSPA5;SRP72;SPCS2;SRPRA;SRPRB;SEC61B;SRP19;SEC11A;SRP14;SEC61A2;SEC11C"
"HALLMARK_MYOGENESIS",7.03604456107602e-07,2.95470033281323e-06,0.659444398037935,-0.380827157408298,-1.92118241589263,186,"MRAS;DMD;CRYAB;MYH11;COX7A1;HRC;SORBS1;GSN;SGCA;MYH3;VIPR1;NAV2;MYOM2;APOD;FXYD1;ITGA7;FGF2;SORBS3;FHL1;CASQ2;DES;HSPB2;PPFIA4;TNNT3;MYBPH;MYOM1;BDKRB2;NCAM1;PC;MAPK12;SCHIP1;CD36;MYH2;KIFC3;SGCG;LPIN1;CFD;KLF5;CTF1;HDAC5;MYLK;CKMT2;CLU;TPM2;SPEG;LDB3;MYH1;BIN1;TNNT2;PYGM;IGF1;RYR1;GPX3;NOS1;MYO1C;BAG1;ENO3;ABLIM1;TNNI2;FOXO4;SOD3"
"REACTOME_BETA_CATENIN_INDEPENDENT_WNT_SIGNALING",7.42043260864322e-07,3.10644197405313e-06,0.659444398037935,0.42532606861636,2.04633379690206,131,"KRAS;LEF1;GNG5;PSMA5;PSMC2;PSMA6;RAC2;PSMA4;PSMA2;PFN1;GNG10;GNB2;PSMD6;CLTC;PSMA1;PRICKLE1;PSMD14;PSMD12;PSMB4;PSMD1;PSMB1;AP2M1;PRKCB;AP2S1;PSMA3;PSMD2;PSMB2;PSMC6;RHOA;ADRM1;PSMC4;RAC1;PSMD7;GNB4;MAP3K7;MOV10;PSMA7;PLCB2;DVL3;PSMB3;GNGT2;AP2B1;SEM1;PSMB5;FZD6;GNB1;PDE6G;PSMD8;PSMD11;PSMD3;UBC;FZD2;ROR2;PSMC5;PSMC3;PLCB3;PSMB7;SMURF2;GNG13;PSMC1;UBB"
"KEGG_CYTOKINE_CYTOKINE_RECEPTOR_INTERACTION",9.28130466642651e-07,3.87343612704116e-06,0.659444398037935,0.359737576298955,1.85095681311304,219,"INHBA;CCL3L3;CXCL11;CCL4L2;CXCL9;CCL22;TNFRSF9;CXCL10;IL21R;TNFRSF12A;CCR4;CXCR4;CCL11;TNFSF13B;IL24;IL9R;CCR8;CCR1;IL12RB1;CCR5;TGFB1;IL2RB;IL2RG;CCR7;TNFSF8;LIF;IL21;TNFRSF18;IL18;CCL4;IL7R;CXCR3;IL12B;TNF;IL20;CCL5;CD70;LTB;OSM;CCR2;CCL3;CD27;FLT3;TNFRSF11B;IL13RA1;FASLG;CXCR6;TNFRSF13C;PRLR;IL1B;TNFRSF4;CCL19;IL10RB;CCR6;IFNG;RELT;IL2RA;CCL20;IFNGR2;TGFBR1;IL4R;CCL2;CXCL13;BMPR2;TNFSF9;BMPR1B;IL10;TNFRSF13B;IL23A;CD40LG;IL23R;IFNAR2;CXCR5;XCR1;TNFSF14;CSF2RB;CSF2RA;KITLG;TGFB2"
"REACTOME_PKMTS_METHYLATE_HISTONE_LYSINES",9.64606056400323e-07,4.01323754329517e-06,0.643551836150722,0.516441025777785,2.20726880949298,69,"H3C12;H4C12;H4C11;H3C8;H3C10;H4C9;H4C16;H3C4;H4C14;H4C15;H3C7;RBBP7;H3C3;H3C13;H4C1;DPY30;H3C11;H3C14;RBBP4;H3C15;EZH2;NFKB1;H3C2;H4C8;SETD1B;RELA;H4C4;RBBP5;H3C6;SUV39H2;NFKB2;SUZ12;H3C1;KMT5A;KMT5C;H4C6;ASH2L;AEBP2;NSD1;KMT5B;H4C13;SETD6"
"REACTOME_INTRACELLULAR_SIGNALING_BY_SECOND_MESSENGERS",9.67724184022801e-07,4.01382215403919e-06,0.643551836150722,0.335274699197032,1.78779519291809,290,"ICOS;CD80;CD86;MYD88;CD19;CAMK4;PSMA5;TRAT1;CBX4;PPP2CA;PSMC2;PSMA6;RAC2;PSMA4;XIAP;IRAK4;LCK;REST;PSMA2;SALL4;MKRN1;PIK3CG;USP7;PIK3AP1;PIP4K2A;KPNA2;PSMD6;PIP4K2C;CDKN1A;PSMA1;PSMD14;PSMD12;RPS6KB2;PSMB4;TRIB3;CBX2;FLT3;LAMTOR5;PSMD1;IER3;SGK1;PSMB1;CDKN1B;RBBP7;BMI1;CSNK2A1;PSMA3;NEDD4;LAMTOR2;PSMD2;PSMB2;PSMC6;HDAC1;CHUK;CBX8;ADRM1;CD28;PSMC4;RAC1;PDPK1;PSMD7;PIK3R5;ATF2;GSK3B;RBBP4;ADCY7;VAV1;MOV10;GRB2;PSMA7;EZH2;GRK2;PPP2R5E;FOXO6;SRC;CHD4;PIK3R3;RICTOR;PRKACB;FRK;CREB1;PSMB3;PIP5K1A;PIK3CB;RHOG;RHEB;SEM1;PSMB5;TNKS2;SLC38A9;PHLPP2;KITLG;PSMD8;PSMD11;TRIM27;PSMD3;PPP2R1A;GATAD2B;STUB1;FGF18;RNF2;FGFR3;UBC;ADCY9;MAPK1;ERBB2;FRS2;ERBB3;PSMC5;PSMC3;MDM2;SNAI1;PIK3CD;LAMTOR1;AKT1;NRG4;SUZ12;PSMB7;CSNK2B;HDAC2;PSMC1;UBB;GSK3A;IRAK1;RRAGC;PPP2R5C;PRKAR2A;LAMTOR3;MTA2;IL1RL1;PDGFB;CALM1;PSMD13;PHC3;PRKX"
"REACTOME_HOMOLOGOUS_DNA_PAIRING_AND_STRAND_EXCHANGE",9.89114264492763e-07,4.08995714274922e-06,0.643551836150722,0.597803333090865,2.31101422372219,43,"RAD17;RAD1;RPA3;RMI1;TOPBP1;RAD51AP1;BRCA2;RFC4;BLM;DNA2;RHNO1;RMI2;PALB2;BARD1;RAD9A;CHEK1;EXO1;XRCC2;BRIP1;RFC5;SEM1;RAD51;RPA2;NBN;RAD51C;ATM;RFC2;ATRIP;HUS1"
"REACTOME_DEGRADATION_OF_BETA_CATENIN_BY_THE_DESTRUCTION_COMPLEX",1.02288719295133e-06,4.21667258745685e-06,0.643551836150722,0.515791652166658,2.23680142913541,72,"LEF1;PSMA5;PPP2CA;PSMC2;PSMA6;PSMA4;PSMA2;TLE3;PSMD6;PSMA1;PSMD14;PSMD12;PSMB4;PSMD1;PSMB1;SKP1;PSMA3;RBX1;PSMD2;PSMB2;PSMC6;HDAC1;ADRM1;PSMC4;PSMD7;GSK3B;PSMA7;PPP2R5E;PSMB3;SEM1;PSMB5;CSNK1A1;CUL1;PSMD8;PSMD11;PSMD3;PPP2R1A;UBC;PSMC5;PSMC3;AXIN1;PSMB7;PSMC1;UBB;PPP2R5C"
"HALLMARK_P53_PATHWAY",1.13146937012952e-06,4.65006314309327e-06,0.643551836150722,0.365429247056396,1.86275232975832,199,"RGS16;CYFIP2;SDC1;DEF6;F2R;TGFB1;IFI30;TRAFD1;H2AC25;RAP2B;LIF;WWP1;ZNF365;CTSD;RNF19B;SERTAD3;SEC61A1;ABCC5;GM2A;VAMP8;RPS27L;SLC35D1;CDKN1A;SAT1;NINJ1;TRIB3;BAX;IER3;DGKA;FUCA1;SLC7A11;AEN;TAP1;VDR;HMOX1;CSRNP2;PCNA;FAM162A;DRAM1;TOB1;CCP110;BAK1;CDKN2A;CASP1;SP1;ABHD4;ABAT;ST14;H1-2;PLK3;RAD9A;DNTTIP2;RB1;PRKAB1;TNFSF9;TCHH;MXD1;MAPKAPK3;TPRKB;RAB40C;BTG2;CDKN2AIP;NOL8"
"REACTOME_GOLGI_ASSOCIATED_VESICLE_BIOGENESIS",1.15267398021889e-06,4.72281010740141e-06,0.643551836150722,0.547519844410069,2.2144837099149,56,"AP1S3;HSPA8;AP1S2;NECAP1;VAMP7;TPD52;VAMP8;AP1G1;CLTC;AP1S1;AP4E1;YIPF6;TFRC;BLOC1S6;ACBD3;ARF1;NAPA;AP1B1;AP3B1;CLINT1;AP3S1;SNAPIN;DTNBP1;BLOC1S3;RAB5C;SNX5;TGOLN2;SNX2;AP1M2;DNM2;BLOC1S4"
"REACTOME_MODULATION_OF_HOST_RESPONSES_BY_IFN_STIMULATED_GENES",1.18891851129073e-06,4.85655197945424e-06,0.643551836150722,0.752095391845972,2.39110489932894,19,"IFI44;IFI6;RIGI;ISG15;IFI27;IFI44L;UBE2L6;IFIH1;HSPA5;CHUK;HERC5;EIF2AK3;TRIM25"
"REACTOME_ASYMMETRIC_LOCALIZATION_OF_PCP_PROTEINS",1.21046311910516e-06,4.92962019502644e-06,0.643551836150722,0.571772528422799,2.26965432486065,51,"PSMA5;PSMC2;PSMA6;PSMA4;PSMA2;PSMD6;PSMA1;PRICKLE1;PSMD14;PSMD12;PSMB4;PSMD1;PSMB1;PSMA3;PSMD2;PSMB2;PSMC6;ADRM1;PSMC4;PSMD7;PSMA7;PSMB3;SEM1;PSMB5;PSMD8;PSMD11;PSMD3;UBC;FZD2;PSMC5;PSMC3;PSMB7;SMURF2;PSMC1;UBB"
"REACTOME_CYTOSOLIC_SENSORS_OF_PATHOGEN_ASSOCIATED_DNA",1.3063189907326e-06,5.30396987803478e-06,0.643551836150722,0.517458771176835,2.1646440843271,63,"POLR2K;MYD88;ZBP1;IRF7;TBK1;POLR3K;AIM2;NLRC3;CGAS;CHUK;TRIM21;POLR3F;LRRFIP1;TICAM1;DDX41;NFKB1;XRCC5;RIPK3;DHX9;TREX1;POLR2H;IFI16;POLR3C;RIPK1;RELA;UBC;IKBKB;POLR3A;NFKB2;NKIRAS1;PRKDC;XRCC6;UBB;CRCP;NFKBIB;DHX36;NFKBIA"
"REACTOME_DUAL_INCISION_IN_TC_NER",1.4058451543664e-06,5.6909287329907e-06,0.643551836150722,0.516699200420337,2.16146663244829,63,"POLR2K;CDK7;POLD4;POLR2B;USP7;RPA3;POLR2D;RFC4;TCEA1;PCNA;RBX1;ERCC4;CUL4B;POLR2G;GTF2H3;RFC5;POLR2J;POLR2H;ISY1;GTF2H2;PRPF19;DDB1;RPA2;AQR;UBC;GTF2H5;POLE3;POLR2C;RFC2;UBB;ZNF830"
"REACTOME_MAPK6_MAPK4_SIGNALING",1.51530923650454e-06,6.11567919403627e-06,0.643551836150722,0.490588747953544,2.1471814816241,77,"MMP10;PSMA5;PSMC2;PSMA6;PSMA4;PSMA2;IGF2BP1;NCOA3;HSPB1;PSMD6;PSMA1;CDK1;PSMD14;PSMD12;MAPK6;PSMB4;CDC42;PSMD1;PAK2;PSMB1;XPO1;PAK1;MMP2;PSMA3;PSMD2;PSMB2;PSMC6;ADRM1;PSMC4;RAC1;PSMD7;MOV10;PSMA7;PRKACB;SEPTIN7;PSMB3;SEM1;PSMB5;PSMD8;PSMD11;PSMD3;UBC"
"HALLMARK_KRAS_SIGNALING_UP",1.56735015977843e-06,6.30682989666067e-06,0.643551836150722,0.369392323162723,1.87753660865941,194,"INHBA;ADAMDEC1;MMP11;ID2;RGS16;MMP10;LAT2;CXCL10;LAPTM5;CXCR4;EPHB2;LCP1;PSMB8;C3AR1;IKZF1;TSPAN13;IL2RG;LIF;BIRC3;AMMECR1;IL7R;TRAF1;PRELID3B;PLAU;USP12;PRDM1;PLAUR;BPGM;FCER1G;CD37;LY96;TRIB1;IRF8;PRRX1;ADAM8;MAP4K1;TNFAIP3;CFB;FUCA1;FBXO4;F2RL1;CTSS;TLR8;ITGB2;IL1B;SPP1;CBX8;ST6GAL1;CBR4;AVL9;CCL20;H2BC3;ERO1A;YRDC;DOCK2;GLRX"
"REACTOME_TRANSCRIPTIONAL_REGULATION_BY_RUNX2",1.57690559468817e-06,6.32639506440372e-06,0.643551836150722,0.445999438657204,2.03805082155619,102,"STAT1;RUNX2;MMP13;NKX3-2;PSMA5;PSMC2;PSMA6;PSMA4;WWP1;PSMA2;CBFB;PSMD6;CDKN1A;CCNB1;PSMA1;CDK1;COL1A1;PSMD14;PSMD12;PSMB4;PSMD1;BAX;PSMB1;SKP1;PSMA3;RBX1;PSMD2;PSMB2;PSMC6;ADRM1;PSMC4;PSMD7;GSK3B;PSMA7;RB1;SRC;PSMB3;SEM1;ITGBL1;PSMB5;RUNX1;CUL1;PSMD8;PSMD11;PSMD3;STUB1;UBC;MAPK1;CDK4;PSMC5;PSMC3;ITGA5;AKT1;DLX5;PSMB7;PSMC1;UBB"
"REACTOME_SYNTHESIS_OF_ACTIVE_UBIQUITIN_ROLES_OF_E1_AND_E2_ENZYMES",1.70244328683721e-06,6.80977314734884e-06,0.643551836150722,0.657825482969032,2.31594547507555,30,"UBE2W;UBE2D1;UBE2B;UBE2K;USP7;UBE2D2;UBE2S;UBE2A;OTULIN;UBE2C;UBE2Z;UBE2G1;UBE2E1;UBE2T;UBE2Q2;UBA6;USP5;UBA1;USP9X;UBE2L3;UBC"
"KEGG_RNA_DEGRADATION",1.7570306467358e-06,6.98665873687273e-06,0.643551836150722,0.529890036019648,2.16010424953618,57,"C1D;DDX6;CNOT6;XRN2;CNOT9;PARN;LSM1;HSPA9;DCP2;CNOT2;LSM3;CNOT1;HSPD1;PAPOLA;EXOSC6;CNOT8;LSM5;MTREX;PAPOLG;PNPT1;DCPS;EXOSC9;XRN1;EDC4;EXOSC1;PATL1;CNOT6L;SKIC2;LSM4;CNOT7;LSM7;LSM8;EXOSC3;ENO2;EXOSC4;LSM2;CNOT10"
"REACTOME_DDX58_IFIH1_MEDIATED_INDUCTION_OF_INTERFERON_ALPHA_BETA",1.75351658544233e-06,6.98665873687273e-06,0.643551836150722,0.513113415985434,2.18796338677672,68,"RIGI;ISG15;UBE2D1;IRF7;CYLD;TBK1;UBE2L6;IFIH1;CASP8;UBE2K;UBE2D2;TNFAIP3;ITCH;ATG12;SIKE1;FADD;CHUK;UBE2D3;TOMM70;HSP90AB1;NFKB1;HERC5;TAX1BP1;TRIM25;HSP90AA1;TKFC;RIPK1;RELA;DHX58;UBC;ATG5;IKBKB;MAVS;NFKB2;NKIRAS1;TRAF3;NLRC5;PIN1;UBB;TRAF2"
"REACTOME_CELLULAR_RESPONSE_TO_HEAT_STRESS",1.8801508835019e-06,7.45424526753108e-06,0.643551836150722,0.454734393199802,2.08428551650028,99,"HSPA13;RLN1;HSPA8;NUP210;MAPKAPK2;NUP50;HSPB1;PTGES3;MRPL18;DNAJB6;RPA3;HSPA5;NUP37;HSPA4;DNAJC2;RAE1;HSPA14;HSBP1;NUP155;HSPA9;FKBP4;HSP90AB1;GSK3B;NUP153;NDC1;NUP205;NUP62;BAG2;HSP90AA1;DEDD2;NUP160;HSPB8;HSPH1;NUP43;SERPINH1;SIRT1;RPA2;HSPA6;SEC13;RANBP2;SEH1L;BAG4;MAPK1;NUP107;ATM;HSPA1L;BAG5;UBB;HIKESHI;NUP93;NUP58"
"REACTOME_INSULIN_RECEPTOR_RECYCLING",2.1522955020565e-06,8.50819453598874e-06,0.627256739718528,0.675982450110843,2.32633432892356,28,"ATP6V1A;PTPN1;ATP6V0E2;ATP6V0E1;ATP6V0B;ATP6AP1;ATP6V0C;ATP6V1C2;CTSD;ATP6V0D1;ATP6V1B2;ATP6V1F;ATP6V1C1;ATP6V1H;IDE;ATP6V1G1;ATP6V1D"
"KEGG_DRUG_METABOLISM_CYTOCHROME_P450",2.21516650606836e-06,8.73112412333376e-06,0.627256739718528,-0.562873316088906,-2.24489162729581,47,"MAOA;ADH4;ADH6;GSTM5;FMO2;MAOB;ADH1A;CYP2D6;ADH1C;GSTA4;GSTM2;GSTM4;CYP3A4;GSTM1;FMO3;CYP2C8;FMO5;GSTA1;ADH1B;MGST1;FMO1;ALDH3A1;CYP3A5;ADH5;CYP3A7;CYP3A43"
"KEGG_OOCYTE_MEIOSIS",2.31482379121971e-06,9.07087927489584e-06,0.627256739718528,0.430991809184531,1.98512309256673,106,"YWHAZ;PPP2CA;ANAPC13;BUB1;CCNE2;CALM2;YWHAQ;PLK1;CCNB1;PPP1CA;CDK1;PKMYT1;YWHAH;PPP1CC;YWHAB;MAD2L1;AURKA;SKP1;PTTG1;FBXO5;RPS6KA1;RBX1;CCNB2;CDC20;CDK2;ADCY7;ANAPC11;ESPL1;FBXW11;PPP2R5E;PRKACB;SGO1;CDC25C;CCNE1;FBXO43;CDC23;CUL1;PPP2R1A;ADCY9;MAPK1;REC8;SMC3"
"REACTOME_TRANSCRIPTIONAL_REGULATION_BY_RUNX3",2.31237871910635e-06,9.07087927489584e-06,0.627256739718528,0.460428972421166,2.07558453128324,86,"KRAS;LEF1;PSMA5;PSMC2;PSMA6;TGFB1;ITGA4;PSMA4;PSMA2;CBFB;ITGAL;PSMD6;CDKN1A;PSMA1;PSMD14;PSMD12;RUNX3;PSMB4;PSMD1;BCL2L11;PSMB1;PSMA3;PSMD2;PSMB2;PSMC6;CCN2;SPP1;ADRM1;CDKN2A;PSMC4;PSMD7;BRD2;PSMA7;SRC;PSMB3;MAML1;SEM1;PSMB5;RUNX1;PSMD8;PSMD11;PSMD3;UBC;PSMC5;PSMC3;MDM2;PSMB7;SMURF2;PSMC1;UBB;ZFHX3"
"REACTOME_ROLE_OF_PHOSPHOLIPIDS_IN_PHAGOCYTOSIS",2.34559609641167e-06,9.16482184916792e-06,0.627256739718528,0.474430377421734,2.11105371845156,82,"IGHG2;IGHG1;PLPP4;IGHG4;FCGR3A;FCGR1A;CD3G;IGLV3-1;FCGR2A;CD247;PLD4;IGHV3-11;IGHV3-33;SYK;IGHV1-69;IGHV4-34;IGLV1-47;IGHV4-59;IGHV3-30;PIK3CB;IGKV1D-39;IGHV4-39;IGKV1-39;IGKV3-15;IGKV2-28;IGLV3-21;IGKV2D-28;IGLV3-27;IGHV2-5;IGKV4-1;IGKV1-5;IGLV3-25;IGKV3-20;IGKV1-16;IGKV1-33;IGKV2D-40;IGHV2-70;IGKV1D-33;IGKV3D-20;IGKV3-11;IGLV6-57;PRKCD;PLPP5;IGLC2;IGHV3-53;IGLC3;IGLV1-44;IGLV1-40;IGHV3-48"
"REACTOME_CREATION_OF_C4_AND_C2_ACTIVATORS",2.35432972763994e-06,9.17235974814634e-06,0.627256739718528,0.504836647221443,2.15767169856944,69,"IGHG2;IGHG1;IGHG4;IGLV3-1;IGHV3-11;IGHV3-33;IGHV1-69;IGHV4-34;IGLV1-47;IGHV4-59;IGHV3-30;IGKV1D-39;IGHV4-39;IGKV1-39;IGKV3-15;IGKV2-28;IGLV3-21;IGKV2D-28;IGLV3-27;IGHV2-5;C1QB;IGKV4-1;IGKV1-5;IGLV3-25;IGKV3-20;IGKV1-16;IGKV1-33;IGKV2D-40;IGHV2-70;C1QC;IGKV1D-33;IGKV3D-20;IGKV3-11;IGLV6-57;IGLC2;IGHV3-53;IGLC3;C1QA;FCN1;IGLV1-44;IGLV1-40;IGHV3-48;COLEC10"
"REACTOME_DEATH_RECEPTOR_SIGNALING",2.53590714342466e-06,9.85130498367851e-06,0.627256739718528,0.387117973936417,1.89600530475819,154,"CASP3;MYD88;UBE2D1;CYLD;TBK1;VAV3;FGD3;XIAP;CASP8;BIRC3;ECT2;GNA13;MAPKAPK2;TNF;TRAF1;SPPL2A;APH1A;UBE2D2;PREX1;TIAM1;BIRC2;TNFAIP3;BCL2L11;FASLG;OTULIN;PSENEN;FADD;HDAC1;RHOA;CHUK;RAC1;UBE2D3;TAB3;MAG;MAP3K7;VAV1;ARHGEF18;RIPK2;NFKB1;TAX1BP1;ADAM17;VAV2;CASP2;PRDM4;SMPD3;PSEN1;TRADD;NET1;PRKCI;SPATA2;ARHGEF16;NCSTN;ARHGDIA;RIPK1;RELA;UBE2L3;RNF31;STUB1;ITGB3BP;UBC;BAG4;IKBKB;USP2;TNFRSF10B;SQSTM1;NSMAF;RBCK1;HDAC2;UBB;TRAF2;TNFRSF10A;IRAK1"
"REACTOME_SIGNALING_BY_ALK_IN_CANCER",2.56293637444735e-06,9.92769607113515e-06,0.627256739718528,0.453191391342428,2.04942819914237,92,"FN1;ICOS;STAT1;PTPN6;TPM3;MIR21;MAPK9;BCL2A1;MCL1;CDKN1A;CCNB1;CLTC;SEC31A;KIF5B;TFG;JUNB;RNF213;GZMB;ATIC;SKP1;RBX1;HDAC1;FOXM1;ZAP70;MOV10;GRB2;EIF2AK3;GCC2;RB1;PIK3CB;IL10;CUL1;RANBP2;DNMT1;UBC;MAPK1;FRS2;IL10RA;MDM2;BIRC6;SQSTM1;SHC1;UBB;LMO7;MYH9;NPM1;RRBP1;HIP1;PRF1"
"REACTOME_SIGNALING_BY_TGFB_FAMILY_MEMBERS",2.68580623645049e-06,1.03738303917916e-05,0.627256739718528,0.392710917826707,1.91875119265915,153,"INHBA;STAT1;SKIL;UBE2D1;TGFB1;SERPINE1;USP15;ITGAV;STRAP;DRAP1;COL1A2;TCF3;CCNT1;TRIM33;PMEPA1;APH1A;PPP1CA;KLF16;PPP1CC;JUNB;FKBP1A;XPO1;MMP14;PSENEN;RARA;E2F5;CCNT2;PARP1;HDAC1;SMAD7;RHOA;NEDD8;UBE2D3;SP1;CCNC;LTBP1;ARHGEF18;MOV10;UBE2M;TGFBR1;ZFYVE16;BMPR2;F11R;PSEN1;BMPR1B;TCF12;TIMP1;RNF111;FBN1;RBL1;BAMBI;TGIF1;TGIF2;NCSTN;USP9X;TGFB2;HELLS;STUB1;UBC;PRKCZ;CCNK;MAPK1;FOXH1"
"REACTOME_RHO_GTPASES_ACTIVATE_WASPS_AND_WAVES",2.76520831001575e-06,1.06500022911464e-05,0.627256739718528,0.614527031908545,2.27763695952597,36,"ACTR2;CYFIP2;ACTR3;ARPC2;ACTB;ABI1;ARPC1B;ARPC3;BTK;ARPC4;ACTG1;NCKAP1L;WIPF1;CDC42;ARPC1A;WASL;RAC1;ARPC5;GRB2;WAS"
"REACTOME_FORMATION_OF_RNA_POL_II_ELONGATION_COMPLEX",2.77618675675444e-06,1.06618226441737e-05,0.627256739718528,0.525868530262647,2.15599509518582,58,"POLR2K;CDK7;ELOC;EAF1;POLR2B;CCNT1;SUPT4H1;ELOB;POLR2D;CDC73;CTR9;TCEA1;CCNT2;LEO1;AFF4;POLR2G;GTF2H3;POLR2J;NCBP2;POLR2H;GTF2H2;SUPT16H;RTF1;CCNK;GTF2H5;NELFCD"
"REACTOME_FCGR3A_MEDIATED_IL10_SYNTHESIS",2.94363865281708e-06,1.12727980227199e-05,0.627256739718528,0.452486171698755,2.04572171582653,93,"IGHG2;IGHG1;IGHG4;FCGR3A;FCGR1A;CD3G;IGLV3-1;FCGR2A;CD247;HCK;IGHV3-11;IGHV3-33;SYK;IGHV1-69;IGHV4-34;ADCY7;IGLV1-47;IGHV4-59;LYN;SRC;PRKACB;CREB1;IGHV3-30;IL10;IGKV1D-39;IGHV4-39;IGKV1-39;IGKV3-15;IGKV2-28;IGLV3-21;IGKV2D-28;IGLV3-27;IGHV2-5;IGKV4-1;IGKV1-5;IGLV3-25;IGKV3-20;ADCY9;IGKV1-16;IGKV1-33;IGKV2D-40;IGHV2-70;IGKV1D-33;IGKV3D-20;PRKAR2A;IGKV3-11;CALM1;PRKX;IGLV6-57;IGLC2;IGHV3-53;IGLC3;IGLV1-44"
"REACTOME_INTERACTIONS_OF_REV_WITH_HOST_CELLULAR_PROTEINS",3.06560406076217e-06,1.17066126739586e-05,0.627256739718528,0.597446206355685,2.22488277075316,37,"NUP210;NUP50;NUP37;XPO1;RAE1;NUP155;RCC1;NUP153;NDC1;NUP205;NUP62;RAN;NUP160;NUP43;SEC13;RANBP2;SEH1L;RANBP1;NUP107;NUP93;NUP58;KPNB1;NPM1;NUP133;NUP42;RANGAP1;TPR;AAAS;NUP54"
"REACTOME_MUSCLE_CONTRACTION",3.10784663640259e-06,1.18343990561319e-05,0.627256739718528,-0.364158165620887,-1.81984366733177,180,"DMD;RYR3;MYH11;LMOD1;MME;ATP1A2;SORBS1;MYL9;MYH3;MYBPC1;NPR1;SCN4B;SCN4A;FXYD1;CACNA1G;SCN2A;KCNIP1;SORBS3;CASQ2;DES;PDE5A;SCN3A;TNNT3;ATP1B2;KCNK12;KCNIP2;KCNE1;ACTG2;KCNK5;SCN2B;GUCY1A1;CES1;KCNJ12;TRDN;MYLK;KCNK3;TPM2;ASPH;TMOD1;TNNT2;KCNIP4;TMOD2;SCN3B;FXYD6;RYR1;VIM;ITPR1;NOS1;TNNI2;NPR2;ANXA1;TLN1;KCND1;HIPK2;CACNB2;ACTA2;KCNJ2;MYL3;STIM1;TRPC1;NEB;ITPR2;PRKACA;PLN;KCNQ1;ITGA1;SCN7A;CACNA1C;FGF11;KCNK7;WWTR1;FXYD2;ALDH2;FXYD7;KCNIP3;TBX5;NPPC;TNNC2;SCN11A;SCN8A;ATP2B4;TTN;SLC8A3;FGF13;MYL7;DMPK;ABCC9;KCNK2"
"KEGG_REGULATION_OF_ACTIN_CYTOSKELETON",3.13291095987507e-06,1.18962365462298e-05,0.627256739718528,0.361431755550101,1.83988244548327,195,"KRAS;FN1;CYFIP2;ARPC2;EZR;ACTB;F2R;NRAS;ARPC1B;RAC2;ITGA4;VAV3;FGD3;ARPC3;CHRM4;CSK;ITGAX;ITGAV;ITGAL;ITGAD;GNA13;PFN1;LIMK1;CFL1;PIK3CG;ARPC4;PIP4K2A;IQGAP1;ACTG1;NCKAP1L;PIP4K2C;PPP1CA;TIAM1;PPP1CC;MYL12A;CDC42;ARPC1A;DIAPH1;PAK2;ITGB7;PAK1;ITGB2;RHOA;WASL;RAC1;MYL12B;TMSB4X;PIK3R5;ARPC5;PFN2;ARPC5L;VAV1;ENAH;SLC9A1;SSH1;WAS;PIK3R3;VAV2"
"REACTOME_ROS_AND_RNS_PRODUCTION_IN_PHAGOCYTES",3.42348063466205e-06,1.29630671222597e-05,0.627256739718528,0.630697627248446,2.29277590239277,33,"ATP6V1A;ATP6V0E2;RAC2;ATP6V0E1;ATP6V0B;ATP6V0C;ATP6V1C2;CYBB;ATP6V0D1;CYBA;ATP6V1B2;ATP6V1F;ATP6V1C1;ATP6V1H;ATP6V1G1;ATP6V1D;NCF1;HVCN1;NCF2;ATP6V1E1;ATP6V0D2;ATP6V0A2"
"REACTOME_TRANSPORT_OF_MATURE_MRNAS_DERIVED_FROM_INTRONLESS_TRANSCRIPTS",3.79302828968571e-06,1.4322134830522e-05,0.627256739718528,0.580836184307476,2.24542187921035,43,"NUP210;CPSF3;EIF4E;NUP50;NUP37;RAE1;ALYREF;NUP155;NUP153;NDC1;NUP205;NUP62;CPSF2;NCBP2;NUP160;SLBP;NUP43;SEC13;RANBP2;SEH1L;NUP107;FIP1L1;NUP93;NUP58;NUP133;NUP42;NCBP1;TPR;AAAS;NUP54"
"REACTOME_SUMOYLATION_OF_RNA_BINDING_PROTEINS",3.96904230378711e-06,1.49448855461034e-05,0.610526878385931,0.567640727547834,2.22884515276315,47,"CBX4;NUP210;NUP50;UBE2I;SUMO1;CBX2;NUP37;SUMO2;RAE1;BMI1;NUP155;CBX8;HNRNPC;NUP153;NDC1;HNRNPK;NUP205;NUP62;NOP58;NUP160;NUP43;SEC13;RANBP2;RNF2;SEH1L;NUP107;NUP93;NUP58;PHC3;NUP133;NUP42;TPR;AAAS;NUP54;PHC2"
"KEGG_APOPTOSIS",4.04906142865251e-06,1.52037181220713e-05,0.610526878385931,0.460962034163171,2.06526638681008,83,"CASP3;MYD88;XIAP;IRAK4;CASP8;BIRC3;TNF;PIK3CG;BIRC2;BAX;FASLG;BCL2L1;IL1B;FADD;CHUK;CYCS;CASP7;PIK3R5;AIFM1;NFKB1;CAPN1;PIK3R3;PRKACB;CASP6;TRADD;PIK3CB;CSF2RB;RIPK1;RELA;IKBKB;PIK3CD;TNFRSF10B;AKT1;ATM;IL1A;TRAF2;TNFRSF10A;IRAK1;PRKAR2A;BID;TNFSF10;CAPN2;PRKX"
"REACTOME_CHEMOKINE_RECEPTORS_BIND_CHEMOKINES",5.01745619390609e-06,1.8787585970515e-05,0.610526878385931,0.540816190560964,2.15900871061952,53,"CCL3L3;CXCL11;CXCL9;CCL22;CXCL10;CCR4;CXCR4;CCL11;CCR8;CCR1;CCR5;CCR7;CCL4;CXCR3;CCL5;CCR2;CCL3;CXCR6;CCL19;CCR6;CCL20;CCL2;CXCL13"
"KEGG_ALZHEIMERS_DISEASE",5.260848985792e-06,1.96443890106582e-05,0.610526878385931,0.383946580432891,1.87158902952678,151,"CASP3;COX7A2;CASP8;NDUFAB1;TNF;CALM2;NDUFV2;NDUFB4;ATP2A3;APH1A;NDUFB3;NDUFA4;APOE;COX6C;ATP5PB;ATP5F1E;PSENEN;ADAM10;IL1B;FADD;IDE;ATP5PF;CYCS;NDUFC2;NDUFA5;CDK5;CASP7;UQCRQ;COX8A;ATP5F1C;GSK3B;NDUFA6;EIF2AK3;ATP2A2;CAPN1;NDUFS3;PLCB2;NDUFB10;NDUFB9;ADAM17;NDUFB2;COX7B;PSEN1;GAPDH;COX7A2L;NDUFA7;HSD17B10;COX5A;COX6B1;NCSTN;COX6A1;UQCR10;GRIN2D;MAPK1;ATP5PD;NDUFA2;NDUFA3;ATF6;NDUFB5;PLCB3;NAE1;NDUFS6;CDK5R1;NDUFS2;ATP5PO;BID;COX5B;ATP5MC3;CAPN2;CALM1;SDHB;SDHC;PSEN2;NDUFC1;NDUFB1;BACE2;ATP2A1;CYC1;NDUFA9;ATP5F1B;UQCRB;COX7C;PPP3CB;NDUFS1;SDHD;PPP3R1"
"KEGG_HEMATOPOIETIC_CELL_LINEAGE",5.3116288707401e-06,1.97792146899383e-05,0.610526878385931,0.477471116359992,2.08976896297598,77,"MS4A1;CD2;CD22;CD19;CD3D;IL9R;ITGA4;CD3E;HLA-DRA;FCGR1A;CR2;CD3G;CD1E;IL7R;TNF;CD8A;CD5;CD37;CD7;FLT3;CD55;CD1D;HLA-DRB1;CD8B;TFRC;IL1B;CD4;CD9;CD1A;IL2RA;IL4R;HLA-DRB5;ITGAM;CD38;CD1B;CD1C"
"HALLMARK_TGF_BETA_SIGNALING",5.41791319112844e-06,2.01194131725651e-05,0.610526878385931,0.535718807467003,2.15166181031395,54,"ID2;RAB31;SLC20A1;SKIL;TGFB1;XIAP;SERPINE1;THBS1;TRIM33;PMEPA1;PPP1CA;JUNB;FKBP1A;KLF10;ARID4B;HDAC1;SMAD7;RHOA;UBE2D3;CDH1;MAP3K7;IFNGR2;TGFBR1;BMPR2"
"REACTOME_TP53_REGULATES_TRANSCRIPTION_OF_CELL_CYCLE_GENES",5.69891257479553e-06,2.11047641506164e-05,0.610526878385931,0.543006267509572,2.1386363539754,48,"CCNE2;CNOT11;CNOT6;CDKN1A;CCNB1;CDK1;E2F8;BAX;AURKA;CNOT9;CDKN1B;E2F7;PCNA;CDK2;CNOT2;CNOT1;CCNA2;PLK3;CNOT8;CDC25C;CCNE1;E2F1;RBL1;ARID3A;RBL2;BTG2"
"REACTOME_NS1_MEDIATED_EFFECTS_ON_HOST_PATHWAYS",6.02864573064996e-06,2.22646971093593e-05,0.610526878385931,0.574124450322691,2.21947536495376,43,"EIF2AK2;ISG15;NUP210;GBP1;NUP50;KPNA2;NUP37;RAE1;NUP155;NUP153;NDC1;NUP205;NUP62;KPNA1;NUP160;NUP43;SEC13;RANBP2;SEH1L;KPNA4;NUP107;KPNA3;NUP93;NUP58;KPNB1;NUP133;NUP42"
"HALLMARK_ESTROGEN_RESPONSE_LATE",6.23737684556045e-06,2.29726338464904e-05,0.610526878385931,0.352550549221385,1.79395022853003,197,"ID2;RAB31;PTPN6;CISH;DYNLT3;TSPAN13;CLIC3;MICB;ABHD2;ISG20;EEIG1;NHERF1;NRIP1;SLC7A5;MDK;CDC6;CA12;XBP1;DNAJC1;DUSP2;TIAM1;HPRT1;SIAH2;COX6C;SGK1;PRLR;ARL3;GALE;UGDH;PLK4;GFUS;AGR2;STIL;TOB1;CDC20;FKBP4;LSR;CD9;IDH2;TPSAB1;TPBG;TOP2A;ANXA9;PRSS23;CDH1;SNX10;BATF;ST14;KRT19;SLC1A4;KIF20A;EMP2;FRK;SORD;SLC27A2;HSPB8;PPIF;RABEP1;LLGL2;SLC16A1;PDLIM3;GINS2;OPN3;MYB;TJP3;TFPI2;FGFR3;PLAC1"
"REACTOME_SUMOYLATION_OF_UBIQUITINYLATION_PROTEINS",6.38931628600365e-06,2.34681154047219e-05,0.610526878385931,0.576321451644541,2.16955900778168,39,"NUP210;NUP50;UBE2I;SUMO1;NUP37;RAE1;NUP155;VHL;NUP153;NDC1;NUP205;NUP62;NUP160;NUP43;SEC13;TRIM27;RANBP2;SEH1L;MDM2;NUP107;PIAS4;NUP93;NUP58;NUP133;NUP42;PIAS1;TPR;AAAS;NUP54"
"REACTOME_G0_AND_EARLY_G1",6.81624651425779e-06,2.49682073402704e-05,0.610526878385931,0.654152010738261,2.24271455373165,27,"LIN54;CCNE2;CDC6;CDK1;MYBL2;E2F5;PCNA;HDAC1;CDK2;TOP2A;RBBP4;CCNA2;CDC25A;MAX;CCNE1;E2F1;RBL1;RBL2"
"KEGG_LEUKOCYTE_TRANSENDOTHELIAL_MIGRATION",7.00700320384914e-06,2.55973992379096e-05,0.610526878385931,0.421984603756222,1.94341437645846,108,"RHOH;EZR;CXCR4;RAP1B;ACTB;GNAI3;RAC2;ITGA4;VAV3;RASSF5;ITGAL;ITK;CYBB;PIK3CG;CYBA;ACTG1;OCLN;RAP1A;CLDN3;MYL12A;CDC42;CLDN4;CLDN9;VASP;ITGB2;PRKCB;MMP2;RHOA;THY1;RAC1;MYL12B;PIK3R5;CLDN1;CLDN7;VAV1;ICAM1;NCF1;PIK3R3;VAV2;PTK2B;F11R;PIK3CB;ITGAM"
"REACTOME_SARS_COV_1_ACTIVATES_MODULATES_INNATE_IMMUNE_RESPONSES",7.10365000214981e-06,2.58803248726971e-05,0.610526878385931,0.570928063697092,2.17898002969939,41,"TLR7;RIGI;TBK1;PYCARD;IFIH1;NMI;BST2;KPNA2;ITCH;FKBP1A;SIKE1;PPIA;RCAN3;CASP1;TOMM70;NFKB1;RIPK3;TRIM25;PPIB;RUNX1;TKFC;RELA;UBC;MAVS;TRAF3;UBB;PPIG;KPNB1"
"KEGG_HUNTINGTONS_DISEASE",7.23533732047151e-06,2.62890423396108e-05,0.610526878385931,0.368348342639138,1.82156441139906,165,"CASP3;POLR2K;REST;COX7A2;CASP8;NDUFAB1;POLR2B;NDUFV2;NDUFB4;CLTC;SOD1;NDUFB3;NDUFA4;COX6C;BAX;POLR2D;ATP5PB;AP2M1;ATP5F1E;AP2S1;HDAC1;ATP5PF;CYCS;NDUFC2;NDUFA5;UQCRQ;COX8A;CREB3L1;SP1;VDAC3;ATP5F1C;BBC3;NDUFA6;NDUFS3;POLR2G;PLCB2;NDUFB10;VDAC1;NDUFB9;NDUFB2;COX7B;CREB1;GRM5;DNAL1;COX7A2L;AP2B1;SIN3A;POLR2J;TAF4;POLR2H;NDUFA7;COX5A;COX6B1;SLC25A5;VDAC2;TBP;DCTN4;COX6A1;UQCR10;ATP5PD;TGM2;NDUFA2;NDUFA3;NDUFB5;PLCB3;PPID;NDUFS6;POLR2C;CREB3L4;HDAC2;DNAL4;NDUFS2;ATP5PO;COX5B;TFAM;ATP5MC3;SDHB;SDHC;NDUFC1;HIP1;NDUFB1;CYC1;NDUFA9;ATP5F1B;UQCRB;COX7C;GPX1;NDUFS1;SDHD"
"REACTOME_ORGANELLE_BIOGENESIS_AND_MAINTENANCE",7.29694365879727e-06,2.64416130431686e-05,0.610526878385931,0.321880822845374,1.71425163581876,283,"TNPO1;CEP97;TUBB3;HELZ2;CAMK4;RP2;MAPRE1;RAB11A;EXOC8;TUBA1C;CCT5;PLK1;EXOC6;NEDD1;ARF4;CDK1;NEK2;ATP5MK;CEP135;ATP5PB;ARL3;CCT8;ATP5F1E;PRKAG1;PLK4;TCP1;SSBP1;RAB8A;IFT52;HSPA9;ATP5PF;CYCS;CCP110;GABPB1;CCT2;IDH2;APOO;IFT80;NCOA2;ATF2;TUBA1B;ATP5F1C;ATP5MF;DYNLL1;TFB2M;TBL1XR1;CKAP5;TUBA1A;HAUS2;DYNLL2;SSTR3;HSP90AA1;PRKAB1;EXOC5;CREB1;TGS1;IMMT;MTX1;CCT4;CCT3;MEF2D;RAB3IP;CETN2;DYNLRB1;BBS4;SEPTIN2;CEP83;IQCB1;IFT22;CEP70;MED1;KIF3B;TUBA4A;PPP2R1A;TUBB;CSNK1D;KIF3A;HAUS1;TMEM67;ATP5PD;RAB11FIP3;MTX2;CEP43;CEP41;ATP5MJ;HAUS3;ACTR1A;EXOC2;TUBB8;ATP5MG;HCFC1;CRTC2;MAPK14;PDE6D;ARL13B;MICOS10;TUBB4B;CEP250;CYS1;GABPA;CEP76;ATP5PO;TUBB1;TFAM;ATP5MC3;CALM1;CEP290;DYNLT5;MTERF1;ODF2;DYNC2I2;CARM1;NCOA6;DYNC1I2;HDAC3;AKAP9;ATP5F1B;KIFAP3"
"REACTOME_ABC_FAMILY_PROTEINS_MEDIATED_TRANSPORT",7.39359051557439e-06,2.67200000401991e-05,0.610526878385931,0.461918990224282,2.07377182083717,88,"PSMA5;PSMC2;PSMA6;PSMA4;PSMA2;EIF2S2;ABCC5;PSMD6;DERL1;PSMA1;SEL1L;PSMD14;PSMD12;PSMB4;PSMD1;ABCB4;PSMB1;ERLEC1;PSMA3;PSMD2;PSMB2;PSMC6;ABCG1;ADRM1;PSMC4;EIF2S1;PSMD7;EIF2S3;PSMA7;ABCA7;RNF5;ABCD3;PSMB3;SEM1;PSMB5;DERL3;ABCC3;ABCC4;PSMD8;PSMD11;PSMD3;DERL2;UBC;PSMC5;PSMC3;ABCD1;ABCA2;ABCB8;PSMB7;PSMC1;UBB"
"KEGG_PARKINSONS_DISEASE",7.55707334220521e-06,2.71669135892586e-05,0.610526878385931,0.426620975449813,1.96290630814617,107,"CASP3;UBE2L6;COX7A2;NDUFAB1;NDUFV2;NDUFB4;NDUFB3;NDUFA4;COX6C;ATP5PB;ATP5F1E;UBE2J1;ATP5PF;UBE2G1;CYCS;NDUFC2;NDUFA5;UQCRQ;COX8A;VDAC3;ATP5F1C;NDUFA6;NDUFS3;NDUFB10;VDAC1;NDUFB9;NDUFB2;COX7B;COX7A2L;GPR37;UBA1;NDUFA7;COX5A;COX6B1;SLC25A5;VDAC2;COX6A1;UQCR10;UBE2L3;ATP5PD;NDUFA2;NDUFA3;NDUFB5;PPID;NDUFS6;UBB;NDUFS2;ATP5PO;UBE2J2;COX5B;ATP5MC3;SDHB;SDHC;NDUFC1;NDUFB1;CYC1;NDUFA9;ATP5F1B;UQCRB;COX7C;PARK7;NDUFS1;SLC18A2;SDHD;SLC6A3;HTRA2;NDUFS8;ATP5MC2;NDUFS5;UQCRH;UQCR11"
"REACTOME_AUTOPHAGY",7.55756127297624e-06,2.71669135892586e-05,0.610526878385931,0.379821749398683,1.8723236516017,156,"TUBB3;TBK1;HSPA8;FUNDC1;ATG3;UBE2N;TUBA1C;CHMP2B;UBE2D2;LAMTOR5;ATG12;CHMP4B;LAMP2;ATG4A;MAP1LC3B;ATG16L1;PRKAG1;CSNK2A1;LAMTOR2;TSG101;TUBA4B;ATG101;MTERF3;UBE2D3;TUBA1B;UBE2V1;TOMM70;VDAC3;HSP90AB1;DYNLL1;WIPI1;TOMM6;TUBA1A;GABARAPL2;MFN1;DYNC1LI1;DYNLL2;SRC;VDAC1;HSP90AA1;PRKAB1;RHEB;SLC38A9;VPS37C;PGAM5;BECN1;VDAC2;CHMP7;TUBA4A;UBE2L3;UBC;ATG5;CHMP2A;CHMP4A;TOMM40;PLIN3;RB1CC1;LAMTOR1;TUBB8;SQSTM1;ATM;ARL13B;CSNK2B;TUBB4B;UBB;RRAGC;TOMM22;MTMR14;LAMTOR3;TUBB1;PIK3R4;ULK1;TOMM5;MLST8;ATG13;DYNC1I2;GABARAP;PARK7;TUBA3D;ATG4C"
"REACTOME_MITF_M_DEPENDENT_GENE_EXPRESSION",7.65932098009841e-06,2.74594805350337e-05,0.593325476396405,0.426044139307773,1.95932999737606,105,"LEF1;ATP6V1A;ACTB;ATP6V0E2;ATP6V0E1;SERPINE1;ATP6V0B;ATP6AP2;ATP6V0C;ATP6V0D1;PLK1;BCL2A1;ATP6V1B2;CDKN1A;CCNB1;ATP6V1F;ATP6V1C1;STT3B;ASAH1;SS18;DIAPH1;ATP6V1H;HDAC1;USF1;CDKN2A;CDK2;CDH2;ARID1A;ATP6V1G1;CDH1;MCM2;ATP6V1D;MOV10;ACTL6A;CREB1;SIN3A;MYO5A;BIRC7;RAB27A;SIRT1;SS18L1;SYTL2;ATP6V1E1;SMARCD1;EDIL3;SMARCB1"
"HALLMARK_MITOTIC_SPINDLE",7.99907661992432e-06,2.86014729009496e-05,0.593325476396405,0.346822855950277,1.76344651233556,198,"EZR;ARF6;ABI1;BUB1;MAPRE1;ARFGEF1;ECT2;CD2AP;PLK1;RANBP9;TLK1;KIF23;PREX1;KIF20B;TIAM1;CDK1;KIF5B;TPX2;NEK2;CDC42;SASS6;BCL2L11;NUSAP1;SMC4;AURKA;BRCA2;KIF11;KIF4A;BIRC5;RACGAP1;KIF2C;STAU1;FBXO5;DLGAP5;CCNB2;CENPE;ANLN;RAPGEF6;WASL;TTK;CAPZB;LMNB1;STK38L;FGD6;TOP2A;KIF22;PPP4R2;NDC80;MYO1E;DOCK2;CKAP5;ESPL1;DYNLL2;PRC1;RICTOR;NET1;SEPTIN9;CENPF;KNTC1;CLIP1;KIF15;ARHGDIA;PALLD;INCENP;KIF3B;RHOF;TUBA4A;CSNK1D"
"REACTOME_COMPLEMENT_CASCADE",8.2771244108716e-06,2.95173643012035e-05,0.593325476396405,0.424312905325756,1.94981453295625,104,"IGHG2;IGHG1;IGHG4;CD19;CR2;C3AR1;IGLV3-1;CD55;CFB;IGHV3-11;IGHV3-33;IGHV1-69;IGHV4-34;C4B;IGLV1-47;C4A;IGHV4-59;IGHV3-30;IGKV1D-39;IGHV4-39;GZMM;IGKV1-39;IGKV3-15;IGKV2-28;C5AR1;IGLV3-21;C2;IGKV2D-28;IGLV3-27;IGHV2-5;C1QB;C5AR2;IGKV4-1;IGKV1-5;IGLV3-25;IGKV3-20;CD46;IGKV1-16;IGKV1-33;IGKV2D-40;IGHV2-70;C1QC;IGKV1D-33;IGKV3D-20;CFHR4;IGKV3-11;CFHR3;IGLV6-57;IGLC2;IGHV3-53;IGLC3;C1QA;FCN1;IGLV1-44;IGLV1-40;IGHV3-48;COLEC10"
"REACTOME_PKR_MEDIATED_SIGNALING",8.56090849602173e-06,3.04488249409955e-05,0.593325476396405,0.48805151294252,2.13358898152471,74,"EIF2AK2;STAT1;TUBB3;ISG15;PPP2CA;UBE2L6;ADAR;HSPA8;EIF2S2;TUBA1C;UBE2I;CDK1;SUMO1;FANCF;CHUK;DNAJC3;EIF2S1;TUBA4B;TUBA1B;EIF2S3;TUBA1A;HERC5;DHX9;TRIM25;CENPX;ILF2;TUBA4A;PPP2R1A;NCK1;IKBKB;MAVS;TUBB8;HSPA1L;TUBB4B;TARBP2;SPHK1;TUBB1;NPM1;PRKRA;DUS2"
"REACTOME_SNRNP_ASSEMBLY",8.86996229526668e-06,3.14650241421566e-05,0.593325476396405,0.528826176554868,2.12397823732843,54,"NUP210;NUP50;SNRPG;NUP37;DDX20;SMN1;RAE1;SNRPB;NUP155;NUP153;NDC1;NUP205;NUP62;SNRPE;TGS1;SNRPF;SMN2;GEMIN7;NCBP2;NUP160;PHAX;NUP43;SNRPD1;SEC13;RANBP2;SEH1L;SNRPD3;CLNS1A;NUP107;NUP93;NUP58;GEMIN6;NUP133;NUP42;NCBP1;GEMIN2;TPR;AAAS;NUP54;SNRPD2;PRMT5"
"REACTOME_COLLAGEN_DEGRADATION",8.96710132849016e-06,3.17261222855767e-05,0.593325476396405,0.496295989600768,2.08136280153509,64,"COL8A1;MMP11;MMP10;COL12A1;COL11A1;COL10A1;MMP13;MMP1;CTSK;CTSD;COL1A2;COL5A1;CTSB;COL1A1;COL19A1;COL5A2;CTSL;MMP14;COL6A3;MMP2;ADAM10;MMP3;COL8A2;COL3A1;COL6A5;ADAM9;ADAM17"
"REACTOME_METABOLISM_OF_NUCLEOTIDES",9.39412591346081e-06,3.31499521762963e-05,0.593325476396405,0.438369748825941,1.98240156820633,92,"DCK;RRM2B;AK6;RRM2;NT5C3A;DCTPP1;TXNRD1;PNP;HPRT1;AMPD3;ENTPD7;TYMP;GSR;TK1;ATIC;NUDT5;GMPR2;ADSS2;PPAT;TXN;NME1;GLRX;CMPK1;ADK;GART;NME3;SAMHD1;PAICS;ITPA;CTPS1;GUK1;RRM1;GMPS;AK2;APRT;ENTPD4"
"KEGG_BASAL_TRANSCRIPTION_FACTORS",9.90258276605203e-06,3.48529544873058e-05,0.593325476396405,0.612993565266601,2.22841630290683,33,"GTF2E1;TAF9;TAF5;GTF2B;TAF13;GTF2A1;TAF2;GTF2A2;TAF12;TAF9B;TAF11;GTF2H3;TAF4;GTF2E2;GTF2H2;TBP;TAF7;GTF2IRD1"
"REACTOME_TRANSPORT_OF_THE_SLBP_DEPENDANT_MATURE_MRNA",9.99360395275349e-06,3.50817138758117e-05,0.593325476396405,0.59586551512067,2.20847131155622,36,"NUP210;EIF4E;NUP50;NUP37;RAE1;ALYREF;NUP155;NUP153;NDC1;NUP205;NUP62;NCBP2;NUP160;SLBP;NUP43;SEC13;RANBP2;SEH1L;NUP107;NUP93;NUP58;NUP133;NUP42;NCBP1;TPR;AAAS;NUP54"
"REACTOME_PROCESSING_OF_CAPPED_INTRONLESS_PRE_MRNA",1.03201258107536e-05,3.6133843098431e-05,0.593325476396405,0.642394053973903,2.23967550652114,29,"CPSF3;SNRPG;CSTF2;CSTF1;SNRPB;NUDT21;PAPOLA;CPSF2;SNRPE;CLP1;SNRPF;NCBP2;SLBP;PCF11;LSM10;CSTF2T;CSTF3;SNRPD3;FIP1L1"
"REACTOME_POLO_LIKE_KINASE_MEDIATED_EVENTS",1.14595300502908e-05,4.00192914709637e-05,0.593325476396405,0.741193600986995,2.23533488436295,16,"LIN54;PLK1;CCNB1;PKMYT1;MYBL2;CCNB2;FOXM1;RBBP4;CDC25A;CDC25C;CENPF"
"REACTOME_HDR_THROUGH_SINGLE_STRAND_ANNEALING_SSA",1.26576501791954e-05,4.40891794355435e-05,0.593325476396405,0.5767511776309,2.14781472285162,37,"RAD17;RAD1;RPA3;RMI1;TOPBP1;RFC4;BLM;ERCC4;DNA2;RHNO1;RMI2;BARD1;RAD9A;EXO1;BRIP1;RFC5;RAD51;RPA2;NBN;ATM;RFC2;ATRIP;HUS1"
"HALLMARK_ANDROGEN_RESPONSE",1.31090482938401e-05,4.55438069590115e-05,0.593325476396405,0.423047426203712,1.92879921803187,101,"B2M;SPCS3;GNAI3;ITGAV;ABHD2;DNAJB9;KRT8;SMS;TPD52;PMEPA1;UBE2I;SAT1;MYL12A;GSR;NKX3-1;SGK1;LMAN1;TARP;UBE2J1;ADRM1;SLC38A2;STK39;TMEM50A;SEC24D;KRT19;XRCC5;SRP19;IDI1;PTK2B;SORD;BMPR1B;ELK4;TNFAIP8;H1-0;CENPN;VAPA;ANKH;DHCR24;B4GALT1;ABCC4;HMGCR;PGM3;ELL2;INPP4B;NCOA4;PA2G4;NGLY1;APPBP2;AKT1;RRP12"
"REACTOME_FORMATION_OF_INCISION_COMPLEX_IN_GG_NER",1.41627762593201e-05,4.89700809069973e-05,0.593325476396405,0.560039497269865,2.16502513852688,43,"CDK7;UBE2N;UBE2I;SUMO1;SUMO3;RPA3;UBE2V2;SUMO2;RBX1;PARP1;ERCC4;CUL4B;GTF2H3;GTF2H2;RNF111;RAD23B;CETN2;DDB1;RPA2;UBC;GTF2H5"
"REACTOME_RHO_GTPASE_CYCLE",1.41679017460897e-05,4.89700809069973e-05,0.593325476396405,0.282532676340613,1.58016755162755,445,"ERBIN;CYFIP2;EPSTI1;RHOH;CEP97;DOCK10;DEF6;ACTB;BASP1;ABI1;TPM3;FAM91A1;RAC2;SNAP23;VAV3;FGD3;FAF2;CSK;MACO1;LCK;ATP6AP1;MSI2;ELMO2;ARHGAP30;FAM169A;DEPDC1B;ECT2;GNA13;TAGAP;CYBB;RND1;CDC42SE2;VANGL1;STIP1;GMIP;CUL3;CYBA;SENP1;YKT6;IQGAP1;PARD6B;ACTG1;NCKAP1L;PREX1;CLTC;ARHGDIB;WIPF1;STAM;TIAM1;ACBD5;HSPE1;TWF1;ARAP2;CCT6A;IL32;CDC42;VRK2;DIAPH1;PAK2;RBBP6;LMAN1;BLTP3B;HMOX2;PAK1;SHKBP1;RACGAP1;EFHD2;TFRC;TMPO;FLOT1;LEMD3;ANLN;RHOA;CCP110;NDUFA5;WASL;SH3BP1;ARHGAP9;CCT2;CAPZB;RAC1;LMNB1;ARHGAP11A;TUBA1B;HNRNPC;ARHGAP18;HSP90AB1;ZAP70;ARHGAP15;FMNL3;VAV1;RAB7A;ARHGEF18;DOCK2;GRB2;NDUFS3;NCF1;GRB7;WAS;DOCK8;SRC;PIK3R3;ABCD3;MTMR1;GOPC;VAV2;HSP90AA1;ARHGAP1;SHMT2;MOSPD2;PTK2B;RHOC;KIF14;STAM2;NET1;TMOD3;ARHGAP45;UBXN11;RHOG;TRA2B;MTX1;TAOK3;COPS4;MPP7;ARHGEF16;ANKLE2;IQGAP3;CCT7;NCF2;NIPSNAP2;KTN1;ARHGDIA;BRK1;CCDC187;USP9X;SPATA13;WDR11"
"REACTOME_CYCLIN_A_B1_B2_ASSOCIATED_EVENTS_DURING_G2_M_TRANSITION",1.45508191683328e-05,5.01649724780373e-05,0.593325476396405,0.620792580995492,2.24412750268419,32,"CDK7;PPP2CA;PLK1;CCNB1;CDK1;PKMYT1;XPO1;CCNB2;FOXM1;CDK2;HJURP;CCNA2;SGO1;BORA;CDC25A;LCMT1;CDC25C;PPP2R1A;PPP2R2A;OBI1;WEE1"
"REACTOME_PROTEIN_LOCALIZATION",1.47596395225531e-05,5.07550869295958e-05,0.593325476396405,0.37526125051849,1.85515122354094,159,"UBE2D1;SEC61G;PEX2;GRPEL2;PEX13;TIMM17B;TIMM23;TIMM8B;COX17;ZFAND6;UBE2D2;COQ2;ACBD5;GET1;TIMM17A;GET3;SERP1;GFER;HMOX1;IDE;HSPA9;CHCHD2;AGPS;DNAJC19;UBE2D3;COA6;TOMM70;TOMM6;HSPD1;SEC61B;LONP2;VDAC1;ABCD3;ACOT4;SLC27A2;MTX1;PEX11B;CHCHD7;VAPA;USP9X;STX1A;AMACR;UBC;PAOX;SLC25A17;DDO;MTX2;TOMM40;ABCD1;OTOF;UBL4A;COA4;GRPEL1;PEX1;CRAT;UBB;TIMM10;CMC2;TOMM22;GET4;PITRM1;UBE2J2;GNPAT;PEX7;DECR2;BAG6;HMGCL;TOMM5;CYC1;TIMM8A;EMD;CHCHD5;ATP5F1B;MPV17"
"REACTOME_TP53_REGULATES_TRANSCRIPTION_OF_DNA_REPAIR_GENES",1.51132843340738e-05,5.18389498278155e-05,0.593325476396405,0.497914861258553,2.07430885198392,62,"POLR2K;CDK7;ELOC;POLR2B;CCNT1;SUPT4H1;ELOB;POLR2D;TCEA1;CCNT2;ATF2;FANCI;POLR2G;GTF2H3;FANCD2;CHEK1;POLR2J;POLR2H;GTF2H2;SUPT16H;CCNK;GTF2H5;NELFCD;MSH2;CDK13;POLR2C;ATM;CDK12;PMS2;CTDP1;NELFE;ELOA;JUN;MDC1;MLH1;SSRP1;ERCC3;FOS;CDK9"
"REACTOME_VIRAL_MESSENGER_RNA_SYNTHESIS",1.60954772103156e-05,5.50677748210798e-05,0.575610261071129,0.547478395873481,2.12242729641919,44,"POLR2K;NUP210;NUP50;POLR2B;NUP37;POLR2D;RAE1;NUP155;NUP153;NDC1;NUP205;NUP62;POLR2G;POLR2J;NUP160;POLR2H;NUP43;SEC13;RANBP2;SEH1L;NUP107;POLR2C;NUP93;NUP58;NUP133;NUP42"
"KEGG_RETINOL_METABOLISM",1.68758594830934e-05,5.7591540716987e-05,0.575610261071129,-0.564403317802552,-2.16193145940783,40,"ALDH1A2;ADH4;ADH6;RPE65;ADH1A;RDH5;DGAT2;ADH1C;RDH10;CYP4A11;CYP3A4;CYP26B1;CYP2C8;ALDH1A1;ADH1B;RETSAT;CYP3A5;ADH5;CYP3A7;DHRS4L2;DHRS4;CYP3A43;CYP26C1;DHRS3;LRAT;CYP2A7;DGAT1"
"REACTOME_PERK_REGULATES_GENE_EXPRESSION",1.697055842157e-05,5.77684665461523e-05,0.575610261071129,0.605296303382935,2.15261160792309,31,"HERPUD1;EIF2S2;HSPA5;PARN;DCP2;EIF2S1;EIF2S3;EIF2AK3;NFYA;CCL2;EXOSC6;NFYB;EXOSC9;ATF6;EXOSC1;ASNS;EXOSC3;CXCL8;ATF3;CEBPG;EXOSC4"
"KEGG_P53_SIGNALING_PATHWAY",1.71706042968733e-05,5.81557150557419e-05,0.575610261071129,0.48027604908932,2.04372741605948,67,"CASP3;RRM2B;PMAIP1;RRM2;SERPINE1;SHISA5;CASP8;THBS1;CCNE2;CDKN1A;CCNB1;CDK1;BAX;GADD45B;CCNB2;CYCS;CDKN2A;CDK2;BBC3;CHEK1;GTSE1;CCNE1;SIAH1;CCNG2;TP73;CDK4;MDM2;TNFRSF10B;EI24;ATM;CHEK2"
"REACTOME_IRE1ALPHA_ACTIVATES_CHAPERONES",1.71706042968733e-05,5.81557150557419e-05,0.575610261071129,0.526209059948473,2.09756328918835,50,"EDEM1;PDIA6;HYOU1;DNAJB9;DNAJB11;ATP6V0D1;XBP1;SEC31A;HSPA5;MYDGF;SERP1;DNAJC3;SRPRA;SRPRB;SSR1;WIPI1;TPP1;HDGF;ARFGAP1;YIF1A;SYVN1;GFPT1;SHC1;KDELR3;GSK3A;PREB"
"KEGG_NOD_LIKE_RECEPTOR_SIGNALING_PATHWAY",1.72865315682733e-05,5.840161542364e-05,0.575610261071129,0.502311988149018,2.07119461231228,60,"ERBIN;PYDC1;CCL11;XIAP;PYCARD;IL18;CASP8;BIRC3;TNF;MAPK9;CCL5;BIRC2;TNFAIP3;NOD2;HSP90B1;IL1B;CHUK;CASP1;TAB3;HSP90AB1;MAP3K7;RIPK2;NFKB1;CCL2;HSP90AA1"
"REACTOME_DNA_DAMAGE_BYPASS",1.77594060144586e-05,5.98491982687256e-05,0.575610261071129,0.525019169370156,2.06779396359213,48,"ISG15;UBE2L6;POLD4;UBE2B;PCLAF;RPA3;RFC4;PCNA;RBX1;USP1;CUL4B;SPRTN;TRIM25;USP10;UFD1;RFC5;DTL;DDB1;RPA2;UBC;POLE3;NPLOC4;RFC2;POLH;UBB"
"REACTOME_CLATHRIN_MEDIATED_ENDOCYTOSIS",1.8456572779489e-05,6.20435414133446e-05,0.575610261071129,0.378620694907236,1.83554264043024,142,"ACTR2;COPS8;ACTR3;ARPC2;CD3D;ACTB;ARF6;M6PR;ARPC3;HSPA8;CD3G;NECAP1;PACSIN1;VAMP7;IL7R;VAMP8;ARPC4;ACTG1;RAB5A;CLTC;STAM;COPS5;ARPC1A;AP2M1;AP2S1;TFRC;CD4;NEDD8;UBQLN1;WASL;KIAA0319;SYT1;ARPC5;TOR1A;GRB2;REPS2;GRK2;SYNJ1;FCHO2;STAM2;AP2B1;NECAP2;SGIP1;COPS4;RAB5C;COPS3;UBC;ARFGAP1;TOR1B;TGOLN2;COPS2;COPS6;DNM2;SH3GL1;RAB5B"
"REACTOME_REGULATED_NECROSIS",2.02039315436753e-05,6.77485067683441e-05,0.575610261071129,0.501027511074295,2.06049852609454,59,"CASP3;XIAP;IL18;CASP8;BIRC3;CHMP2B;BIRC2;BAX;FASLG;ITCH;GZMB;CHMP4B;IRF1;IL1B;FADD;FLOT1;CYCS;BAK1;CASP1;RIPK3;HSP90AA1;TRADD;PDCD6IP;CASP4;RIPK1;CHMP7;UBE2L3;STUB1;UBC;CHMP2A;CHMP4A;TNFRSF10B;IL1A;GSDMD;UBB;TRAF2;TNFRSF10A;TNFSF10;SDCBP"
"REACTOME_RAB_GEFS_EXCHANGE_GTP_FOR_GDP_ON_RABS",2.24697303887192e-05,7.51592966848472e-05,0.575610261071129,0.438642839075953,1.96903651099142,90,"DENND2D;RAB31;DENND1C;DENND1B;RAB18;RAB1A;CHML;RAB10;RAB5A;TRAPPC13;RAB6A;CCZ1;GDI2;TRAPPC10;RAB21;RINL;RAB8A;RAB39A;RAB39B;TRAPPC4;RAB27B;CHM;RAB35;RAB7A;CCZ1B;RAB3GAP2;RAB14;TRAPPC6B;TRAPPC3;MON1B;RAB27A;RAB3IP;RAB13;RIN2;RAB1B;RAB8B;RAB32;RAB5C;GDI1;RAB5B;TRAPPC8;TRAPPC11;AKT1"
"REACTOME_FORMATION_OF_TC_NER_PRE_INCISION_COMPLEX",2.50634400891842e-05,8.36275179213375e-05,0.575610261071129,0.533666712974926,2.11839307229194,51,"COPS8;POLR2K;CDK7;POLR2B;USP7;COPS5;POLR2D;TCEA1;RBX1;CUL4B;POLR2G;GTF2H3;POLR2J;POLR2H;ISY1;GTF2H2;PRPF19;DDB1;COPS4;AQR;COPS3;UBC;COPS2;COPS6;GTF2H5;POLR2C;UBB;ZNF830"
"REACTOME_NEGATIVE_REGULATORS_OF_DDX58_IFIH1_SIGNALING",2.52900887252026e-05,8.40538050524039e-05,0.575610261071129,0.602382868356736,2.21293149899182,35,"RIGI;ISG15;UBE2D1;CYLD;TBK1;UBE2L6;IFIH1;UBE2K;UBE2D2;TNFAIP3;ITCH;ATG12;UBE2D3;HERC5;TAX1BP1;TRIM25;UBC;ATG5;MAVS;TRAF3;NLRC5;PIN1;UBB"
"REACTOME_TRANSFERRIN_ENDOCYTOSIS_AND_RECYCLING",2.53159086433798e-05,8.40538050524039e-05,0.575610261071129,0.61167034325139,2.15345133377518,30,"ATP6V1A;ATP6V0E2;ATP6V0E1;ATP6V0B;ATP6AP1;ATP6V0C;ATP6V1C2;ATP6V0D1;ATP6V1B2;ATP6V1F;ATP6V1C1;ATP6V1H;TFRC;ATP6V1G1;ATP6V1D;TFR2"
"REACTOME_RESPIRATORY_SYNCYTIAL_VIRUS_RSV_GENOME_REPLICATION_TRANSCRIPTION_AND_TRANSLATION",2.54668757445433e-05,8.43472936207479e-05,0.575610261071129,0.709992308815398,2.18524891975973,17,"SPCS3;HSPA8;SPCS1;PPP1CA;PPP1CC;XPO1;CSNK2A1;SPCS2;HSP90AB1;SEC11A;HSP90AA1;SEC11C"
"REACTOME_NUCLEAR_ENVELOPE_BREAKDOWN",2.61801063279932e-05,8.64970179660167e-05,0.575610261071129,0.515958239087579,2.05977252890771,53,"NUP210;NEK6;NUP50;PLK1;CCNB1;CDK1;CNEP1R1;NUP37;VRK2;RAE1;PRKCB;TMPO;CCNB2;NUP155;LEMD3;BANF1;LMNB1;LPIN2;NUP153;NDC1;NUP205;NUP62;NUP160;NUP43;SEC13;RANBP2;SEH1L;NUP107;LEMD2;NUP93;NUP58;NUP133;NUP42;EMD"
"REACTOME_MYD88_INDEPENDENT_TLR4_CASCADE",2.65184759983344e-05,8.74007473001341e-05,0.575610261071129,0.406014488461844,1.87430898701963,109,"UBE2D1;IRF7;TBK1;PPP2CA;CASP8;BIRC3;N4BP1;MAPKAPK2;UBE2N;MAPK9;LY96;UBE2D2;BIRC2;NOD2;SKP1;RPS6KA1;FADD;CHUK;UBE2D3;ATF2;ELK1;UBE2V1;TICAM1;TAB3;MAP3K7;RIPK2;FBXW11;NFKB1;RIPK3;CREB1;USP18;ATF1;MAPKAPK3;VRK3;USP14;TICAM2;CUL1;RIPK1;RELA;PPP2R1A;UBC;MAPK1;IKBKB;NFKB2;TNIP2;NKIRAS1;TRAF3;MAPK14;NLRC5;UBB;TRAF2;IRAK1"
"KEGG_VIRAL_MYOCARDITIS",2.77016495959503e-05,9.10776186715633e-05,0.575610261071129,0.474102958949091,2.00409821055273,65,"CASP3;CD80;CD86;ACTB;RAC2;HLA-DRA;HLA-DMB;CASP8;ITGAL;HLA-C;HLA-DPA1;HLA-DOA;HLA-DQB1;ACTG1;HLA-DPB1;HLA-DQA1;HLA-B;CD55;EIF4G2;HLA-DRB1;HLA-A;ITGB2;CYCS;CD28;RAC1;HLA-DQA2;ICAM1;HLA-DMA;EIF4G1;HLA-DRB5;HLA-DOB;HLA-F;CD40LG"
"REACTOME_RHOBTB2_GTPASE_CYCLE",2.82318062393451e-05,9.25948292229614e-05,0.575610261071129,0.657764749485462,2.19576593173772,23,"MSI2;CUL3;ACTG1;TWF1;CCT6A;CCT2;HNRNPC;HSP90AB1;HSP90AA1;TMOD3;TRA2B;CCT7;DBN1;MYO6;PHIP;TXNL1;STK38;RBMX"
"REACTOME_DISEASES_OF_DNA_REPAIR",2.84554245065874e-05,9.31017287254364e-05,0.575610261071129,0.529777148040778,2.10295342201884,51,"RAD17;RAD1;RPA3;RMI1;NEIL3;TOPBP1;RAD51AP1;BRCA2;RFC4;BLM;DNA2;RHNO1;RMI2;PALB2;BARD1;RAD9A;EXO1;XRCC2;BRIP1;RFC5;SEM1;RAD51;RPA2;MSH6;MSH2;NBN;RAD51C;ATM;RFC2;ATRIP;HUS1;PMS2"
"REACTOME_NUCLEAR_IMPORT_OF_REV_PROTEIN",2.90116002789622e-05,9.46916154383561e-05,0.575610261071129,0.590723802391626,2.17092607338264,34,"NUP210;NUP50;NUP37;RAE1;NUP155;RCC1;NUP153;NDC1;NUP205;NUP62;RAN;NUP160;NUP43;SEC13;RANBP2;SEH1L;NUP107;NUP93;NUP58;KPNB1;NPM1;NUP133;NUP42;TPR;AAAS;NUP54"
"REACTOME_DEADENYLATION_DEPENDENT_MRNA_DECAY",3.0062322220655e-05,9.78840829793308e-05,0.575610261071129,0.500505314228114,2.02433003369625,56,"EIF4E;DDX6;EIF4A3;CNOT11;CNOT6;CNOT9;HBS1L;PARN;LSM1;DCP2;CNOT2;PAIP1;LSM3;CNOT1;EXOSC6;CNOT8;EIF4G1;LSM5;DCPS;EXOSC9;XRN1;EDC4;EXOSC1;PATL1;CNOT6L;EIF4A2;SKIC2;LSM4;CNOT7;EIF4A1;LSM7;EXOSC3;EXOSC4;LSM2;CNOT10;PABPC1"
"REACTOME_MATURATION_OF_SARS_COV_2_SPIKE_PROTEIN",3.1346382769809e-05,0.000101819093912536,0.557332238758646,0.54818703039935,2.09218755870115,41,"MGAT4A;CANX;MAGT1;RPN1;STT3B;OSTC;MAN2A1;MGAT2;ST6GAL1;RPN2;STT3A;ZDHHC20;FUT8;MGAT5;ZDHHC5;DAD1;ZDHHC9;TMEM258;EDEM2;GANAB;OST4;MGAT4B;ST6GALNAC4"
"HALLMARK_GLYCOLYSIS",3.15306980351715e-05,0.000102171588825508,0.557332238758646,0.346063521313732,1.7633369458038,196,"SDC1;CXCR4;VCAN;HAX1;POLR3K;KIF2A;ISG20;PRPS1;ME2;CHPF;DEPDC1;B4GALT4;COL5A1;CDK1;SOD1;HSPA5;CLDN3;IER3;SLC16A3;IL13RA1;AURKA;GNPDA1;PGK1;BIK;PGAM1;HMMR;CLDN9;GALE;CENPA;STMN1;PKM;GFUS;SLC35A3;MIOX;FAM162A;ALG1;COG2;ALDOA;CHST1;CHPF2;FKBP4;COPB2;EGLN3;PSMC4;TPBG;PPIA;TXN;ERO1A;FUT8;GLRX;KIF20A;P4HA1;PMM2;MIF;AKR1A1;AGL;NANP;GOT2;TPI1;CASP6;ARTN;PGM2;P4HA2;ECD;ARPP19;GMPPA;RARS1;LDHA;G6PD;B4GALT1;BPNT1"
"KEGG_ENDOCYTOSIS",3.20415646457523e-05,0.000103524096459027,0.557332238758646,0.35692904370771,1.78973305516004,179,"RAB31;CXCR4;ARF6;F2R;CCR5;IL2RB;HSPA8;CHMP5;IL2RG;WWP1;HLA-C;PSD4;VTA1;RAB11A;PARD6B;RAB5A;CHMP2B;CLTC;STAM;ACAP2;HLA-B;ARAP2;RAB11FIP4;GRK6;CDC42;RAB11FIP1;ITCH;VPS25;CHMP4B;EPN3;AP2M1;HLA-A;AP2S1;TFRC;RAB22A;NEDD4;TSG101;SMAP2;IL2RA;GRK2;SRC;STAM2;PIP5K1A;AP2B1;CHMP1B;PRKCI;EHD1;RABEP1;HLA-F;VPS37C;USP8;STAMBP;PDCD6IP;HSPA6;VPS45;RAB5C;FGFR3;ARFGAP1;PRKCZ;CHMP2A;DNM2;SH3GL1;RAB11FIP3;CHMP4A;RAB5B;ERBB3;MDM2;VPS4B;AGAP2;ARFGAP3"
"REACTOME_RESPIRATORY_ELECTRON_TRANSPORT",3.21016856972353e-05,0.000103524096459027,0.557332238758646,0.36947305484025,1.80342427236655,147,"COX7A2;NDUFAB1;COQ10B;NDUFV2;NDUFB4;COX17;NDUFB3;NDUFA4;COX6C;NDUFAF6;TMEM126B;RAB5IF;TIMMDC1;HSPA9;CYCS;NDUFC2;NDUFA5;UQCRQ;COX8A;COA1;NDUFA6;SCO2;NDUFS3;NDUFB10;NDUFA12;TMEM223;NDUFB9;NDUFB2;COX7B;GOT2;COX7A2L;NDUFA7;COX5A;COX6B1;UQCC2;HIGD1A;HCCS;PET100;COX6A1;UQCR10;TMEM126A;SLC25A22;NDUFA2;NDUFA3;PNKD;NDUFB5;COX16;NDUFS6;ISCU;NFS1;NDUFB11;NDUFS2;NDUFAF1;COX5B;SDHB;SDHC;LYRM2;NDUFC1;TACO1;NDUFB1;CYC1;NDUFA9;UQCC1;TMEM186;UQCRB;COX7C;NDUFS1;SDHD;GOT1;NDUFS8;UQCC6;NDUFS5;UQCRH;COX20;UQCR11;OXA1L"
"REACTOME_RESOLUTION_OF_D_LOOP_STRUCTURES",3.29489115302191e-05,0.000106002703443282,0.557332238758646,0.576401229362089,2.13633034080538,36,"GEN1;RMI1;RAD51AP1;BRCA2;BLM;DNA2;EME1;SLX4;RMI2;PALB2;BARD1;EXO1;XRCC2;BRIP1;SEM1;RAD51;FIGNL1;SLX1A;NBN;SLX1B;RAD51C;ATM"
"REACTOME_COPI_MEDIATED_ANTEROGRADE_TRANSPORT",3.38568714793249e-05,0.000108518381954272,0.557332238758646,0.4187346192474,1.91927972725639,99,"CAPZA1;CAPZA2;TUBB3;DCTN5;ARCN1;ARF3;RAB1A;TUBA1C;TMED2;ARF4;YKT6;TMED9;TMED7;CD55;COPZ1;COPG1;COG2;COPB2;CAPZB;TUBA4B;TUBA1B;NSF;KDELR1;DYNLL1;ARF1;KDELR2;TMED3;TUBA1A;NAPA;ARF5;NAPG;DYNC1LI1;DYNLL2;COPA;COPB1"
"REACTOME_IRON_UPTAKE_AND_TRANSPORT",3.38918685480329e-05,0.000108518381954272,0.557332238758646,0.498146132377271,2.01478815164255,56,"ATP6V1A;SLC40A1;ATP6V0E2;ATP6V0E1;ATP6V0B;ATP6AP1;ATP6V0C;ATP6V1C2;ATP6V0D1;ATP6V1B2;ATP6V1F;ATP6V1C1;CAND1;HMOX2;ATP6V1H;SKP1;HMOX1;TFRC;NEDD8;ATP6V1G1;ATP6V1D;TFR2;FLVCR1;GLRX3;CUL1;ATP6V1E1;ATP6V0D2;UBC"
"REACTOME_N_GLYCAN_TRIMMING_IN_THE_ER_AND_CALNEXIN_CALRETICULIN_CYCLE",3.6529954217343e-05,0.000116688100201371,0.557332238758646,0.593991980120607,2.18210648410901,35,"EDEM1;RNF103;PDIA3;CALR;CANX;RNF139;DERL1;SEL1L;EDEM3;UGGT1;RNF5;RAD23B;EDEM2;GANAB;DERL2;UBC;MLEC;SYVN1;MARCHF6;NGLY1;PSMC1;AMFR;UBB"
"HALLMARK_ESTROGEN_RESPONSE_EARLY",3.67203217331433e-05,0.000117018897627133,0.557332238758646,0.336272289374824,1.71412659362059,199,"RAB31;UGCG;KCNK15;FCMR;PMAIP1;CISH;DYNLT3;CLIC3;MICB;SLC37A1;ABHD2;EEIG1;NHERF1;KRT8;NRIP1;SLC7A5;CA12;TIPARP;XBP1;RASGRP1;TIAM1;ELF1;KRT18;SIAH2;TTC39A;BCL11B;KLF10;ARL3;SNX24;RARA;TOB1;REEP1;FKBP4;TPBG;MREG;ANXA9;PRSS23;ABAT;CLDN7;KRT19;SLC1A4;SLC2A1;ISG20L2;BHLHE40;CANT1;FRK;MUC1;SLC27A2;HSPB8;PPIF;SLC16A1;RETREG1;TBC1D30;CELSR1;PDLIM3;TGIF2;RAB17;OPN3;B4GALT1;MYB;TJP3;ADCY9;CBFA2T3;TGM2;MYBL1;ELOVL2;MED13L;ESRP2;GLA;RHOD;RRP12;GREB1;NADSYN1;P2RY2;NBL1;AMFR;BLVRB;FHL2"
"REACTOME_INTRINSIC_PATHWAY_FOR_APOPTOSIS",3.72714622477137e-05,0.000118428823144841,0.557332238758646,0.506525584016313,2.04418216491732,55,"CASP3;PMAIP1;YWHAZ;XIAP;CASP8;BMF;YWHAQ;YWHAH;BCL2L11;YWHAB;BAX;GZMB;BCL2L1;CYCS;BAK1;CASP7;CDKN2A;DYNLL1;BBC3;DIABLO;DYNLL2"
"REACTOME_NUCLEOTIDE_BINDING_DOMAIN_LEUCINE_RICH_REPEAT_CONTAINING_RECEPTOR_NLR_SIGNALING_PATHWAYS",3.73384642704432e-05,0.000118428823144841,0.557332238758646,0.495820369554567,2.00538143527128,56,"CYLD;PYCARD;CASP8;BIRC3;UBE2N;AIM2;PANX1;BIRC2;TNFAIP3;ITCH;NOD2;BCL2L1;HMOX1;CHUK;CASP1;UBE2V1;TAB3;TXN;HSP90AB1;MAP3K7;RIPK2;NFKB1;CASP2;P2RX7;CASP4;RELA;UBC;IKBKB;NFKB2;MAPK13;MAPK14;PSTPIP1;UBB;IRAK1"
"HALLMARK_REACTIVE_OXYGEN_SPECIES_PATHWAY",3.91523605664841e-05,0.000123890568177513,0.557332238758646,0.512850727849364,2.01986841841022,48,"ATOX1;PRDX1;NDUFB4;SRXN1;TXNRD1;IPCEF1;SOD1;LAMTOR5;JUNB;SELENOS;GSR;NQO1;HMOX2;PRDX4;SBNO2;CDKN2D;TXN;GLRX;NDUFA6;GLRX2;PTPA;G6PD;HHEX;SCAF4;GCLM;EGLN2"
"REACTOME_SIGNALING_BY_NOTCH4",3.935047653554e-05,0.000124225860351072,0.557332238758646,0.463600275104859,2.01046634536663,72,"PSMA5;YWHAZ;PSMC2;PSMA6;PSMA4;PSMA2;PSMD6;APH1A;PSMA1;PSMD14;PSMD12;PSMB4;PSMD1;PSMB1;SKP1;PSENEN;ADAM10;PSMA3;RBX1;PSMD2;PSMB2;PSMC6;ADRM1;PSMC4;PSMD7;TACC3;PSMA7;PSMB3;MAML1;PSEN1;SEM1;PSMB5;NCSTN;CUL1;PSMD8;PSMD11;PSMD3;UBC;PSMC5;PSMC3;AKT1;PSMB7;PSMC1;UBB"
"KEGG_RIG_I_LIKE_RECEPTOR_SIGNALING_PATHWAY",3.98980974813626e-05,0.000125367448496216,0.557332238758646,0.504987157402015,2.03797354615013,55,"CXCL10;RIGI;ISG15;IRF7;CYLD;TBK1;IFIH1;CASP8;IL12B;TNF;MAPK9;DDX3X;ATG12;SIKE1;FADD;CHUK;MAP3K7;NFKB1;TRIM25;TRADD;TKFC;RIPK1;RELA;DHX58;ATG5;IKBKB;MAVS;MAPK13;TRAF3;MAPK14;PIN1;TRAF2"
"REACTOME_HEDGEHOG_OFF_STATE",3.98515573205646e-05,0.000125367448496216,0.557332238758646,0.417590799305353,1.90622200996223,97,"TUBB3;PSMA5;PSMC2;PSMA6;PSMA4;PSMA2;TUBA1C;PSMD6;PSMA1;PSMD14;PSMD12;PSMB4;PSMD1;ITCH;PSMB1;SKP1;PSMA3;RBX1;PSMD2;PSMB2;PSMC6;IFT52;ADRM1;PSMC4;PSMD7;TUBA1B;GSK3B;ADCY7;GNAS;PSMA7;TUBA1A;PRKACB;PSMB3;SEM1;PSMB5;CSNK1A1;CUL1;PSMD8;PSMD11;TUBA4A;PSMD3;KIF3A;UBC;ADCY9"
"REACTOME_NUCLEAR_PORE_COMPLEX_NPC_DISASSEMBLY",4.24454046940344e-05,0.000133061408203624,0.557332238758646,0.573197313190364,2.12445558589788,36,"NUP210;NEK6;NUP50;CCNB1;CDK1;NUP37;RAE1;CCNB2;NUP155;NUP153;NDC1;NUP205;NUP62;NUP160;NUP43;SEC13;RANBP2;SEH1L;NUP107;NUP93;NUP58;NUP133;NUP42;TPR;AAAS;NUP54"
"REACTOME_COOPERATION_OF_PREFOLDIN_AND_TRIC_CCT_IN_ACTIN_AND_TUBULIN_FOLDING",4.28395028195709e-05,0.000133985266359122,0.557332238758646,0.597962830754449,2.16159934116335,32,"TUBB3;ACTB;VBP1;TUBA1C;CCT5;PFDN6;CCT6A;CCT8;TCP1;PFDN4;CCT2;TUBA4B;TUBA1B;TUBA1A;CCT4;CCT3;CCT7;PFDN1;TUBA4A"
"REACTOME_DNA_STRAND_ELONGATION",5.07592390371707e-05,0.000158387625514134,0.557332238758646,0.591698950781982,2.13895579523504,32,"POLD4;RPA3;GINS1;RFC4;PCNA;PRIM1;DNA2;MCM2;FEN1;MCM4;MCM6;RFC5;GINS2;GINS4;RPA2;GINS3;MCM8;PRIM2;RFC2"
"REACTOME_REGULATION_OF_CDH1_POSTTRANSLATIONAL_PROCESSING_AND_TRAFFICKING_TO_PLASMA_MEMBRANE",5.2199193640927e-05,0.000162504649025334,0.557332238758646,0.590968486196219,2.13631521009142,32,"SPCS3;CANX;SPCS1;RPN1;OSTC;CSNK2A3;CSNK2A1;SPCS2;RPN2;STT3A;CDH1;SEC11A;DAD1;TMEM258;SEC11C;GANAB;OST4"
"REACTOME_EXPORT_OF_VIRAL_RIBONUCLEOPROTEINS_FROM_NUCLEUS",5.23841243552431e-05,0.000162704607444396,0.557332238758646,0.582310833090281,2.11687532682872,33,"NUP210;NUP50;NUP37;XPO1;RAE1;NUP155;NUP153;NDC1;NUP205;NUP62;RAN;NUP160;NUP43;SEC13;RANBP2;SEH1L;NUP107;NUP93;NUP58;NUP133;NUP42;TPR;AAAS;NUP54"
"REACTOME_TRANSLOCATION_OF_SLC2A4_GLUT4_TO_THE_PLASMA_MEMBRANE",5.31035412416986e-05,0.000164559939296114,0.557332238758646,0.46830991666497,2.00727805200913,70,"TUBB3;ACTB;YWHAZ;SNAP23;RAB11A;EXOC8;TUBA1C;YWHAQ;EXOC6;RAB10;ACTG1;YWHAH;YWHAB;PRKAG1;RAB8A;RALGAPB;RAC1;TUBA4B;TUBA1B;RALA;TUBA1A;STXBP3;PRKAB1;EXOC5;RAB14;MYO5A;RAB13;KIF3B;TUBA4A;STX4;KIF3A;EXOC2;TUBB8;AKT1;TUBB4B;TUBB1;MYH9;CALM1"
"REACTOME_SUMOYLATION_OF_SUMOYLATION_PROTEINS",5.50118042594215e-05,0.000170082367297478,0.557332238758646,0.585979459834245,2.15267145290307,35,"NUP210;NUP50;UBE2I;SUMO1;NUP37;SUMO2;RAE1;NUP155;NUP153;NDC1;NUP205;NUP62;NUP160;NUP43;SEC13;RANBP2;SEH1L;NUP107;PIAS4;NUP93;NUP58;NUP133;NUP42;TPR;AAAS;NUP54"
"REACTOME_CALNEXIN_CALRETICULIN_CYCLE",6.48946044884862e-05,0.00020017832231231,0.538434096309916,0.624153227940494,2.119506242666,26,"EDEM1;RNF103;PDIA3;CALR;CANX;RNF139;SEL1L;EDEM3;UGGT1;RNF5;EDEM2;GANAB;DERL2;UBC;SYVN1;MARCHF6;AMFR;UBB"
"REACTOME_FORMATION_OF_PARAXIAL_MESODERM",6.59084566490724e-05,0.000202379497865489,0.538434096309916,0.498219673316352,1.9889578627006,53,"LEF1;PSMA5;PSMC2;PSMA6;PSMA4;PSMA2;PSMD6;PSMA1;PSMD14;PSMD12;PSMB4;PSMD1;PSMB1;PSMA3;PSMD2;PSMB2;PSMC6;ADRM1;PSMC4;PSMD7;PSMA7;PSMB3;MAML1;SEM1;PSMB5;LFNG;PSMD8;PSMD11;PSMD3;PSMC5;PSMC3"
"REACTOME_PROTEIN_FOLDING",6.57901922209408e-05,0.000202379497865489,0.538434096309916,0.417419089569841,1.90385387760141,96,"TUBB3;ACTB;GNG5;VBP1;TBCA;CCNE2;GNG10;TUBA1C;DCAF7;CCT5;GNA14;GNB2;PFDN6;TBCC;XRN2;CCT6A;FBXO4;CCT8;TCP1;CSNK2A1;GBA1;PFDN4;CCT2;RGS7;TUBA4B;TUBA1B;GNB4;TUBA1A;AP3M1;LONP2;FBXO6;GNGT2;CCNE1;CCT4;GNB1;CCT3;TBCE;CCT7;PFDN1;TUBA4A;TBCB;NOP56;ARFGEF2;SKIC2;CSNK2B;GNG13;TUBB4B"
"KEGG_N_GLYCAN_BIOSYNTHESIS",7.374973056928e-05,0.000225942356380431,0.538434096309916,0.516987356821874,2.01573219249768,46,"MGAT4A;DPM1;RPN1;STT3B;ALG8;MAN2A1;DPAGT1;ALG10B;MGAT2;ALG1;ST6GAL1;RPN2;STT3A;FUT8;MGAT5;ALG6;B4GALT3;DAD1;GANAB;B4GALT1;ALG3;ALG10;MGAT4B;DPM2;ALG2;DOLPP1"
"REACTOME_POSTMITOTIC_NUCLEAR_PORE_COMPLEX_NPC_REFORMATION",7.55121029193924e-05,0.000230817040216193,0.538434096309916,0.615331792549745,2.10962214266932,27,"TNPO1;UBE2I;SUMO1;NUP37;NUP155;RCC1;NDC1;NUP205;NUP62;RAN;NUP160;NUP43;SEC13;SEH1L;NUP107;NUP93;NUP58;KPNB1;NUP133;RANGAP1"
"REACTOME_COPII_MEDIATED_VESICLE_TRANSPORT",8.48495234328977e-05,0.000258549291964542,0.538434096309916,0.457059989815922,1.9534742772778,69,"SEC23IP;F5;RAB1A;TMED2;PPP6R1;YKT6;SEC24A;CTSZ;SEC31A;LMAN2;TFG;LMAN1;TRAPPC10;TRAPPC4;SEC22B;NSF;SEC24D;NAPA;SAR1B;NAPG;SEC24C;TRAPPC6B;SEC16A;BET1;TRAPPC3;RAB1B;SEC13;CSNK1D;SCFD1;PPP6R3;SEC22A;TBC1D20;TMED10;CTSC;CNIH1;PREB;USO1;SERPINA1;TRAPPC5;TRAPPC2L;SEC23A;TRAPPC2"
"REACTOME_TRANSCRIPTIONAL_ACTIVITY_OF_SMAD2_SMAD3_SMAD4_HETEROTRIMER",8.49683504008101e-05,0.000258549291964542,0.538434096309916,0.495880914139039,1.97666988365624,50,"STAT1;SKIL;UBE2D1;SERPINE1;COL1A2;CCNT1;TRIM33;JUNB;E2F5;CCNT2;PARP1;HDAC1;SMAD7;UBE2D3;SP1;CCNC;RNF111;RBL1;TGIF1;TGIF2;USP9X;UBC;CCNK;MAPK1;MEN1;SMURF2;UBB"
"REACTOME_RAC2_GTPASE_CYCLE",8.67616760865408e-05,0.000263411575145624,0.538434096309916,0.427636333388463,1.91986083385863,88,"ERBIN;DOCK10;DEF6;ABI1;RAC2;VAV3;DEPDC1B;CYBB;VANGL1;CYBA;IQGAP1;NCKAP1L;PREX1;TIAM1;CDC42;VRK2;PAK2;LMAN1;PAK1;RACGAP1;TFRC;TMPO;LEMD3;VAV1;RAB7A;DOCK2;NCF1;PIK3R3;VAV2;ARHGAP1;MTX1;TAOK3;MPP7;ANKLE2;NCF2;ARHGDIA;BRK1"
"REACTOME_MITOPHAGY",9.06000190983925e-05,0.000274446799426142,0.538434096309916,0.536215764292332,2.01858136325713,39,"TBK1;FUNDC1;UBE2N;UBE2D2;ATG12;MAP1LC3B;CSNK2A1;MTERF3;UBE2D3;UBE2V1;TOMM70;VDAC3;TOMM6;MFN1;SRC;VDAC1;PGAM5;VDAC2;UBE2L3;UBC;ATG5;TOMM40;SQSTM1;CSNK2B;UBB;TOMM22;ULK1;TOMM5"
"REACTOME_PROTEIN_PROTEIN_INTERACTIONS_AT_SYNAPSES",9.75993560289821e-05,0.000294986394455309,0.538434096309916,-0.419818014960923,-1.84855592676636,81,"NTRK3;SYT2;NLGN1;LRRC4B;GRIN2B;IL1RAPL1;STXBP1;GRIA4;NRXN1;DLGAP1;DLG4;EPB41L2;PPFIA4;GRIA3;APBA1;LRRTM2;BEGAIN;DLG2;GRIN2A;DLGAP2;PPFIBP2;PTPRS;FLOT2;GRIA1"
"REACTOME_REGULATION_OF_GLUCOKINASE_BY_GLUCOKINASE_REGULATORY_PROTEIN",9.97688893163349e-05,0.000300869044291766,0.538434096309916,0.569147257938178,2.02405497474224,31,"NUP210;NUP50;NUP37;RAE1;NUP155;NUP153;NDC1;NUP205;NUP62;NUP160;NUP43;SEC13;RANBP2;SEH1L;NUP107;NUP93;NUP58;NUP133;NUP42;TPR;AAAS;NUP54"
"REACTOME_ACTIVATION_OF_THE_PRE_REPLICATIVE_COMPLEX",0.000100353472652173,0.000301956431105199,0.538434096309916,0.571892514923286,2.079001601283,33,"CDC6;DBF4;RPA3;CDC7;PRIM1;CDK2;MCM2;ORC6;MCM4;ORC3;MCM6;MCM10;ORC2;RPA2;ORC5;POLE3;MCM8;PRIM2;ORC1;CDT1;MCM3"
"REACTOME_DEVELOPMENTAL_CELL_LINEAGES",0.000130167176727739,0.000389923009397759,0.518848077743792,-0.372708167942355,-1.76497550699327,122,"EGFR;MYH11;KRT14;FGF10;LAMA3;MME;SPINK5;CLDN10;LAMB3;KRT5;LAMC3;FGF2;LAMC1;COL11A2;CNN1;MFGE8;CER1;COL27A1;LAMA4;KIT;SLPI;ABCG2;AQP1;LGALS7B;TP63;ANXA3;CPA1;LGALS7;CFTR;LAMB2;KLK5;PROM1;ALDH1A1;ITGA6;LRIG1;FLG;VIM;AMY2A;COL5A3;DLL1;ANXA1;KLK7;VTN;KRT17;ERICH5;ACTA2;PRSS3;GJB3;YAP1;ITGB4;LAMA1;CSPG4;LORICRIN;SOX17;KRT15;PDIA2"
"REACTOME_TP53_REGULATES_METABOLIC_GENES",0.000130086948824546,0.000389923009397759,0.518848077743792,0.421503253657735,1.85895270460916,79,"RRM2B;YWHAZ;COX7A2;PRDX1;TIGAR;YWHAQ;TXNRD1;YWHAH;NDUFA4;LAMTOR5;COX6C;YWHAB;GSR;PRKAG1;LAMTOR2;CYCS;COX8A;TXN;MOV10;SCO2;PRKAB1;COX7B;COX7A2L;RHEB;SLC38A9;COX5A;COX6B1;G6PD;PRDX5;COX6A1"
"KEGG_METABOLISM_OF_XENOBIOTICS_BY_CYTOCHROME_P450",0.000135163492602137,0.000403991991192196,0.518848077743792,-0.513759900785038,-2.00735521124319,44,"ADH4;ADH6;GSTM5;AKR1C1;ADH1A;AKR1C3;AKR1C2;ADH1C;GSTA4;GSTM2;GSTM4;CYP3A4;GSTM1;CYP2C8;GSTA1;ADH1B;MGST1;ALDH3A1;CYP3A5;ADH5;CYP3A7;CYP3A43"
"REACTOME_SENSORY_PERCEPTION_OF_TASTE",0.00013890187554161,0.000414247186349756,0.518848077743792,-0.555469681975624,-2.00587076037867,34,"SCN4B;SCN2A;TAS2R13;SCN3A;TAS2R3;TAS2R30;SCN2B;TAS2R4;TAS2R14;TAS2R31;TAS2R10;TAS1R1;TAS2R50;TAS2R20;GNB3;TAS2R46"
"REACTOME_TNFR1_INDUCED_PROAPOPTOTIC_SIGNALING",0.000139447240545312,0.000414955585552054,0.518848077743792,0.617441075921462,2.07987762873904,25,"CYLD;TBK1;XIAP;CASP8;BIRC3;TNF;BIRC2;TNFAIP3;FADD;TRADD;SPATA2;RIPK1;RNF31;USP2;RBCK1;TRAF2"
"REACTOME_IKK_COMPLEX_RECRUITMENT_MEDIATED_BY_RIP1",0.00014016038762008,0.000416159036369754,0.518848077743792,0.627132904410933,2.0935099779282,23,"UBE2D1;BIRC3;UBE2N;LY96;UBE2D2;BIRC2;CHUK;UBE2D3;UBE2V1;TICAM1;RIPK3;TICAM2;RIPK1;UBC;IKBKB"
"REACTOME_CLASS_C_3_METABOTROPIC_GLUTAMATE_PHEROMONE_RECEPTORS",0.000156112382355083,0.000462504376735498,0.518848077743792,-0.620156871292986,-2.06568757223959,24,"GRM6;GABBR1;TAS2R13;TAS2R3;TAS2R30;TAS2R19;TAS2R4;TAS2R14;TAS2R31;TAS2R10;TAS1R1;TAS2R50;TAS2R20;GRM7;TAS2R46"
"REACTOME_EPHB_MEDIATED_FORWARD_SIGNALING",0.000156934938101678,0.000463823203673971,0.518848077743792,0.516988075021892,1.9861788536978,42,"ACTR2;ACTR3;ARPC2;ACTB;EPHB2;ARPC1B;ARPC3;LIMK1;CFL1;ARPC4;ACTG1;TIAM1;CDC42;ARPC1A;PAK1;RHOA;WASL;RAC1;ARPC5;LYN;SRC"
"REACTOME_EXTENSION_OF_TELOMERES",0.000157245700355345,0.000463823203673971,0.518848077743792,0.49952439959901,1.98286496388815,51,"TINF2;POLD4;RPA3;RFC4;BLM;RUVBL1;NOP10;PCNA;DSCC1;PRIM1;DNA2;CDK2;POT1;FEN1;CCNA2;TERF2IP;RFC5;RPA2;NHP2;CHTF8;TERF1;PRIM2;PPP6R3;RFC2;RUVBL2"
"REACTOME_TRANSCRIPTION_OF_E2F_TARGETS_UNDER_NEGATIVE_CONTROL_BY_P107_RBL1_AND_P130_RBL2_IN_COMPLEX_WITH_HDAC1",0.000161073181905576,0.000474075653294141,0.518848077743792,0.69148906155782,2.08543303584554,16,"LIN54;CDK1;MYBL2;E2F5;HDAC1;RBBP4;CCNA2;E2F1;RBL1;RBL2"
"REACTOME_AEROBIC_RESPIRATION_AND_RESPIRATORY_ELECTRON_TRANSPORT",0.000162372964513337,0.000476860035215639,0.518848077743792,0.308725302657116,1.61168950836097,243,"PDP1;COX7A2;NDUFAB1;COQ10B;ME2;NDUFV2;DLAT;NDUFB4;RANBP9;COX17;GLO1;NDUFB3;NDUFA4;COX6C;WDR26;ATP5MK;UCP2;RMND5B;ATP5PB;NDUFAF6;TMEM126B;ATP5F1E;PKM;RAB5IF;TIMMDC1;HSPA9;ATP5PF;CYCS;NDUFC2;NDUFA5;IDH2;FAHD1;UQCRQ;COX8A;ATP5F1C;COA1;ATP5MF;MPC2;NDUFA6;SCO2;NDUFS3;NDUFB10;NDUFA12;VDAC1;TMEM223;NDUFB9;NDUFB2;COX7B;GOT2;SLC25A14;COX7A2L;PDHB;SDHAF2;NDUFA7;COX5A;COX6B1;UQCC2;PGAM5;HIGD1A;LDHA;HCCS;PET100;COX6A1;UQCR10;UBC;TMEM126A;ATP5PD;SLC25A22;GID8;NDUFA2;NDUFA3;ISCA2;PNKD;NDUFB5;ATP5MJ;COX16;ATP5MG;NDUFS6;ISCU;UBB;NFS1;NDUFB11;NDUFS2;ATP5PO;NDUFAF1;COX5B;ATP5MC3;ARMC8;SDHB;SDHC;LYRM2;NDUFC1;TACO1;FH;NDUFB1;CYC1;NDUFA9;UQCC1;TMEM186;ATP5F1B;UQCRB;COX7C;HAGH;NDUFS1;SDHD;IDH3B;SUCLG2;GOT1;IDH3A;NDUFS8;UQCC6;ATP5MC2;NDUFS5"
"REACTOME_SENSORY_PERCEPTION",0.00016497613829311,0.000483451813954592,0.518848077743792,-0.321817392257869,-1.64477857076931,213,"KCNQ4;LPL;OTOGL;CDH23;OR5P2;GSN;TRIOBP;GPIHBP1;ANO2;SCN4B;RBP4;RPE65;AKR1C1;OR5P3;KCNMB1;SCN2A;TAS2R13;RDH5;EBF1;GPC3;SCN3A;AKR1C3;CLIC5;SPTBN1;TAS2R3;TAS2R30;PLB1;SCN2B;OR2A42;CIB2;APOB;NMT2;TAS2R4;PJVK;RDH10;OR2A1;TAS2R14;BSN;TAS2R31;GRK4;TAS2R10;CABP1;TMC1;CNGA1;OR52B6;TAS1R1;TAS2R50;TAS2R20;GNB3;MYO1C;ESPNL;ADCY3;TAS2R46;GPC5;GRK1;OR10AD1;STRC;TMIE;GRK7;RETSAT;OR2A7;PCLO;OR14A2;SPTAN1;CACNB2;KCNJ2;LRP2;TMC2;OR2A4;SDC2;MYO3A;GUCA1B;LRP1;SLC26A5;RBP2;GNAL;SYP;OR52H1;VAMP2;BCO2;CHRNA10;DHRS3;OR7C1;EPB41L1;TAS2R5;OR13G1;OR1L8;OPN1SW"
"REACTOME_GLUCOSE_METABOLISM",0.000169324452090604,0.000495117920646712,0.518848077743792,0.423108646860631,1.85727824117839,78,"PPP2CA;NUP210;PGM2L1;SLC37A1;NUP50;SLC37A2;BPGM;ENO4;NUP37;GNPDA1;PGK1;PGAM1;RAE1;PKM;HK1;ALDOA;NUP155;ADPGK;NUP153;NDC1;NUP205;NUP62;PRKACB;TPI1;GAPDH;NUP160;NUP43;PFKFB2;SEC13;FBP1;PPP2R1A;RANBP2;HKDC1;SEH1L"
"REACTOME_G1_S_SPECIFIC_TRANSCRIPTION",0.000175702235387124,0.000512655007146848,0.518848077743792,0.586439109498825,2.04459132441464,29,"RRM2;LIN54;CDC6;CDK1;TK1;FBXO5;E2F5;PCNA;HDAC1;RBBP4;CDC25A;CCNE1;E2F1;RBL1;RBL2;DHFR"
"REACTOME_LYSOSOME_VESICLE_BIOGENESIS",0.000202287904409346,0.000588950529468248,0.518848077743792,0.556345793742784,2.04458595465949,34,"AP1S3;M6PR;HSPA8;AP1S2;VAMP7;VAMP8;AP1G1;CTSZ;CLTC;AP1S1;AP4E1;DNASE2;ARF1;AP1B1"
"REACTOME_SELECTIVE_AUTOPHAGY",0.000204271119158457,0.000593442820313795,0.518848077743792,0.416363412186668,1.86933072139741,87,"TUBB3;TBK1;HSPA8;FUNDC1;UBE2N;TUBA1C;UBE2D2;ATG12;MAP1LC3B;PRKAG1;CSNK2A1;TUBA4B;MTERF3;UBE2D3;TUBA1B;UBE2V1;TOMM70;VDAC3;DYNLL1;TOMM6;TUBA1A;MFN1;DYNC1LI1;DYNLL2;SRC;VDAC1;HSP90AA1;PRKAB1;PGAM5;VDAC2;TUBA4A;UBE2L3;UBC;ATG5;TOMM40;PLIN3;TUBB8;SQSTM1;ATM;ARL13B;CSNK2B;TUBB4B;UBB;TOMM22;TUBB1"
"REACTOME_RIP_MEDIATED_NFKB_ACTIVATION_VIA_ZBP1",0.000206682607517778,0.000599157322438634,0.518848077743792,0.665228496523651,2.04747267734088,17,"MYD88;ZBP1;CHUK;TICAM1;NFKB1;RIPK3;DHX9;RIPK1;RELA;IKBKB;NFKB2;NKIRAS1;NFKBIB;NFKBIA"
"REACTOME_DIFFERENTIATION_OF_KERATINOCYTES_IN_INTERFOLLICULAR_EPIDERMIS_IN_MAMMALIAN_SKIN",0.000207499433102094,0.000600234411634385,0.518848077743792,-0.554449061439113,-1.97637720356171,32,"KRT14;SPINK5;KRT5;ABCG2;LGALS7B;TP63;LGALS7;KLK5;ITGA6;LRIG1;FLG;DLL1;KLK7;PRSS3;GJB3;YAP1;ITGB4;CSPG4;LORICRIN;KRT15"
"KEGG_TYROSINE_METABOLISM",0.000211744452786206,0.000610662391510774,0.518848077743792,-0.532117995103503,-1.99931588119447,38,"TAT;MAOA;DCT;ADH4;ADH6;MAOB;ADH1A;COMT;TPO;AOC3;ADH1C"
"REACTOME_CYTOSOLIC_TRNA_AMINOACYLATION",0.000212010385183266,0.000610662391510774,0.518848077743792,0.607651265784521,2.04180447451071,24,"TARS1;EEF1E1;GARS1;YARS1;MARS1;EPRS1;NARS1;RARS1;PPA1;AIMP1;IARS1;SARS1;KARS1;VARS1;WARS1;DARS1;FARSA;AIMP2;AARS1;CARS1"
"REACTOME_M_DECAY_DEGRADATION_OF_MATERNAL_MRNAS_BY_MATERNALLY_STORED_FACTORS",0.000214101217384284,0.000615369810307068,0.518848077743792,0.589336959413254,2.0281514701479,28,"ELOC;EIF4E;EIF4A3;CNOT11;CNOT6;PAIP2;CNOT9;POLR2D;CNOT2;PAIP1;CNOT1;CNOT8;EIF4G1;CNOT6L;EIF4A2;CNOT7;EIF4A1"
"REACTOME_DNA_DAMAGE_RECOGNITION_IN_GG_NER",0.000215698692742265,0.000618642208120369,0.518848077743792,0.52809504709392,1.97219293335573,38,"COPS8;ACTB;COPS5;RUVBL1;RBX1;PARP1;CUL4B;ACTL6A;RAD23B;CETN2;DDB1;COPS4;COPS3;UBC;COPS2;COPS6;UBB;INO80D;TFPT;GPS1;MCRS1;ACTR5;INO80;ACTR8;DDB2;COPS7A;YY1"
"REACTOME_INTERCONVERSION_OF_NUCLEOTIDE_DI_AND_TRIPHOSPHATES",0.00022141248294799,0.000633681586016752,0.518848077743792,0.581136820808475,2.02610515376156,29,"RRM2B;AK6;RRM2;DCTPP1;TXNRD1;GSR;TXN;NME1;GLRX;CMPK1;NME3;CTPS1;GUK1;RRM1;AK2"
"REACTOME_FORMATION_OF_THE_DYSTROPHIN_GLYCOPROTEIN_COMPLEX_DGC",0.000225634311063582,0.000644396295156162,0.518848077743792,-0.547317806094977,-1.99316429704222,35,"DMD;LAMA3;SNTG2;SGCA;LAMB3;LAMC3;LAMC1;LAMA4;ACTG2;SGCG;UTRN;SGCZ;SNTB2;LAMB2;SNTA1;SGCB;DTNB;ACTA2;LAMA1;SSPN;SGCE;LAMA2"
"REACTOME_CILIUM_ASSEMBLY",0.000231394193244825,0.000659448990473625,0.518848077743792,0.325324436393473,1.64100447906079,190,"TNPO1;CEP97;TUBB3;RP2;MAPRE1;RAB11A;EXOC8;TUBA1C;CCT5;PLK1;EXOC6;NEDD1;ARF4;CDK1;NEK2;CEP135;ARL3;CCT8;PLK4;TCP1;RAB8A;IFT52;CCP110;CCT2;IFT80;TUBA1B;DYNLL1;CKAP5;TUBA1A;HAUS2;DYNLL2;SSTR3;HSP90AA1;EXOC5;CCT4;CCT3;RAB3IP;CETN2;DYNLRB1;BBS4;SEPTIN2;CEP83;IQCB1;IFT22;CEP70;KIF3B;TUBA4A;PPP2R1A;TUBB;CSNK1D;KIF3A;HAUS1;TMEM67;RAB11FIP3;CEP43;CEP41;HAUS3;ACTR1A;EXOC2;TUBB8;PDE6D;ARL13B;TUBB4B;CEP250;CYS1"
"REACTOME_RESPONSE_OF_EIF2AK4_GCN2_TO_AMINO_ACID_DEFICIENCY",0.000240819959152403,0.000684863512526243,0.518848077743792,-0.387281788099417,-1.76560040468132,98,"RPL13;RPS6;RPLP2;RPL4;RPL3;RPS9;RPS16;RPL18A;RPS3A;RPL32;RPL13A;RPL23A;RPL37A;RPL7;RPL22;RPL27;RPS28;RPL34;RPS23;RPS12;RPS5;RPL38;RPL8;RPS8;RPL14;RPS20;RPL31;RPS27A;RPL10;RPL5;RPL12;UBA52;RPL11;RPL18;RPLP1;RPL35;RPS3;RPS4X;RPL23;RPS19;RPS29;RPL29;RPL26;RPL9;RPL10A;RPL17;RPL21;RPL39;RPL19;RPL37;RPL7A;RPS11;RPL6;RPS7;RPS25;RPS18;RPS14;RPL27A;RPL15;RPS15"
"REACTOME_BIOSYNTHESIS_OF_THE_N_GLYCAN_PRECURSOR_DOLICHOL_LIPID_LINKED_OLIGOSACCHARIDE_LLO_AND_TRANSFER_TO_A_NASCENT_PROTEIN",0.000246159231833378,0.000697106396032341,0.49849310876659,0.419420909818214,1.83569805529433,77,"ST8SIA4;GLB1;DPM1;NEU1;NPL;ST6GAL2;ALG8;DPAGT1;NAGK;HK1;GFUS;ALG10B;ALG1;NUS1;ST6GAL1;CTSA;PMM2;ALG6;NANS;NANP;AMDHD2;GNPNAT1;GFPT2;GMPPA;ALG3;ALG10;PGM3;DOLK;ST6GALNAC4;SLC35A1;SRD5A3;DPM2;NEU3;ALG2;CMAS;GFPT1;DOLPP1;ST3GAL1;MPDU1;UAP1;FPGT"
"REACTOME_LATE_SARS_COV_2_INFECTION_EVENTS",0.000246120744315095,0.000697106396032341,0.49849310876659,0.435056228200174,1.90191229863252,74,"PARP9;GALNT1;MGAT4A;PARP14;CANX;MAGT1;RPN1;UBE2I;SUMO1;STT3B;OSTC;MAN2A1;MGAT2;SRPK2;ST6GAL1;SRPK1;RPN2;STT3A;ZDHHC20;GSK3B;FUT8;MGAT5;ZDHHC5;PARP8;DAD1;ZDHHC9;TMEM258;CSNK1A1;EDEM2;GANAB;PARP10;OST4;MGAT4B;UBC;ST6GALNAC4"
"REACTOME_HSP90_CHAPERONE_CYCLE_FOR_STEROID_HORMONE_RECEPTORS_SHR_IN_THE_PRESENCE_OF_LIGAND",0.000250563671369165,0.00070774410852484,0.49849310876659,0.47213087584463,1.90537565399126,55,"CAPZA1;CAPZA2;TUBB3;DCTN5;HSPA8;TUBA1C;STIP1;PTGES3;FKBP4;CAPZB;TUBA4B;TUBA1B;DNAJA2;DNAJA1;HSP90AB1;DYNLL1;DNAJA4;TUBA1A;DYNC1LI1;DYNLL2;HSP90AA1"
"REACTOME_NUCLEAR_RNA_DECAY",0.000250965640856731,0.00070774410852484,0.49849310876659,0.551919297218961,2.02754703341592,35,"C1D;TENT4B;XRN2;RBM7;ZCCHC8;RBM27;EXOSC6;ZFC3H1;NCBP2;MTREX;PAPOLG;EXOSC9;YTHDC2;EXOSC1;EXOSC3;EXOSC4;NCBP1;WDR82;YTHDC1;SRRT"
"REACTOME_INTERLEUKIN_2_FAMILY_SIGNALING",0.000254334446928983,0.000715747044802232,0.49849310876659,0.518397776341295,1.96433141165564,40,"IL21R;STAT1;LGALS9;PTPN6;IL9R;IL2RB;LCK;IL2RG;IL21;HAVCR2;SYK;IL2RA;GRB2;PIK3R3;PTK2B;PIK3CB;CSF2RB;CSF2RA;JAK3;STAT4;PIK3CD;INPPL1;SHC1"
"KEGG_EPITHELIAL_CELL_SIGNALING_IN_HELICOBACTER_PYLORI_INFECTION",0.000267647666595333,0.000751643863688561,0.49849310876659,0.436270309805707,1.85646899247492,67,"CASP3;ATP6V1A;ATP6V0E2;ATP6V0E1;ATP6V0B;CSK;ATP6AP1;ATP6V0C;ATP6V1C2;MAPK9;CCL5;ATP6V0D1;ATP6V1B2;ATP6V1F;ATP6V1C1;CDC42;PAK1;ATP6V1H;ADAM10;CHUK;RAC1;ATP6V1G1;ATP6V1D;NFKB1;LYN;SRC;ADAM17;F11R"
"REACTOME_TNFR1_INDUCED_NF_KAPPA_B_SIGNALING_PATHWAY",0.000271770903230584,0.000761636543773029,0.49849310876659,0.550069361427761,1.99966786307464,33,"CYLD;XIAP;BIRC3;TNF;TRAF1;BIRC2;TNFAIP3;CHUK;TAB3;MAP3K7;TRADD;SPATA2;RIPK1;RNF31;UBC;IKBKB;USP2;RBCK1;UBB;TRAF2"
"REACTOME_PROCESSIVE_SYNTHESIS_ON_THE_C_STRAND_OF_THE_TELOMERE",0.000288188280572044,0.000805970544006464,0.49849310876659,0.649173067257328,2.06388832914069,19,"TINF2;POLD4;RPA3;BLM;PCNA;DNA2;POT1;FEN1;TERF2IP;RPA2;TERF1"
"REACTOME_TICAM1_RIP1_MEDIATED_IKK_COMPLEX_RECRUITMENT",0.000296965514337565,0.000828798164238172,0.49849310876659,0.647721751267396,2.05927422192553,19,"UBE2D1;BIRC3;UBE2N;UBE2D2;BIRC2;CHUK;UBE2D3;UBE2V1;TICAM1;RIPK3;RIPK1;UBC;IKBKB;UBB"
"REACTOME_DEVELOPMENTAL_CELL_LINEAGES_OF_THE_INTEGUMENTARY_SYSTEM",0.000299370093401027,0.000833782822116909,0.49849310876659,-0.450454767217426,-1.88822636600089,62,"EGFR;MYH11;KRT14;FGF10;MME;SPINK5;KRT5;CNN1;MFGE8;KIT;SLPI;ABCG2;LGALS7B;TP63;LGALS7;KLK5;ALDH1A1;ITGA6;LRIG1;FLG;VIM;DLL1;KLK7;ACTA2;PRSS3;GJB3;YAP1;ITGB4;CSPG4;LORICRIN"
"REACTOME_KINESINS",0.0003021249789116,0.000839720559943992,0.49849310876659,0.45373407385614,1.84965338933014,57,"TUBB3;KIF26B;KIF2A;TUBA1C;KIF23;KIF20B;KIF5B;KIF18A;KIF21B;KIF11;KIF4A;RACGAP1;KIF2C;CENPE;TUBA4B;TUBA1B;KIF22;KIFC1;TUBA1A;KIF20A;KIF21A;KIF15;KIF1A;KIF3B;TUBA4A;KIF3A;KIF18B;TUBB8"
"REACTOME_EVASION_BY_RSV_OF_HOST_INTERFERON_RESPONSES",0.000317480057873165,0.000880582547351905,0.49849310876659,0.629614902546842,2.05089033183617,21,"EIF2AK2;RIGI;ELOC;IFIH1;STAT2;CUL5;ELOB;RBX1;TRIM25;IFNAR2;UBC;MAVS;IFNAR1;UBB"
"REACTOME_RECOGNITION_OF_DNA_DAMAGE_BY_PCNA_CONTAINING_REPLICATION_COMPLEX",0.000326193449046477,0.000902892750132753,0.49849310876659,0.556994173439436,1.9609579881253,30,"POLD4;UBE2B;RPA3;RFC4;PCNA;RBX1;USP1;CUL4B;RFC5;DTL;DDB1;RPA2;UBC;POLE3;RFC2;UBB"
"REACTOME_PROCESSING_OF_INTRONLESS_PRE_MRNAS",0.000331995308812126,0.000917069008767921,0.49849310876659,0.633178399543627,2.03900210162007,20,"CPSF3;CSTF2;CSTF1;NUDT21;PAPOLA;CPSF2;CLP1;NCBP2;PCF11;CSTF2T;CSTF3;FIP1L1"
"REACTOME_HIV_TRANSCRIPTION_ELONGATION",0.000336340894628408,0.000927172854722072,0.49849310876659,0.503042336260671,1.94468302513821,43,"POLR2K;CDK7;ELOC;POLR2B;CCNT1;SUPT4H1;ELOB;POLR2D;TCEA1;POLR2G;GTF2H3;POLR2J;NCBP2;POLR2H;GTF2H2;SUPT16H;GTF2H5;NELFCD;POLR2C;CTDP1;NCBP1;NELFE;ELOA;SSRP1;ERCC3;CDK9;GTF2H1"
"REACTOME_MATURATION_OF_SARS_COV_2_NUCLEOPROTEIN",0.000339010266807998,0.000932624162565676,0.49849310876659,0.689196717973505,2.02700329525504,15,"PARP9;PARP14;UBE2I;SUMO1;SRPK2;SRPK1;GSK3B;PARP8;CSNK1A1;PARP10"
"REACTOME_DENGUE_VIRUS_ACTIVATES_MODULATES_INNATE_AND_ADAPTIVE_IMMUNE_RESPONSES",0.000340652399646234,0.000935233064609213,0.49849310876659,0.571104898857233,1.99112934765231,29,"IFIH1;STAT2;DDX3X;CLEC5A;CDC73;CTR9;CGAS;HSP90AB1;LEO1;C4B;C4A;TRIM25;HSP90AA1;RTF1"
"REACTOME_RHO_GTPASES_ACTIVATE_IQGAPS",0.000342920920871013,0.000939547563687246,0.49849310876659,0.554083017264047,1.95070894921425,30,"TUBB3;ACTB;TUBA1C;IQGAP1;ACTG1;CDC42;RAC1;TUBA4B;TUBA1B;CDH1;TUBA1A;CLIP1;IQGAP3;TUBA4A;MEN1;TUBB8;TUBB4B;TUBB1;CALM1;TUBA3D;CTNNA1;IQGAP2;TUBA3E"
"REACTOME_TRANSCRIPTION_OF_E2F_TARGETS_UNDER_NEGATIVE_CONTROL_BY_DREAM_COMPLEX",0.000360393224309932,0.000985415956125332,0.49849310876659,0.643623580523366,2.046245081938,19,"LIN54;CDC6;E2F5;PCNA;HDAC1;TOP2A;RBBP4;CDC25A;MAX;E2F1;RBL1;RBL2"
"REACTOME_SIGNALING_BY_HEDGEHOG",0.000361153935068653,0.000985496972616488,0.49849310876659,0.359012489012341,1.72404874886256,132,"TUBB3;PSMA5;PSMC2;PSMA6;PSMA4;SPOPL;PSMA2;TUBA1C;CUL3;PSMD6;PSMA1;SEL1L;PSMD14;PSMD12;PSMB4;PSMD1;ITCH;PSMB1;CDC73;SKP1;ERLEC1;PSMA3;RBX1;PSMD2;PSMB2;PSMC6;IFT52;ADRM1;PSMC4;PSMD7;TUBA1B;GSK3B;ADCY7;GNAS;PSMA7;TUBA1A;GRK2;ADAM17;PRKACB;PSMB3;SEM1;PSMB5;CSNK1A1;P4HB;HHAT;CUL1;PSMD8;PSMD11;TUBA4A;PSMD3;DERL2;KIF3A;UBC;ADCY9;SYVN1;PSMC5;PSMC3;PSMB7;SMURF2;TUBB4B;PSMC1;UBB;PRKAR2A;IQCE;TUBB1"
"KEGG_NUCLEOTIDE_EXCISION_REPAIR",0.000365323336325186,0.000994860317911819,0.49849310876659,0.48976136849994,1.89867381995491,44,"CDK7;POLD4;RPA3;RFC4;PCNA;RBX1;ERCC4;CUL4B;GTF2H3;RFC5;GTF2H2;RAD23B;CETN2;DDB1;RPA2;GTF2H5;POLE3"
"KEGG_PYRIMIDINE_METABOLISM",0.000381211537857809,0.00103588262023901,0.49849310876659,0.393471000156695,1.79462633140234,96,"DCK;CMPK2;POLR2K;RRM2B;RRM2;POLR3K;POLD4;NT5C3A;POLR2B;TXNRD1;PNP;TYMP;TK1;POLR2D;POLR3F;PRIM1;NME1;CMPK1;POLR2G;POLR1H;CANT1;NME3;POLR2J;POLR2H;ITPA;PNPT1;POLR3C;CTPS1;RRM1;POLE3;POLR3A;PRIM2;ENTPD4"
"REACTOME_SIGNALING_BY_BRAF_AND_RAF1_FUSIONS",0.000381924081794352,0.00103588262023901,0.49849310876659,0.43746664226865,1.83464467819471,64,"KRAS;FN1;RAP1B;ACTB;NRAS;CSK;AGGF1;IQGAP1;ACTG1;RAP1A;ZC3HAV1;ESRP1;BCL2L11;YWHAB"
"REACTOME_SIGNALING_BY_MODERATE_KINASE_ACTIVITY_BRAF_MUTANTS",0.000387978606577179,0.0010501910876828,0.49849310876659,0.487646380288456,1.89047457639481,44,"KRAS;FN1;RAP1B;ACTB;NRAS;CSK;IQGAP1;ACTG1;RAP1A;YWHAB"
"REACTOME_CARDIAC_CONDUCTION",0.000399656900673922,0.00107963427276242,0.49849310876659,-0.358341380068903,-1.66332590017996,114,"RYR3;MME;ATP1A2;NPR1;SCN4B;SCN4A;FXYD1;SCN2A;KCNIP1;CASQ2;SCN3A;ATP1B2;KCNK12;KCNIP2;KCNE1;KCNK5;SCN2B;CES1;KCNJ12;TRDN;KCNK3;ASPH;KCNIP4;SCN3B;FXYD6;RYR1;ITPR1;NOS1;NPR2;KCND1;HIPK2;CACNB2;KCNJ2;STIM1;TRPC1;ITPR2;PRKACA;PLN;KCNQ1;SCN7A;CACNA1C;FGF11;KCNK7;WWTR1;FXYD2;FXYD7;KCNIP3;TBX5;NPPC;SCN11A;SCN8A;ATP2B4;SLC8A3;FGF13;DMPK;ABCC9;KCNK2"
"REACTOME_CYCLIN_D_ASSOCIATED_EVENTS_IN_G1",0.000406522628819398,0.0010959850072971,0.49849310876659,0.489433171465955,1.92176265529056,47,"CDK7;PPP2CA;CCNE2;CDKN1A;CDKN1B;SKP1;E2F5;E2F3;CDKN2D;CDKN2A;CDK2;E2F2;LYN;RB1;SRC;CKS1B;CCNE1;E2F1;RBL1;RBL2;CUL1;PPP2R1A;UBC;PPP2R2A;CDK4;PTK6"
"KEGG_DNA_REPLICATION",0.000413799822760108,0.0011133775670272,0.49849310876659,0.527515265146064,1.95514306486948,36,"POLD4;RPA3;RFC4;PCNA;SSBP1;PRIM1;DNA2;MCM2;FEN1;MCM4;MCM6;RFC5;RPA2;RNASEH2A;POLE3;PRIM2;RNASEH2B;RFC2"
"REACTOME_DISEASES_OF_IMMUNE_SYSTEM",0.000426558507858737,0.00114314287990771,0.49849310876659,0.542188278116579,1.92818091673561,31,"TLR7;TLR10;MYD88;IRAK4;BTK;TLR1;LY96;TLR6;CHUK;UNC93B1;TICAM1;NFKB1;RELA;IKBKB;NFKB2;TLR2;TRAF3;FGG;NFKBIA;TIRAP;HMGB1;FGB"
"REACTOME_REGULATION_OF_TP53_EXPRESSION_AND_DEGRADATION",0.000426558507858737,0.00114314287990771,0.49849310876659,0.516643261614685,1.92397353797558,37,"PPP2CA;PRDM1;USP7;CDK1;SGK1;RNF34;CDKN2A;PDPK1;CDK2;PHF20;CCNA2;DAXX;RICTOR;PPP2R1A;UBC;MDM2;USP2;AKT1;ATM;CHEK2;UBB;PPP2R5C"
"REACTOME_NITRIC_OXIDE_STIMULATES_GUANYLATE_CYCLASE",0.000429587366198746,0.00114897573340458,0.49849310876659,-0.618452134125245,-2.01445937963422,22,"KCNMB1;PDE9A;PDE2A;PDE11A;PDE5A;GUCY1A1;KCNMB2;ITPR1;IRAG1;NOS1;PDE10A;PDE1B;NOS3;KCNMB4;NOS2;PDE1A;KCNMA1;GUCY1B1"
"KEGG_PANCREATIC_CANCER",0.000435353553572476,0.00116209225785287,0.49849310876659,0.433242572393312,1.85697179541729,70,"KRAS;STAT1;TGFB1;RAC2;MAPK9;PIK3CG;CDC42;BRCA2;BCL2L1;E2F3;CHUK;CDKN2A;RAC1;PIK3R5;E2F2;RALA;NFKB1;TGFBR1;RB1;PIK3R3;PIK3CB;RAD51;E2F1;RALB;RELA;TGFB2;MAPK1;ERBB2;CDK4;IKBKB;PIK3CD;PGF;AKT1"
"REACTOME_COMPLEX_I_BIOGENESIS",0.000449394331256189,0.00119720070856392,0.49849310876659,0.443617999711585,1.84810861313759,62,"NDUFAB1;NDUFV2;NDUFB4;NDUFB3;NDUFAF6;TMEM126B;TIMMDC1;HSPA9;NDUFC2;NDUFA5;COA1;NDUFA6;NDUFS3;NDUFB10;NDUFA12;NDUFB9;NDUFB2;NDUFA7;TMEM126A;NDUFA2;NDUFA3;NDUFB5;NDUFS6;NDUFB11;NDUFS2;NDUFAF1;LYRM2;NDUFC1;NDUFB1;NDUFA9;TMEM186"
"REACTOME_PHASE_I_FUNCTIONALIZATION_OF_COMPOUNDS",0.000467943085355995,0.0012441563689544,0.49849310876659,-0.39355933886501,-1.77368338335407,91,"CYP39A1;MAOA;ADH4;ADH6;FMO2;CYP4F12;MAOB;ADH1A;CYP2D6;MTARC1;AADAC;AOC3;CES3;ADH1C;MTARC2;CES1;CYP4F22;CYP46A1;CYP4A11;CYP3A4;CYP26B1;FMO3;CYP2C8;CYP11A1;ALDH1A1;ADH1B;AOC2;FMO1;ALDH3A1;CYP3A5;ADH5;CYP2W1;CYP3A7;NCOA1;CYP3A43;CYB5R3;ALDH2;CYP26C1;POMC;ACSS2"
"REACTOME_METABOLISM_OF_CARBOHYDRATES_AND_CARBOHYDRATE_DERIVATIVES",0.000478599889824827,0.00126998553441706,0.49849310876659,0.284936922453014,1.51749825013617,283,"BGN;SDC1;LUM;HS6ST3;PPP2CA;VCAN;B3GNT2;CSGALNACT2;HS3ST3B1;NUP210;PGM2L1;CHST11;SLC37A1;PRPS1;ARSB;GLB1;GPC6;NUP50;SLC37A2;ABCC5;HAS1;BPGM;CHPF;ENO4;HPSE;HEXB;B4GALT4;MANBA;NUP37;FUT7;GNPDA1;PGK1;PGAM1;HMMR;MAN2B1;GALE;CTSL;RAE1;GYG1;PKM;HK1;ACAN;ALDOA;CHST1;NUP155;ADPGK;CHPF2;RHCE;SLC35B3;PHKG2;B3GNT4;SDC4;IDS;SLC9A1;NUP153;NDC1;NUP205;SLC2A1;KERA;NUP62;CEMIP;OMD;AKR1A1;AGL;B4GALT3;B4GALNT2;PRKACB;TPI1;B3GAT2;GAPDH;CHST15;SORD;PGM2;NUP160;GAA;HEXA;NUP43;G6PD;SLC35B2;PFKFB2;TKFC;B4GALT1;SEC13;FBP1;PPP2R1A;B3GNT7;RANBP2;GUSB;UBC;HKDC1;SEH1L;CHSY1"
"REACTOME_PURINERGIC_SIGNALING_IN_LEISHMANIASIS_INFECTION",0.000502529686687294,0.00133086447476321,0.477270815362862,0.579391219042467,1.96750293154528,26,"PYCARD;C3AR1;IL18;HMOX1;IL1B;CASP1;TXN;HSP90AB1;NFKB1;P2RX7;RELA;NFKB2;IL1A;PSTPIP1;GSDMD;P2RX4"
"REACTOME_NFE2L2_REGULATING_ANTI_OXIDANT_DETOXIFICATION_ENZYMES",0.000510314077260621,0.00134883014930846,0.477270815362862,0.633343685361355,2.01356264836247,19,"PRDX1;SRXN1;TXNRD1;GSR;SLC7A11;NQO1;HMOX1;TXN;BACH1;NFE2L2;GCLM"
"REACTOME_TELOMERE_C_STRAND_LAGGING_STRAND_SYNTHESIS",0.000526923922592242,0.00139000674687738,0.477270815362862,0.53685714031677,1.97296462217491,34,"TINF2;POLD4;RPA3;RFC4;BLM;PCNA;DSCC1;PRIM1;DNA2;POT1;FEN1;TERF2IP;RFC5;RPA2;CHTF8;TERF1;PRIM2;RFC2"
"REACTOME_RECYCLING_PATHWAY_OF_L1",0.00053018499470009,0.00139587768135883,0.477270815362862,0.482731610519083,1.88216913783219,46,"TUBB3;EZR;ACTB;TUBA1C;ACTG1;CLTC;KIF4A;AP2M1;SHTN1;AP2S1;RPS6KA1;L1CAM;TUBA4B;TUBA1B;TUBA1A;SRC;RPS6KA4;AP2B1;TUBA4A;MAPK1;DNM2"
"REACTOME_MAPK_FAMILY_SIGNALING_CASCADES",0.000549819363214075,0.00144474951581398,0.477270815362862,0.276081809250723,1.48077022680233,298,"KRAS;FN1;MMP10;RAP1B;ACTB;PSMA5;PPP2CA;NRAS;PSMC2;PSMA6;PSMA4;LYPLA1;IL2RB;CSK;IL2RG;PSMA2;DUSP10;IGF2BP1;PTPN7;PAQR3;NCOA3;CUL3;HSPB1;RANBP9;DUSP5;IQGAP1;ACTG1;PSMD6;RASGRP1;RASAL3;PSMA1;DUSP2;CDK1;RAP1A;PSMD14;PSMD12;PPP1CC;MAPK6;PSMB4;CDC42;FLT3;PSMD1;YWHAB;SHOC2;RASGRF1;PAK2;PSMB1;XPO1;PAK1;BCL2L1;MMP2;PSMA3;LAMTOR2;RBX1;PSMD2;PSMB2;PSMC6;ADRM1;PSMC4;RAC1;PSMD7;LAT;SPRED3;IL2RA;MOV10;GRB2;PSMA7;PPP2R5E;SRC;DLG3;PRKACB;SEPTIN7;ARTN;PSMB3;PIK3CB;ZDHHC9;SEM1;PSMB5;DUSP16;CSF2RB;CSF2RA;KITLG;PSMD8;DUSP8;PSMD11;JAK3;ABHD17C;PSMD3;PPP2R1A;FGF18;FGFR3;UBC;GRIN2D;MAPK1;ERBB2;FRS2;BRAP;ERBB3;PSMC5;PSMC3;RASGRP3;KSR2"
"REACTOME_HEDGEHOG_ON_STATE",0.000561214482242664,0.00146896528555944,0.477270815362862,0.421194836392952,1.81748460858753,71,"PSMA5;PSMC2;PSMA6;PSMA4;SPOPL;PSMA2;CUL3;PSMD6;PSMA1;PSMD14;PSMD12;PSMB4;PSMD1;ITCH;PSMB1;CDC73;PSMA3;RBX1;PSMD2;PSMB2;PSMC6;ADRM1;PSMC4;PSMD7;PSMA7;GRK2;PSMB3;SEM1;PSMB5;CSNK1A1;PSMD8;PSMD11;PSMD3;KIF3A;UBC;PSMC5;PSMC3;PSMB7;SMURF2;PSMC1;UBB"
"REACTOME_SIGNALING_BY_CSF3_G_CSF",0.000560242489068626,0.00146896528555944,0.477270815362862,0.558914186193392,1.94862702311904,29,"KRAS;STAT1;UBE2D1;ELOC;CUL5;UBE2D2;RNF7;HCK;ELOB;SYK;UBE2D3;GRB2;SOCS3;LYN"
"REACTOME_INTERACTIONS_OF_VPR_WITH_HOST_CELLULAR_PROTEINS",0.000565954972613576,0.00147850252535484,0.477270815362862,0.511957074661763,1.90652223189786,37,"NUP210;NUP50;NUP37;RAE1;NUP155;HMGA1;BANF1;NUP153;NDC1;NUP205;NUP62;KPNA1;NUP160;NUP43;SLC25A5;SEC13;RANBP2;SEH1L;NUP107;NUP93;NUP58;NUP133;NUP42;TPR;AAAS;NUP54"
"KEGG_FC_EPSILON_RI_SIGNALING_PATHWAY",0.000567976102510648,0.00148091254581113,0.477270815362862,0.426823534009181,1.82945840224546,70,"KRAS;NRAS;RAC2;VAV3;PLA2G2D;BTK;LCP2;TNF;MAPK9;PIK3CG;FCER1G;PRKCB;SYK;RAC1;PDPK1;PIK3R5;LAT;VAV1;GRB2;MS4A2;LYN;PIK3R3;VAV2;PLA2G2A;PIK3CB"
"REACTOME_FLT3_SIGNALING",0.000571503550776454,0.00148723317846846,0.477270815362862,0.50905520920257,1.90108786628836,38,"KRAS;PTPRJ;NRAS;CSK;LCK;SLA2;SLA;GRAP2;HCK;FLT3;BCL2L11;SOCS6;CDKN1B;SYK"
"REACTOME_SARS_COV_1_TARGETS_HOST_INTRACELLULAR_SIGNALLING_AND_REGULATORY_PATHWAYS",0.000573736509229823,0.00149016727252756,0.477270815362862,0.661528057803112,1.99507489355418,16,"YWHAZ;SERPINE1;YWHAQ;UBE2I;YWHAH;YWHAB;PSMC6;PDPK1;SP1"
"REACTOME_FORMATION_OF_SENESCENCE_ASSOCIATED_HETEROCHROMATIN_FOCI_SAHF",0.000580674527248737,0.00150528704371403,0.477270815362862,0.642215657312569,1.97664263960353,17,"H1-3;CDKN1A;ASF1A;H1-5;HMGA1;LMNB1;H1-2;RB1;H1-0;UBN1"
"REACTOME_INTEGRIN_CELL_SURFACE_INTERACTIONS",0.000602887378557337,0.00155986983933837,0.477270815362862,0.385780257377578,1.72840394463241,84,"COMP;COL8A1;FN1;COL10A1;LUM;ITGA4;IBSP;ITGAX;ITGAV;THBS1;ITGAL;ITGAD;COL1A2;COL5A1;COL1A1;ITGB7;COL5A2;ITGB2;COL6A3;SPP1;ICAM3;COL8A2;CDH1;COL3A1;COL6A5;ICAM1"
"REACTOME_ATF4_ACTIVATES_GENES_IN_RESPONSE_TO_ENDOPLASMIC_RETICULUM_STRESS",0.000639527419720469,0.00165149992678773,0.477270815362862,0.574112580702073,1.94957767471026,26,"HERPUD1;PARN;DCP2;NFYA;CCL2;EXOSC6;NFYB;EXOSC9;ATF6;EXOSC1;ASNS;EXOSC3;CXCL8;ATF3;CEBPG;EXOSC4;DDIT3;DIS3"
"REACTOME_SARS_COV_1_HOST_INTERACTIONS",0.00065260054635284,0.00168203735465321,0.477270815362862,0.383489327657804,1.74909979376472,96,"TLR7;RIGI;TBK1;YWHAZ;PYCARD;IFIH1;SERPINE1;YWHAQ;NMI;RPS27L;BST2;KPNA2;UBE2I;YWHAH;YWHAB;ITCH;FKBP1A;SIKE1;BCL2L1;PSMC6;PDPK1;PPIA;RCAN3;CASP1;SP1;TOMM70;NFKB1;RIPK3;TRIM25;PPIB;RUNX1;TKFC;RIPK1;RELA"
"KEGG_NEUROACTIVE_LIGAND_RECEPTOR_INTERACTION",0.000675347686864835,0.00173734481277442,0.477270815362862,-0.305563062549877,-1.55342065434264,199,"NPY5R;NPY2R;GALR1;GHR;ADCYAP1R1;NPY4R;ADORA1;GRM6;GRIN2B;VIPR1;ADRA2B;GABRE;THRB;CHRM3;ADRA1A;GABBR1;LHCGR;GRIA4;GLP2R;SSTR1;HTR2A;PTH1R;LEP;PTH2R;P2RX6;TACR1;EDNRB;BDKRB2;GRIA3;GLRB;NPY1R;GABRG3;PARD3;GLRA3;NMUR1;HTR6;GRIK5;GLP1R;CRHR1;ADRB1;DRD2;GRID1;ADRA1B;LPAR1;THRA;GRIN2A;GABRA2;GRM7;ADORA2B;GRIA1;OXTR;TSHR;LPAR3;GRIA2;CHRNA7;CHRM1;AVPR2;GPR156;GLRA1;GPR83;PRSS3;GRM3;P2RY1;PTGFR;ADRB2;LEPR;GABRB3;S1PR5;TSPO;GABRP;AVPR1A;LTB4R;TRPV1;CHRNA5;CHRNA10;NR3C1;GNRHR;CHRNE;CTSG;GRIK1;UTS2R;TBXA2R;CHRNB1;CHRNA3;LTB4R2"
"REACTOME_TOLL_LIKE_RECEPTOR_9_TLR9_CASCADE",0.000699051529985055,0.00179489802365687,0.477270815362862,0.357205266849874,1.64898805558359,109,"TLR7;MYD88;IRF7;PPP2CA;IRAK4;CASP8;N4BP1;TASL;MAPKAPK2;UBE2N;MAPK9;LY96;SLC15A4;NOD2;SKP1;RPS6KA1;CHUK;IRF5;ATF2;ELK1;UBE2V1;TICAM1;TAB3;MAP3K7;RIPK2;FBXW11;NFKB1;CREB1;USP18;ATF1;MAPKAPK3;VRK3;USP14;TICAM2;CUL1;RELA;PPP2R1A;UBC;MAPK1;IKBKB;NFKB2;TNIP2;NKIRAS1;MAPK14;NLRC5;UBB;TRAF2;IRAK1;TLR9;PIK3R4;NFKBIB"
"REACTOME_EXTRACELLULAR_MATRIX_ORGANIZATION",0.000778466884855667,0.00199500638932593,0.477270815362862,0.277523944053644,1.48705273397036,311,"COMP;MATN3;CASP3;COL8A1;COL24A1;ADAM19;MMP11;BGN;FN1;MMP10;P4HA3;COL12A1;ASPN;COL11A1;SDC1;COL10A1;LUM;ACTB;MMP13;VCAN;TGFB1;ITGA4;IBSP;MMP1;SERPINE1;ITGAX;ITGAV;LOXL1;THBS1;CTSK;ITGAL;ITGAD;CTSD;CEACAM6;MFAP2;COL1A2;LOX;ACTG1;COL5A1;CTSB;COL1A1;ADAM8;CAPN13;DRP2;ADAMTS2;COL19A1;HAPLN1;CTSS;ITGB7;COL5A2;ADAMTS14;CTSL;MMP14;ITGB2;DMP1;COL6A3;MMP2;ADAM10;ACAN;SPP1;ICAM3;MMP3;COL8A2;TLL2;TRAPPC4;TPSAB1;COL22A1;MFAP3;CDH1;NID2;COL3A1;TNR;LTBP1;COL6A5;SDC4;HTRA1;CAPN1;ICAM1;ADAM9;P4HA1;CTSV;MMP17;ADAM17;ADAMTS4;F11R;PSEN1;P4HA2;PPIB;TIMP1;ITGAM"
"REACTOME_TNF_RECEPTOR_SUPERFAMILY_TNFSF_MEMBERS_MEDIATING_NON_CANONICAL_NF_KB_PATHWAY",0.000780033216615939,0.00199522727893413,0.477270815362862,0.635807561814486,1.95691949106934,17,"TNFRSF12A;TNFSF13B;BIRC3;LTB;BIRC2;TNFRSF13C;CD40LG;TNFSF14;LTA;TRAF3;TRAF2;TNFSF11"
"REACTOME_RRNA_MODIFICATION_IN_THE_NUCLEUS_AND_CYTOSOL",0.000820628324062671,0.00209508897885697,0.477270815362862,0.433073595484279,1.78570235006146,60,"DCAF13;UTP15;RRP36;NOP10;DDX47;NOL11;THUMPD1;PNO1;TRMT112;WDR75;UTP3;MPHOSPH10;UTP18;NOP58;UTP11;DIMT1;NHP2;KRR1;EMG1;WDR46;NOP56;NOP2;UTP14A;HEATR1;IMP4;WDR3;PWP2;IMP3;DDX52;FCF1;DKC1;GAR1;TBL3;TSR3;DHX37;UTP25;WDR43;NOC4L;WDR36;NAT10;UTP6;UTP20"
"REACTOME_TRANSLESION_SYNTHESIS_BY_Y_FAMILY_DNA_POLYMERASES_BYPASSES_LESIONS_ON_DNA_TEMPLATE",0.000837828265227443,0.00213495746980452,0.477270815362862,0.486209098695436,1.83033153933458,39,"ISG15;UBE2L6;POLD4;PCLAF;RPA3;RFC4;PCNA;SPRTN;TRIM25;USP10;UFD1;RFC5;RPA2;UBC;POLE3;NPLOC4;RFC2;POLH;UBB"
"REACTOME_DUAL_INCISION_IN_GG_NER",0.000842785828927013,0.00214353829696908,0.477270815362862,0.489334356694189,1.86757292009408,41,"POLD4;RPA3;RFC4;PCNA;RBX1;PARP1;ERCC4;CUL4B;GTF2H3;RFC5;GTF2H2;DDB1;RPA2;UBC;GTF2H5;POLE3;RFC2;UBB"
"REACTOME_CARGO_TRAFFICKING_TO_THE_PERICILIARY_MEMBRANE",0.000857330366857575,0.00217642435880228,0.477270815362862,0.417665797147101,1.76553058965715,65,"TUBB3;RP2;RAB11A;EXOC8;TUBA1C;CCT5;EXOC6;ARF4;ARL3;CCT8;TCP1;RAB8A;CCT2;TUBA1B;TUBA1A;SSTR3;EXOC5;CCT4;CCT3;RAB3IP;BBS4;TUBA4A;RAB11FIP3;EXOC2;TUBB8;PDE6D;ARL13B;TUBB4B;CYS1;TUBB1"
"KEGG_RENAL_CELL_CARCINOMA",0.000880745494605638,0.00223166339610602,0.477270815362862,0.417206893141991,1.78823939009165,70,"KRAS;RAP1B;ELOC;NRAS;TGFB1;PIK3CG;HIF1A;RAP1A;CDC42;ELOB;PAK2;CUL2;PAK1;RBX1;EGLN3;RAC1;PIK3R5;VHL;GRB2;SLC2A1;PIK3R3;ARNT2;PIK3CB"
"REACTOME_SIGNALING_BY_VEGF",0.000884639855132757,0.0022373255623245,0.477270815362862,0.358822108953445,1.65018329541283,105,"KRAS;CYFIP2;ACTB;ABI1;NRAS;VAV3;ITGAV;ELMO2;MAPKAPK2;CYBB;CYBA;HSPB1;ACTG1;NCKAP1L;TRIB3;CDC42;PAK2;PAK1;SH2D2A;PRKCB;RHOA;RAC1;PDPK1;VAV1;NCF1;SRC;RICTOR;VAV2;PRKACB;HSP90AA1;PTK2B"
"REACTOME_DEVELOPMENTAL_LINEAGE_OF_MAMMARY_GLAND_MYOEPITHELIAL_CELLS",0.000895707012857536,0.00226107313358045,0.477270815362862,-0.607272432627751,-1.91504284150171,20,"EGFR;MYH11;KRT14;MME;KRT5;CNN1;TP63;ALDH1A1;ITGA6;VIM"
"REACTOME_EPH_EPHRIN_SIGNALING",0.000915176488640462,0.00230590262932214,0.477270815362862,0.390748578156341,1.75404257967288,90,"ACTR2;ACTR3;ARPC2;ACTB;EPHB2;ARPC1B;VAV3;ARPC3;LIMK1;CFL1;ARPC4;ACTG1;APH1A;CLTC;TIAM1;MYL12A;CDC42;ARPC1A;PAK2;PAK1;AP2M1;PSENEN;AP2S1;MMP2;ADAM10;RHOA;WASL;RAC1;MYL12B;ARPC5;LYN;SRC;VAV2;PSEN1;AP2B1"
"REACTOME_ATTENUATION_PHASE",0.000922497900549586,0.0023200133767553,0.477270815362862,0.563080422610452,1.91211455363913,26,"RLN1;HSPA8;HSPB1;PTGES3;MRPL18;DNAJB6;HSBP1;FKBP4;HSP90AB1;HSP90AA1;DEDD2;HSPH1;SERPINH1;HSPA6"
"HALLMARK_COAGULATION",0.000941347532313372,0.00236301019284623,0.477270815362862,0.351041548700236,1.64788595816896,118,"COMP;MMP11;FN1;MMP10;CTSH;OLR1;APOC1;F2RL2;MMP1;SERPINE1;APOC2;THBS1;CTSK;PLAU;PLEK;ARF4;GNB2;CTSB;CFB;LAMP2;MMP14;MMP2;PROC;MMP3;WDR1;CD9;RABIF;RAC1;PRSS23;MSRB2;HTRA1;ADAM9;CTSV;F12;TIMP1;FBN1;C2;PEF1;DPP4;SPARC;CRIP2;TFPI2;BMP1;MMP15;HPN;DUSP14;CTSO;MMP9;LGMN;ISCU;FGG"
"KEGG_PATHWAYS_IN_CANCER",0.000966115616207369,0.00242067630231883,0.477270815362862,0.270650960168722,1.45026436514707,310,"CASP3;KRAS;LEF1;FN1;STAT1;ELOC;TPM3;WNT7B;NRAS;TGFB1;RAC2;XIAP;MMP1;ITGAV;RASSF5;CASP8;BIRC3;WNT9A;TRAF1;MAPK9;CCNE2;PIK3CG;CCDC6;STK4;CDKN1A;HIF1A;TRAF5;BIRC2;CDC42;TFG;FLT3;BAX;ELOB;BRCA2;NKX3-1;FASLG;CDKN1B;CUL2;HSP90B1;BCL2L1;BIRC5;PRKCB;MMP2;RARA;RBX1;FADD;HDAC1;E2F3;RHOA;CHUK;CYCS;CDKN2A;EGLN3;RAC1;SPI1;CDK2;PIK3R5;VHL;HSP90AB1;CDH1;GSK3B;WNT2;E2F2;GRB2;RALA;NFKB1;TGFBR1;SLC2A1;RB1;PIK3R3;HSP90AA1;ARNT2;DVL3;PIK3CB;CKS1B;MAX;CCNE1;RAD51;E2F1;FZD6;RALB;RUNX1;CSF2RA;KITLG;RELA;DAPK3;TGFB2;FGF18;FGFR3;FZD2;EGLN2;STK36;MAPK1;ERBB2;CDK4;MSH6;NCOA4;IKBKB;MDM2;AXIN1;MSH2;PIK3CD;NFKB2;PGF"
"REACTOME_COPI_INDEPENDENT_GOLGI_TO_ER_RETROGRADE_TRAFFIC",0.000969398192368102,0.00242439473712839,0.477270815362862,0.459882421539865,1.82550590503978,51,"CAPZA1;CAPZA2;TUBB3;DCTN5;GALNT1;RAB18;TUBA1C;RAB6A;PAFAH1B2;GALNT2;CAPZB;TUBA4B;PAFAH1B3;TUBA1B;DYNLL1;TUBA1A;DYNC1LI1;RAB3GAP2;DYNLL2;AGPAT3;DCTN4;TUBA4A;ACTR1A;TUBB8;TUBB4B;ACTR10;BICD2;TUBB1;RAB3GAP1"
"REACTOME_TRNA_AMINOACYLATION",0.000978667029275692,0.00244304288048821,0.45505986738723,0.478636314496439,1.83883801657208,42,"TARS1;EEF1E1;GARS1;YARS1;MARS1;EPRS1;NARS1;HARS2;DARS2;PARS2;RARS1;PPA1;AIMP1;MARS2;IARS1;EARS2;SARS1;TARS2;IARS2;KARS1;RARS2;VARS1;WARS1;DARS1;FARSA;AIMP2;AARS1;CARS1"
"KEGG_PROGESTERONE_MEDIATED_OOCYTE_MATURATION",0.000984492856070635,0.00245304319775086,0.45505986738723,0.381019638096363,1.69004826135198,80,"KRAS;GNAI3;ANAPC13;BUB1;MAPK9;PIK3CG;PLK1;CCNB1;CDK1;PKMYT1;MAD2L1;RPS6KA1;CCNB2;CDK2;PIK3R5;HSP90AB1;ADCY7;ANAPC11;CCNA2;PIK3R3;PRKACB;HSP90AA1;CDC25A;PIK3CB;CDC25C;CDC23;ADCY9;MAPK1;GNAI2;PIK3CD;AKT1;MAPK13;CDC27;MAPK14"
"REACTOME_REGULATION_OF_PLK1_ACTIVITY_AT_G2_M_TRANSITION",0.00100480359933774,0.00249903183008721,0.45505986738723,0.373455954551094,1.68351569690716,86,"MAPRE1;PLK1;NEDD1;CCNB1;CDK1;NEK2;AURKA;CEP135;SKP1;PLK4;CCNB2;RAB8A;CCP110;DYNLL1;CKAP5;FBXW11;TUBA1A;HAUS2;HSP90AA1;BORA;CETN2;CUL1;CEP70;TUBA4A;PPP2R1A;TUBB;CSNK1D;UBC;HAUS1;CEP43;CEP41;HAUS3;ACTR1A;TUBB4B;UBB;CEP250"
"REACTOME_INHIBITION_OF_THE_PROTEOLYTIC_ACTIVITY_OF_APC_C_REQUIRED_FOR_THE_ONSET_OF_ANAPHASE_BY_MITOTIC_SPINDLE_CHECKPOINT_COMPONENTS",0.00100901270565165,0.00250487868732675,0.45505986738723,0.607985003601422,1.98043369167992,21,"UBE2D1;BUB3;UBE2S;MAD2L1;UBE2C;BUB1B;CDC20;UBE2E1;ANAPC11"
"REACTOME_TRANSCRIPTIONAL_REGULATION_BY_E2F6",0.00104947762648718,0.00260054382445721,0.45505986738723,0.522388604271832,1.91979235788411,34,"RRM2;CBX3;CDC7;RYBP;RBBP7;BMI1;RBBP4;EZH2;CHEK1;MAX;RAD51;E2F1;RNF2;CBX5;SUZ12;UXT;PHC3;EPC1;E2F6;EED;PCGF6;RBBP8;PCGF2;APAF1;YAF2;MGA;BRCA1"
"REACTOME_MAP2K_AND_MAPK_ACTIVATION",0.00105976662282529,0.00262122093131834,0.45505986738723,0.480649406633491,1.80940210844308,39,"KRAS;FN1;RAP1B;ACTB;NRAS;CSK;IQGAP1;ACTG1;RAP1A;YWHAB;LAMTOR2"
"REACTOME_ONCOGENIC_MAPK_SIGNALING",0.00106997943359787,0.00264163420602551,0.45505986738723,0.387680350255753,1.7230048591039,81,"KRAS;FN1;RAP1B;ACTB;NRAS;CSK;AGGF1;DUSP10;IQGAP1;ACTG1;RAP1A;ZC3HAV1;PPP1CC;ESRP1;BCL2L11;YWHAB;SHOC2"
"REACTOME_FORMATION_OF_THE_EARLY_ELONGATION_COMPLEX",0.00112194843088527,0.00276487474375384,0.45505986738723,0.522427554054514,1.89918156487743,33,"POLR2K;CDK7;POLR2B;SUPT4H1;POLR2D;POLR2G;GTF2H3;POLR2J;NCBP2;POLR2H;GTF2H2;GTF2H5;NELFCD;POLR2C;CTDP1;NCBP1;NELFE"
"KEGG_TASTE_TRANSDUCTION",0.00113773164667173,0.00279865375860127,0.45505986738723,-0.497587946374992,-1.83533214675662,36,"KCNB1;TAS2R13;CACNA1A;TAS2R3;TAS2R19;ADCY6;TAS2R4;TAS2R14;TAS2R31;ADCY4;TAS2R10;TAS1R1;TAS2R50;TAS2R20;GNB3;TAS2R46"
"REACTOME_MITOCHONDRIAL_PROTEIN_IMPORT",0.00117118275524883,0.00287046246195531,0.45505986738723,0.413054584219988,1.73226555243899,64,"GRPEL2;TIMM17B;TIMM23;TIMM8B;COX17;COQ2;TIMM17A;GFER;HSPA9;CHCHD2;DNAJC19;COA6;TOMM70;TOMM6;HSPD1;VDAC1;MTX1;CHCHD7;MTX2;TOMM40;COA4;GRPEL1;TIMM10;CMC2;TOMM22;PITRM1;TOMM5;CYC1;TIMM8A;CHCHD5;ATP5F1B"
"REACTOME_SIGNALING_BY_INSULIN_RECEPTOR",0.00117008855893963,0.00287046246195531,0.45505986738723,0.40520190553694,1.75721378503537,72,"KRAS;ATP6V1A;PTPN1;ATP6V0E2;NRAS;ATP6V0E1;ATP6V0B;ATP6AP1;ATP6V0C;ATP6V1C2;CTSD;ATP6V0D1;ATP6V1B2;ATP6V1F;ATP6V1C1;TRIB3;FLT3;ATP6V1H;IDE;PDPK1;ATP6V1G1;ATP6V1D;GRB2"
"REACTOME_ZBP1_DAI_MEDIATED_INDUCTION_OF_TYPE_I_IFNS",0.00120138134103583,0.00293913257298785,0.45505986738723,0.595411497940636,1.9173826784122,20,"MYD88;ZBP1;TBK1;CHUK;TICAM1;NFKB1;RIPK3;DHX9;RIPK1;RELA;IKBKB;NFKB2;NKIRAS1;NFKBIB;NFKBIA"
"REACTOME_SYNDECAN_INTERACTIONS",0.00122608280641124,0.00299412975188832,0.45505986738723,0.560832714248721,1.9227758530237,27,"FN1;SDC1;TGFB1;ITGAV;THBS1;COL1A2;COL5A1;COL1A1;COL5A2;TRAPPC4;COL3A1;SDC4"
"REACTOME_INACTIVATION_OF_CSF3_G_CSF_SIGNALING",0.00123087219237378,0.00300039008195273,0.45505986738723,0.56366373760666,1.89399941441549,24,"STAT1;UBE2D1;ELOC;CUL5;UBE2D2;RNF7;HCK;ELOB;SYK;UBE2D3;SOCS3;LYN"
"REACTOME_METAL_ION_SLC_TRANSPORTERS",0.00124301097139128,0.00302451045024448,0.45505986738723,0.48530330075214,1.83892864004103,40,"SLC30A1;SLC24A2;SLC40A1;SLC30A5;SLC24A5;SLC30A8;SLC39A14;SLC39A1;SLC9A1;SLC39A3;SLC39A7;SLC9A2;SRI;SLC9A7;SLC39A10;CALM1;SLC31A1;SLC8A1"
"REACTOME_PHOSPHORYLATION_OF_THE_APC_C",0.001245467514813,0.00302502740534761,0.45505986738723,0.593454217530276,1.9110797172356,20,"UBE2D1;PLK1;CCNB1;CDK1;UBE2S;UBE2C;UBE2E1;ANAPC11;CDC23;CDC27;ANAPC7;ANAPC16;ANAPC1;ANAPC5"
"REACTOME_AMINO_ACIDS_REGULATE_MTORC1",0.00126547502509112,0.00306809412558063,0.45505986738723,0.444100776816884,1.7729081752268,53,"ATP6V1A;ATP6V0E2;ATP6V0E1;ATP6V0B;ATP6V0C;ATP6V1C2;ATP6V0D1;ATP6V1B2;ATP6V1F;SH3BP4;ATP6V1C1;LAMTOR5;ATP6V1H;MIOS;LAMTOR2;ATP6V1G1;ATP6V1D;FNIP1;RHEB;SLC38A9;SEC13;ATP6V1E1;ATP6V0D2;SEH1L"
"REACTOME_RESOLUTION_OF_AP_SITES_VIA_THE_MULTIPLE_NUCLEOTIDE_PATCH_REPLACEMENT_PATHWAY",0.0013469497609052,0.00325976351472211,0.45505986738723,0.565079417971982,1.90349506330917,25,"POLD4;RPA3;POLB;RFC4;PCNA;PARP1;FEN1;RFC5;ADPRS;RPA2;POLE3;RFC2;APEX1"
"REACTOME_TERMINATION_OF_TRANSLESION_DNA_SYNTHESIS",0.00140228600431061,0.00338760131507294,0.45505986738723,0.51718403821891,1.86958890883517,32,"ISG15;UBE2L6;POLD4;PCLAF;RPA3;RFC4;PCNA;TRIM25;USP10;RFC5;RPA2;UBC;POLE3;RFC2;POLH;UBB"
"REACTOME_SPHINGOLIPID_METABOLISM",0.00141587404698804,0.00341430807753108,0.45505986738723,0.361509959140412,1.65196546310711,102,"SPTSSA;UGCG;SGPP1;CERS6;M6PR;SGPL1;ARSB;GLB1;NEU1;GM2A;ORMDL2;CERS2;SPTSSB;HEXB;DEGS2;PSAP;ARSG;ASAH1;B3GALNT1;ORMDL1;GBA1;ASAH2;SGMS2;CTSA;CERS4;SPTLC1"
"REACTOME_RESOLUTION_OF_D_LOOP_STRUCTURES_THROUGH_SYNTHESIS_DEPENDENT_STRAND_ANNEALING_SDSA",0.00144308337438032,0.0034737078369012,0.45505986738723,0.555412755712879,1.9041939031261,27,"RMI1;RAD51AP1;BRCA2;BLM;DNA2;RMI2;PALB2;BARD1;EXO1;XRCC2;BRIP1;SEM1;RAD51;NBN;RAD51C;ATM"
"REACTOME_CHK1_CHK2_CDS1_MEDIATED_INACTIVATION_OF_CYCLIN_B_CDK1_COMPLEX",0.00144958533382109,0.00348313909089274,0.45505986738723,0.658962475374808,1.93808106481073,15,"YWHAZ;YWHAQ;CCNB1;CDK1;YWHAH;YWHAB;CCNA2;CHEK1;CDC25C;WEE1;CHEK2"
"REACTOME_PINK1_PRKN_MEDIATED_MITOPHAGY",0.00146651162408184,0.0035175403367657,0.45505986738723,0.514910674375588,1.86137083651828,32,"TBK1;UBE2N;UBE2D2;ATG12;MAP1LC3B;MTERF3;UBE2D3;UBE2V1;TOMM70;VDAC3;TOMM6;MFN1;VDAC1;VDAC2;UBE2L3;UBC;ATG5;TOMM40;SQSTM1;UBB;TOMM22"
"REACTOME_INITIATION_OF_NUCLEAR_ENVELOPE_NE_REFORMATION",0.0014894474988584,0.00356620822106773,0.45505986738723,0.602403943880504,1.91519724386603,19,"PPP2CA;CCNB1;CDK1;VRK2;TMPO;CCNB2;LEMD3;BANF1;LMNB1;ANKLE2;PPP2R1A;PPP2R2A;LEMD2;KPNB1;EMD;LBR"
"REACTOME_ER_QUALITY_CONTROL_COMPARTMENT_ERQC",0.00158867356597404,0.00379704249456207,0.45505986738723,0.59800109450373,1.94791237974852,21,"EDEM1;RNF103;RNF139;SEL1L;EDEM3;UGGT1;RNF5;EDEM2;DERL2;UBC;SYVN1;MARCHF6;AMFR;UBB"
"REACTOME_HIV_ELONGATION_ARREST_AND_RECOVERY",0.00162299946682346,0.00387221819695225,0.45505986738723,0.511934721252641,1.86103695618289,33,"POLR2K;ELOC;POLR2B;CCNT1;SUPT4H1;ELOB;POLR2D;TCEA1;CCNT2;POLR2G;POLR2J;POLR2H;SUPT16H;CCNK;NELFCD;POLR2C"
"REACTOME_RA_BIOSYNTHESIS_PATHWAY",0.00166862595785865,0.00397404203391072,0.45505986738723,-0.577128739215841,-1.87985833958555,22,"ALDH1A2;ADH4;ADH1A;RDH5;AKR1C3;ADH1C;CRABP1;RDH10;CYP26B1;ALDH1A1"
"REACTOME_NUCLEAR_EVENTS_STIMULATED_BY_ALK_SIGNALING_IN_CANCER",0.00167969186944831,0.00398631098594424,0.45505986738723,0.50935617946252,1.87118590675329,35,"ICOS;PTPN6;MIR21;BCL2A1;CCNB1;JUNB;GZMB;SKP1;RBX1;HDAC1;FOXM1;ZAP70;MOV10;RB1;CUL1;DNMT1;MAPK1;IL10RA"
"REACTOME_RHOBTB_GTPASE_CYCLE",0.00167969186944831,0.00398631098594424,0.45505986738723,0.509844191319887,1.8729786815279,35,"MSI2;CUL3;ACTG1;TWF1;CCT6A;RBBP6;CCT2;HNRNPC;HSP90AB1;HSP90AA1;TMOD3;TRA2B;COPS4;CCT7;COPS2;DBN1;MYO6;ROCK1;PHIP;TXNL1;STK38;RHOBTB1;RBMX"
"REACTOME_APC_CDC20_MEDIATED_DEGRADATION_OF_NEK2A",0.00168425919453356,0.00399012547316562,0.45505986738723,0.547846266052312,1.86038224099329,26,"UBE2D1;BUB3;NEK2;UBE2S;MAD2L1;UBE2C;BUB1B;CDC20;UBE2E1;ANAPC11;CDC23;UBC;CDC27;UBB;ANAPC7;ANAPC16;ANAPC1;ANAPC5"
"REACTOME_AURKA_ACTIVATION_BY_TPX2",0.0017594148790922,0.00416086185441454,0.45505986738723,0.402366701919625,1.73623991692241,71,"MAPRE1;PLK1;NEDD1;CDK1;TPX2;NEK2;AURKA;CEP135;HMMR;PLK4;CCP110;DYNLL1;CKAP5;TUBA1A;HAUS2;HSP90AA1;CETN2;CEP70;TUBA4A;PPP2R1A;TUBB;CSNK1D;HAUS1;CEP43;CEP41;HAUS3;ACTR1A;TUBB4B;CEP250;CEP76;CEP290;ODF2;DYNC1I2;AKAP9"
"REACTOME_CD28_DEPENDENT_PI3K_AKT_SIGNALING",0.00176858533338366,0.00417522421961676,0.45505986738723,0.548841200425926,1.88166378407002,27,"CD80;CD86;LCK;PIK3CG;TRIB3;CD28;PDPK1;PIK3R5;PIK3R3;RICTOR;PIK3CB"
"REACTOME_CASPASE_ACTIVATION_VIA_DEATH_RECEPTORS_IN_THE_PRESENCE_OF_LIGAND",0.00188916963595777,0.00445209907215222,0.45505986738723,0.624161377220002,1.88238227922366,16,"CASP8;LY96;FASLG;FADD;TICAM1;TRADD;TICAM2;RIPK1;TNFRSF10B;TRAF2;TNFRSF10A;TNFSF10"
"REACTOME_FORMATION_OF_TUBULIN_FOLDING_INTERMEDIATES_BY_CCT_TRIC",0.00192579300622801,0.00453048686281911,0.45505986738723,0.553236778784645,1.86360260835027,25,"TUBB3;TUBA1C;CCT5;CCT6A;CCT8;TCP1;CCT2;TUBA4B;TUBA1B;TUBA1A;CCT4;CCT3;CCT7;TUBA4A"
"REACTOME_RETROGRADE_TRANSPORT_AT_THE_TRANS_GOLGI_NETWORK",0.00196126517613474,0.00460589800945928,0.431707695803346,0.447226445053722,1.77474777110069,49,"M6PR;RAB6A;COG2;NSF;NAPA;STX6;GCC1;NAPG;GCC2;ARL1;SCOC;SYS1;RAB43;TMF1;TGOLN2;PLIN3;VPS52;STX16;USP6NL;NAA30;COG4;COG5;ARFIP2;COG8;VAMP4"
"REACTOME_MAPK1_MAPK3_SIGNALING",0.00199493650227215,0.00466870556434524,0.431707695803346,0.276018230449378,1.4560163169927,258,"KRAS;FN1;RAP1B;ACTB;PSMA5;PPP2CA;NRAS;PSMC2;PSMA6;PSMA4;LYPLA1;IL2RB;CSK;IL2RG;PSMA2;DUSP10;PTPN7;PAQR3;CUL3;RANBP9;DUSP5;IQGAP1;ACTG1;PSMD6;RASGRP1;RASAL3;PSMA1;DUSP2;CDK1;RAP1A;PSMD14;PSMD12;PPP1CC;PSMB4;FLT3;PSMD1;YWHAB;SHOC2;RASGRF1;PSMB1;BCL2L1;PSMA3;LAMTOR2;RBX1;PSMD2;PSMB2;PSMC6;ADRM1;PSMC4;PSMD7;LAT;SPRED3;IL2RA;GRB2;PSMA7;PPP2R5E;SRC;DLG3;ARTN;PSMB3;PIK3CB;ZDHHC9;SEM1;PSMB5;DUSP16;CSF2RB;CSF2RA;KITLG;PSMD8;DUSP8;PSMD11;JAK3;ABHD17C;PSMD3;PPP2R1A;FGF18;FGFR3;UBC;GRIN2D;MAPK1;ERBB2;FRS2;BRAP;ERBB3;PSMC5;PSMC3;RASGRP3;KSR2;NRG4;RGL2;PDE6D;PSMB7;GOLGA7;FGG;SHC1;PSMC1;UBB"
"REACTOME_RHOG_GTPASE_CYCLE",0.00199178699780958,0.00466870556434524,0.431707695803346,0.39367189075959,1.72099457984793,74,"ERBIN;VAV3;ELMO2;DEPDC1B;VANGL1;YKT6;PREX1;ARHGDIB;HSPE1;CDC42;VRK2;PAK2;LMAN1;TFRC;TMPO;LEMD3;NDUFA5;VAV1;RAB7A;DOCK2;NDUFS3;VAV2;ARHGAP1;SHMT2;RHOG;MPP7;ARHGEF16;ANKLE2;KTN1;ARHGDIA"
"REACTOME_DETOXIFICATION_OF_REACTIVE_OXYGEN_SPECIES",0.00204670575588423,0.00478155868099123,0.431707695803346,0.50810707370006,1.86730734380384,34,"NOX4;ATOX1;PRDX1;CYBB;CYBA;TXNRD1;SOD1;GSR;CYCS;TXN;ERO1A;NCF1;GPX8;P4HB;NCF2;PRDX5;PRDX3;GPX7;ATP7A"
"REACTOME_CGMP_EFFECTS",0.00209274531563435,0.00488065862538945,0.431707695803346,-0.629659788627032,-1.90368739904222,16,"KCNMB1;PDE9A;PDE2A;PDE11A;PDE5A;KCNMB2;ITPR1;IRAG1"
"REACTOME_MRNA_CAPPING",0.00221986430437247,0.00516818148928168,0.431707695803346,0.523622982525838,1.82558596450258,29,"POLR2K;CDK7;POLR2B;POLR2D;POLR2G;GTF2H3;POLR2J;NCBP2;POLR2H;GTF2H2;GTF2H5;RNMT;POLR2C"
"REACTOME_GASTRULATION",0.00226172246977956,0.00524750755466928,0.431707695803346,0.354429849682334,1.62453734169976,99,"LEF1;CXCR4;EOMES;PSMA5;PSMC2;PSMA6;PSMA4;PSMA2;PAX2;TRIM33;PSMD6;OCLN;PSMA1;PSMD14;PSMD12;PSMB4;PSMD1;FOXA1;PSMB1;PSMA3;PSMD2;PSMB2;PSMC6;ADRM1;PSMC4;PSMD7;CDH1;CLDN7;PSMA7;PSMB3;MAML1;SEM1;PSMB5;LFNG;PSMD8;PSMD11;PSMD3;MYB;ZIC2;FOXH1;PSMC5;PSMC3;SNAI1;TFAP2A;DLX5;PSMB7;POU3F1;PSMC1"
"REACTOME_RESPONSE_TO_ELEVATED_PLATELET_CYTOSOLIC_CA2",0.00226033193791864,0.00524750755466928,0.431707695803346,0.331409742627057,1.56617429266855,121,"FN1;MANF;CAP1;TGFB1;F5;SERPINE1;THBS1;CYRIB;SRGN;PFN1;FAM3C;CFL1;PLEK;PSAP;SOD1;HSPA5;FERMT3;CALU;LAMP2;SCCPDH;PRKCB;ALDOA;WDR1;CD9;TMSB4X;RAB27B;PPIA;CYB5R1;TAGLN2;STXBP2;STXBP3;TIMP1;ORM1;TOR4A;OLA1;BRPF3;SPARC;ABCC4;TMX3;TGFB2;TUBA4A;STX4"
"REACTOME_ASSEMBLY_OF_COLLAGEN_FIBRILS_AND_OTHER_MULTIMERIC_STRUCTURES",0.00229445970860367,0.00531431561374183,0.431707695803346,0.402646100383168,1.66804120812898,61,"COL8A1;COL24A1;COL12A1;COL11A1;COL10A1;MMP13;LOXL1;COL1A2;LOX;COL5A1;CTSB;COL1A1;CTSS;COL5A2;CTSL;COL6A3;MMP3;COL8A2;TLL2;COL3A1;COL6A5;CTSV"
"REACTOME_SCAVENGING_OF_HEME_FROM_PLASMA",0.00235219136857075,0.00543868604602636,0.431707695803346,0.40051665227658,1.7078403013349,68,"IGLV3-1;IGHV3-11;IGHV3-33;APOL1;IGHV1-69;IGHV4-34;IGLV1-47;IGHV4-59;IGHV3-30;IGKV1D-39;IGHV4-39;IGKV1-39;IGKV3-15;IGKV2-28;IGLV3-21;IGKV2D-28;IGLV3-27;IGHV2-5;IGKV4-1;IGKV1-5;IGLV3-25;IGKV3-20;IGKV1-16;IGKV1-33;IGKV2D-40;IGHV2-70;IGKV1D-33;IGKV3D-20;IGKV3-11;IGLV6-57;IGLC2;IGHV3-53;IGLC3;IGLV1-44;IGLV1-40;IGHV3-48"
"REACTOME_GLYCOSPHINGOLIPID_CATABOLISM",0.00235988514747433,0.00544713215547156,0.431707695803346,0.486403317161813,1.80276882037738,36,"M6PR;ARSB;GLB1;NEU1;GM2A;HEXB;PSAP;ARSG;ASAH1;GBA1;ASAH2;CTSA;SMPD3;HEXA;ARSI;SMPD4;NEU3;GLA;GALC;SUMF2"
"REACTOME_CASPASE_ACTIVATION_VIA_EXTRINSIC_APOPTOTIC_SIGNALLING_PATHWAY",0.00239615629421282,0.0055213994608528,0.431707695803346,0.536105690636366,1.82051346875494,26,"CASP3;UNC5B;CASP8;LY96;FASLG;FADD;TICAM1;TRADD;TICAM2;RIPK1;DAPK3;TNFRSF10B;TRAF2;UNC5A;TNFRSF10A;APPL1;TNFSF10"
"REACTOME_TNFS_BIND_THEIR_PHYSIOLOGICAL_RECEPTORS",0.00243537863940794,0.0056022020578872,0.431707695803346,0.519380540372148,1.81079489705624,29,"TNFRSF9;TNFSF13B;TNFSF8;TNFRSF18;CD70;CD27;TNFRSF11B;FASLG;TNFRSF4;TNFSF9;TNFRSF13B;TNFSF14;LTA"
"REACTOME_LAGGING_STRAND_SYNTHESIS",0.00245463064446254,0.00563686900977089,0.431707695803346,0.575931374258334,1.85465152214303,20,"POLD4;RPA3;RFC4;PCNA;PRIM1;DNA2;FEN1;RFC5;RPA2;PRIM2;RFC2"
"REACTOME_CRISTAE_FORMATION",0.00249710311797274,0.00572465136569261,0.431707695803346,0.501852289868715,1.78473428401353,31,"ATP5MK;ATP5PB;ATP5F1E;HSPA9;ATP5PF;APOO;ATP5F1C;ATP5MF;IMMT;MTX1;ATP5PD;MTX2;ATP5MJ;ATP5MG;MICOS10;ATP5PO;ATP5MC3;ATP5F1B;CHCHD3;ATP5MC2;TMEM11"
"KEGG_PPAR_SIGNALING_PATHWAY",0.00251797928507746,0.00576270980693449,0.431707695803346,-0.415486950757151,-1.73962808017203,60,"PCK1;LPL;SORBS1;SLC27A1;AQP7;FABP4;PPARG;PPARA;FABP7;PLIN1;CD36;ACADL;CYP4A11;ADIPOQ;SLC27A5;ANGPTL4;RXRG"
"REACTOME_SIGNALING_BY_ROBO_RECEPTORS",0.00252961936068849,0.00577953711560692,0.431707695803346,0.29137412230647,1.48265454260062,197,"CXCR4;CAP1;ELOC;PSMA5;PSMC2;PSMA6;PSMA4;PSMA2;NELL2;EIF4A3;PFN1;ETF1;RPS27L;PSMD6;GSPT1;PSMA1;PSMD14;PSMD12;PSMB4;CDC42;PSMD1;ELOB;PAK2;PSMB1;CUL2;VASP;PAK1;PSMA3;RBX1;PSMD2;PSMB2;PSMC6;RPL26L1;RHOA;MAGOH;ADRM1;PSMC4;RAC1;PSMD7;PFN2;ENAH;PSMA7;EVL;ROBO2;RNPS1;SRC;AKAP5;PRKACB;PSMB3;MAGOHB;EIF4G1;NCBP2;SEM1;PSMB5"
"REACTOME_RAC3_GTPASE_CYCLE",0.00264570581764156,0.00603453712720952,0.431707695803346,0.357050921913496,1.61425225852119,93,"ERBIN;DOCK10;ABI1;SNAP23;DEPDC1B;CYBB;VANGL1;CYBA;YKT6;NCKAP1L;PREX1;ARHGDIB;TIAM1;ARAP2;IL32;CDC42;VRK2;PAK2;LMAN1;PAK1;RACGAP1;TFRC;TMPO;LEMD3;ARHGAP15;RAB7A;NCF1;VAV2;ARHGAP1"
"REACTOME_DISEASES_OF_MITOTIC_CELL_CYCLE",0.00265089347610753,0.00603615609086646,0.431707695803346,0.474909640477166,1.77356981870161,38,"UBE2D1;CCNE2;CDKN1A;UBE2S;UBE2C;CDKN1B;E2F3;CDK2;UBE2E1;ANAPC11;E2F2;DAXX;RB1;CCNE1;E2F1;CDC23"
"REACTOME_UNBLOCKING_OF_NMDA_RECEPTORS_GLUTAMATE_BINDING_AND_ACTIVATION",0.00279184151520728,0.00634637835160104,0.431707695803346,-0.574657027037799,-1.84735100763879,21,"GRIN2B;GRIA4;DLG4;GRIA3;LRRC7;DLG2;GRIN2A;GRIA1;GRIA2"
"REACTOME_PYROPTOSIS",0.00280133437944035,0.00635723694189493,0.431707695803346,0.53750106530417,1.84278492157116,27,"CASP3;IL18;CHMP2B;BAX;GZMB;CHMP4B;IRF1;IL1B;CYCS;BAK1;CASP1;CASP4;CHMP7;CHMP2A;CHMP4A;IL1A;GSDMD"
"REACTOME_THE_NLRP3_INFLAMMASOME",0.00283148226694451,0.00641485394259024,0.431707695803346,0.611072599709147,1.84290838073787,16,"PYCARD;PANX1;HMOX1;CASP1;TXN;HSP90AB1;NFKB1;P2RX7;RELA;NFKB2;PSTPIP1"
"REACTOME_LAMININ_INTERACTIONS",0.00286636705873438,0.00648299126707037,0.431707695803346,-0.491472005828818,-1.72755423810543,30,"LAMA3;LAMB3;LAMC3;ITGA7;LAMC1;LAMA4;LAMB2;ITGA6;COL4A6;ITGA3;ITGB4;LAMA1;ITGA1;LAMA2;COL4A2;NID1;HSPG2"
"REACTOME_TRAF6_MEDIATED_IRF7_ACTIVATION",0.00287607162455272,0.00649404447218938,0.431707695803346,0.61048065741028,1.84112316663399,16,"RIGI;IRF7;TBK1;IFIH1;SIKE1;TRIM25"
"REACTOME_FGFR2_ALTERNATIVE_SPLICING",0.00297240500762788,0.00670033770950231,0.431707695803346,0.534071739423493,1.83102771692174,27,"POLR2K;POLR2B;HNRNPF;ESRP1;POLR2D;PTBP1;HNRNPH1;POLR2G;POLR2J;NCBP2;POLR2H;HNRNPM;TIAL1;ESRP2;TIA1;POLR2C"
"REACTOME_ECM_PROTEOGLYCANS",0.00330391828381229,0.00743519506941397,0.431707695803346,0.383784483207017,1.67459332545053,75,"COMP;MATN3;BGN;FN1;ASPN;LUM;VCAN;TGFB1;IBSP;SERPINE1;ITGAX;ITGAV;COL1A2;COL5A1;COL1A1;HAPLN1;COL5A2;DMP1;COL6A3;ACAN;COL3A1;TNR;COL6A5"
"REACTOME_E2F_MEDIATED_REGULATION_OF_DNA_REPLICATION",0.0033366952509136,0.00749644199705256,0.431707695803346,0.551371807445651,1.81499533300713,22,"PPP2CA;CCNB1;CDK1;PRIM1;ORC6;RB1;ORC3;E2F1;ORC2;PPP2R1A;ORC5;MCM8;PRIM2;ORC1"
"REACTOME_EUKARYOTIC_TRANSLATION_INITIATION",0.00338716691453763,0.00759717304625079,0.431707695803346,-0.334859080829445,-1.56159765638291,116,"RPL13;RPS6;EIF3L;RPLP2;RPL4;RPL3;RPS9;EIF3K;RPS16;RPL18A;RPS3A;EIF3F;RPL32;RPL13A;RPL23A;EIF4B;RPL37A;RPL7;RPL22;RPL27;RPS28;RPL34;RPS23;RPS12;RPS5;RPL38;RPL8;RPS8;RPL14;RPS20;RPL31;RPS27A;RPL10;RPL5;EIF2B3;RPL12;UBA52;RPL11;EIF3D;RPL18;RPLP1;RPL35;RPS3;RPS4X;RPL23;RPS19;RPS29;RPL29;RPL26;RPL9;RPL10A;RPL17;RPL21;RPL39;RPL19;RPL37;RPL7A;RPS11;RPL6;RPS7;RPS25;RPS18;RPS14;RPL27A;RPL15;RPS15"
"REACTOME_DOWNREGULATION_OF_SMAD2_3_SMAD4_TRANSCRIPTIONAL_ACTIVITY",0.00343616489165538,0.0076942695580589,0.431707695803346,0.49843000185976,1.75477651342879,30,"STAT1;SKIL;UBE2D1;SERPINE1;TRIM33;PARP1;HDAC1;SMAD7;UBE2D3;RNF111;TGIF1;TGIF2;USP9X;UBC;MAPK1;SMURF2;UBB"
"REACTOME_INFECTION_WITH_MYCOBACTERIUM_TUBERCULOSIS",0.00348561781422484,0.00779206105070494,0.431707695803346,0.531037374793394,1.82062460937863,27,"B2M;CORO1A;RAB5A;PGK1;RNF213;ATP6V1H;RAB7A;KPNA1;DUSP16;TRIM27;UBC;MAPK1;TLR2;UBB;GSK3A;SFPQ;KPNB1"
"REACTOME_OVARIAN_TUMOR_DOMAIN_PROTEASES",0.00351295599315993,0.00784017330923773,0.431707695803346,0.454504318872033,1.71097906605892,39,"RIGI;UBE2D1;IFIH1;CDK1;TNFAIP3;NOD2;VCPIP1;TNIP3;RHOA;RIPK2;OTUB1;TRIM25;YOD1;RIPK1;UBC;MAVS;TNIP2;TRAF3;UBB"
"REACTOME_ACTIVATION_OF_MATRIX_METALLOPROTEINASES",0.00356421910904884,0.00792832897524395,0.431707695803346,0.497098944891908,1.75009038398934,30,"MMP11;MMP10;MMP13;MMP1;CTSK;MMP14;MMP2;MMP3;TPSAB1;CTSV;MMP17;TIMP1"
"REACTOME_SEALING_OF_THE_NUCLEAR_ENVELOPE_NE_BY_ESCRT_III",0.00356421910904884,0.00792832897524395,0.431707695803346,0.496425360852913,1.74771895882023,30,"TUBB3;TUBA1C;CHMP2B;CHMP4B;TUBA4B;TUBA1B;SPAST;TUBA1A;IST1;CHMP7;TUBA4A;CHMP2A;CHMP4A;TUBB8;LEMD2;TUBB4B;TUBB1"
"REACTOME_TRANSLATION_OF_SARS_COV_1_STRUCTURAL_PROTEINS",0.00359916243364736,0.00799286813930253,0.431707695803346,0.509291689215804,1.77562061005277,29,"PARP9;GALNT1;PARP14;CANX;UBE2I;SUMO1;ST6GAL1;GSK3B;PARP8;GANAB;PARP10;UBC;ST6GALNAC4;ST3GAL1;UBB;GSK3A;PARP4;MOGS"
"REACTOME_RIPK1_MEDIATED_REGULATED_NECROSIS",0.00360755880691113,0.00799833761795429,0.431707695803346,0.489790382854175,1.77056250728818,32,"XIAP;CASP8;BIRC3;BIRC2;FASLG;ITCH;FADD;FLOT1;RIPK3;HSP90AA1;TRADD;PDCD6IP;RIPK1;UBE2L3;STUB1;UBC;TNFRSF10B;UBB;TRAF2;TNFRSF10A;TNFSF10;SDCBP"
"REACTOME_POLYMERASE_SWITCHING_ON_THE_C_STRAND_OF_THE_TELOMERE",0.00362718039440926,0.00802863574985827,0.431707695803346,0.526322565645163,1.78729182771648,26,"TINF2;POLD4;RFC4;PCNA;DSCC1;PRIM1;POT1;TERF2IP;RFC5;CHTF8;TERF1;PRIM2;RFC2"
"REACTOME_ASSOCIATION_OF_TRIC_CCT_WITH_TARGET_PROTEINS_DURING_BIOSYNTHESIS",0.00364226566325943,0.00804881002307165,0.431707695803346,0.453178867540043,1.70598941164212,39,"CCNE2;DCAF7;CCT5;XRN2;CCT6A;FBXO4;CCT8;TCP1;GBA1;CCT2;AP3M1;LONP2;FBXO6;CCNE1;CCT4;CCT3;CCT7;NOP56;ARFGEF2;SKIC2"
"REACTOME_HSF1_ACTIVATION",0.0036853688988249,0.00813073203865134,0.431707695803346,0.508203266532539,1.77182587750603,29,"RLN1;HSPB1;PTGES3;MRPL18;DNAJB6;RPA3;HSBP1;FKBP4;HSP90AB1;HSP90AA1;DEDD2;HSPH1;SERPINH1;RPA2;HSPA6"
"REACTOME_DEGRADATION_OF_THE_EXTRACELLULAR_MATRIX",0.00374708718430709,0.0082533881118398,0.431707695803346,0.319357746476359,1.53345335889954,136,"CASP3;COL8A1;MMP11;FN1;MMP10;COL12A1;COL11A1;COL10A1;MMP13;MMP1;CTSK;CTSD;COL1A2;COL5A1;CTSB;COL1A1;ADAM8;CAPN13;COL19A1;CTSS;COL5A2;CTSL;MMP14;COL6A3;MMP2;ADAM10;ACAN;SPP1;MMP3;COL8A2;TLL2;TPSAB1;CDH1;COL3A1;COL6A5;HTRA1;CAPN1;ADAM9;CTSV;MMP17;ADAM17;ADAMTS4;PSEN1"
"KEGG_NEUROTROPHIN_SIGNALING_PATHWAY",0.00379704674424384,0.00834978631523768,0.431707695803346,0.331759074612263,1.58107797431887,125,"KRAS;RAP1B;CAMK4;YWHAZ;NRAS;IRAK4;CSK;NFKBIE;MAPKAPK2;MAPK9;CALM2;PIK3CG;YWHAQ;ARHGDIB;RAP1A;YWHAH;CDC42;YWHAB;BAX;FASLG;RPS6KA1;RHOA;RAC1;PDPK1;PIK3R5;GSK3B;GRB2;RIPK2;NFKB1;PIK3R3;RPS6KA4;PRDM4;PSEN1;PIK3CB"
"REACTOME_REGULATION_OF_TP53_ACTIVITY_THROUGH_ACETYLATION",0.00386301248759962,0.0084810111291275,0.431707695803346,0.493499967019895,1.73741979470179,30,"MEAF6;PIP4K2A;PIP4P1;PIP4K2C;BRD7;RBBP7;HDAC1;RBBP4;KAT6A;CHD4;BRPF3;GATAD2B;ING2;AKT1;PIN1;HDAC2;MTA2"
"KEGG_FOCAL_ADHESION",0.0038780311438908,0.00850013980807284,0.431707695803346,0.286349157084493,1.45767155018469,195,"COMP;FN1;COL11A1;RAP1B;ACTB;RAC2;ITGA4;VAV3;IBSP;XIAP;ITGAV;THBS2;THBS1;BIRC3;COL1A2;MAPK9;PIK3CG;ACTG1;COL5A1;PPP1CA;COL1A1;RAP1A;BIRC2;PPP1CC;MYL12A;PARVG;CDC42;DIAPH1;RASGRF1;PAK2;ITGB7;COL5A2;VASP;PAK1;PRKCB;COL6A3;SPP1;RHOA;RAC1;MYL12B;PDPK1;PIK3R5;ELK1;COL3A1;GSK3B;TNR;VAV1;GRB2"
"REACTOME_APC_C_CDC20_MEDIATED_DEGRADATION_OF_CYCLIN_B",0.00388564732639415,0.00850300746100537,0.431707695803346,0.528599051357197,1.77617651613018,24,"UBE2D1;CCNB1;CDK1;UBE2S;UBE2C;CDC20;UBE2E1;ANAPC11;CDC23;UBC;CDC27;UBB;ANAPC7;ANAPC16;ANAPC1;ANAPC5"
"REACTOME_ABERRANT_REGULATION_OF_MITOTIC_EXIT_IN_CANCER_DUE_TO_RB1_DEFECTS",0.00406205422356317,0.0088746338628252,0.407017918923954,0.559456895307374,1.80159933775343,20,"UBE2D1;UBE2S;UBE2C;UBE2E1;ANAPC11;RB1;CDC23;CDC27;ANAPC7;ANAPC16;ANAPC1;ANAPC5"
"REACTOME_ABORTIVE_ELONGATION_OF_HIV_1_TRANSCRIPT_IN_THE_ABSENCE_OF_TAT",0.0040813008062358,0.00890225483301919,0.407017918923954,0.539546429851747,1.801126725301,23,"POLR2K;POLR2B;SUPT4H1;POLR2D;POLR2G;POLR2J;NCBP2;POLR2H;NELFCD;POLR2C;CTDP1;NCBP1;NELFE"
"REACTOME_ANCHORING_OF_THE_BASAL_BODY_TO_THE_PLASMA_MEMBRANE",0.00411113849480797,0.00895285087399215,0.407017918923954,0.350397636081965,1.59816815959347,96,"CEP97;MAPRE1;RAB11A;PLK1;NEDD1;CDK1;NEK2;CEP135;PLK4;RAB8A;CCP110;DYNLL1;CKAP5;TUBA1A;HAUS2;HSP90AA1;RAB3IP;CETN2;SEPTIN2;CEP83;IQCB1;CEP70;TUBA4A;PPP2R1A;TUBB;CSNK1D;HAUS1;TMEM67;CEP43;CEP41;HAUS3;ACTR1A;TUBB4B;CEP250;CEP76;CEP290;ODF2;DYNC1I2;AKAP9;RPGRIP1L;C2CD3;SSNA1;TUBG1;DCTN2;SFI1;TCTN1;MKS1;HAUS8;ALMS1;CNTRL"
"REACTOME_RECRUITMENT_OF_NUMA_TO_MITOTIC_CENTROSOMES",0.00421444221171801,0.00916301306676755,0.407017918923954,0.349643358686613,1.58116189456423,92,"TUBB3;MAPRE1;TUBA1C;PLK1;NEDD1;CDK1;NEK2;CEP135;PLK4;MZT1;CCP110;TUBA4B;TUBA1B;DYNLL1;CKAP5;TUBA1A;HAUS2;HSP90AA1;CETN2;CEP70;TUBA4A;PPP2R1A;TUBB;CSNK1D;HAUS1;CEP43;CEP41;HAUS3;ACTR1A;TUBB8;TUBB4B;CEP250;MZT2B;CEP76;TUBB1;CEP290;ODF2;DYNC1I2;AKAP9;TUBA3D;SSNA1;MZT2A;TUBG1;TUBA3E;DCTN2;SFI1;NME7"
"REACTOME_RESPONSE_OF_MTB_TO_PHAGOCYTOSIS",0.0042540527002449,0.00923423999988749,0.407017918923954,0.537866445423574,1.79551856132426,23,"CORO1A;RAB5A;PGK1;RNF213;ATP6V1H;RAB7A;KPNA1;DUSP16;TRIM27;UBC;MAPK1;UBB;GSK3A;SFPQ;KPNB1"
"REACTOME_INFLAMMASOMES",0.00426958195793734,0.00925304900208929,0.407017918923954,0.567571719553823,1.84879256756469,21,"PYCARD;AIM2;PANX1;BCL2L1;HMOX1;CASP1;TXN;HSP90AB1;NFKB1;P2RX7;RELA;NFKB2;PSTPIP1"
"REACTOME_COMPLEX_IV_ASSEMBLY",0.00439224582740093,0.00950360734403926,0.407017918923954,0.449853116644385,1.73906181783184,43,"COX7A2;COQ10B;COX17;NDUFA4;COX6C;RAB5IF;COX8A;COA1;SCO2;TMEM223;COX7B;COX7A2L;COX5A;COX6B1;HIGD1A;PET100;COX6A1;PNKD;COX16"
"REACTOME_RIBOSOME_QUALITY_CONTROL_RQC_COMPLEX_EXTRACTS_AND_DEGRADES_NASCENT_PEPTIDE",0.00444254880110566,0.00959704452546543,0.407017918923954,0.342554394948266,1.56180751420395,101,"UBE2D1;ELOC;PSMA5;PSMC2;PSMA6;PSMA4;PSMA2;PSMD6;UBE2D2;PSMA1;PSMD14;PSMD12;PSMB4;PSMD1;ELOB;PSMB1;CUL2;PSMA3;RBX1;PSMD2;PSMB2;PSMC6;RPL26L1;ADRM1;PSMC4;PSMD7;LTN1;PSMA7;PSMB3;UFD1;SEM1;PSMB5;RPL39L;PSMD8;PSMD11;PSMD3;UBC"
"REACTOME_HSF1_DEPENDENT_TRANSACTIVATION",0.00448338320495857,0.00965431399406414,0.407017918923954,0.473115596180652,1.75352020665803,36,"RLN1;HSPA8;HSPB1;PTGES3;MRPL18;DNAJB6;HSBP1;FKBP4;HSP90AB1;HSP90AA1;DEDD2;HSPB8;HSPH1;SERPINH1;HSPA6"
"REACTOME_NOD1_2_SIGNALING_PATHWAY",0.00448338320495857,0.00965431399406414,0.407017918923954,0.472552610449757,1.75143359851584,36,"CYLD;CASP8;BIRC3;UBE2N;BIRC2;TNFAIP3;ITCH;NOD2;CHUK;CASP1;UBE2V1;TAB3;MAP3K7;RIPK2;CASP2;CASP4;UBC;IKBKB;MAPK13;MAPK14;UBB;IRAK1"
"KEGG_COLORECTAL_CANCER",0.00456281322236925,0.00980968456739035,0.407017918923954,0.394639866364079,1.64406614832829,62,"CASP3;KRAS;LEF1;TGFB1;RAC2;MAPK9;PIK3CG;BAX;BIRC5;RHOA;CYCS;RAC1;PIK3R5;GSK3B;TGFBR1;PIK3R3;PIK3CB;TGFB2;MAPK1;MSH6;AXIN1;MSH2;PIK3CD;AKT1"
"REACTOME_ACTIVATION_OF_BH3_ONLY_PROTEINS",0.0045849189734737,0.00984151397490853,0.407017918923954,0.48745465469454,1.71613662144718,30,"PMAIP1;YWHAZ;BMF;YWHAQ;YWHAH;BCL2L11;YWHAB;DYNLL1;BBC3;DYNLL2;E2F1;TP73;TP53BP2;AKT1"
"REACTOME_CO_INHIBITION_BY_CTLA4",0.00470365193493816,0.0100803224297244,0.407017918923954,0.563029841478135,1.83399797837036,21,"CD80;CD86;CTLA4;PPP2CA;LCK;PPP2R5E;LYN;SRC"
"REACTOME_SYNTHESIS_OF_SUBSTRATES_IN_N_GLYCAN_BIOSYTHESIS",0.00473338080318507,0.0101279322582436,0.407017918923954,0.393717108169319,1.64022194595442,62,"ST8SIA4;GLB1;DPM1;NEU1;NPL;ST6GAL2;NAGK;HK1;GFUS;NUS1;ST6GAL1;CTSA;PMM2;NANS;NANP;AMDHD2;GNPNAT1;GFPT2;GMPPA;PGM3;DOLK;ST6GALNAC4;SLC35A1;SRD5A3;DPM2;NEU3;CMAS;GFPT1;DOLPP1;ST3GAL1;UAP1;FPGT"
"REACTOME_CD209_DC_SIGN_SIGNALING",0.00475208981821743,0.0101518495641158,0.407017918923954,0.5533470070783,1.78192387985921,20,"KRAS;NRAS;PAK2;PAK1;ICAM3;NFKB1;LYN;PRKACB;RELA;RELB"
"REACTOME_MITOCHONDRIAL_PROTEIN_DEGRADATION",0.00481866465711954,0.0102777847433499,0.407017918923954,0.351299739053235,1.58242022397727,91,"ME2;PRELID1;MRPS10;FECH;YME1L1;TIMM17A;SSBP1;MRPL32;HSPA9;ATP5PF;CHCHD2;IDH2;UQCRQ;ATP5F1C;STARD7;OPA1;HSPD1;NDUFS3;ALDH18A1;SHMT2;PDHB;HSD17B10;COX5A;SLC25A5;ALDH1B1;ATP5PD;NDUFA2;ATP5MG;PCCB;TIMM10;TRIAP1;IARS2;ATP5PO;COX5B;TFAM;FH;CLPX;ATP5F1B;MICU2;OMA1;NDUFS1;SUCLG2;ECI1;IDH3A;HTRA2;ACADSB;OXSM;MRPL12"
"REACTOME_FORMATION_OF_THE_CORNIFIED_ENVELOPE",0.00483814375858756,0.0103030296786351,0.407017918923954,-0.380129611664278,-1.60552032206835,65,"KRT14;PKP1;SPINK5;DSG1;KRT5;SPINK9;KRT6A;DSC3;PPL;TGM5;KLK8;KRT6C;DSC1;PI3;PKP4;KLK13;KRT77;KLK5;LIPK;KAZN;FLG;KRT6B;TGM1;KRT16;KRT17;KLK14;KRT32;LORICRIN;KRT15;LIPJ;DSG3"
"REACTOME_TBC_RABGAPS",0.00491362103280748,0.0104472573378935,0.407017918923954,0.440783694688368,1.7088004795705,44,"ARF6;RAB11A;RAB5A;RAB6A;TBC1D10C;MAP1LC3B;RAB8A;RAB35;RAB7A;RAB33A;GABARAPL2;GGA2;RABEP1;TBC1D10B;RAB8B;TBC1D7;RAB5C;SYTL1;TBC1D2;RAB5B"
"REACTOME_CONVERSION_FROM_APC_C_CDC20_TO_APC_C_CDH1_IN_LATE_ANAPHASE",0.00492333174631106,0.0104514192031926,0.407017918923954,0.55318692803255,1.78140838294563,20,"UBE2D1;UBE2S;UBE2C;CDC20;UBE2E1;ANAPC11;CDC23;CDC27;ANAPC7;ANAPC16;ANAPC1;ANAPC5"
"KEGG_OTHER_GLYCAN_DEGRADATION",0.00494286877705039,0.0104599483696451,0.407017918923954,0.62217790566672,1.82989360240947,15,"AGA;GLB1;NEU1;HEXB;MANBA;FUCA1;MAN2B1;GBA1;HEXA;FUCA2"
"REACTOME_DEVELOPMENTAL_LINEAGES_OF_THE_MAMMARY_GLAND",0.00493748962632036,0.0104599483696451,0.407017918923954,-0.4590878836974,-1.71094207072737,37,"EGFR;MYH11;KRT14;FGF10;MME;KRT5;CNN1;MFGE8;KIT;SLPI;TP63;ALDH1A1;ITGA6;VIM"
"KEGG_JAK_STAT_SIGNALING_PATHWAY",0.00497837980956111,0.0105185740259139,0.407017918923954,0.323507668779861,1.52886063066096,123,"IL21R;STAT1;IL24;PTPN6;IL9R;IL12RB1;IRF9;CISH;IL2RB;IL2RG;LIF;IL21;STAT2;IL7R;IL12B;IL20;PIK3CG;OSM;STAM;IL13RA1;PRLR;BCL2L1;IL10RB;PIK3R5;IFNG;SOCS4;IL2RA;GRB2;SOCS3;IFNGR2;IL4R;PIM1;PIK3R3;STAM2;PIK3CB;IL10;IL23A;IL23R;IFNAR2;CSF2RB;CSF2RA;JAK3;STAT4;IL10RA;IL11;PIK3CD;AKT1;OSMR;PIAS4;IFNAR1;IL19;IFNLR1"
"KEGG_SPHINGOLIPID_METABOLISM",0.0049861786369132,0.0105185740259139,0.407017918923954,0.470975458192868,1.74558815952851,36,"UGCG;SGPP1;SGPL1;GLB1;NEU1;DEGS2;ASAH1;GBA1;ASAH2;SGMS2;SPTLC1;SMPD3;DEGS1;SMPD4;NEU3;GLA;GALC;PLPP2;SPHK1"
"REACTOME_PCNA_DEPENDENT_LONG_PATCH_BASE_EXCISION_REPAIR",0.00504886474191565,0.0106341713626598,0.407017918923954,0.561518145142029,1.82907382014626,21,"POLD4;RPA3;POLB;RFC4;PCNA;FEN1;RFC5;RPA2;POLE3;RFC2;APEX1"
"KEGG_PROSTATE_CANCER",0.00513956593581704,0.0108037746032017,0.407017918923954,0.361902286460294,1.62481870986515,87,"KRAS;LEF1;NRAS;CCNE2;PIK3CG;CDKN1A;NKX3-1;CDKN1B;HSP90B1;E2F3;CHUK;PDPK1;CREB3L1;CDK2;PIK3R5;HSP90AB1;GSK3B;E2F2;GRB2;NFKB1;RB1;PIK3R3;HSP90AA1;CREB1;PIK3CB;CCNE1;E2F1;RELA;MAPK1;ERBB2;IKBKB;MDM2;PIK3CD;AKT1;CREB3L4"
"REACTOME_DEADENYLATION_OF_MRNA",0.00514541787481861,0.0108037746032017,0.407017918923954,0.528670961104983,1.78085156275882,25,"EIF4E;EIF4A3;CNOT11;CNOT6;CNOT9;PARN;CNOT2;PAIP1;CNOT1;CNOT8;EIF4G1;CNOT6L;EIF4A2;CNOT7;EIF4A1"
"REACTOME_RHOH_GTPASE_CYCLE",0.00517379206903572,0.0108464567792537,0.407017918923954,0.45976967288035,1.71217695053421,37,"RHOH;FAM91A1;CSK;LCK;VANGL1;ARHGDIB;PAK2;PAK1;TFRC;TUBA1B;ZAP70;RAB7A;NIPSNAP2;ARHGDIA;WDR11;DBN1;LAMTOR1;TMEM59;OSBPL11;ROCK1"
"REACTOME_SIGNALING_BY_FLT3_ITD_AND_TKD_MUTANTS",0.00531679234739694,0.0111289380190855,0.407017918923954,0.587536542834132,1.77192696791534,16,"KRAS;NOX4;NRAS;CDKN1A;FLT3;BCL2L1;GRB2;PIM1"
"REACTOME_SMAD2_SMAD3_SMAD4_HETEROTRIMER_REGULATES_TRANSCRIPTION",0.00548897527429164,0.0114715328213103,0.407017918923954,0.469518524077812,1.74018828805705,36,"SERPINE1;COL1A2;CCNT1;JUNB;E2F5;CCNT2;HDAC1;SMAD7;SP1;CCNC;RNF111;RBL1;TGIF1;TGIF2;UBC;CCNK;MAPK1;MEN1"
"REACTOME_TRISTETRAPROLIN_TTP_ZFP36_BINDS_AND_DESTABILIZES_MRNA",0.00553551617295495,0.0115508913330391,0.407017918923954,0.579762128172861,1.78442012480554,17,"TNPO1;MAPKAPK2;YWHAB;DCP2;EXOSC6;EXOSC9;XRN1;EXOSC1;EXOSC3;EXOSC4;DIS3;ZFP36;DCP1A"
"REACTOME_PEPTIDE_LIGAND_BINDING_RECEPTORS",0.00559468433752431,0.0116563129628791,0.407017918923954,0.301284106120938,1.46061700035806,142,"CCL3L3;CXCL11;CXCL9;CCL22;CXCL10;CCR4;CXCR4;CCL11;CCR8;CCR1;F2R;CCR5;F2RL2;FPR3;UTS2;C3AR1;CCR7;CCL4;CXCR3;OPRD1;CCL5;PSAP;RLN2;CCR2;CCL3;F2RL1;CXCR6;NPFFR1;EDN2;CCL19;RXFP1;CCR6;CCL20;CCL2;CXCL13;NLN;SSTR3;GPR37;AGT;EDNRA;SSTR2;C5AR1;OPRM1;CXCR5;XCR1;FPR1;C5AR2"
"REACTOME_DISEASES_ASSOCIATED_WITH_N_GLYCOSYLATION_OF_PROTEINS",0.00560830082373276,0.0116666504789996,0.407017918923954,0.549321989413176,1.7689622572199,20,"GLB1;NEU1;ALG8;DPAGT1;MGAT2;ALG1;CTSA;ALG6;B4GALT1;ALG3;ALG2;MPDU1"
"REACTOME_DIGESTION_AND_ABSORPTION",0.00598627778201764,0.0124337479971645,0.407017918923954,-0.570294099826907,-1.77782870276356,18,"AMY2B;SLC5A1;TREH;GUCY2C;SLC2A2;AMY2A;AMY1A;AMY1C;AMY1B"
"KEGG_RIBOFLAVIN_METABOLISM",0.00606036136777781,0.0125682571134838,0.407017918923954,0.614912977057463,1.80852664890154,15,"RFK;ACP1;ACP2;FLAD1;MTMR1;ACP5;MTMR6;ACP3;ENPP1;PHPT1"
"REACTOME_NOTCH4_INTRACELLULAR_DOMAIN_REGULATES_TRANSCRIPTION",0.00615810913177423,0.0127513534710164,0.407017918923954,-0.547050261541396,-1.72513131013254,20,"MAML2;KAT2A;HEY1;MAMLD1;NOTCH4;MAML3;FLT4;ACTA2;HES5;NOTCH1;SMAD3"
"REACTOME_INSERTION_OF_TAIL_ANCHORED_PROTEINS_INTO_THE_ENDOPLASMIC_RETICULUM_MEMBRANE",0.00623228367034757,0.0128851509012707,0.407017918923954,0.530131541749874,1.74507702635982,22,"SEC61G;GET1;GET3;SERP1;HMOX1;SEC61B;VAPA;STX1A;OTOF;UBL4A;GET4;UBE2J2;BAG6;EMD"
"REACTOME_SARS_COV_1_MODULATES_HOST_TRANSLATION_MACHINERY",0.00627074199325686,0.012944808892665,0.407017918923954,-0.469732494818772,-1.71062228819735,35,"RPS6;RPS9;RPS16;EEF1A1;RPS3A;RPS28;RPS23;RPS12;RPS5;RPS8;RPS20;RPS27A;RPS3;RPS4X;RPS19;RPS29;RPS11;RPS7;RPS25;RPS18;RPS14;RPS15"
"KEGG_TGF_BETA_SIGNALING_PATHWAY",0.00630259017486352,0.0129906598711254,0.407017918923954,0.348515171691827,1.55077390519368,82,"COMP;INHBA;ID2;PPP2CA;TGFB1;THBS2;THBS1;TNF;RPS6KB2;SKP1;E2F5;RBX1;SMAD7;RHOA;IFNG;SP1;LTBP1;TGFBR1;BMP8A;ZFYVE16;BMPR2;THBS4;BMPR1B;RBL1;RBL2;CUL1;TGFB2;PPP2R1A;CHRD"
"REACTOME_BINDING_AND_UPTAKE_OF_LIGANDS_BY_SCAVENGER_RECEPTORS",0.00643906358416175,0.0132314904137958,0.407017918923954,0.331228427026546,1.51093963186223,100,"MSR1;HYOU1;IGLV3-1;CALR;PRDX1;COL1A2;COL1A1;APOE;IGHV3-11;HSP90B1;IGHV3-33;APOL1;IGHV1-69;COL3A1;IGHV4-34;IGLV1-47;IGHV4-59;HSP90AA1;IGHV3-30;IGKV1D-39;IGHV4-39;IGKV1-39;HSPH1;IGKV3-15;IGKV2-28;IGLV3-21;IGKV2D-28;IGLV3-27;IGHV2-5;SPARC;IGKV4-1;IGKV1-5;IGLV3-25;IGKV3-20;IGKV1-16;IGKV1-33;IGKV2D-40;IGHV2-70;IGKV1D-33;IGKV3D-20;FTL;IGKV3-11;FTH1;IGLV6-57;IGLC2;IGHV3-53;IGLC3;HMGB1;IGLV1-44"
"REACTOME_TOLL_LIKE_RECEPTOR_TLR1_TLR2_CASCADE",0.00643566749830745,0.0132314904137958,0.407017918923954,0.316941166738242,1.48212451812658,113,"MYD88;PPP2CA;IRAK4;BTK;CASP8;N4BP1;MAPKAPK2;UBE2N;MAPK9;TLR1;LY96;TLR6;NOD2;SKP1;RPS6KA1;CHUK;ATF2;ELK1;UBE2V1;TAB3;MAP3K7;RIPK2;FBXW11;NFKB1;CREB1;USP18;ATF1;MAPKAPK3;VRK3;USP14;CUL1;RELA;PPP2R1A;UBC;MAPK1;SFTPA2;IKBKB;NFKB2;TNIP2;NKIRAS1;TLR2;MAPK14;NLRC5;FGG;UBB;SIGIRR;TRAF2;IRAK1"
"REACTOME_MRNA_DECAY_BY_5_TO_3_EXORIBONUCLEASE",0.00691997357691411,0.0141980584196046,0.407017918923954,0.608217764861414,1.7888352939808,15,"DDX6;LSM1;DCP2;LSM3;LSM5;XRN1;EDC4;PATL1;LSM4;LSM7;LSM2"
"REACTOME_G_PROTEIN_BETA_GAMMA_SIGNALLING",0.00694041880769811,0.014218365581728,0.407017918923954,0.475533706698765,1.69113766477252,31,"GNG5;BTK;GNG10;PIK3CG;GNB2;CDC42;PAK1;RHOA;PDPK1;PIK3R5;GNB4;PLCB2;GNGT2;GNB1"
"REACTOME_ENDOSOMAL_SORTING_COMPLEX_REQUIRED_FOR_TRANSPORT_ESCRT",0.00702454407248338,0.0143688701209524,0.407017918923954,0.47428511806941,1.68669731652977,31,"CHMP5;VTA1;CHMP2B;STAM;VPS25;CHMP4B;TSG101;STAM2;VPS37C;CHMP7;UBC;CHMP2A;CHMP4A;VPS4B;UBB"
"REACTOME_REGULATION_OF_CHOLESTEROL_BIOSYNTHESIS_BY_SREBP_SREBF",0.00727825987056642,0.0148442211087993,0.407017918923954,0.397119167028639,1.60265136491234,55,"HELZ2;SQLE;SEC24A;INSIG2;MTF1;NCOA2;SP1;TBL1XR1;SEC24D;SAR1B;NFYA;RAN;IDI1;TGS1;SEC24C;MBTPS2;GGPS1;HMGCR;MED1;NFYB"
"REACTOME_TRANSCRIPTIONAL_AND_POST_TRANSLATIONAL_REGULATION_OF_MITF_M_EXPRESSION_AND_ACTIVITY",0.00727895411937413,0.0148442211087993,0.407017918923954,0.398857798840538,1.61320928752193,56,"LEF1;TFEC;YWHAZ;UBE2I;SUMO1;YWHAH;YWHAB;XPO1;RPS6KA1;HDAC1;EEF1E1;CDH1;GSK3B;MARS1;EPRS1;CREB1;RARS1;SIRT1;AIMP1;KITLG;IARS1;MAPK1"
"REACTOME_INTERACTION_BETWEEN_L1_AND_ANKYRINS",0.00770515915178058,0.0156896594208463,0.407017918923954,-0.482986493812855,-1.67941808136066,29,"SPTB;SCN4B;SCN4A;SCN2A;SCN3A;SPTBN1;SPTBN4;NFASC;SCN2B"
"KEGG_FATTY_ACID_METABOLISM",0.0078335098757031,0.0159269552223948,0.380730400722792,-0.440749733533447,-1.69217965822525,41,"ADH4;ADH6;ADH1A;ADH1C;HADH;ACADVL;ACADS;ACADL;CYP4A11;ADH1B;ALDH9A1;ACAA2;ADH5;ACSL1;CPT1B;ALDH2;ACAT1;ALDH7A1;HADHA;CPT1C;EHHADH;CYP4A22"
"REACTOME_TRANSLESION_SYNTHESIS_BY_POLH",0.0078733171466103,0.0159837824000462,0.380730400722792,0.547077894752696,1.73930148840167,19,"RPA3;RFC4;PCNA;SPRTN;UFD1;RFC5;RPA2;UBC;NPLOC4;RFC2;POLH;UBB"
"REACTOME_IRAK4_DEFICIENCY_TLR2_4",0.00797633097469169,0.0161685626374201,0.380730400722792,0.571043691949697,1.75758609702508,17,"MYD88;IRAK4;BTK;TLR1;LY96;TLR6"
"REACTOME_BUTYRATE_RESPONSE_FACTOR_1_BRF1_BINDS_AND_DESTABILIZES_MRNA",0.00806350312785632,0.016320724048574,0.380730400722792,0.570752141851765,1.75668874992899,17,"MAPKAPK2;YWHAB;DCP2;EXOSC6;EXOSC9;XRN1;EXOSC1;AKT1;EXOSC3;EXOSC4;ZFP36L1;DIS3;DCP1A"
"REACTOME_RHOV_GTPASE_CYCLE",0.00811817347424375,0.0164035294600949,0.380730400722792,0.441836624014213,1.6453944837198,37,"CEP97;TPM3;DEPDC1B;VANGL1;IQGAP1;PARD6B;CLTC;CDC42;PAK2;PAK1;CCP110;WASL"
"REACTOME_TELOMERE_EXTENSION_BY_TELOMERASE",0.00812875198764346,0.0164035294600949,0.380730400722792,0.515688301111845,1.7214829524733,23,"TINF2;RUVBL1;NOP10;CDK2;POT1;CCNA2;TERF2IP;NHP2;TERF1;PPP6R3;RUVBL2"
"REACTOME_INTERLEUKIN_7_SIGNALING",0.00817056851214358,0.016463268093228,0.380730400722792,0.453777978143668,1.68184870766238,36,"H3C12;CISH;IL2RG;H3C8;IL7R;H3C10;H3C4;H3C7;H3C3;BRWD1;H3C13;H3C11;H3C14;H3C15;PIK3R3;H3C2"
"KEGG_GLYCINE_SERINE_AND_THREONINE_METABOLISM",0.00818360731157411,0.0164649293373163,0.380730400722792,-0.481412061309061,-1.66702589798188,28,"MAOA;PHGDH;MAOB;AOC3;PSAT1;SHMT1;AMT;DMGDH;AOC2;BHMT;GLYCTK"
"REACTOME_SLC_TRANSPORTER_DISORDERS",0.00826650473733509,0.0166069275498177,0.380730400722792,0.346056985257915,1.5497264988823,85,"SLC40A1;NUP210;SLC33A1;NUP50;SLC12A3;SLC35A2;SLC29A3;SLC24A5;NUP37;SLC7A7;RAE1;HK1;SLC35A3;NUP155;NUP153;NDC1;NUP205;SLC2A1;NUP62;SLC2A10;NUP160;NUP43;SLC16A1;SLC5A5;SEC13;RANBP2;SEH1L;SLC35A1;SLC5A2;SLC3A2;SLC1A3;NUP107;BSG;SLC20A2;NUP93;SLC6A20;NUP58;NUP133;NUP42;SLC22A5;SLCO2A1;SLC12A6;TPR;SLC27A4;SLC6A3;AAAS;NUP54"
"REACTOME_PHOSPHOLIPID_METABOLISM",0.00839256543957509,0.0168350866258143,0.380730400722792,0.271706281790184,1.38458917372624,203,"PLAAT4;PLA2G2D;ARF3;PNPLA8;ETNK1;LPCAT1;CPNE3;SLC44A4;PIK3CG;OSBPL8;PITPNM1;PIP4K2A;ABHD3;PIP4P1;RAB5A;LCLAT1;PIP4K2C;PLD4;MBOAT1;PLA2G15;GDPD1;FIG4;CSNK2A1;TNFAIP8L1;SELENOI;PIK3R5;MBOAT7;ABHD4;PLAAT2;CDS1;STARD7;SLC44A1;ARF1;MBOAT2;PI4K2B;LPIN2;CEPT1;SYNJ1;PIK3R3;MTMR1;RAB14;PLA2G2A;PIP5K1A;GDE1;AGPAT3;PIK3CB;LPCAT3;TNFAIP8;ETNK2;STARD10;PGP;TNFAIP8L2;CRLS1;PLEKHA2;GPAT4;CPNE7;SACM1L;CPNE1;PLEKHA3;INPP4B;AGPAT5;PI4K2A;LIPH;PIK3CD;PLA1A;INPPL1;MTM1;GPD2;PLEKHA1;PCYT1A;CSNK2B;AGK;PTDSS1;LPGAT1;MTMR14;MTMR6;GNPAT;SLC44A5;PIK3R4;INPP4A"
"REACTOME_COLLAGEN_FORMATION",0.00865646119045493,0.0173386473770182,0.380730400722792,0.332728806088801,1.49922483288099,89,"COL8A1;COL24A1;P4HA3;COL12A1;COL11A1;COL10A1;MMP13;LOXL1;COL1A2;LOX;COL5A1;CTSB;COL1A1;ADAMTS2;COL19A1;CTSS;COL5A2;ADAMTS14;CTSL;COL6A3;MMP3;COL8A2;TLL2;COL22A1;COL3A1;COL6A5;P4HA1;CTSV;P4HA2;PPIB;SERPINH1;P4HB"
"KEGG_CHRONIC_MYELOID_LEUKEMIA",0.00867353507840454,0.0173470701568091,0.380730400722792,0.36283371541453,1.5778249476867,73,"KRAS;NRAS;TGFB1;PIK3CG;CDKN1A;CDKN1B;BCL2L1;HDAC1;E2F3;CHUK;CDKN2A;PIK3R5;E2F2;GRB2;NFKB1;TGFBR1;RB1;PIK3R3;PIK3CB;E2F1;RUNX1;RELA;TGFB2;MAPK1;CDK4;IKBKB;MDM2;PIK3CD;AKT1;SHC1;HDAC2;ARAF;CBL;CRKL;NFKBIA"
"KEGG_AMINOACYL_TRNA_BIOSYNTHESIS",0.00901036100792343,0.0179940246498975,0.380730400722792,0.430724012511155,1.64388314614666,41,"TARS1;GARS1;YARS1;MARS1;EPRS1;NARS1;HARS2;DARS2;PARS2;RARS1;MARS2;IARS1;EARS2;SARS1;TARS2;IARS2;KARS1;RARS2;VARS1;WARS1;DARS1;FARSA;AARS1;MTFMT;CARS1;SEPSECS"
"REACTOME_NEGATIVE_REGULATION_OF_MAPK_PATHWAY",0.00932878732943372,0.0186023747338412,0.380730400722792,0.42852081077867,1.65659445849885,43,"KRAS;PPP2CA;NRAS;DUSP10;PTPN7;PAQR3;DUSP5;DUSP2;YWHAB;PPP2R5E;DUSP16;DUSP8;PPP2R1A;UBC;MAPK1;BRAP;UBB;PPP2R5C;ARAF"
"REACTOME_TRANSCRIPTIONAL_REGULATION_BY_VENTX",0.00945962645710234,0.0188354157521033,0.380730400722792,0.428455346043998,1.61291784782514,39,"LEF1;UBE2D1;UBE2S;UBE2C;CDKN2A;UBE2E1;ANAPC11;MOV10;NFKB1;CDC23;RELA"
"REACTOME_RECEPTOR_TYPE_TYROSINE_PROTEIN_PHOSPHATASES",0.0097416568697311,0.019339843093369,0.380730400722792,-0.540442370676384,-1.69559633961723,19,"NTRK3;LRRC4B;IL1RAPL1;PPFIA4;PPFIBP2;PTPRS;SLITRK3;SLITRK2;PTPRF"
"REACTOME_REGULATION_OF_SIGNALING_BY_CBL",0.0097416568697311,0.019339843093369,0.380730400722792,0.517960178113424,1.70501156073721,22,"BLNK;HCK;SYK;VAV1;GRB2;LYN;PIK3R3;PIK3CB;UBC;PIK3CD;UBB;CBL;CRKL"
"REACTOME_KERATINIZATION",0.00978582047286449,0.0193989499962078,0.380730400722792,-0.360752706083199,-1.53386164399545,67,"KRT14;PKP1;SPINK5;DSG1;KRT5;SPINK9;KRT6A;DSC3;PPL;TGM5;KLK8;KRT6C;DSC1;PI3;PKP4;KLK13;KRT77;KLK5;LIPK;KAZN;FLG;KRT6B;TGM1;KRT16;KRT17;KLK14;KRT32;LORICRIN;KRT15;LIPJ;DSG3"
"REACTOME_TP53_REGULATES_TRANSCRIPTION_OF_GENES_INVOLVED_IN_G2_CELL_CYCLE_ARREST",0.00983926866201298,0.0194737127193111,0.380730400722792,0.553190755317477,1.72025130426982,18,"CCNB1;CDK1;BAX;AURKA;PCNA;CDC25C;RBL1;RBL2"
"REACTOME_TRNA_MODIFICATION_IN_THE_NUCLEUS_AND_CYTOSOL",0.0098524273550224,0.0194737127193111,0.380730400722792,0.422155771858913,1.6365850055229,44,"NSUN2;TP53RK;TRMT6;LCMT2;QTRT2;GON7;TRMT112;ADAT1;PUS3;TRMT10A;EPRS1;FTSJ1;LAGE3;TPRKB;METTL1;TYW5;TRMT12;ALKBH8"
"REACTOME_SIGNALING_BY_TGFBR3",0.0100700818463278,0.0198747735415078,0.380730400722792,0.411829869472521,1.60557194751763,45,"INHBA;TGFB1;TCF3;APH1A;KLF16;MMP14;PSENEN;RARA;SP1;MOV10;TGFBR1;PSEN1;TCF12;TIMP1;NCSTN;TGFB2;HELLS"
"REACTOME_DISEASES_ASSOCIATED_WITH_O_GLYCOSYLATION_OF_PROTEINS",0.0109711055726172,0.0215583823788454,0.380730400722792,-0.363659649831189,-1.5324442391543,64,"ADAMTS18;ADAMTS8;ADAMTS5;ADAMTS9;ADAMTS3;MUC6;ADAMTS1;ADAMTSL4;MUCL1;SEMA5B;MUC15;NOTCH3;B4GAT1;NOTCH4;ADAMTS15;THSD7B;THSD1;MUC4;ADAMTSL1;SSPOP;ADAMTS13;SPON2"
"REACTOME_FANCONI_ANEMIA_PATHWAY",0.0109664329796217,0.0215583823788454,0.380730400722792,0.423749369955107,1.59520222612665,39,"DCLRE1A;RPA3;FANCF;ERCC4;USP1;UBE2T;EME1;SLX4;FANCI;FANCD2;DCLRE1B;CENPX;RPA2;UBC;SLX1A;SLX1B;ATRIP;UBB"
"REACTOME_MITOCHONDRIAL_BIOGENESIS",0.0109449722497202,0.0215583823788454,0.380730400722792,0.32636089452057,1.47550049233723,93,"HELZ2;CAMK4;ATP5MK;ATP5PB;ATP5F1E;PRKAG1;SSBP1;HSPA9;ATP5PF;CYCS;GABPB1;IDH2;APOO;NCOA2;ATF2;ATP5F1C;ATP5MF;TFB2M;TBL1XR1;PRKAB1;CREB1;TGS1;IMMT;MTX1;MEF2D;MED1;ATP5PD;MTX2;ATP5MJ;ATP5MG;HCFC1;CRTC2;MAPK14;MICOS10;GABPA;ATP5PO;TFAM;ATP5MC3;CALM1;MTERF1;CARM1;NCOA6;HDAC3;ATP5F1B"
"REACTOME_SIGNALING_BY_SCF_KIT",0.0110096079126123,0.0216025494413412,0.380730400722792,0.425121220910593,1.6434521755689,43,"KRAS;STAT1;PTPN6;NRAS;LCK;GRAP2;SOCS6;RAC1;VAV1;GRB2;LYN;GRB7;SRC;PIK3R3;CHEK1"
"REACTOME_APOPTOTIC_FACTOR_MEDIATED_RESPONSE",0.011053124149421,0.0216564118509005,0.380730400722792,0.520834563127119,1.677225201583,20,"CASP3;XIAP;BAX;CYCS;BAK1;CASP7;CDKN2A;DIABLO"
"REACTOME_RHO_GTPASES_ACTIVATE_NADPH_OXIDASES",0.011658986936165,0.0228103256748191,0.380730400722792,0.504423665901886,1.68387907928485,23,"RAC2;CYBB;CYBA;PRKCB;RAC1;NCF1;NCF2;PRKCZ;MAPK1;NOX1;MAPK14;PIN1;NOXO1;PIK3R4;PRKCD"
"REACTOME_SIGNALING_BY_KIT_IN_DISEASE",0.0117281113646402,0.0229123103181667,0.380730400722792,0.519324246690947,1.67236158275191,20,"KRAS;STAT1;NRAS;LCK;GRB2;LYN;SRC;PIK3R3"
"KEGG_VASCULAR_SMOOTH_MUSCLE_CONTRACTION",0.0120103458594691,0.0234297340355491,0.380730400722792,-0.307536195652375,-1.41916942863133,105,"MYH11;PPP1R12B;PPP1R14A;MYL9;NPR1;ADRA1A;KCNMB1;PLCB4;ACTG2;PRKCE;ADCY6;PLA2G4A;ADCY5;GUCY1A1;KCNMB2;MYLK;CYP4A11;ADCY4;ROCK2;ADRA1B;PLA2G6;ITPR1;IRAG1;ADCY3;NPR2;ADORA2B;GNA11;PLA2G3;PLA2G4B;ACTA2;JMJD7-PLA2G4B"
"KEGG_BLADDER_CANCER",0.0120656052314244,0.0234696044039828,0.380730400722792,0.41561065121321,1.59670430846261,42,"KRAS;NRAS;MMP1;THBS1;CDKN1A;TYMP;MMP2;E2F3;CDKN2A;CDH1;E2F2;RB1;E2F1;DAPK3;FGFR3;MAPK1;ERBB2;CDK4;MDM2;PGF;MMP9"
"REACTOME_FORMATION_OF_ATP_BY_CHEMIOSMOTIC_COUPLING",0.0120637480734485,0.0234696044039828,0.380730400722792,0.541749585538347,1.68467282244283,18,"ATP5MK;ATP5PB;ATP5F1E;ATP5PF;ATP5F1C;ATP5MF;ATP5PD;ATP5MJ;ATP5MG;ATP5PO;ATP5MC3;ATP5F1B"
"REACTOME_SIGNALING_BY_MET",0.0122333735309938,0.0237616534867143,0.380730400722792,0.337848759640966,1.49001190390194,79,"COL24A1;KRAS;FN1;COL11A1;RAP1B;PTPRJ;PTPN1;ARF6;NRAS;COL1A2;RANBP9;COL5A1;STAM;COL1A1;RAP1A;COL5A2;RAC1;COL3A1;GRB2;SPINT1;SRC;STAM2"
"REACTOME_RECRUITMENT_OF_MITOTIC_CENTROSOME_PROTEINS_AND_COMPLEXES",0.0124184910952237,0.0240519051671861,0.380730400722792,0.333564460246001,1.47955637904677,80,"MAPRE1;PLK1;NEDD1;CDK1;NEK2;CEP135;PLK4;MZT1;CCP110;DYNLL1;CKAP5;TUBA1A;HAUS2;HSP90AA1;CETN2;CEP70;TUBA4A;PPP2R1A;TUBB;CSNK1D;HAUS1;CEP43;CEP41;HAUS3;ACTR1A;TUBB4B;CEP250;MZT2B;CEP76;CEP290;ODF2;DYNC1I2;AKAP9;SSNA1;MZT2A;TUBG1;DCTN2;SFI1;NME7;HAUS8;ALMS1;CNTRL;TUBGCP2"
"REACTOME_TRIGLYCERIDE_METABOLISM",0.0124089354615869,0.0240519051671861,0.380730400722792,-0.465486171465521,-1.61856677773986,29,"CAV1;AGMO;LIPE;FABP4;DGAT2;LPIN3;GPAT2;FABP7;PLIN1;GPAM;LPIN1"
"REACTOME_INTERLEUKIN_17_SIGNALING",0.0124977489904063,0.0241706824089923,0.380730400722792,0.361150704153529,1.5368111668431,67,"PPP2CA;MAPKAPK2;UBE2N;MAPK9;NOD2;SKP1;RPS6KA1;CHUK;ATF2;ELK1;UBE2V1;TAB3;MAP3K7;RIPK2;FBXW11;NFKB1;CREB1;ATF1;MAPKAPK3;VRK3;CUL1;PPP2R1A;UBC;MAPK1;IKBKB;TNIP2;MAPK14;UBB;IRAK1"
"KEGG_NON_SMALL_CELL_LUNG_CANCER",0.0126023458265199,0.0243380546907576,0.380730400722792,0.39154647864132,1.56310456815681,53,"KRAS;NRAS;RASSF5;PIK3CG;STK4;PRKCB;E2F3;CDKN2A;PDPK1;PIK3R5;E2F2;GRB2;RB1;PIK3R3;PIK3CB;E2F1;MAPK1;ERBB2;CDK4;PIK3CD;AKT1"
"KEGG_AMINO_SUGAR_AND_NUCLEOTIDE_SUGAR_METABOLISM",0.013246834900527,0.0255461136565242,0.380730400722792,0.413432237894028,1.58833522089906,42,"HEXB;NPL;GNPDA1;GALE;UGDH;NAGK;HK1;GFUS;CYB5R1;PMM2;NANS;NANP;PGM2;AMDHD2;GNPNAT1;HEXA;GFPT2;GMPPA;PGM3;CMAS;GFPT1;UXS1;UAP1;FPGT"
"REACTOME_ASSEMBLY_OF_ACTIVE_LPL_AND_LIPC_LIPASE_COMPLEXES",0.0132881774703492,0.0255743131230631,0.380730400722792,-0.589912056440946,-1.73413706898624,15,"LPL;GPIHBP1;ANGPTL8;CIDEC;ANGPTL3;LMF1;ANGPTL4"
"REACTOME_STING_MEDIATED_INDUCTION_OF_HOST_IMMUNE_RESPONSES",0.0132994017056878,0.0255743131230631,0.380730400722792,0.585923919431156,1.72326664431585,15,"TBK1;NLRC3;CGAS;TRIM21;DDX41;XRCC5;TREX1;IFI16;PRKDC;XRCC6"
"REACTOME_SUMOYLATION_OF_TRANSCRIPTION_COFACTORS",0.0140627792246702,0.0270037413032129,0.380730400722792,0.407992648879995,1.58167836621152,44,"CBX4;NRIP1;UBE2I;SUMO1;SUMO3;CBX2;SUMO2;BMI1;CBX8;NCOA2;DDX5;DAXX;SIN3A;ZNF131;ZNF350"
"REACTOME_EPH_EPHRIN_MEDIATED_REPULSION_OF_CELLS",0.0143430282881496,0.0275027057360252,0.380730400722792,0.388362342128172,1.54115484156716,49,"ACTB;EPHB2;VAV3;ACTG1;APH1A;CLTC;TIAM1;AP2M1;PSENEN;AP2S1;MMP2;ADAM10;RAC1;LYN;SRC;VAV2;PSEN1;AP2B1"
"KEGG_REGULATION_OF_AUTOPHAGY",0.0149343082623767,0.0285953368362569,0.380730400722792,0.506990656801809,1.63264415757979,20,"ATG3;ATG12;ATG4A;IFNG;GABARAPL2;BECN1;ATG5;PIK3R4;ULK1;GABARAP;ATG4C"
"REACTOME_GLYCOSPHINGOLIPID_METABOLISM",0.0149552763127308,0.0285953368362569,0.380730400722792,0.390682285672522,1.56913690975747,54,"UGCG;M6PR;ARSB;GLB1;NEU1;GM2A;HEXB;PSAP;ARSG;ASAH1;B3GALNT1;GBA1;ASAH2;CTSA;SMPD3;HEXA;ARSI;SMPD4;B4GALT5;NEU3;GLA;GALC"
"REACTOME_SIGNALING_BY_RETINOIC_ACID",0.0152661817793184,0.0291484603945059,0.380730400722792,-0.409666267662699,-1.56921542447065,40,"ALDH1A2;ADH4;ADH1A;RDH5;AKR1C3;ADH1C;CRABP1;RDH10;CYP26B1;ALDH1A1;RXRG;PDHA1;PDK2;RARB;DHRS4;CYP26C1;DHRS3"
"HALLMARK_MYC_TARGETS_V2",0.0154405507022562,0.0294396921451787,0.380730400722792,0.369582724897498,1.51524287210425,58,"CBX3;DCTPP1;PLK1;DUSP2;HSPE1;DDX18;PLK4;TFB2M;MPHOSPH10;HSPD1;MCM4;SORD;SLC19A1;NIP7;NOLC1;CDK4;NOP56;PA2G4;NOP2;GNL3;RRP12;IMP4;BYSL;NPM1;GRWD1;FARSA;NOP16;AIMP2;TBRG4;UNG;IPO4;TMEM97"
"REACTOME_AMINE_LIGAND_BINDING_RECEPTORS",0.0155946480146539,0.029649626972854,0.380730400722792,-0.484528315897217,-1.63137430600398,25,"ADRA2B;CHRM3;ADRA1A;HTR2A;HTR6;ADRB1;DRD2;ADRA1B;CHRM1;ADRB2"
"REACTOME_RNA_POLYMERASE_III_TRANSCRIPTION_INITIATION_FROM_TYPE_1_PROMOTER",0.0155785106493062,0.029649626972854,0.380730400722792,0.469056548844011,1.61421698389257,28,"POLR2K;POLR3K;GTF3C6;GTF3C1;GTF3C3;POLR3F;GTF3C2;POLR2H;POLR3C;TBP;GTF3C4;POLR3A"
"REACTOME_REGULATION_OF_PTEN_GENE_TRANSCRIPTION",0.0159673823040909,0.0303155371069219,0.352487857583619,0.369135857387688,1.52206639911178,60,"CBX4;REST;SALL4;CBX2;LAMTOR5;RBBP7;BMI1;LAMTOR2;HDAC1;CBX8;ATF2;RBBP4;EZH2;CHD4;RHEB;SLC38A9;GATAD2B;RNF2;MAPK1;SNAI1;LAMTOR1;SUZ12;HDAC2;RRAGC;LAMTOR3;MTA2;PHC3;MTA3;MLST8;HDAC3;JUN;RCOR1;PHC2;EED;LAMTOR4"
"REACTOME_PROCESSIVE_SYNTHESIS_ON_THE_LAGGING_STRAND",0.016010074233329,0.0303538397560162,0.352487857583619,0.578980096152331,1.70284409687652,15,"POLD4;RPA3;PCNA;PRIM1;DNA2;FEN1;RPA2;PRIM2"
"KEGG_SELENOAMINO_ACID_METABOLISM",0.0163089273671639,0.0308770141726642,0.352487857583619,0.474304788270851,1.61064929998613,26,"SEPHS2;MAT2A;LCMT2;CBS;MARS1;MAT2B;LCMT1;GGT1;MARS2;SCLY"
"REACTOME_COOPERATION_OF_PDCL_PHLP1_AND_TRIC_CCT_IN_G_PROTEIN_BETA_FOLDING",0.0168287018768894,0.0318163956943154,0.352487857583619,0.419290790374716,1.56143405969642,37,"GNG5;GNG10;CCT5;GNA14;GNB2;CCT6A;CCT8;TCP1;CSNK2A1;CCT2;RGS7;GNB4;GNGT2;CCT4;GNB1;CCT3;CCT7"
"REACTOME_NEUREXINS_AND_NEUROLIGINS",0.0169227817737563,0.0319494535448508,0.352487857583619,-0.393384816367086,-1.59033125513935,51,"SYT2;NLGN1;GRIN2B;STXBP1;NRXN1;DLGAP1;DLG4;EPB41L2;APBA1;LRRTM2;BEGAIN;DLG2;GRIN2A;DLGAP2"
"REACTOME_SIGNALING_BY_PDGFR_IN_DISEASE",0.0169592789548812,0.0319735776659858,0.352487857583619,0.499947889838837,1.60996458315168,20,"KRAS;STAT1;NRAS;BIN2"
"REACTOME_COLLAGEN_CHAIN_TRIMERIZATION",0.0170605934381851,0.0321196647411642,0.352487857583619,0.412936734514285,1.59634885611261,43,"COL8A1;COL24A1;COL12A1;COL11A1;COL10A1;COL1A2;COL5A1;COL1A1;COL19A1;COL5A2;COL6A3;COL8A2;COL22A1;COL3A1;COL6A5"
"REACTOME_TURBULENT_OSCILLATORY_DISTURBED_FLOW_SHEAR_STRESS_ACTIVATES_SIGNALING_BY_PIEZO1_AND_INTEGRINS_IN_ENDOTHELIAL_CELLS",0.017155462619124,0.0322532267929974,0.352487857583619,0.444594748639379,1.58110963406514,31,"FN1;STAT1;PTPN1;PPP2CA;ITGAV;PDE4D;CHUK;NFKB1;RELA;PPP2R1A;PPP2R2A;IKBKB;ITGA5;ANXA2"
"REACTOME_INTERLEUKIN_3_INTERLEUKIN_5_AND_GM_CSF_SIGNALING",0.0175503803665027,0.0329497391839076,0.352487857583619,0.400704379514691,1.56219778769392,45,"BLNK;PTPN6;YWHAZ;IL2RB;IL2RG;HCK;SYK;IL2RA;VAV1;GRB2;LYN;PIK3R3;PIK3CB;CSF2RB;CSF2RA;JAK3;UBC;PIK3CD;INPPL1;SHC1;UBB;CBL;CRKL;INPP5D"
"REACTOME_INTEGRIN_SIGNALING",0.0180066902560318,0.033759413720627,0.352487857583619,0.468123090929347,1.58965742568498,26,"FN1;RAP1B;PTPN1;CSK;RASGRP1;RAP1A;SYK;PDPK1;GRB2;SRC"
"REACTOME_RAC1_GTPASE_CYCLE",0.0183741737306447,0.0344005363734847,0.352487857583619,0.275928470904841,1.38558457706509,183,"ERBIN;CYFIP2;DOCK10;DEF6;ABI1;SNAP23;VAV3;ARHGAP30;DEPDC1B;ECT2;GNA13;TAGAP;CYBB;VANGL1;GMIP;CYBA;YKT6;IQGAP1;NCKAP1L;PREX1;ARHGDIB;WIPF1;TIAM1;ARAP2;CDC42;VRK2;PAK2;PAK1;RACGAP1;TFRC;TMPO;LEMD3;WASL;SH3BP1;ARHGAP9;RAC1;ARHGAP15;VAV1;RAB7A;ARHGEF18;DOCK2;NCF1;WAS;DOCK8;PIK3R3;VAV2;ARHGAP1;ARHGAP45;TAOK3;MPP7;IQGAP3;NCF2;KTN1;ARHGDIA;BRK1;SPATA13"
"REACTOME_DENGUE_VIRUS_ATTACHMENT_AND_ENTRY",0.018421911550588,0.0344420759642061,0.352487857583619,0.401290677956067,1.55569661764214,44,"SDC1;TIMD4;GPC6;LY6E;HSPA5;UBA3;AP2M1;AP2S1;CLDN1;SDC4;UBA6;CD300A;AP2B1;UBA1;EMC4;UBA5"
"REACTOME_CARGO_RECOGNITION_FOR_CLATHRIN_MEDIATED_ENDOCYTOSIS",0.018752855644838,0.0350122567995037,0.352487857583619,0.310981091375887,1.42106741361664,102,"COPS8;CD3D;M6PR;CD3G;NECAP1;VAMP7;IL7R;VAMP8;CLTC;STAM;COPS5;AP2M1;AP2S1;TFRC;CD4;NEDD8;UBQLN1;KIAA0319;SYT1;TOR1A;GRB2;REPS2;GRK2;FCHO2;STAM2;AP2B1;NECAP2;SGIP1;COPS4;COPS3;UBC;TOR1B;TGOLN2;COPS2;COPS6;SH3GL1"
"REACTOME_VXPX_CARGO_TARGETING_TO_CILIUM",0.0187925737548252,0.0350378830172951,0.352487857583619,0.531814942610831,1.6368459410376,17,"RAB11A;EXOC8;EXOC6;ARF4;RAB8A;EXOC5;RAB3IP;RAB11FIP3;EXOC2"
"REACTOME_BILE_ACID_AND_BILE_SALT_METABOLISM",0.0189105713376607,0.0352091853082412,0.352487857583619,-0.422842841107596,-1.55963797950568,36,"CYP39A1;AKR1C1;SLCO1A2;OSBPL1A;AKR1C3;SLC51B;AKR1C2;CYP46A1;SLC27A5"
"HALLMARK_HEME_METABOLISM",0.019404472031765,0.0360789355845782,0.352487857583619,0.275576116488381,1.38951629138933,188,"SLC30A1;VEZF1;CDR2;MINPP1;USP15;NUDT4;BMP2K;MFHAS1;DCUN1D1;MKRN1;BPGM;RBM38;CTSB;MOSPD1;TOP1;FECH;HTATIP2;SLC7A11;TMEM9B;UCP2;LAMP2;ATG4A;EIF2AK1;TCEA1;TFRC;ARL2BP;RHCE;ACSL6;E2F2;MBOAT2;LPIN2;KDM7A;SLC2A1;SYNJ1;RNF19A;ADIPOR1;GDE1;P4HA2;BACH1;H1-0;TRIM58;RIOK3;DCAF11;BTG2;HDGF;DCAF10;GCLM;ELL2;GMPS;SLC25A38;CIR1;KLF3;NCOA4;GLRX5;ACP5;HMBS;CDC27;PICALM;ASNS;LRP10;BSG;BLVRA;TENT5C;BLVRB;PSMD9;UROS;CLCN3;CA2;DAAM1;SDCBP;FBXO34"
"REACTOME_INTERLEUKIN_RECEPTOR_SHC_SIGNALING",0.0195567151653618,0.0363119174144735,0.352487857583619,0.466994293345035,1.56917477410635,24,"PTPN6;IL2RB;IL2RG;IL2RA;GRB2;PIK3R3;PIK3CB;CSF2RB;CSF2RA;JAK3;PIK3CD;INPPL1;SHC1"
"REACTOME_RIBOSOME_ASSOCIATED_QUALITY_CONTROL",0.0197265379576034,0.0365768544248273,0.352487857583619,0.28105515372227,1.35994265002086,141,"UBE2D1;ELOC;PSMA5;PSMC2;PSMA6;PSMA4;PSMA2;RPS27L;PSMD6;UBE2D2;PSMA1;PSMD14;PSMD12;PSMB4;PSMD1;ELOB;PSMB1;CUL2;HBS1L;PSMA3;RBX1;PSMD2;PSMB2;PSMC6;RPL26L1;ABCE1;ADRM1;PSMC4;UBE2D3;PSMD7;LTN1"
"REACTOME_SELENOAMINO_ACID_METABOLISM",0.02029846557459,0.0375856203221803,0.352487857583619,-0.297500968541195,-1.38092080297298,114,"RPL13;RPS6;RPLP2;RPL4;RPL3;RPS9;INMT;RPS16;RPL18A;RPS3A;RPL32;RPL13A;RPL23A;RPL37A;RPL7;RPL22;RPL27;RPS28;RPL34;RPS23;RPS12;RPS5;RPL38;RPL8;RPS8;RPL14;RPS20;RPL31;RPS27A;RPL10;RPL5;RPL12;UBA52;RPL11;RPL18;RPLP1;RPL35;RPS3;RPS4X;RPL23;RPS19;RPS29;RPL29;RPL26;RPL9;RPL10A;RPL17;RPL21;RPL39;RPL19;RPL37;RPL7A;RPS11;RPL6;RPS7;RPS25;RPS18;RPS14;RPL27A;RPL15;RPS15"
"REACTOME_RESOLUTION_OF_ABASIC_SITES_AP_SITES",0.0206233051653155,0.0381347261493078,0.352487857583619,0.416819955527112,1.5566314724895,38,"MBD4;POLD4;RPA3;TDG;POLB;RFC4;PCNA;PARP1;FEN1;RFC5;ADPRS;RPA2;MPG;POLE3;RFC2;APEX1;SMUG1;LIG1;NTHL1;UNG"
"REACTOME_NOTCH_HLH_TRANSCRIPTION_PATHWAY",0.0209082890568199,0.0386087310254702,0.352487857583619,-0.450838729307077,-1.56115705851758,28,"MAML2;KAT2A;HDAC4;MAMLD1;NOTCH3;NOTCH4;HDAC5;MAML3"
"REACTOME_AZATHIOPRINE_ADME",0.0212027147677345,0.0390988502146458,0.352487857583619,0.479537790993368,1.57853347033762,22,"VAV3;ABCC5;HPRT1;TPMT;RAC1;NME1;VAV1;VAV2;ABCC4;GUK1;GMPS"
"REACTOME_PHASE_0_RAPID_DEPOLARISATION",0.0219281836491641,0.0403814092337067,0.352487857583619,-0.445998591442932,-1.5443967074217,28,"SCN4B;SCN4A;SCN2A;SCN3A;SCN2B;SCN3B;CACNB2;SCN7A;CACNA1C;FGF11;SCN11A;SCN8A;FGF13;RANGRF;SCN9A"
"REACTOME_BUDDING_AND_MATURATION_OF_HIV_VIRION",0.0220730106263568,0.0405865608273533,0.352487857583619,0.456561514661124,1.57121641937206,28,"CHMP5;VTA1;CHMP2B;CHMP4B;TSG101;PPIA;VPS37C;PDCD6IP;CHMP7;UBC;CHMP2A;CHMP4A;VPS4B;UBB"
"REACTOME_CHOLESTEROL_BIOSYNTHESIS",0.022099803892639,0.0405865608273533,0.352487857583619,0.464037770523319,1.59092113813014,27,"SQLE;IDI1;GGPS1;DHCR24;HMGCR;ACAT2;MSMO1;ARV1;PLPP6;CYP51A1;EBP;HSD17B7;LBR;HMGCS1;DHCR7;SREBF1;PMVK;NSDHL"
"REACTOME_PI_METABOLISM",0.0222778380231493,0.0408578580342928,0.352487857583619,0.323874924627902,1.45106960181428,83,"ARF3;PIK3CG;PIP4K2A;PIP4P1;RAB5A;PIP4K2C;GDPD1;FIG4;TNFAIP8L1;PIK3R5;ARF1;PI4K2B;SYNJ1;PIK3R3;MTMR1;RAB14;PIP5K1A;GDE1;PIK3CB;TNFAIP8;TNFAIP8L2;PLEKHA2;SACM1L;PLEKHA3;INPP4B;PI4K2A;PIK3CD;INPPL1;MTM1;PLEKHA1;MTMR14;MTMR6;PIK3R4;INPP4A;TNFAIP8L3;INPP5D"
"REACTOME_INTRA_GOLGI_TRAFFIC",0.0223608251984575,0.0409543374558706,0.352487857583619,0.406720439842037,1.57231763278012,43,"YKT6;MAN2A1;COG2;RAB39A;NSF;ARF1;NAPA;STX6;NAPG;CUX1;RAB30;CYTH1;GOLGA5;VPS45;CYTH4;SNAP29;STX16;COG4;COG5;COG8"
"REACTOME_NEGATIVE_REGULATION_OF_FLT3",0.022538292065112,0.0412233618775725,0.352487857583619,0.562876522223283,1.65548171605215,15,"PTPRJ;CSK;SLA2;SLA;FLT3;SOCS6"
"REACTOME_SUMOYLATION_OF_DNA_METHYLATION_PROTEINS",0.0230411748495262,0.0420860483701374,0.352487857583619,0.534276131497079,1.61130111353843,16,"CBX4;UBE2I;SUMO1;CBX2;BMI1;CBX8;RNF2;DNMT1;DNMT3B;PHC3"
"REACTOME_ACTIVATION_OF_SMO",0.0236393534198301,0.0431202278889458,0.352487857583619,-0.53931185463353,-1.63053318691132,16,"PTCH1;BOC;EVC2;GAS1;CDON;ARRB1"
"REACTOME_NUCLEOTIDE_SALVAGE",0.0238738708148681,0.0434891592681651,0.352487857583619,0.475497166538756,1.5652326188459,22,"DCK;PNP;HPRT1;AMPD3;TYMP;TK1;GMPR2;ADK"
"REACTOME_N_GLYCAN_ANTENNAE_ELONGATION_IN_THE_MEDIAL_TRANS_GOLGI",0.0244868751319459,0.0445202783270152,0.352487857583619,0.452439654750311,1.52026888370352,24,"MGAT4A;B4GALT4;MAN2A1;FUCA1;MGAT2;ST6GAL1;FUT8;MGAT5;B4GALT3;B4GALT1;MGAT4B;B4GALT5"
"REACTOME_STIMULI_SENSING_CHANNELS",0.0245059692274817,0.0445202783270152,0.352487857583619,-0.312058980515448,-1.41448628802827,93,"RYR3;TRPM3;ANO2;TTYH1;SGK2;CASQ2;TRPC6;ANO5;CLCA4;TRPC5;ANO3;TRDN;CLCN6;ASPH;CLCNKA;TRPM6;CLCN4;CLCA2;RYR1;ASIC1;NEDD4L;TRPC1;TPCN2;WNK2;ANO4;ANO8;RPS27A;MCOLN3;BEST4;TRPV1;UBA52;ANO1;WNK3"
"REACTOME_MICRORNA_MIRNA_BIOGENESIS",0.0250245111128868,0.0454011318710248,0.352487857583619,0.467954312654588,1.57632484154008,25,"POLR2K;POLR2B;POLR2D;POLR2G;RAN;POLR2J;POLR2H;BCDIN3D;POLR2C;TARBP2;PRKRA;DROSHA;XPO5"
"REACTOME_SIGNALING_BY_PDGF",0.0251248097546219,0.04552183272746,0.352487857583619,0.358873248483981,1.46295188888276,57,"KRAS;STAT1;NRAS;THBS2;THBS1;COL5A1;COL5A2;COL6A3;SPP1;COL3A1;COL6A5;GRB2;GRB7;SRC;THBS4;PIK3CB"
"REACTOME_PD_L1_CD274_GLYCOSYLATION_AND_TRANSLOCATION_TO_PLASMA_MEMBRANE",0.0253098868450975,0.045795607338512,0.352487857583619,0.494494546866792,1.61075298760001,21,"MAGT1;RPN1;STT3B;OSTC;PDCD1;RPN2;STT3A;DAD1;TMEM258;OST4;CD274;UBC"
"REACTOME_REGULATION_OF_MITF_M_DEPENDENT_GENES_INVOLVED_IN_APOPTOSIS",0.0254305883723252,0.0459523232250594,0.352487857583619,0.526150249514791,1.58679460479762,16,"BCL2A1;HDAC1;MOV10;SIN3A;BIRC7"
"REACTOME_GLYCOSAMINOGLYCAN_METABOLISM",0.0256386095451049,0.0462661923250354,0.352487857583619,0.291865504425537,1.40159569135125,132,"BGN;SDC1;LUM;HS6ST3;VCAN;B3GNT2;CSGALNACT2;HS3ST3B1;CHST11;ARSB;GLB1;GPC6;ABCC5;HAS1;CHPF;HPSE;HEXB;B4GALT4;HMMR;CTSL;ACAN;CHST1;CHPF2;SLC35B3;B3GNT4;SDC4;IDS;SLC9A1;KERA;CEMIP;OMD;B4GALT3;B3GAT2;CHST15"
"REACTOME_RNA_POLYMERASE_I_TRANSCRIPTION_INITIATION",0.0265269332787559,0.0478052220050307,0.352487857583619,0.391152095012461,1.53586134442442,47,"POLR2K;CDK7;RRN3;RBBP7;HDAC1;RBBP4;POLR1H;GTF2H3;CHD4;POLR2H;GTF2H2;POLR1F;TAF1B;TBP;GATAD2B;GTF2H5;TAF1D;HDAC2;MTA2;MTA3;TAF1A;POLR1A;POLR1B;UBTF"
"REACTOME_SUMOYLATION_OF_TRANSCRIPTION_FACTORS",0.0268648514548825,0.0483495590937004,0.352487857583619,0.496162411034433,1.57742805600152,19,"UBE2I;SP3;SUMO1;SUMO3;SUMO2;CDKN2A;MDM2;TFAP2A;PIAS4"
"REACTOME_EXTRA_NUCLEAR_ESTROGEN_SIGNALING",0.0270518000210207,0.048621101904448,0.352487857583619,0.338919086722699,1.47382938122859,73,"KRAS;UHMK1;GNG5;GNAI3;NRAS;GNG10;HSPB1;GNB2;CDKN1B;XPO1;MMP2;MMP3;ZDHHC7;PDPK1;ELK1;GNB4;SRC;PIK3R3;HSP90AA1;CREB1;GNGT2"
"REACTOME_NONSENSE_MEDIATED_DECAY_NMD",0.0271261042563048,0.0486249847573124,0.352487857583619,-0.288588873232586,-1.33658128642832,112,"SMG6;RPL13;RPS6;RPLP2;RPL4;RPL3;RPS9;RPS16;RPL18A;UPF3A;RPS3A;RPL32;RPL13A;RPL23A;RPL37A;RPL7;RPL22;RPL27;RPS28;RPL34;RPS23;RPS12;RPS5;RPL38;RPL8;RPS8;RPL14;RPS20;RPL31;RPS27A;RPL10;RPL5;RPL12;UBA52;RPL11;UPF1;RPL18;RPLP1;RPL35;RPS3;RPS4X;RPL23;RPS19;RPS29;RPL29;RPL26;RPL9;RPL10A;RPL17;RPL21;RPL39;GSPT2;RPL19;RPL37;RPL7A;RPS11;RPL6;RPS7;RPS25;RPS18;RPS14;RPL27A;RPL15;RPS15"
"REACTOME_RHOF_GTPASE_CYCLE",0.0271052620763983,0.0486249847573124,0.352487857583619,0.389460274362746,1.49623907913519,42,"ACTB;BASP1;SNAP23;FAM169A;DEPDC1B;VANGL1;SENP1;DIAPH1;TMPO;CAPZB;LMNB1;RAB7A;MTMR1;ARHGAP1"
"KEGG_MISMATCH_REPAIR",0.0272761216956144,0.0488289668601438,0.352487857583619,0.470416153102778,1.57035439118652,23,"POLD4;RPA3;RFC4;PCNA;SSBP1;EXO1;RFC5;RPA2;MSH6;MSH2;RFC2;PMS2"
"REACTOME_COLLAGEN_BIOSYNTHESIS_AND_MODIFYING_ENZYMES",0.0273298148485586,0.0488601994905265,0.352487857583619,0.33961886926416,1.4416157830103,66,"COL8A1;COL24A1;P4HA3;COL12A1;COL11A1;COL10A1;COL1A2;COL5A1;COL1A1;ADAMTS2;COL19A1;COL5A2;ADAMTS14;COL6A3;COL8A2;TLL2;COL22A1;COL3A1;COL6A5;P4HA1;P4HA2;PPIB;SERPINH1;P4HB"
"REACTOME_DEFECTIVE_INTRINSIC_PATHWAY_FOR_APOPTOSIS",0.0273757736739671,0.0488775402814671,0.352487857583619,0.466009381894052,1.56977325607542,25,"PRDX1;BCL2L11;FASLG;CDK5;CDKN2A;LMNB1;CAPN1;CDC25A;CDC25C;CDK5R1;CAPN2;CDC25B;CAPNS1;JUN;SOD2;C1QBP;PRDX2"
"KEGG_VEGF_SIGNALING_PATHWAY",0.027430525221315,0.0489105132253078,0.352487857583619,0.336635250993244,1.43544405763992,68,"KRAS;NRAS;RAC2;PLA2G2D;NFATC2;MAPKAPK2;PIK3CG;HSPB1;CDC42;SH2D2A;PRKCB;RAC1;PIK3R5;SRC;PIK3R3;PLA2G2A;PIK3CB;MAPKAPK3"
"KEGG_PURINE_METABOLISM",0.027703434159822,0.0493318748314927,0.352487857583619,0.275560792906043,1.34325081470753,151,"DCK;POLR2K;RRM2B;RRM2;POLR3K;PRPS1;POLD4;NT5C3A;POLR2B;PDE4D;PNP;HPRT1;AMPD3;POLR2D;ATIC;NUDT5;PKM;GMPR2;ADSS2;POLR3F;PRIM1;PPAT;NME1;ADCY7;POLR2G;ADK;POLR1H;GART;CANT1;NME3;POLR2J;POLR2H;PAICS;ITPA;PNPT1;POLR3C;PDE6G;PDE7A;GUK1;ADCY9;RRM1;GMPS;AK2;APRT;POLE3;POLR3A;PRIM2;ENTPD4;PRUNE1"
"KEGG_NITROGEN_METABOLISM",0.0277670918861355,0.0493799998186157,0.352487857583619,-0.489384372625379,-1.57322484778856,21,"CA1;CA6;CA3;CPS1;CA8;AMT;CA9;CA13;GLUD2"
"REACTOME_REGULATION_OF_NF_KAPPA_B_SIGNALING",0.028159978558022,0.0500127155417835,0.352487857583619,0.506723992573278,1.57575411510397,18,"CASP8;N4BP1;CHUK;USP18;USP14;UBC;IKBKB;NLRC5;UBB;TRAF2"
"REACTOME_TRANSPORT_OF_CONNEXONS_TO_THE_PLASMA_MEMBRANE",0.0285544431363989,0.0506465649314022,0.352487857583619,0.494286121482221,1.57146284841018,19,"GJB2;TUBB3;TUBA1C;TUBA4B;TUBA1B;TUBA1A;TUBA4A;TUBB8;TUBB4B;TUBB1;GJA1;TUBA3D;TUBA3E"
"REACTOME_G_BETA_GAMMA_SIGNALLING_THROUGH_PI3KGAMMA",0.0287596932863666,0.0509435828515402,0.352487857583619,0.447302662001486,1.50300777462555,24,"GNG5;GNG10;PIK3CG;GNB2;RHOA;PDPK1;PIK3R5;GNB4;GNGT2;GNB1"
"REACTOME_RESPONSE_OF_EIF2AK1_HRI_TO_HEME_DEFICIENCY",0.0288823006226143,0.0510936236736011,0.352487857583619,0.552329948929603,1.6244630848509,15,"EIF2S2;TRIB3;EIF2AK1;EIF2S1;EIF2S3;CHAC1;ATF5;ASNS;ATF3;CEBPG;DDIT3"
"REACTOME_PIWI_INTERACTING_RNA_PIRNA_BIOGENESIS",0.0294170506296149,0.0519714079275503,0.352487857583619,0.44653808153003,1.50043866317027,24,"POLR2K;POLR2B;POLR2D;POLR2G;HSP90AA1;TDRD1;POLR2J;MOV10L1;POLR2H;MYBL1;TDRKH;TDRD12;HENMT1;POLR2C"
"REACTOME_G_ALPHA_I_SIGNALLING_EVENTS",0.0295500921277288,0.0521381206651549,0.352487857583619,0.246012858965649,1.29518682436967,255,"RGS1;CXCL11;CCL4L2;RGS16;CXCL9;CXCL10;LPAR5;CCR4;CXCR4;CAMK4;GNG5;CCR8;CCR1;PPP2CA;GNAI3;CCR5;RGS19;ADORA3;RGS14;FPR3;CHRM4;CNR2;RGS10;C3AR1;CCR7;GPR183;CCL4;CXCR3;OPRD1;CCL5;GNG10;GNA14;GNB2;KPNA2;PSAP;PPP1CA;CCR2;PDE4D;RGS4;CXCR6;RGS18;GPSM3;CCL19;CDK5;RGS7;GRM8;CCR6;P2RY13;GNB4;S1PR4;CCL20;ADCY7;GNAS;GRK2;PLCB2;CXCL13;SRC;SSTR3;PRKACB;CREB1;GNGT2;GPR37;AGT;GNB1;SSTR2;C5AR1;GRM4;RGS13;OPRM1;CXCR5;FPR1;OPN3"
"REACTOME_MISMATCH_REPAIR",0.0298839879411961,0.0525895766902511,0.352487857583619,0.549803353995242,1.61703209145792,15,"POLD4;RPA3;PCNA;EXO1;RPA2;MSH6;MSH2;PMS2;LIG1;MLH1"
"REACTOME_POST_CHAPERONIN_TUBULIN_FOLDING_PATHWAY",0.0298839879411961,0.0525895766902511,0.352487857583619,0.465611296927385,1.53269049941749,22,"TUBB3;TBCA;TUBA1C;TBCC;TUBA4B;TUBA1B;TUBA1A;TBCE;TUBA4A;TBCB;TUBB4B;TUBB1"
"REACTOME_PLASMA_LIPOPROTEIN_REMODELING",0.0320783058913561,0.0563775180463469,0.321775918075361,-0.453450792697883,-1.52673837209008,25,"LPL;GPIHBP1;ANGPTL8;LCAT;CIDEC;APOB;ANGPTL3;LMF1;ANGPTL4"
"KEGG_SMALL_CELL_LUNG_CANCER",0.0321388978902124,0.0564104614010499,0.321775918075361,0.308867146968404,1.3838115999416,84,"FN1;XIAP;ITGAV;BIRC3;TRAF1;CCNE2;PIK3CG;TRAF5;BIRC2;CDKN1B;BCL2L1;E2F3;CHUK;CYCS;CDK2;PIK3R5;E2F2;NFKB1;RB1;PIK3R3;PIK3CB;CKS1B;MAX;CCNE1;E2F1"
"REACTOME_TGF_BETA_RECEPTOR_SIGNALING_ACTIVATES_SMADS",0.0326094676022874,0.0571619796201345,0.321775918075361,0.382302014288285,1.50111144265318,47,"TGFB1;USP15;ITGAV;STRAP;PMEPA1;PPP1CA;PPP1CC;FKBP1A;XPO1;SMAD7;NEDD8;LTBP1;UBE2M;TGFBR1;FBN1;BAMBI;TGFB2;STUB1;UBC"
"REACTOME_DOWNREGULATION_OF_TGF_BETA_RECEPTOR_SIGNALING",0.0341618663252983,0.0598054490993534,0.321775918075361,0.442852823532611,1.50384437993986,26,"TGFB1;USP15;STRAP;PMEPA1;PPP1CA;PPP1CC;XPO1;SMAD7;TGFBR1;BAMBI;STUB1;UBC;SMURF2;UBB"
"REACTOME_RUNX1_INTERACTS_WITH_CO_FACTORS_WHOSE_PRECISE_EFFECT_ON_RUNX1_TARGETS_IS_NOT_KNOWN",0.0343215665823305,0.0600070969558774,0.321775918075361,0.399019133919314,1.47889462917544,36,"CBX4;CBFB;CBX2;RYBP;BMI1;CSNK2A1;CBX8;ARID1A;ARID2;ACTL6A;RUNX1;SMARCD1;RNF2;SMARCB1;CSNK2B;SMARCE1;PHC3;SMARCA4;PBRM1;SMARCC1;PHC2"
"REACTOME_BETA_CATENIN_PHOSPHORYLATION_CASCADE",0.034368074773942,0.060010576159681,0.321775918075361,0.50532485990318,1.55531347385099,17,"PPP2CA;GSK3B;PPP2R5E;CSNK1A1;PPP2R1A;AXIN1;PPP2R5C;PPP2R5D;FRAT1;FRAT2;PPP2R5A"
"REACTOME_RAF_ACTIVATION",0.0350988516102367,0.0612073117342808,0.321775918075361,0.411604013551139,1.51265596766103,34,"KRAS;PPP2CA;NRAS;PPP1CC;YWHAB;SHOC2;PPP2R5E;SRC;PPP2R1A;BRAP;PPP2R5C;ARAF;CALM1"
"REACTOME_REGULATION_OF_BETA_CELL_DEVELOPMENT",0.0353471114005276,0.061560602284123,0.321775918075361,-0.444118141472176,-1.50958583501559,26,"FGF10;MAML2;KAT2A;MAMLD1;MAML3;SLC2A2;NR5A2;PKLR;NOTCH1;AKT2;AKT3;PAX6"
"REACTOME_NEGATIVE_REGULATION_OF_NMDA_RECEPTOR_MEDIATED_NEURONAL_TRANSMISSION",0.0361518171585438,0.0628808381028607,0.321775918075361,-0.474683268718407,-1.52596518186933,21,"GRIN2B;PPM1F;DLG4;CAMK1;LRRC7;DLG2;GRIN2A"
"REACTOME_PLATELET_AGGREGATION_PLUG_FORMATION",0.0375411132612458,0.0652131709744321,0.321775918075361,0.411100567945155,1.51023118990912,35,"FN1;RAP1B;PTPN1;CSK;COL1A2;RASGRP1;COL1A1;RAP1A;SYK;PDPK1;GRB2;SRC"
"REACTOME_GAP_FILLING_DNA_REPAIR_SYNTHESIS_AND_LIGATION_IN_GG_NER",0.038065639793838,0.065992844849862,0.321775918075361,0.44669940962945,1.50472675869949,25,"POLD4;RPA3;RFC4;PCNA;RFC5;RPA2;UBC;POLE3;RFC2;UBB"
"REACTOME_OLFACTORY_SIGNALING_PATHWAY",0.0380878585261073,0.065992844849862,0.321775918075361,-0.380947868607626,-1.44348163046374,39,"OR5P2;ANO2;OR5P3;EBF1;OR2A42;OR2A1;OR52B6;ADCY3;OR10AD1;OR2A7;OR14A2;OR2A4;GNAL;OR52H1;OR7C1;OR13G1;OR1L8"
"HALLMARK_WNT_BETA_CATENIN_SIGNALING",0.0384493660014372,0.066533691103899,0.321775918075361,-0.37138929139314,-1.44188035192795,42,"JAG2;PTCH1;KAT2A;GNAI1;HEY1;WNT6;NOTCH4;HDAC5;MYC;JAG1;CSNK1E;AXIN2;DLL1"
"KEGG_PORPHYRIN_AND_CHLOROPHYLL_METABOLISM",0.0387276343791755,0.0669292963373443,0.321775918075361,0.446016399069651,1.50242600735833,25,"FECH;HMOX2;HMOX1;EPRS1;HCCS;GUSB;EARS2;HMBS;BLVRA;BLVRB;UROS;FTH1"
"REACTOME_LDL_CLEARANCE",0.0389609333814597,0.06724627170065,0.321775918075361,0.481465506725325,1.53070281306096,19,"SOAT1;NCEH1;CLTC;LIPA;AP2M1;AP2S1;NPC2;LSR"
"REACTOME_SIGNAL_REGULATORY_PROTEIN_FAMILY_INTERACTIONS",0.0391551671612657,0.0674950963342535,0.321775918075361,0.539588627692091,1.58698945872818,15,"FYB1;SIRPG;PTPN6;TYROBP;GRB2;SRC;PTK2B"
"REACTOME_O_GLYCOSYLATION_OF_TSR_DOMAIN_CONTAINING_PROTEINS",0.0394360667153799,0.0678924877807563,0.321775918075361,-0.378536965749471,-1.43434627553631,39,"ADAMTS18;ADAMTS8;ADAMTS5;ADAMTS9;ADAMTS3;ADAMTS1;ADAMTSL4;SEMA5B;ADAMTS15;THSD7B;THSD1;ADAMTSL1;SSPOP;ADAMTS13;SPON2"
"REACTOME_SMOOTH_MUSCLE_CONTRACTION",0.0398670792914706,0.0685469679654367,0.321775918075361,-0.386211618583573,-1.48279033431968,41,"MYH11;LMOD1;SORBS1;MYL9;CACNA1G;SORBS3;PDE5A;ACTG2;GUCY1A1;MYLK;TPM2"
"REACTOME_CELLULAR_RESPONSES_TO_MECHANICAL_STIMULI",0.0405016215397404,0.0695492813191975,0.321775918075361,0.298226065456075,1.36692600816725,99,"FN1;STAT1;PTPN1;GNG5;PPP2CA;ITGAV;GNG10;GNB2;PANX1;PDE4D;MMP14;SPP1;CHUK;PDPK1;GNB4;ADCY7;GNAS;NFKB1;RICTOR;PRKACB;P2RX7;GNGT2;CACNB3;PIK3CB;GNB1;RELA;PPP2R1A;CACNA1H;ADCY9;PPP2R2A;IKBKB;ITGA5;PIK3CD;AKT1;ANXA2;P2RY2;GNG13"
"REACTOME_WNT_LIGAND_BIOGENESIS_AND_TRAFFICKING",0.0407253109770063,0.0698444264592932,0.321775918075361,0.456777271096075,1.52482475086947,23,"WNT7B;TMED5;WNT9A;VPS29;VPS35;WNT2;VPS26A"
"KEGG_OLFACTORY_TRANSDUCTION",0.0411293319192385,0.0704476993991531,0.321775918075361,-0.355709724591325,-1.45805239784601,53,"OR5P2;PDE1C;OR5P3;CLCA4;OR2A42;OR2A1;OR52B6;CLCA2;ADCY3;OR10AD1;OR2A7;GRK3;OR2A4;GUCA1B;PRKACA;GNAL;OR52H1;OR7C1;OR13G1;OR1L8"
"REACTOME_BIOLOGICAL_OXIDATIONS",0.0426332858313057,0.072931052411929,0.321775918075361,-0.25409961504894,-1.26155818463944,173,"CYP39A1;MAOA;ADH4;ADH6;GSTM5;FMO2;CYP4F12;MAOB;ADH1A;COMT;GLYAT;CYP2D6;MTARC1;AADAC;AOC3;CES3;ADH1C;GSTA4;GSTM2;MTARC2;CES1;CYP4F22;CYP46A1;GSTM4;CYP4A11;CYP3A4;GSTM1;CYP26B1;FMO3;CYP2C8;CYP11A1;ALDH1A1;GSTA1;ABHD14B;ADH1B;AS3MT;AOC2;MGST1;ACSM1;FMO1;ALDH3A1;CYP3A5;ADH5;CYP2W1;UGP2;CYP3A7;NCOA1;CYP3A43;CYB5R3;ACSM5;ALDH2;CYP26C1;POMC;SULT1C4;ACSS2;GSTT2B;ESD;ACSM4;CYP4F11;CYP8B1;GGT7;MGST2;GSTP1;GSTK1;ACY1;CYP2A7;SULT1A1"
"REACTOME_SIGNALING_BY_PTK6",0.0431620813482707,0.0737420604023687,0.321775918075361,0.361233442393576,1.45085853207492,54,"KRAS;PTPN1;NRAS;ELMO2;HIF1A;CDKN1B;RHOA;RAC1;CDK2;SRMS;SOCS3;KHDRBS1;GPNMB;CCNE1;UBC;KHDRBS2;ERBB2;CDK4;PTK6;ERBB3;AKT1;NRG4;UBB;SFPQ;ARHGAP35;CBL;DOK1"
"REACTOME_STRIATED_MUSCLE_CONTRACTION",0.0432460846009548,0.0737920532178317,0.321775918075361,-0.414323407435331,-1.46621979277861,31,"DMD;MYH3;MYBPC1;DES;TNNT3;TPM2;TMOD1;TNNT2;TMOD2;VIM;TNNI2;MYL3;NEB"
"REACTOME_CLASS_A_1_RHODOPSIN_LIKE_RECEPTORS",0.0461192610641315,0.0785951503343227,0.321775918075361,0.24334537703374,1.27037592221268,243,"P2RY10;CCL3L3;CXCL11;CXCL9;CCL22;GPR132;CXCL10;LPAR5;CCR4;CXCR4;GPR65;CCL11;CCR8;CCR1;F2R;CCR5;ADORA3;F2RL2;FPR3;CHRM4;CNR2;UTS2;C3AR1;CCR7;GPR183;CCL4;CXCR3;OPRD1;CCL5;PLPPR3;PSAP;RLN2;CCR2;CCL3;F2RL1;CXCR6;NPFFR1;EDN2;P2RY6;GPR68"
"REACTOME_LONG_TERM_POTENTIATION",0.0474289358205165,0.0807250069268388,0.321775918075361,-0.463924305282393,-1.52297714298337,23,"GRIN2B;NRGN;DLG4;LRRC7;DLG2;GRIN2A;GRIA1;GRIA2"
"REACTOME_BBSOME_MEDIATED_CARGO_TARGETING_TO_CILIUM",0.0491159135559921,0.0834908593612578,0.287857117255149,0.448271938218834,1.4964320463584,23,"CCT5;CCT8;TCP1;CCT2;SSTR3;CCT4;CCT3;RAB3IP;BBS4"
"REACTOME_CHONDROITIN_SULFATE_DERMATAN_SULFATE_METABOLISM",0.0492125984251969,0.0835498522382435,0.287857117255149,0.409286900904834,1.50356844909586,35,"BGN;VCAN;CSGALNACT2;CHST11;ARSB;GLB1;CHPF;HEXB;CHPF2;IDS;CHST15;HEXA;GUSB;CHSY1"
"REACTOME_SIGNALING_BY_NTRKS",0.0504032258064516,0.0854635828768513,0.287857117255149,0.271956867364043,1.30844208726041,131,"KRAS;ID2;PTPRO;PPP2CA;NRAS;REST;MAPKAPK2;TRIB1;CLTC;TIAM1;RAP1A;YWHAB;BAX;JUNB;SGK1;RIT1;AP2M1;AP2S1;RPS6KA1;RHOA;CDK5;RAC1;ATF2;ELK1;VGF;GRB2;RALA;SRC;CHD4;CREB1;AP2B1;ATF1;PIK3CB;TCF12;MEF2D;ADORA2A;MAPKAPK3;VRK3"
"REACTOME_CYTOPROTECTION_BY_HMOX1",0.050880626223092,0.086164678578804,0.282013350011725,0.351590069463448,1.41212687478165,54,"HELZ2;COX7A2;NDUFA4;COX6C;HMOX2;HMOX1;HM13;CYCS;COX8A;NCOA2;TBL1XR1;COX7B;TGS1;COX7A2L;SIN3A;BACH1;COX5A;COX6B1;NFE2L2;COX6A1;MED1;PTK6;BLVRA;BLVRB;COX5B;ABCC1;CARM1;NCOA6;HDAC3;COX7C"
"REACTOME_IL_6_TYPE_CYTOKINE_RECEPTOR_LIGAND_INTERACTIONS",0.0510805500982318,0.086394707067022,0.282013350011725,-0.498792610197531,-1.50802897678903,16,"CNTFR;LIFR;CRLF1;IL11RA;CTF1"
"KEGG_MAPK_SIGNALING_PATHWAY",0.0515873015873016,0.0871424593229104,0.282013350011725,0.235598515566584,1.2266343266571,241,"CASP3;KRAS;MAP3K2;CACNG4;RAP1B;NRAS;TGFB1;RAC2;PLA2G2D;HSPA8;NFATC2;DUSP10;PTPN7;MAPKAPK2;TNF;MAPK9;STK4;HSPB1;DUSP5;CACNA1I;RASGRP1;DUSP2;RAP1A;MAP4K1;CDC42;FASLG;MAPK8IP2;RASGRF1;PAK2;PAK1;GADD45B;STMN1;PRKCB;IL1B;RPS6KA1;CHUK;RAC1;ATF2;ELK1;MAP3K7;GRB2;NFKB1;TGFBR1;DAXX;PRKACB;RPS6KA4;PLA2G2A;CACNB3;ELK4;MAX;CACNA1E;TAOK3;MAPKAPK3;DUSP16;HSPA6;DUSP8;RELA;TGFB2;RELB;FGF18;FGFR3;CACNA1H"
"REACTOME_MAP3K8_TPL2_DEPENDENT_MAPK1_3_ACTIVATION",0.0527383367139959,0.0889753165087191,0.282013350011725,0.502901785038203,1.51668052990115,16,"SKP1;CHUK;FBXW11;NFKB1;CUL1;UBC;IKBKB;TNIP2;UBB"
"REACTOME_SYNTHESIS_OF_BILE_ACIDS_AND_BILE_SALTS",0.0528455284552846,0.0890447154471545,0.282013350011725,-0.428754604234301,-1.49084548748629,29,"CYP39A1;AKR1C1;OSBPL1A;AKR1C3;AKR1C2;CYP46A1;SLC27A5"
"KEGG_ADHERENS_JUNCTION",0.0529411764705882,0.0890945142101784,0.276500599254472,0.321692354009545,1.39506313095193,72,"LEF1;ACTB;PTPRJ;PTPN1;PTPN6;RAC2;IQGAP1;ACTG1;CDC42;NECTIN2;ACP1;CSNK2A1;RHOA;WASL;RAC1;CDH1;MAP3K7;TGFBR1;WAS;SRC"
"REACTOME_CONSTITUTIVE_SIGNALING_BY_AKT1_E17K_IN_CANCER",0.054,0.0907630922693267,0.276500599254472,0.42829159461619,1.45439720221544,26,"CDKN1A;RPS6KB2;CDKN1B;CHUK;PDPK1;GSK3B;FOXO6;RICTOR;CREB1;MDM2;AKT1;GSK3A"
"REACTOME_SYNTHESIS_OF_PIPS_AT_THE_PLASMA_MEMBRANE",0.0542168674698795,0.0910141187414665,0.276500599254472,0.349720592821054,1.39613018131077,53,"PIK3CG;PIP4K2A;RAB5A;PIP4K2C;PIK3R5;ARF1;PI4K2B;SYNJ1;PIK3R3;MTMR1;RAB14;PIP5K1A;PIK3CB;PLEKHA2;PLEKHA3;INPP4B;PI4K2A;PIK3CD;INPPL1;MTM1;PLEKHA1;MTMR14;MTMR6;INPP4A"
"REACTOME_TP53_REGULATES_TRANSCRIPTION_OF_CELL_DEATH_GENES",0.0552268244575937,0.0925942280706919,0.271288554688953,0.362353600028511,1.40474798175232,44,"TP53INP1;PMAIP1;PRELID1;BAX;BIRC5;RABGGTB;CASP1;CHM;BBC3;CASP6;CASP2;TP73;TMEM219;TP53BP2;TNFRSF10B;ATM;TRIAP1;TNFRSF10A;BID"
"REACTOME_REGULATION_OF_LIPID_METABOLISM_BY_PPARALPHA",0.0553359683794466,0.0926619694105516,0.271288554688953,0.281730345408516,1.30056865782254,109,"HELZ2;NCOA3;TXNRD1;MED14;TRIB3;ABCB4;MTF1;MED8;NCOA2;MED21;SP1;CCNC;TBL1XR1;AHR;GLIPR1;NFYA;MED23;THRAP3;MED19;ARNT2;MED18;TGS1;SIN3A;MED13;AGT;MED17;MED7;HMGCR;ANKRD1;MED1;NFYB;MED30;MED10;CDK19;MED13L"
"REACTOME_NGF_STIMULATED_TRANSCRIPTION",0.0563106796116505,0.0940604660675401,0.266350657088526,0.386903931512738,1.44082577142832,37,"ID2;REST;TRIB1;JUNB;SGK1;CDK5;ATF2;ELK1;VGF;CHD4;CREB1;ATF1;TCF12;MEF2D"
"REACTOME_THROMBIN_SIGNALLING_THROUGH_PROTEINASE_ACTIVATED_RECEPTORS_PARS",0.0563106796116505,0.0940604660675401,0.266350657088526,0.422912512832316,1.48890905841199,30,"GNG5;F2R;F2RL2;GNA13;GNG10;GNA14;GNB2;GNB4;SRC;GNGT2;GNB1"
"REACTOME_REGULATION_OF_EXPRESSION_OF_SLITS_AND_ROBOS",0.0570264765784114,0.0951382307273497,0.271288554688953,0.260974827476319,1.27676337508301,152,"ELOC;PSMA5;PSMC2;PSMA6;PSMA4;PSMA2;EIF4A3;ETF1;RPS27L;PSMD6;GSPT1;PSMA1;PSMD14;PSMD12;PSMB4;PSMD1;ELOB;PSMB1;CUL2;PSMA3;RBX1;PSMD2;PSMB2;PSMC6;RPL26L1;MAGOH;ADRM1;PSMC4;PSMD7;PSMA7;ROBO2;RNPS1;PSMB3;MAGOHB;EIF4G1;NCBP2;SEM1;PSMB5;RPL39L;PSMD8;PSMD11;RBM8A;PSMD3"
"REACTOME_TRANSCRIPTIONAL_REGULATION_OF_BROWN_AND_BEIGE_ADIPOCYTE_DIFFERENTIATION",0.0574948665297741,0.0958010878641972,0.271288554688953,-0.415809027937149,-1.46159423107716,30,"COX7A1;PPARGC1A;EBF2;PPARG;PPARA;PRDM16;CIDEA;PPARGC1B;ZNF423"
"REACTOME_CS_DS_DEGRADATION",0.0581162324649299,0.096716890571266,0.266350657088526,0.479043549164907,1.48967653984029,18,"BGN;VCAN;ARSB;GLB1;HEXB"
"REACTOME_SIGNALING_BY_ERBB2",0.0589390962671906,0.0979653535982403,0.261663521711573,0.348147229976073,1.38777703466742,50,"ERBIN;KRAS;NRAS;CUL5;DIAPH1;RHOA;GRB2;GRB7;SRC;HSP90AA1;USP8;PTPN12;STUB1;UBC;ERBB2;PTK6;ERBB3;AKT1;NRG4;MEMO1;SHC1;UBB"
"REACTOME_DEVELOPMENTAL_CELL_LINEAGES_OF_THE_EXOCRINE_PANCREAS",0.0597609561752988,0.0992090750299296,0.261663521711573,-0.313130266371437,-1.31951585233201,64,"FGF10;LAMA3;CLDN10;LAMB3;LAMC3;FGF2;LAMC1;COL11A2;CER1;COL27A1;LAMA4;AQP1;ANXA3;CPA1;CFTR;LAMB2;PROM1;AMY2A;COL5A3;ANXA1;VTN;KRT17;ERICH5;YAP1;LAMA1;SOX17;PDIA2;LAMA2;SLC4A4"
"HALLMARK_HYPOXIA",0.0601202404809619,0.0996827603546576,0.261663521711573,0.243434146600006,1.23689448173423,193,"BGN;CXCR4;CCN1;SERPINE1;PLAC8;ISG20;PLAUR;LOX;HAS1;SLC6A6;LXN;TPD52;CA12;TIPARP;COL5A1;CDKN1A;HSPA5;AMPD3;TNFAIP3;SIAH2;IER3;PGK1;KLF6;CDKN1B;EDN2;NAGK;HMOX1;HK1;FAM162A;ALDOA;CCN2;TMEM45A;TPBG;VHL;ERO1A;SDC4;IDS;GLRX;SLC2A1;PIM1;P4HA1;BHLHE40;MIF;B4GALNT2;TPI1;CASP6;GAPDH;PGM2;P4HA2;GAA;HEXA"
"REACTOME_SIGNALING_BY_CTNNB1_PHOSPHO_SITE_MUTANTS",0.0608710583970819,0.100803669188288,0.321775918075361,0.524351381449238,1.54217504284459,15,"PPP2CA;GSK3B;PPP2R5E;CSNK1A1;PPP2R1A;AXIN1;PPP2R5C"
"HALLMARK_ADIPOGENESIS",0.0611439842209073,0.101131399668445,0.257206466468838,-0.243750317103862,-1.23917718958554,199,"LPL;CAVIN2;SORBS1;LIFR;SLC27A1;CAVIN1;ITGA7;PEMT;LIPE;STAT5A;LEP;FABP4;PPARG;ITIH5;LAMA4;CDKN2C;PGM1;HADH;ANGPT1;GPHN;GPAM;ADCY6;CD36;CIDEA;ETFB;MTARC2;ACADS;ACADL;MYLK;SNCG;ADIPOQ;MRAP;PHLDB1;ANGPTL4;SCARB1;EPHX2;SPARCL1;GPX3;FZD4;ATL2;ARL4A;NDUFB7;HIBCH;SUCLG1;CD302;ECH1;PEX14;RETSAT"
"REACTOME_SYNAPTIC_ADHESION_LIKE_MOLECULES",0.062,0.102421568627451,0.257206466468838,-0.446420066557862,-1.43510741361142,21,"GRIN2B;GRIA4;DLG4;GRIA3;GRIN2A;PTPRS;FLOT2;GRIA1"
"REACTOME_BACTERIAL_INFECTION_PATHWAYS",0.0621359223300971,0.102520469156635,0.252961123069611,0.27760607085468,1.27863734332453,106,"FN1;B2M;CORO1A;ANTXR1;GBP1;CALM2;COL5A1;RAB5A;UBE2D2;TXNRD1;STAM;PGK1;RNF213;CBLL1;COL5A2;ATP6V1H;CD9;SYT1;HSP90AB1;CDH1;GBP3;RAB7A;GRB2;EPCAM;SRC;HSP90AA1;KPNA1;STAM2;PDCD6IP;CASP4;DUSP16;VAMP1;STX1A;TRIM27;UBC;MAPK1;SH3GL1;TLR2;UBB;GBP2;GSK3A;SFPQ;GBP4;CBL;KPNB1;CALM1"
"REACTOME_P75_NTR_RECEPTOR_MEDIATED_SIGNALLING",0.0623781676413255,0.10279433982947,0.252961123069611,0.286860637042177,1.30946386038964,97,"CASP3;MYD88;VAV3;FGD3;ECT2;GNA13;APH1A;PREX1;TIAM1;BCL2L11;PSENEN;HDAC1;RHOA;RAC1;MAG;VAV1;ARHGEF18;RIPK2;NFKB1;ADAM17;VAV2;CASP2;PRDM4;PSEN1;NET1;PRKCI;ARHGEF16;NCSTN;ARHGDIA;RELA;ITGB3BP;UBC"
"REACTOME_SLC_MEDIATED_TRANSMEMBRANE_TRANSPORT",0.0629364198000455,0.103587660427914,0.287805130535564,0.246227750178654,1.26238972598731,210,"SLC30A1;SLC24A2;SLC20A1;SLC40A1;SLC4A8;SLC38A1;SLC33A1;SLC30A5;SLC44A4;SLC7A5;SLC12A3;SLC15A3;SLC6A6;EMB;SLC6A12;SLC35D1;SLC15A4;SLC35A2;SLC29A3;SLC24A5;SLC30A8;SLC16A3;SLC39A14;SLC7A11;SLC7A7;SLC50A1;SLC35A3;SLC39A1;ARL2BP;SLC38A2;SLC38A5;SLC22A15;SLC35B3;PDZD11;SLC44A1;SLC1A4;SLC2A6;SLC9A1;SLC2A1;SLC2A10;SLC39A3;SLC39A7;SLC12A7;SLC36A1;SLC4A2;SLC16A1;SLC25A5;RUNX1;SLC5A5;SLC9A2;SLC35B2;SLC5A8;LCN12;SLC5A10;SLC35A1;SLC25A22;SLC5A2;SLC3A2;SLCO2B1;SRI;SLC1A3;SLC7A6;SLC2A13;SLC9A7;BSG;SLC7A1;SLC36A4;SLC20A2;SLC26A6;SLC39A10"
"KEGG_STARCH_AND_SUCROSE_METABOLISM",0.063265306122449,0.104001991040319,0.257206466468838,-0.38613460702333,-1.39506888095668,33,"GYS2;GBA3;PGM1;AMY2B;PYGB;TREH;GANC;PYGM;AMY2A;AMY1A;PYGL;AMY1C;AMY1B;UGP2;HK2"
"REACTOME_BMAL1_CLOCK_NPAS2_ACTIVATES_CIRCADIAN_EXPRESSION",0.063872255489022,0.104871864067237,0.252961123069611,0.421349132226222,1.41933322576258,25,"HELZ2;NAMPT;SERPINE1;NCOA2;TBL1XR1;F7;BHLHE40;TGS1;MED1;BMAL2;NOCT;CLOCK;CARM1;NCOA6"
"REACTOME_ACTIVATION_OF_BAD_AND_TRANSLOCATION_TO_MITOCHONDRIA",0.0641613546548764,0.105218377219919,0.287805130535564,0.520457385867063,1.53072237385918,15,"YWHAZ;YWHAQ;YWHAH;YWHAB"
"HALLMARK_UV_RESPONSE_DN",0.064327485380117,0.105362637050301,0.248911114434702,-0.263086173722127,-1.27683156981085,143,"VLDLR;NFIB;PTPN21;KALRN;MAGI2;ADGRL2;CAV1;MET;LAMC1;PPARG;CACNA1A;TGFBR3;PLCB4;DLC1;CDON;KIT;PRKCE;SCHIP1;F3;FBLN5;MAP2K5;RBPMS;PLPP3;MYC;CDC42BPA;RND3;MGMT;LPAR1;ID1;PRKAR2B;ADORA2B;TFPI;PEX14;PTPRM;PDGFRB;ARHGEF9;SDC2;PTGFR;MAP1B;SYNE1;IRS1;ADD3;MGLL;NR3C1;BMPR1A;ACVR2A;GRK5;TGFBR2;MTA1;SCN8A;PRKCA;ATP2B4;AKT3;SMAD3"
"REACTOME_RHOBTB1_GTPASE_CYCLE",0.0648330058939096,0.106061762069163,0.248911114434702,0.431073295642558,1.43901912863871,23,"CUL3;RBBP6;CCT2;HNRNPC;TRA2B;COPS4;CCT7;COPS2;DBN1;MYO6;ROCK1;TXNL1;STK38;RHOBTB1;RBMX"
"REACTOME_NOREPINEPHRINE_NEUROTRANSMITTER_RELEASE_CYCLE",0.0653465346534653,0.106772277227723,0.248911114434702,-0.483202059227319,-1.47911348730867,17,"MAOA;STXBP1;PPFIA4;UNC13B"
"REACTOME_DEPOLYMERIZATION_OF_THE_NUCLEAR_LAMINA",0.0661355331355113,0.10793062792575,0.287805130535564,0.517614736038787,1.52236182828648,15,"CCNB1;CDK1;CNEP1R1;PRKCB;TMPO;LEMD3;LMNB1;LPIN2"
"REACTOME_GPCR_LIGAND_BINDING",0.0666666666666667,0.108665860540105,0.245041785430996,-0.220057800999597,-1.19416996099028,342,"NPY5R;SAA1;NPY2R;GALR1;ADCYAP1R1;NPY4R;ADORA1;GRM6;GPR17;VIPR1;PTCH1;ADRA2B;FZD9;CHRM3;ADRA1A;GABBR1;LHCGR;PENK;OXER1;GLP2R;CX3CL1;CXCL2;SSTR1;HTR2A;WNT11;PTH1R;PTCH2;TAS2R13;PTH2R;TACR1;HCAR2;EDNRB;BDKRB2;TAS2R3;TAS2R30;TAC1;GPER1;TAS2R19;HCAR3;INSL3;GNG11;WNT6;QRFP;NPY1R;TAS2R4;NTS;CXCL3;EDN3;PPBP;OXGR1;PROKR1;GNG7;TAS2R14;NPFF;TAS2R31;NMB;NMUR1;HTR6;ADM;TAS2R10;GLP1R;CRHR1;ADRB1;CCL28;DRD2;GNRH2;TAS1R1;ADRA1B;LPAR1;TAS2R50;FZD7;TAS2R20;GNB3;FZD4;C5;GRM7;CCR10;TAS2R46;ADORA2B;OXTR;ANXA1;ECE1;CXCL5;TSHR;RXFP4;LPAR3;CXCR2;HCAR1;SMO;CHRM1;AVPR2;GHRL;PLPPR1;OXT;GRM3;P2RY1;PTGFR;ADRB2;WNT2B"
"REACTOME_FORMATION_OF_THE_EMBRYONIC_STEM_CELL_BAF_ESBAF_COMPLEX",0.0682730923694779,0.111149913664319,0.245041785430996,0.464678464790193,1.47733248444106,19,"ACTB;SS18;BCL11B;ARID1A;ACTL6A;SMARCD1;SMARCB1;DPF2;SMARCE1;SMARCA4;SMARCC1;BCL7A;SMARCD2;BCL7B"
"REACTOME_ABERRANT_REGULATION_OF_MITOTIC_G1_S_TRANSITION_IN_CANCER_DUE_TO_RB1_DEFECTS",0.06841046277666,0.111239208471577,0.245041785430996,0.484778556396282,1.49207505987659,17,"CCNE2;CDKN1A;CDKN1B;E2F3;CDK2;E2F2;RB1;CCNE1;E2F1"
"REACTOME_SEMAPHORIN_INTERACTIONS",0.0690335305719921,0.112117107483187,0.241339976815091,0.329939541817926,1.38020981991954,63,"PTPRC;PLXNC1;SEMA7A;TYROBP;SEMA4D;LIMK1;RND1;CFL1;PAK2;PAK1;RHOA;CDK5;RAC1;MYL12B;HSP90AB1;GSK3B;DPYSL3;TREM2;CD72;HSP90AA1;RHOC"
"REACTOME_REGULATION_OF_INSULIN_LIKE_GROWTH_FACTOR_IGF_TRANSPORT_AND_UPTAKE_BY_INSULIN_LIKE_GROWTH_FACTOR_BINDING_PROTEINS_IGFBPS",0.0691699604743083,0.112203497857241,0.241339976815091,0.277986146274289,1.28328408723231,109,"MATN3;FN1;CCN1;VCAN;PDIA6;F5;MMP1;SHISA5;MGAT4A;SCG2;APOE;TMEM132A;CALU;HSP90B1;DMP1;MMP2;ADAM10;SPP1;PROC;DNAJC3;CDH2;APOL1;VGF;PRSS23;GOLM1;LTBP1;C4A;TIMP1;MXRA8;GZMH;FBN1;P4HB;FUCA2;KTN1;ENAM;CKAP4;TGOLN2;IGFBP7;VWA1;FSTL3;MEN1"
"REACTOME_SEROTONIN_NEUROTRANSMITTER_RELEASE_CYCLE",0.0695825049701789,0.112737039302646,0.241339976815091,-0.466101748995189,-1.4530205871382,18,"SYN2;STXBP1;PPFIA4;UNC13B"
"REACTOME_SIGNALLING_TO_ERKS",0.0703125,0.113783013205282,0.237793834423688,0.390746911618408,1.42048275463096,33,"KRAS;NRAS;MAPKAPK2;RAP1A;YWHAB;RIT1;GRB2;RALA;SRC;MAPKAPK3;RALB;MAPK1;FRS2;MAPK13;MAPK14;SHC1"
"REACTOME_NUCLEAR_EVENTS_KINASE_AND_TRANSCRIPTION_FACTOR_ACTIVATION",0.0714285714285714,0.115450496745461,0.237793834423688,0.331825442064326,1.36464728818619,59,"ID2;PPP2CA;REST;MAPKAPK2;TRIB1;JUNB;SGK1;RPS6KA1;CDK5;ATF2;ELK1;VGF;CHD4;CREB1;ATF1;TCF12;MEF2D;VRK3;PPP2R1A;MAPK1;DNM2"
"REACTOME_NUCLEAR_RECEPTOR_TRANSCRIPTION_PATHWAY",0.0718562874251497,0.116002725088745,0.237793834423688,-0.33960823522153,-1.34660497112829,46,"THRB;NR3C2;PPARG;PPARA;RXRG;ESR2;THRA;NR2E3;NR5A2;NR6A1;RARB;NR2F1;ESRRB;NR3C1;NCOR1;NR1D1;RORB;NR2C2;NR1H3;ESRRG"
"REACTOME_EARLY_SARS_COV_2_INFECTION_EVENTS",0.0737864077669903,0.118976169461606,0.231126709673834,0.374105301592848,1.39316382145678,37,"SDC1;GPC6;CHMP2B;CHMP4B;MAP1LC3B;CTSL;VHL;DDX5;SDC4;ZCRB1;RB1;BECN1;CHMP7;CHMP2A;CHMP4A;ISCU;GPC1;PIK3R4;GPC4;AGRN"
"KEGG_BASE_EXCISION_REPAIR",0.07421875,0.11953031660693,0.231126709673834,0.387721526545526,1.40948456835139,33,"MBD4;POLD4;NEIL3;TDG;POLB;PCNA;PARP1;APEX2;FEN1;MPG;POLE3;APEX1;PARP4;HMGB1;SMUG1;LIG1;NTHL1;UNG"
"REACTOME_GAP_JUNCTION_TRAFFICKING_AND_REGULATION",0.0748031496062992,0.120327739462162,0.231126709673834,0.350872476173784,1.35641813664326,43,"GJB2;TUBB3;ACTB;TUBA1C;ACTG1;CLTC;AP2M1;TUBA4B;TUBA1B;TUBA1A;SRC;TUBA4A;DNM2;MYO6;TUBB8;TUBB4B;GJB6;TUBB1"
"REACTOME_FORMATION_OF_WDR5_CONTAINING_HISTONE_MODIFYING_COMPLEXES",0.075098814229249,0.120659358261058,0.231126709673834,0.348917722903366,1.3404816017888,42,"DR1;PAGR1;PHF20;DPY30;KDM6A;PHF20L1;SETD1B;KANSL2;RBBP5;MEN1;HCFC1;TADA3;BOD1;ASH2L;PAXIP1;WDR82;NCOA6;MCRS1;HCFC2;SGF29"
"REACTOME_RAP1_SIGNALLING",0.0758720653454909,0.12175660010205,0.287805130535564,0.50721516027499,1.4917755329767,15,"RAP1B;YWHAZ;RASGRP1;RAP1A;YWHAB"
"REACTOME_NON_INTEGRIN_MEMBRANE_ECM_INTERACTIONS",0.0775510204081633,0.124302943531753,0.231126709673834,-0.297507293100335,-1.30972711444658,78,"DMD;LAMA3;SNTG2;SGCA;LAMB3;LAMC3;NRXN1;FGF2;LAMC1;COL11A2;LAMA4;ACTG2;SGCG;UTRN;SGCZ;DDR2;SNTB2;LAMB2;ITGA6;COL4A6;PDGFA;SNTA1;COL5A3;SGCB;VTN;DTNB;ACTA2;SDC2;ITGB4;LAMA1"
"HALLMARK_KRAS_SIGNALING_DN",0.0782778864970646,0.125318991684137,0.224966093540314,-0.246319086955143,-1.22499799543812,165,"CYP39A1;CNTFR;NTF3;NPY4R;PKP1;ITIH3;NRIP2;ZBTB16;THRB;KRT5;SOX10;KCNMB1;SLC6A14;TCF7L1;P2RX6;IL5;KLK8;COQ8A;TAS2R4;STAG3;LGALS7;SLC25A23;TENM2;ALOX12B;DCC;PRKN;SYNPO;DLK2;CHST2;RYR1;NOS1;C5;YBX2;TGM1;PDK2;KLK7;PNMT;KCND1;COPZ2;DTNB;NR6A1;OXT;PTGFR;EDAR;ARHGDIG;KRT15;CLDN8;SERPINA10;SLC16A7;CPEB3;CCNA1;PRODH;UPK3B"
"REACTOME_KSRP_KHSRP_BINDS_AND_DESTABILIZES_MRNA",0.0784708249496982,0.125478851758236,0.227987202850442,0.480122255503995,1.47774367012968,17,"YWHAZ;PARN;DCP2;EXOSC6;EXOSC9;EXOSC1;AKT1;MAPK14;EXOSC3;EXOSC4"
"REACTOME_DENGUE_VIRUS_MODULATES_APOPTOSIS",0.0791075050709939,0.126197534716805,0.227987202850442,0.477231034430337,1.43926118323499,16,"DAXX;RICTOR;RETREG1;BECN1;RIPK1;PIK3R4;NFKBIB;NFKBIA;MLST8"
"REACTOME_FIBRONECTIN_MATRIX_FORMATION",0.0790513833992095,0.126197534716805,0.224966093540314,0.455800691881193,1.46779891628567,20,"FN1;CEACAM6;COL1A2;COL5A1;COL1A1;COL5A2;COL3A1"
"KEGG_PHENYLALANINE_METABOLISM",0.0792079207920792,0.126208365517403,0.224966093540314,-0.472580627794778,-1.446600582642,17,"TAT;MAOA;MAOB;AOC3"
"REACTOME_SENSORY_PROCESSING_OF_SOUND_BY_OUTER_HAIR_CELLS_OF_THE_COCHLEA",0.0801603206412826,0.127575102980459,0.224966093540314,-0.3350336591264,-1.33763357725574,48,"KCNQ4;OTOGL;CDH23;GSN;TRIOBP;KCNMB1;CLIC5;SPTBN1;CIB2;PJVK;TMC1;MYO1C;ESPNL;STRC;TMIE;SPTAN1;TMC2;MYO3A;SLC26A5"
"KEGG_LINOLEIC_ACID_METABOLISM",0.0806451612903226,0.128195374315277,0.224966093540314,-0.438960621875397,-1.38426898943214,20,"PLA2G4A;CYP3A4;CYP2C8;PLA2G6;PLA2G3;PLA2G4B;JMJD7-PLA2G4B;CYP3A5;CYP3A7;CYP3A43"
"REACTOME_DOPAMINE_NEUROTRANSMITTER_RELEASE_CYCLE",0.0811359026369168,0.128823553303373,0.224966093540314,-0.428015361123818,-1.40509476312209,23,"SYN2;STXBP1;PPFIA4;UNC13B;APBA1"
"REACTOME_SIGNALING_BY_CSF1_M_CSF_IN_MYELOID_CELLS",0.0815533980582524,0.12933409480297,0.219250346703755,0.387408214161823,1.3777375050016,31,"KRAS;STAT1;GRAP2;HCK;GRB2;LYN;SRC;PIK3CB;UBC;PIK3CD;INPPL1;SHC1;UBB;CBL;INPP5D"
"KEGG_RNA_POLYMERASE",0.0823529411764706,0.13044860717495,0.219250346703755,0.398930452452885,1.39085154608299,29,"POLR2K;POLR3K;POLR2B;POLR2D;POLR3F;POLR2G;POLR1H;POLR2J;POLR2H;POLR3C;POLR3A;POLR2C"
"REACTOME_ION_HOMEOSTASIS",0.0824949698189135,0.130520210464666,0.222056046145248,-0.32973345237765,-1.33300878265685,51,"RYR3;ATP1A2;FXYD1;CASQ2;ATP1B2;TRDN;ASPH;FXYD6;RYR1;ITPR1;NOS1;STIM1;TRPC1;ITPR2;PRKACA;PLN;FXYD2;FXYD7;ATP2B4;SLC8A3;DMPK;ABCC9"
"REACTOME_SCAVENGING_BY_CLASS_A_RECEPTORS",0.0841683366733467,0.133011627005476,0.219250346703755,0.458528683551076,1.4258816842866,18,"MSR1;CALR;COL1A2;COL1A1;APOE;HSP90B1;COL3A1"
"REACTOME_SIGNALING_BY_FGFR2",0.0846456692913386,0.133609323424736,0.216542836735348,0.309538761351467,1.31393159863166,66,"KRAS;POLR2K;PPP2CA;NRAS;POLR2B;HNRNPF;ESRP1;POLR2D;PTBP1;HNRNPH1;GRB2;POLR2G;SRC;POLR2J;NCBP2;POLR2H;HNRNPM;PPP2R1A;FGF18;UBC;MAPK1;TIAL1;FRS2;ESRP2;TIA1;POLR2C;SHC1;UBB"
"KEGG_SNARE_INTERACTIONS_IN_VESICULAR_TRANSPORT",0.0862745098039216,0.135699233587909,0.213927855492356,0.363272660821956,1.356656871707,38,"SNAP23;VAMP7;YKT6;VAMP8;STX3;SEC22B;BNIP1;STX6;BET1;VAMP1;STX1A;STX4;SNAP29"
"KEGG_THYROID_CANCER",0.0862745098039216,0.135699233587909,0.213927855492356,0.395207230933259,1.37787071602818,29,"KRAS;LEF1;TPM3;NRAS;CCDC6;TFG"
"REACTOME_REGULATION_OF_MITF_M_DEPENDENT_GENES_INVOLVED_IN_CELL_CYCLE_AND_PROLIFERATION",0.0861723446893788,0.135699233587909,0.216542836735348,0.45288827692225,1.40834177284271,18,"LEF1;PLK1;CDKN1A;CCNB1;HDAC1;CDKN2A;CDK2;SIN3A"
"REACTOME_REGULATION_OF_PYRUVATE_METABOLISM",0.0863723608445297,0.135699233587909,0.211400189384923,0.379301210595153,1.37115085546452,32,"PDP1;DLAT;RANBP9;WDR26;RMND5B;PKM;PDHB;PGAM5;LDHA;UBC;GID8"
"REACTOME_TP53_REGULATES_TRANSCRIPTION_OF_ADDITIONAL_CELL_CYCLE_GENES_WHOSE_EXACT_ROLE_IN_THE_P53_PATHWAY_REMAIN_UNCERTAIN",0.0869565217391304,0.13645796426583,0.213927855492356,0.449880720770936,1.44873504180094,20,"CNOT11;CNOT6;CNOT9;CNOT2;CNOT1;PLK3;CNOT8;CDC25C;BTG2;CNOT6L;CNOT7;NPM1;CNOT10"
"KEGG_INOSITOL_PHOSPHATE_METABOLISM",0.0880626223091976,0.138033040549766,0.211400189384923,0.327110509309717,1.31380713318977,54,"MINPP1;IPMK;IMPA1;PIK3CG;PIP4K2A;PIP4K2C;MIOX;PLCB2;SYNJ1;TPI1;PIP5K1A;PIK3CB;IPPK;ITPKA;INPP4B;PIK3CD;PLCB3;INPPL1"
"REACTOME_SIGNALING_BY_ALK",0.0882352941176471,0.13814306210289,0.211400189384923,0.393903913568579,1.37332676366617,29,"PTPN6;IL2RG;PRDM1;MDK;HIF1A;HDAC1;SRC;SIN3A;PIK3CB;JAK3;DNMT1;CD274;FRS2;SHC1;HDAC2"
"REACTOME_G_BETA_GAMMA_SIGNALLING_THROUGH_CDC42",0.0883534136546185,0.138167519264995,0.213927855492356,0.444858604801694,1.41432004634302,19,"GNG5;GNG10;GNB2;CDC42;PAK1;GNB4;GNGT2;GNB1"
"REACTOME_SIGNALING_BY_FGFR_IN_DISEASE",0.0885311871227364,0.138285098773405,0.213927855492356,0.32719456676041,1.32336214926472,56,"KRAS;STAT1;POLR2K;NRAS;POLR2B;POLR2D;LRRFIP1;GRB2;POLR2G;CUX1;POLR2J;NCBP2;POLR2H;FGF18;FGFR3;TRIM24;BAG4;FRS2;FGFR1OP2;CEP43"
"REACTOME_HEME_SIGNALING",0.0903614457831325,0.140836049377108,0.211400189384923,0.334244124585936,1.31241181396757,47,"HELZ2;NRIP1;LY96;XPO1;HMOX1;NCOA2;CLEC1B;ATF2;TBL1XR1;CREB1;TGS1;BACH1;MEF2D;SIRT1;NFE2L2;MED1"
"REACTOME_INSULIN_PROCESSING",0.0903732809430255,0.140836049377108,0.208955027549354,0.417484088661232,1.3936553146729,23,"SLC30A5;EXOC8;EXOC6;KIF5B;SLC30A8;EXOC5;MYO5A;RAB27A;P4HB;STX1A"
"REACTOME_RHOA_GTPASE_CYCLE",0.0918163672654691,0.142919703318536,0.208955027549354,0.253660110788832,1.23813305120602,147,"ERBIN;DEF6;SNAP23;VAV3;FAF2;MACO1;ATP6AP1;ARHGAP30;DEPDC1B;ECT2;TAGAP;VANGL1;GMIP;YKT6;IQGAP1;PREX1;ARHGDIB;TIAM1;ACBD5;ARAP2;DIAPH1;LMAN1;HMOX2;RACGAP1;TFRC;TMPO;FLOT1;ANLN;RHOA;ARHGAP9;ARHGAP11A;ARHGAP18;FMNL3;VAV1;ARHGEF18;DOCK2;ABCD3;VAV2;ARHGAP1;NET1;ARHGAP45"
"KEGG_ACUTE_MYELOID_LEUKEMIA",0.0921843687374749,0.143327023135082,0.208955027549354,0.325318921801689,1.32616720011753,57,"KRAS;LEF1;NRAS;PIK3CG;RPS6KB2;FLT3;RARA;CHUK;SPI1;PIK3R5;PIM2;GRB2;NFKB1;PIM1;PIK3R3;PIK3CB;RUNX1;RELA;MAPK1;IKBKB;PIK3CD;AKT1;RPS6KB1;EIF4EBP1;ARAF"
"REACTOME_KIDNEY_DEVELOPMENT",0.0929292929292929,0.144318763673602,0.208955027549354,-0.333844537907036,-1.30439252243853,44,"POU3F3;IRX1;OSR1;HOXA6;PCDH19;FGF2;WNT11;FOXC1;ID4;JAG1;SLIT2;EMX2;DLL1"
"KEGG_ABC_TRANSPORTERS",0.0931174089068826,0.144444496209986,0.208955027549354,-0.341191227273084,-1.32389386625133,43,"ABCA10;ABCA5;ABCA13;ABCA8;ABCG2;ABCA9;ABCG5;CFTR;ABCC6;ABCB5;ABCA6;ABCB1;ABCD4"
"REACTOME_VEGFR2_MEDIATED_VASCULAR_PERMEABILITY",0.0933852140077821,0.144693412048839,0.204294756516886,0.402714192961325,1.38067752865173,27,"VAV3;TRIB3;PAK2;PAK1;RAC1;PDPK1;VAV1;RICTOR;VAV2;HSP90AA1"
"REACTOME_G_ALPHA_S_SIGNALLING_EVENTS",0.0938775510204082,0.1452892523255,0.208955027549354,-0.266503265330017,-1.24282391723375,116,"ADCYAP1R1;VIPR1;LHCGR;GLP2R;PDE2A;PDE11A;PTH1R;PTH2R;GNAI1;GPER1;INSL3;GNG11;ADCY6;ADCY5;ARRB1;GNG7;PDE3A;PDE7B;HTR6;ADCY4;ADM;GLP1R;CRHR1;ADRB1;GNB3;ADCY3;PRKAR2B;ADORA2B;TSHR;AVPR2;PRKAR1B;PDE8A;GPR83;GPR20;GRK3;ADRB2;PDE10A;PRKACA;GPBAR1;PTHLH;PDE1B;GNG2;PDE8B;GRK5;POMC"
"KEGG_NICOTINATE_AND_NICOTINAMIDE_METABOLISM",0.0943025540275049,0.145779636271877,0.204294756516886,0.416028017380448,1.38879462289058,23,"NAMPT;QPRT;NT5C3A;NNMT;PNP"
"REACTOME_CS_GAG_BIOSYNTHESIS",0.0948616600790514,0.14647596539125,0.204294756516886,0.446350911119396,1.4373681200882,20,"BGN;VCAN;CSGALNACT2;CHST11;CHPF;CHPF2"
"REACTOME_SPHINGOLIPID_DE_NOVO_BIOSYNTHESIS",0.0970873786407767,0.149741174379596,0.199915231309662,0.360033816552284,1.34076177371992,37,"SPTSSA;CERS6;ORMDL2;CERS2;SPTSSB;DEGS2;ORMDL1;SGMS2;CERS4;SPTLC1"
"KEGG_GLIOMA",0.1,0.153881278538813,0.199915231309662,0.312119667151854,1.30896537237781,64,"KRAS;NRAS;CALM2;PIK3CG;CDKN1A;PRKCB;E2F3;CDKN2A;PIK3R5;E2F2;GRB2;RB1;PIK3R3;PIK3CB;E2F1;MAPK1;CDK4;MDM2;PIK3CD;AKT1;SHC1;ARAF;PDGFB;CALM1"
"REACTOME_O_LINKED_GLYCOSYLATION",0.1,0.153881278538813,0.199915231309662,-0.263730603895412,-1.23671191630286,117,"ADAMTS18;ADAMTS8;ADAMTS5;ADAMTS9;ADAMTS3;MUC6;ADAMTS1;ADAMTSL4;MUCL1;CHST4;GALNT16;SEMA5B;MUC15;ST3GAL3;GALNT17;B4GAT1;B4GALT6;MMRN2;ADAMTS15;THSD7B;THSD1;FUT10;GALNT15;MUC4;B3GNTL1;ST6GALNAC3;MMRN1;ADAMTSL1;B3GNT3;SSPOP;ADAMTS13;SPON2;GALNT13;GALNT11"
"KEGG_ECM_RECEPTOR_INTERACTION",0.10019267822736,0.154001972919591,0.195789002148949,0.287051051775588,1.27727948941518,82,"COMP;FN1;COL11A1;SDC1;ITGA4;IBSP;ITGAV;THBS2;THBS1;COL1A2;COL5A1;COL1A1;HMMR;ITGB7;COL5A2;COL6A3;SPP1;COL3A1;TNR;SDC4"
"REACTOME_DEFECTIVE_B4GALT7_CAUSES_EDS_PROGEROID_TYPE",0.100401606425703,0.154147341072719,0.199915231309662,0.433676789924794,1.37877017776861,19,"BGN;SDC1;VCAN;GPC6"
"KEGG_PRION_DISEASES",0.100970873786408,0.154844980505208,0.195789002148949,0.374834617882046,1.33302210007691,31,"CCL5;STIP1;NCAM2;SOD1;HSPA5;BAX;IL1B;ELK1;PRKACB;C1QB;MAPK1;C1QC;IL1A"
"REACTOME_CLASS_I_PEROXISOMAL_MEMBRANE_PROTEIN_IMPORT",0.102766798418972,0.157420050305426,0.195789002148949,0.438387839629149,1.41172492140096,20,"PEX2;PEX13;ACBD5;ABCD3;PEX11B;SLC25A17;ABCD1"
"REACTOME_RAS_PROCESSING",0.103515625,0.158028383352208,0.193813302725311,0.405093703802168,1.36117899129448,24,"KRAS;NRAS;LYPLA1;BCL2L1;ZDHHC9;ABHD17C;UBC;PDE6D;GOLGA7;UBB;CALM1;FNTA;ABHD17B;PRKCQ"
"REACTOME_REGULATION_OF_KIT_SIGNALING",0.103448275862069,0.158028383352208,0.197822021315103,0.459659207943867,1.38626704422074,16,"PTPN6;LCK;SOCS6;GRB2;LYN;SRC;KITLG"
"REACTOME_SEMA3A_PAK_DEPENDENT_AXON_REPULSION",0.103448275862069,0.158028383352208,0.197822021315103,0.45913175576265,1.3846763231744,16,"LIMK1;CFL1;PAK2;PAK1;RAC1;HSP90AB1;HSP90AA1"
"REACTOME_SIGNALING_BY_FLT3_FUSION_PROTEINS",0.104417670682731,0.159225135837468,0.195789002148949,0.431946069860859,1.37326777306156,19,"KRAS;NOX4;NRAS;CDKN1A;GRB2;PIM1"
"REACTOME_FLT3_SIGNALING_IN_DISEASE",0.104536489151874,0.159226200425679,0.193813302725311,0.389509116268489,1.34046146975485,28,"KRAS;NOX4;NRAS;CDKN1A;FLT3;BCL2L1;GRB2;PIM1"
"REACTOME_G_ALPHA_Q_SIGNALLING_EVENTS",0.105367793240557,0.160296004262608,0.193813302725311,0.236841207864752,1.18662580859936,175,"P2RY10;KRAS;RGS1;RGS16;GPR132;LPAR5;GPR65;GNG5;F2R;NRAS;RGS19;F2RL2;UTS2;BTK;GNG10;GNA14;GNB2;RASGRP1;ABHD12;RGS4;DGKA;F2RL1;NPFFR1;EDN2;RGS18;P2RY6;GPR68;RPS6KA1;MMP3;GNB4;GRB2;GRK2;PLCB2;PIK3R3;CREB1;GRM5;PTAFR;GNGT2;AGT;EDNRA;GNB1"
"REACTOME_SYNTHESIS_OF_PIPS_AT_THE_EARLY_ENDOSOME_MEMBRANE",0.105476673427992,0.160296004262608,0.195789002148949,0.456638674790564,1.37715754419543,16,"FIG4;PI4K2B;INPP4B;PI4K2A;MTM1;PIK3R4;INPP4A;VAC14"
"REACTOME_ACTIVATION_OF_IRF3_IRF7_MEDIATED_BY_TBK1_IKK_IKBKE",0.106212424849699,0.161232374659228,0.193813302725311,0.4457655014536,1.38619215506225,18,"IRF7;TBK1;LY96;TICAM1;TICAM2;UBC;TRAF3;UBB"
"REACTOME_BASIGIN_INTERACTIONS",0.109780439121756,0.166461228274609,0.190023305279108,0.394383859510989,1.32849950954187,25,"SPN;MMP1;SLC7A5;SLC16A3;SLC7A11;SLC7A7;L1CAM;PPIA;MAG;SLC16A1;SLC3A2;SLC7A6;BSG;PPIL2"
"KEGG_HOMOLOGOUS_RECOMBINATION",0.110453648915187,0.167293841278284,0.188204146308491,0.387384279141892,1.33314902909879,28,"POLD4;RPA3;BRCA2;BLM;SSBP1;EME1;XRCC2;SEM1;RAD51;RPA2;NBN;RAD51C;RAD54B"
"REACTOME_ACYL_CHAIN_REMODELLING_OF_PE",0.111328125,0.168429082491583,0.186432558434075,0.397308187327656,1.3350184231049,24,"PLAAT4;PLA2G2D;PNPLA8;MBOAT1;ABHD4;PLAAT2;MBOAT2;PLA2G2A;LPCAT3"
"REACTOME_BIOSYNTHESIS_OF_SPECIALIZED_PRORESOLVING_MEDIATORS_SPMS",0.111984282907662,0.169231853542072,0.186432558434075,-0.451538790239721,-1.36516372918216,16,"CYP2D6;GSTM4;CYP3A4;PTGR1;EPHX2;CYP2C8;ALOX12"
"REACTOME_ACTIVATION_OF_GENE_EXPRESSION_BY_SREBF_SREBP",0.112648221343874,0.170044571524683,0.186432558434075,0.335326041709981,1.28826471115479,42,"HELZ2;SQLE;MTF1;NCOA2;SP1;TBL1XR1;NFYA;IDI1;TGS1;GGPS1;HMGCR;MED1;NFYB"
"REACTOME_ADIPOGENESIS",0.112903225806452,0.170238868441943,0.188204146308491,-0.266621940579238,-1.23436927863068,109,"PCK1;LPL;COX7A1;PPARGC1A;EBF2;SLC2A4;LEP;FABP4;PPARG;EBF1;PPARA;PRDM16;PLIN1;CD36;CIDEA;ADIRF;KLF5;ADIPOQ;PPARGC1B;ZNF423;ANGPTL4"
"REACTOME_SIGNALING_BY_ERBB2_ECD_MUTANTS",0.113590263691684,0.171083436264122,0.188204146308491,0.449142411596945,1.35454987651353,16,"ERBIN;KRAS;NRAS"
"KEGG_VASOPRESSIN_REGULATED_WATER_REABSORPTION",0.11439842209073,0.172108340377571,0.184706471207739,0.341896345915452,1.29552587310839,40,"DCTN5;RAB11A;RAB5A;ARHGDIB;CREB3L1;NSF;DYNLL1;GNAS;DYNC1LI1;DYNLL2;PRKACB;CREB1;ARHGDIA;DCTN4;RAB5C;STX4;ADCY9;RAB5B"
"KEGG_BASAL_CELL_CARCINOMA",0.114688128772636,0.172351836773147,0.186432558434075,-0.316557954637298,-1.27974438355776,51,"PTCH1;FZD9;TCF7L1;WNT11;TCF7L2;PTCH2;HHIP;WNT6;GLI2;BMP2;FZD7;AXIN2;FZD4;SMO;WNT2B;FZD8;FZD10;DVL2;APC2"
"KEGG_DORSO_VENTRAL_AXIS_FORMATION",0.116465863453815,0.174634019950771,0.184706471207739,-0.409867511033608,-1.33504503655213,22,"EGFR;FMN2;PIWIL4;NOTCH3;PIWIL2;NOTCH4;CPEB1"
"REACTOME_OTHER_SEMAPHORIN_INTERACTIONS",0.116465863453815,0.174634019950771,0.184706471207739,0.426468792493391,1.35585409802735,19,"PTPRC;PLXNC1;SEMA7A;TYROBP;SEMA4D;TREM2;CD72"
"REACTOME_CARGO_CONCENTRATION_IN_THE_ER",0.1171875,0.175520833333333,0.181383128498408,0.352853815024853,1.28272993143456,33,"F5;TMED2;SEC24A;CTSZ;LMAN2;LMAN1;SEC22B;SEC24D;SAR1B;SEC24C"
"REACTOME_GLYCOGEN_METABOLISM",0.117529880478088,0.175838267352344,0.183023938384487,-0.391919959763962,-1.33216089250122,26,"GYG2;GYS2;PGM1;PYGB;EPM2A;PYGM;AKR1E2;PYGL;PHKA2;UGP2;RPS27A;UBA52;PPP1R3C"
"REACTOME_NOTCH3_INTRACELLULAR_DOMAIN_REGULATES_TRANSCRIPTION",0.117764471057884,0.175993910184066,0.183023938384487,-0.393887017134778,-1.3261911391749,25,"MAML2;KAT2A;HEY1;MAMLD1;NOTCH3;FABP7;MAML3"
"REACTOME_OTHER_INTERLEUKIN_SIGNALING",0.119521912350598,0.178422522534447,0.181383128498408,0.421050527988211,1.37151845290271,21,"CASP3;SDC1;IL32;STX3;CD4;IL10RB;STXBP2;TXLNA;STX1A;STX4"
"REACTOME_PEPTIDE_HORMONE_METABOLISM",0.120481927710843,0.179656679816612,0.181383128498408,0.289700762163636,1.24172040960088,70,"INHBA;SPCS3;ATP6AP2;CPA3;CTSD;SLC30A5;EXOC8;PLA2G7;EXOC6;SPCS1;CTSZ;KIF5B;SLC30A8;SPCS2;SEC11A;EXOC5;MYO5A;AGT;GNB1;RAB27A;SEC11C;GZMH;P4HB;DPP4;STX1A"
"REACTOME_NEUROTRANSMITTER_RECEPTORS_AND_POSTSYNAPTIC_SIGNAL_TRANSMISSION",0.120967741935484,0.180181785777936,0.181383128498408,0.233441485549777,1.17053501388987,179,"KRAS;CHRNA6;CACNG4;TUBB3;CAMK4;GNG5;CHRNB2;GNAI3;NRAS;GNG10;TUBA1C;KCNJ15;KCNJ6;GNB2;KPNA2;GRIP2;KCNJ10;RASGRF1;AP2M1;PRKAG1;PRKCB;AP2S1;RPS6KA1;RAC1;TUBA4B;PDPK1;TUBA1B;NSF;GNB4;ADCY7;TUBA1A;PLCB2;CHRNA1;SRC;AKAP5;DLG3;PRKACB;PRKAB1;CREB1;LIN7C;GNGT2;AP2B1"
"REACTOME_NEGATIVE_REGULATION_OF_FGFR1_SIGNALING",0.121513944223108,0.180795581471025,0.179782316298324,-0.389986835457158,-1.32559007992148,26,"FGF10;KL;SPRY2;FGF17;FGF2"
"REACTOME_SIGNALING_BY_ERYTHROPOIETIN",0.121756487025948,0.180956719416734,0.179782316298324,0.389075844825858,1.31061922682802,25,"KRAS;NRAS;PIK3CG;PIK3R5;VAV1;GRB2;LYN;PIK3CB"
"REACTOME_CROSSLINKING_OF_COLLAGEN_FIBRILS",0.122244488977956,0.181481906544366,0.179782316298324,0.434236401792617,1.35034023863338,18,"LOXL1;COL1A2;LOX;COL1A1;TLL2"
"REACTOME_VEGFR2_MEDIATED_CELL_PROLIFERATION",0.122489959839357,0.181646277077507,0.179782316298324,0.421546926127107,1.34020621757248,19,"KRAS;NRAS;PRKCB;PDPK1;SRC;PRKCZ;SPHK1;CALM1;PRKCD"
"HALLMARK_PEROXISOME",0.123076923076923,0.182316145393068,0.175204047558551,0.262420863498924,1.20281204412436,99,"CDK7;PEX2;PEX13;PRDX1;BCL10;ABCC5;SOD1;YWHAH;ABCB4;MVP;IDE;ATXN1;IDH2;TOP2A;LONP2;ABCD3;IDI1;SLC27A2;PEX11B;CNBP;SLC35B2;PRDX5;DHCR24;SIAH1;CTPS1;SLC25A17;RDH11;ABCD1;VPS4B;MSH2"
"REACTOME_RHOU_GTPASE_CYCLE",0.124260355029586,0.183481321579345,0.176694268938498,0.336689837140514,1.2757971836764,40,"ARHGAP30;DEPDC1B;VANGL1;IQGAP1;CLTC;STAM;CDC42;PAK2;PAK1;GRB2;SRC;PTK2B;STAM2"
"REACTOME_SLC_MEDIATED_TRANSPORT_OF_AMINO_ACIDS",0.124271844660194,0.183481321579345,0.175204047558551,0.350501892427592,1.28810400725407,34,"SLC38A1;SLC7A5;SLC6A6;SLC6A12;SLC7A11;SLC7A7;SLC38A2;SLC38A5;SLC1A4;SLC36A1;SLC3A2;SLC1A3;SLC7A6;SLC7A1;SLC36A4;SLC6A20"
"REACTOME_TAK1_DEPENDENT_IKK_AND_NF_KAPPA_B_ACTIVATION",0.124260355029586,0.183481321579345,0.176694268938498,0.32908777909974,1.27578529224862,44,"CASP8;N4BP1;UBE2N;NOD2;CHUK;UBE2V1;TAB3;MAP3K7;RIPK2;NFKB1;USP18;USP14;RELA;UBC;IKBKB;NFKB2;NKIRAS1;NLRC5;UBB;TRAF2;IRAK1;NFKBIB;NFKBIA"
"KEGG_PANTOTHENATE_AND_COA_BIOSYNTHESIS",0.125,0.184354485776805,0.176694268938498,0.45697980890821,1.34402784337921,15,"BCAT1;PPCS;VNN2;PANK2;PANK3;ENPP1"
"REACTOME_MECHANICAL_LOAD_ACTIVATES_SIGNALING_BY_PIEZO1_AND_INTEGRINS_IN_OSTEOCYTES",0.125760649087221,0.185071348220059,0.178219874951973,0.442741209536917,1.33524475805651,16,"ITGAV;PANX1;SPP1;P2RX7;CACNB3;CACNA1H;ITGA5;AKT1"
"REACTOME_TGF_BETA_RECEPTOR_SIGNALING_IN_EMT_EPITHELIAL_TO_MESENCHYMAL_TRANSITION",0.125760649087221,0.185071348220059,0.178219874951973,0.443011293403235,1.33605929273043,16,"TGFB1;FKBP1A;RHOA;ARHGEF18;TGFBR1;F11R;UBC;PRKCZ"
"REACTOME_MAPK_TARGETS_NUCLEAR_EVENTS_MEDIATED_BY_MAP_KINASES",0.12621359223301,0.185535356957576,0.173747838999571,0.36242974834567,1.28890673705629,31,"PPP2CA;MAPKAPK2;MAPK9;RPS6KA1;ATF2;ELK1;CREB1;ATF1;VRK3;PPP2R1A;MAPK1"
"REACTOME_DISORDERS_OF_DEVELOPMENTAL_BIOLOGY",0.128256513026052,0.188333093201654,0.175204047558551,0.42896719754607,1.33395465121989,18,"CAMK4;HDAC1;DPY30;TBL1XR1;SIN3A;RBBP5;CALM1;ASH2L;HDAC3"
"KEGG_PROPANOATE_METABOLISM",0.129363449691992,0.189751828275087,0.176694268938498,-0.36270690405433,-1.28355780088268,31,"LDHB;ACACB;PCCA;ACSS3;HIBCH;SUCLG1;ALDH9A1;MLYCD;ALDH2;ALDH6A1;ACSS2;ACAT1;ALDH7A1;LDHAL6B;LDHAL6A;HADHA;EHHADH;SUCLA2"
"REACTOME_FOXO_MEDIATED_TRANSCRIPTION_OF_OXIDATIVE_STRESS_METABOLIC_AND_NEURONAL_GENES",0.129740518962076,0.190098064740085,0.173747838999571,-0.388218953303842,-1.30710714883791,25,"PCK1;PPARGC1A;PLXNA4;ABCA6;SIRT3;FOXO4;CAT;ATXN3;SMAD4;NR3C1;POMC;SMAD3;FOXO3;AGRP"
"REACTOME_MET_PROMOTES_CELL_MOTILITY",0.130177514792899,0.190531259436296,0.172324344900946,0.332756526692234,1.26998456113588,41,"COL24A1;FN1;COL11A1;RAP1B;COL1A2;COL5A1;COL1A1;RAP1A;COL5A2;RAC1;COL3A1;GRB2;SRC"
"REACTOME_PRESYNAPTIC_FUNCTION_OF_KAINATE_RECEPTORS",0.130434782608696,0.190700745072149,0.172324344900946,0.408318127607143,1.31489248673141,20,"GNG5;GNG10;GNB2;GNB4;PLCB2;GNGT2;GRIK3;GNB1"
"REACTOME_TRANSLESION_SYNTHESIS_BY_POLK",0.130784708249497,0.191005186045853,0.173747838999571,0.434979282360052,1.33880042796676,17,"RPA3;RFC4;PCNA;RFC5;RPA2;UBC;RFC2;UBB;MAD2L2"
"HALLMARK_CHOLESTEROL_HOMEOSTASIS",0.131274131274131,0.191204864169094,0.169570644405628,0.284626899764933,1.24428836112535,74,"TP53INP1;MAL2;TNFRSF12A;STARD4;SQLE;PLAUR;S100A11;ACTG1;TRIB3;CPEB2;ALCAM;CBS;CD9;PLSCR1;FADS2;FBXO6;IDI1;GPX8"
"HALLMARK_SPERMATOGENESIS",0.131630648330059,0.191204864169094,0.170932335370056,0.257944362853604,1.18681604077774,107,"CAMK4;CHRM4;BUB1;RAD17;DBF4;CDK1;NEK2;TOPBP1;AURKA;RFC4;KIF2C;NCAPH;CCNB2;IDE;TTK;GRM8;GFI1;VDAC3;PHKG2;CDKN3;TSN;EZH2;COIL;MLF1;PSMG1;STAM2;CHFR;OAZ3;H1-6"
"REACTOME_DEVELOPMENTAL_LINEAGE_OF_PANCREATIC_DUCTAL_CELLS",0.131578947368421,0.191204864169094,0.173747838999571,-0.323876967627398,-1.25671088992803,43,"LAMA3;CLDN10;LAMB3;LAMC3;LAMC1;COL11A2;COL27A1;LAMA4;AQP1;ANXA3;CFTR;LAMB2;PROM1;COL5A3;ANXA1;VTN;KRT17;ERICH5;YAP1;LAMA1"
"REACTOME_INTRAFLAGELLAR_TRANSPORT",0.131630648330059,0.191204864169094,0.170932335370056,0.319397164361283,1.26747738604316,49,"TNPO1;TUBB3;TUBA1C;IFT52;IFT80;TUBA1B;DYNLL1;TUBA1A;DYNLL2;DYNLRB1;IFT22;KIF3B;TUBA4A;KIF3A"
"REACTOME_RAF_INDEPENDENT_MAPK1_3_ACTIVATION",0.131630648330059,0.191204864169094,0.170932335370056,0.394285396757046,1.31621288957496,23,"DUSP10;DUSP5;DUSP2;CDK1;DUSP16;DUSP8;MAPK1"
"REACTOME_PROSTACYCLIN_SIGNALLING_THROUGH_PROSTACYCLIN_RECEPTOR",0.132264529058116,0.191712457172409,0.172324344900946,0.424742878846167,1.32081833308134,18,"GNG5;GNG10;GNB2;GNB4;GNAS;GNGT2;GNB1"
"REACTOME_RNA_POLYMERASE_III_TRANSCRIPTION",0.132149901380671,0.191712457172409,0.170932335370056,0.32957546343129,1.25784384891739,41,"POLR2K;POLR3K;GTF3C6;GTF3C1;GTF3C3;POLR3F;GTF3C2;SSB;POLR2H;SNAPC2;POLR3C;TBP;POU2F1;GTF3C4;SNAPC5;POLR3A"
"KEGG_MTOR_SIGNALING_PATHWAY",0.133595284872299,0.193018696685808,0.169570644405628,0.315962186220738,1.25948170229758,50,"CAB39;EIF4E;PIK3CG;HIF1A;RPS6KB2;EIF4E2;RPS6KA1;PDPK1;PIK3R5;PIK3R3;RICTOR;PIK3CB;RHEB;MAPK1;PIK3CD;PGF;AKT1;RPS6KB1;EIF4EBP1"
"REACTOME_MITOCHONDRIAL_CALCIUM_ION_TRANSPORT",0.133595284872299,0.193018696685808,0.169570644405628,0.393862686755206,1.31480178899262,23,"MAIP1;YME1L1;MCUB;VDAC3;VDAC1;MCU;VDAC2;MICU1;PARL"
"REACTOME_PI3K_EVENTS_IN_ERBB2_SIGNALING",0.133595284872299,0.193018696685808,0.169570644405628,-0.442461529584319,-1.33771991422108,16,"EGFR;NRG2"
"REACTOME_EGR2_AND_SOX10_MEDIATED_INITIATION_OF_SCHWANN_CELL_MYELINATION",0.135353535353535,0.195349642030584,0.170932335370056,-0.371193771989753,-1.28536378875485,28,"PRX;SOX10;LAMC1;TEAD1;UTRN;NAB1;MPZ;YAP1;ADGRV1;WWTR1;LAMA2"
"KEGG_COMPLEMENT_AND_COAGULATION_CASCADES",0.136363636363636,0.196386946386946,0.16823816568964,0.306228935073319,1.25550027055678,58,"F2R;F5;CR2;SERPINE1;C3AR1;PLAU;PLAUR;CD55;CFB;PROC;C4B;C4A;F7;F12;C5AR1;C2;C1QB"
"REACTOME_TP53_REGULATES_TRANSCRIPTION_OF_GENES_INVOLVED_IN_CYTOCHROME_C_RELEASE",0.136363636363636,0.196386946386946,0.16823816568964,0.404533472368484,1.30270489474929,20,"TP53INP1;PMAIP1;PRELID1;BAX;BBC3;TP73;TP53BP2;ATM;TRIAP1;BID"
"REACTOME_METABOLISM_OF_FAT_SOLUBLE_VITAMINS",0.137096774193548,0.197232072158915,0.169570644405628,-0.323918553502142,-1.25758014230209,42,"LPL;TTPA;GPIHBP1;RBP4;AKR1C1;GPC3;AKR1C3;PLB1;APOB"
"KEGG_STEROID_HORMONE_BIOSYNTHESIS",0.139293139293139,0.2001782001782,0.170932335370056,-0.351370581708454,-1.25248802097046,32,"AKR1C1;COMT;AKR1C3;AKR1C2;CYP3A4;CYP11A1;CYP17A1;CYP3A5;CYP3A7;HSD17B2;CYP3A43;STS;HSD17B3"
"KEGG_DILATED_CARDIOMYOPATHY",0.140816326530612,0.201936604429006,0.16823816568964,-0.276567961105739,-1.21105259285069,77,"DMD;ITGA9;SGCA;ITGA7;DES;ADCY6;ADCY5;SGCG;ADCY4;TPM2;TNNT2;ADRB1;ITGA6;CACNB4;IGF1;ITGA10;ADCY3;CACNA2D1;ITGA2B;ITGA3;SGCB;CACNB2;MYL3;ITGB4;PRKACA;LMNA;PLN;ITGA1;CACNA1C;LAMA2"
"REACTOME_CONSTITUTIVE_SIGNALING_BY_ABERRANT_PI3K_IN_CANCER",0.140816326530612,0.201936604429006,0.16823816568964,-0.276258126977607,-1.2161811420427,78,"EGFR;NTRK3;NRG2;NTF3;FGF10;NTRK2;KL;NTF4;FGF17;MET;FGF2;KIT;IRS2;KLB"
"KEGG_LONG_TERM_POTENTIATION",0.142,0.203417640807651,0.165656695205483,0.294088419330259,1.23334604587203,64,"KRAS;RAP1B;CAMK4;NRAS;CALM2;PPP1CA;RAP1A;PPP1CC;PRKCB;RPS6KA1;PLCB2;PRKACB;GRM5"
"REACTOME_EICOSANOID_LIGAND_BINDING_RECEPTORS",0.142570281124498,0.204017769592169,0.165656695205483,-0.44563086772416,-1.31000036084587,15,"GPR17;OXER1;PTGFR;LTB4R;PTGDR2;TBXA2R;LTB4R2"
"REACTOME_SIGNALING_BY_FGFR2_IN_DISEASE",0.143133462282398,0.204606476306122,0.161978948883402,0.340236453771124,1.26102690662839,36,"KRAS;POLR2K;NRAS;POLR2B;POLR2D;GRB2;POLR2G;POLR2J;NCBP2;POLR2H;FGF18;FRS2"
"REACTOME_CYTOCHROME_P450_ARRANGED_BY_SUBSTRATE_TYPE",0.144288577154309,0.206039197038144,0.16440575583821,-0.304312038173538,-1.24020544476979,52,"CYP39A1;CYP4F12;CYP2D6;CYP4F22;CYP46A1;CYP4A11;CYP3A4;CYP26B1;CYP2C8;CYP11A1;CYP3A5;CYP2W1;CYP3A7;NCOA1;CYP3A43;CYP26C1;POMC;CYP4F11;CYP8B1;CYP2A7;CYP4A22;CYP2J2;CYP4B1;CYP2A6;CYP24A1;CYP2R1;CYP4V2;ARNT;CYP21A2;CYP7B1"
"REACTOME_THROMBOXANE_SIGNALLING_THROUGH_TP_RECEPTOR",0.145383104125737,0.207382459641792,0.161978948883402,0.385426384971331,1.28663952571934,23,"GNG5;GNA13;GNG10;GNA14;GNB2;GNB4;GNGT2;GNB1"
"REACTOME_ACTIVATION_OF_AMPK_DOWNSTREAM_OF_NMDARS",0.14591439688716,0.207920303386777,0.160801401070022,0.37570431638764,1.2880760502615,27,"TUBB3;TUBA1C;PRKAG1;TUBA4B;TUBA1B;TUBA1A;PRKAB1;TUBA4A;TUBB8;TUBB4B;TUBB1;CALM1"
"REACTOME_ATP_DEPENDENT_CHROMATIN_REMODELERS",0.147572815533981,0.210061410073713,0.159646701919906,0.364372217464878,1.28281164249266,30,"ACTB;SS18;BCL11B;BRD7;ARID1A;ARID2;ACTL6A;SS18L1;SMARCD1;SMARCB1;DPF2"
"REACTOME_GASTRIN_CREB_SIGNALLING_PATHWAY_VIA_PKC_AND_MAPK",0.148073022312373,0.210329224528008,0.163180127180689,0.432860896601404,1.30544713413779,16,"KRAS;NRAS;RPS6KA1;MMP3;GRB2;CREB1"
"REACTOME_P75NTR_SIGNALS_VIA_NF_KB",0.148073022312373,0.210329224528008,0.163180127180689,0.433485461252902,1.3073307326351,16,"MYD88;RIPK2;NFKB1;PRKCI;RELA;UBC;IKBKB;SQSTM1;UBB;IRAK1;NFKBIA"
"REACTOME_INTERLEUKIN_20_FAMILY_SIGNALING",0.148809523809524,0.210930849732112,0.160801401070022,0.394070449353729,1.29719368454206,22,"STAT1;IL24;STAT2;IL20;IL10RB;SOCS3;JAK3;STAT4;IL19;IFNLR1"
"REACTOME_TERMINATION_OF_O_GLYCAN_BIOSYNTHESIS",0.148809523809524,0.210930849732112,0.160801401070022,-0.413906986217004,-1.29860131042871,19,"MUC6;MUCL1;MUC15;ST3GAL3;MUC4;ST6GALNAC3;MUC3A;MUC20"
"REACTOME_NICOTINATE_METABOLISM",0.149901380670611,0.212255316327715,0.159646701919906,0.367595642353904,1.26504817074818,28,"PARP9;NAMPT;PARP14;QPRT;NNMT;PARP8;CD38;PARP10;SLC5A8;NAXE;NADSYN1;NUDT12;PARP4"
"REACTOME_MTORC1_MEDIATED_SIGNALLING",0.150390625,0.212724619622246,0.158514105424824,0.382160043137177,1.28411825991884,24,"EIF4E;LAMTOR5;YWHAB;FKBP1A;LAMTOR2;EIF4G1;RHEB;SLC38A9;LAMTOR1;RPS6KB1;EIF4EBP1;RRAGC;LAMTOR3;MLST8"
"REACTOME_JNK_C_JUN_KINASES_PHOSPHORYLATION_AND_ACTIVATION_MEDIATED_BY_ACTIVATED_HUMAN_TAK1",0.150793650793651,0.213071112442182,0.159646701919906,0.391283548343755,1.28801981627685,22,"UBE2N;MAPK9;NOD2;UBE2V1;TAB3;MAP3K7;RIPK2"
"REACTOME_REGULATION_OF_MECP2_EXPRESSION_AND_ACTIVITY",0.151456310679612,0.213783357901693,0.157402899305283,0.358480728203608,1.26207001990529,30,"CAMK4;HDAC1;TBL1XR1;MOV10;CREB1;SIN3A;AURKB"
"REACTOME_L1CAM_INTERACTIONS",0.155642023346304,0.219461765136838,0.155241966228839,0.24786187910042,1.16066616037169,115,"TUBB3;EZR;ACTB;EPHB2;HSPA8;ITGAV;TUBA1C;RANBP9;ACTG1;CLTC;LYPLA2;ALCAM;KIF4A;PAK1;AP2M1;SHTN1;AP2S1;CSNK2A1;RPS6KA1;L1CAM;RAC1;TUBA4B;TUBA1B;TUBA1A;CD24;SRC;DLG3;VAV2;RPS6KA4;AP2B1"
"REACTOME_RNA_POLYMERASE_III_TRANSCRIPTION_INITIATION_FROM_TYPE_3_PROMOTER",0.155818540433925,0.219481078897525,0.156312403073186,0.365589978097657,1.25814585307582,28,"POLR2K;POLR3K;POLR3F;POLR2H;SNAPC2;POLR3C;TBP;POU2F1;SNAPC5;POLR3A;CRCP;ZNF143;SNAPC1"
"REACTOME_ATTACHMENT_OF_BACTERIA_TO_EPITHELIAL_CELLS",0.156186612576065,0.219769889094505,0.158514105424824,-0.388792054363278,-1.27633194774822,23,"LAMA3;LAMB3;LAMC3;LAMC1;LAMA4;LAMB2;COL4A6;COL5A3"
"REACTOME_METABOLISM_OF_WATER_SOLUBLE_VITAMINS_AND_COFACTORS",0.156822810590631,0.220434982978281,0.158514105424824,0.246640478939045,1.1655721844016,121,"PARP9;NAMPT;AASDHPPT;PARP14;QPRT;NNMT;MTRR;MTHFD2;SLC25A32;PPCS;RFK;MMACHC;GSTO1;FLAD1;PDZD11;MMADHC;DHFR2;SLC2A1;MCCC2;MOCS3;SHMT2;VNN2;PARP8;CD38;SLC23A1;PARP10;SLC5A8;MTHFR;DHFR;SLC19A1;NAXE;ACP5;SLC52A2;PNPO;PANK2;PCCB;NADSYN1;MOCS2;NFS1;MMUT;SLC19A2;NUDT12;SLC52A3;PANK3;LDLRAP1;SLC25A19;PARP4;ENPP1;ABCC1"
"REACTOME_PI_3K_CASCADE_FGFR2",0.157170923379175,0.220464521035513,0.155241966228839,-0.434569744675183,-1.31386021766934,16,"FGF10;FGF17;FGF2"
"REACTOME_THE_CANONICAL_RETINOID_CYCLE_IN_RODS_TWILIGHT_VISION",0.157170923379175,0.220464521035513,0.155241966228839,-0.433036212680092,-1.30922380037255,16,"RBP4;RPE65;RDH5;RDH10"
"REACTOME_PLASMA_LIPOPROTEIN_CLEARANCE",0.15748031496063,0.220668882086205,0.155241966228839,0.335247056342998,1.23157348904943,35,"SOAT1;APOC1;NCEH1;CLTC;APOE;LIPA;AP2M1;AP2S1;NPC2;LSR;APOBR;AP2B1"
"REACTOME_AGGREPHAGY",0.159763313609467,0.223635458718133,0.154190966581424,0.322727121222601,1.23170675414462,41,"TUBB3;UBE2N;TUBA1C;TUBA4B;TUBA1B;UBE2V1;DYNLL1;TUBA1A;DYNC1LI1;DYNLL2;HSP90AA1;TUBA4A;UBC;TUBB8;ARL13B;TUBB4B;UBB;TUBB1;DYNC1I2;PARK7;TUBA3D"
"REACTOME_FORMATION_OF_THE_CANONICAL_BAF_CBAF_COMPLEX",0.160320641282565,0.224182805444915,0.155241966228839,0.41209304123167,1.2814812699689,18,"ACTB;SS18;ARID1A;ACTL6A;SS18L1;SMARCD1;SMARCB1;DPF2;SMARCE1;SMARCA4;SMARCC1;BCL7A"
"KEGG_RENIN_ANGIOTENSIN_SYSTEM",0.160642570281124,0.224400191439332,0.155241966228839,-0.437380994981781,-1.28574859317851,15,"MME;ACE2;REN;ENPEP"
"REACTOME_GROWTH_HORMONE_RECEPTOR_SIGNALING",0.162055335968379,0.225905473511247,0.153158808683073,0.394698565868051,1.27103389169853,20,"STAT1;PTPN1;PTPN6;CISH;PRLR;SOCS3;LYN;ADAM17"
"REACTOME_SIGNALING_BY_HIPPO",0.162055335968379,0.225905473511247,0.153158808683073,0.394639835644763,1.27084476482876,20,"CASP3;MOB1A;STK4;YWHAB"
"REACTOME_PYRUVATE_METABOLISM",0.163672654690619,0.227924316655944,0.153158808683073,0.31286004714012,1.21984040894827,46,"PDP1;ME2;DLAT;RANBP9;GLO1;WDR26;RMND5B;PKM;FAHD1;MPC2;VDAC1;PDHB;PGAM5;LDHA;UBC;GID8"
"REACTOME_SIGNALING_BY_FGFR2_IIIA_TM",0.164658634538153,0.229060721731094,0.153158808683073,0.403558982968146,1.28301791475537,19,"POLR2K;POLR2B;POLR2D;POLR2G;POLR2J;NCBP2;POLR2H"
"REACTOME_AQUAPORIN_MEDIATED_TRANSPORT",0.165991902834008,0.230677407237364,0.153158808683073,-0.308344809706556,-1.1964428438666,43,"AQP7;AQP5;GNG11;ADCY6;AQP1;ADCY5;GNG7;AQP4;ADCY4;AQP6;GNB3;ADCY3;PRKAR2B;AVPR2;PRKAR1B"
"REACTOME_NEGATIVE_REGULATION_OF_THE_PI3K_AKT_NETWORK",0.166990291262136,0.231603613450249,0.149207542435322,0.248830747664477,1.15780158951037,112,"ICOS;CD80;CD86;MYD88;CD19;TRAT1;PPP2CA;RAC2;IRAK4;LCK;PIK3CG;PIK3AP1;PIP4K2A;PIP4K2C;TRIB3;FLT3;IER3;CD28;RAC1;PIK3R5;VAV1;GRB2;PPP2R5E;SRC;PIK3R3;PIP5K1A;PIK3CB;RHOG;PHLPP2;KITLG;PPP2R1A;FGF18;FGFR3;MAPK1;ERBB2;FRS2;ERBB3;PIK3CD;AKT1;NRG4"
"REACTOME_RRNA_PROCESSING_IN_THE_MITOCHONDRION",0.167002012072435,0.231603613450249,0.152144922367565,0.417847384258507,1.28607103730294,17,"TRMT10C;MTERF3;PRORP;HSD17B10;MRM2;FASTKD2"
"REACTOME_G_ALPHA_Z_SIGNALLING_EVENTS",0.173228346456693,0.23999158378584,0.147331213699377,0.311495501349135,1.20419290826186,43,"RGS16;GNG5;GNAI3;RGS19;GNG10;GNB2;RGS4;PRKCB;GNB4;ADCY7;GNAS;GNGT2;GNB1"
"REACTOME_SIALIC_ACID_METABOLISM",0.174757281553398,0.241861206913738,0.14551614609036,0.348213910482432,1.22592458215565,30,"ST8SIA4;GLB1;NEU1;NPL;ST6GAL2;ST6GAL1;CTSA;NANS;NANP;ST6GALNAC4;SLC35A1;NEU3;CMAS;ST3GAL1"
"REACTOME_KERATAN_SULFATE_DEGRADATION",0.178571428571429,0.246886446886447,0.14551614609036,0.427453589529618,1.2571879870421,15,"LUM;GLB1;HEXB;ACAN;KERA;OMD;HEXA"
"REACTOME_ACTIVATED_TAK1_MEDIATES_P38_MAPK_ACTIVATION",0.178781925343811,0.24692421656092,0.144630528034484,0.373548278440217,1.24698774797514,23,"MAPKAPK2;UBE2N;NOD2;UBE2V1;TAB3;MAP3K7;RIPK2;MAPKAPK3;UBC;MAPK14;UBB;IRAK1"
"REACTOME_GLYCOGEN_BREAKDOWN_GLYCOGENOLYSIS",0.180722891566265,0.249349496244959,0.14551614609036,-0.424372743634683,-1.24750884096902,15,"GYG2;PGM1;PYGB;PYGM;AKR1E2;PYGL;PHKA2"
"REACTOME_RHOJ_GTPASE_CYCLE",0.180914512922465,0.249358653803152,0.144630528034484,0.295586237404042,1.19289554913558,55,"SNAP23;DEPDC1B;VANGL1;PREX1;CDC42;PAK2;PAK1;TFRC;TMPO;WASL;FMNL3;RAB7A;WAS;DOCK8;ARHGAP1;MPP7;IQGAP3;NIPSNAP2;DIAPH3;LAMTOR1;ARL13B;FNBP1;FNBP1L;ARHGAP35"
"REACTOME_APOPTOTIC_EXECUTION_PHASE",0.182902584493042,0.251841352294811,0.143758989039275,0.299893288681054,1.19431220083207,52,"CASP3;CASP8;H1-3;OCLN;BIRC2;STK26;PAK2;HMGB2;H1-5;CASP7;CLSPN;LMNB1;CDH1;H1-2;KPNA1;CASP6;H1-0"
"KEGG_STEROID_BIOSYNTHESIS",0.183098591549296,0.251853981029031,0.144630528034484,0.409508511531134,1.26040524854263,17,"SOAT1;SQLE;LIPA;DHCR24;MSMO1;CYP27B1;CYP51A1;EBP;HSD17B7;DHCR7"
"KEGG_PROXIMAL_TUBULE_BICARBONATE_RECLAMATION",0.184738955823293,0.253851286900917,0.143758989039275,-0.382031356774267,-1.24437544557403,22,"PCK1;ATP1A2;ATP1B2;AQP1"
"REACTOME_GLYCEROPHOSPHOLIPID_BIOSYNTHESIS",0.187372708757637,0.257121057985758,0.143758989039275,0.242186282479287,1.14452256789223,121,"PLAAT4;PLA2G2D;PNPLA8;ETNK1;LPCAT1;CPNE3;SLC44A4;OSBPL8;PITPNM1;ABHD3;LCLAT1;PLD4;MBOAT1;PLA2G15;CSNK2A1;SELENOI;MBOAT7;ABHD4;PLAAT2;CDS1;STARD7;SLC44A1;MBOAT2;LPIN2;CEPT1;PLA2G2A;AGPAT3;LPCAT3;ETNK2;STARD10;PGP;CRLS1;GPAT4;CPNE7;CPNE1;AGPAT5;LIPH;PLA1A;GPD2;PCYT1A;CSNK2B;AGK;PTDSS1;LPGAT1;GNPAT;SLC44A5"
"REACTOME_TRANSCRIPTIONAL_REGULATION_BY_THE_AP_2_TFAP2_FAMILY_OF_TRANSCRIPTION_FACTORS",0.1875,0.257121057985758,0.140406238523342,0.329462486581923,1.19769540480588,33,"ATAD2;UBE2I;CDKN1A;SUMO1;MYBL2;APOE;KDM5B;DEK;HSPD1;YEATS4"
"REACTOME_RHO_GTPASES_ACTIVATE_PAKS",0.192,0.263024390243902,0.140406238523342,-0.383472630796726,-1.23275017544966,21,"MYH11;PPP1R12B;MYL9;PAK3;MYH10;MYLK"
"KEGG_AXON_GUIDANCE",0.192229038854806,0.263070806473379,0.142056643575821,0.240367826897535,1.13946814581277,124,"KRAS;CXCR4;PLXNC1;EPHB2;GNAI3;NRAS;SEMA7A;RAC2;UNC5B;NFATC2;SEMA4D;LIMK1;RND1;CFL1;CDC42;PAK2;PAK1;RHOA;CDK5;L1CAM;RAC1"
"REACTOME_REGULATION_OF_FZD_BY_UBIQUITINATION",0.192460317460317,0.263120190604978,0.139599673451922,-0.394252958756386,-1.23693831206081,19,"LRP5;RSPO3;LRP6;LGR4;LGR6;FZD4;ZNRF3;FZD8;RPS27A;UBA52"
"REACTOME_SIGNALING_BY_NTRK3_TRKC",0.193158953722334,0.263807770635974,0.140406238523342,0.40286018065891,1.23994269186934,17,"KRAS;PTPRO;NRAS;BAX;GRB2;SRC"
"REACTOME_INFLUENZA_INFECTION",0.193482688391039,0.263982453391822,0.141225119642531,0.230106269113538,1.12874530659901,155,"EIF2AK2;POLR2K;ISG15;TGFB1;NUP210;GBP1;CALR;CANX;NUP50;POLR2B;RPS27L;GRSF1;KPNA2;CLTC;NUP37;POLR2D;XPO1;RAE1;PARP1;RPL26L1;NUP155;DNAJC3;NUP153;NDC1;NUP205;NUP62;POLR2G;RAN;HSP90AA1;KPNA1;POLR2J;NUP160;POLR2H"
"REACTOME_PI3K_AKT_SIGNALING_IN_CANCER",0.194174757281553,0.264391487692459,0.137250779610133,0.245520580487686,1.12912206492106,105,"ICOS;CD80;CD86;CD19;TRAT1;RAC2;LCK;PIK3CG;PIK3AP1;CDKN1A;RPS6KB2;FLT3;CDKN1B;CHUK;CD28;RAC1;PDPK1;PIK3R5;GSK3B;VAV1;GRB2;FOXO6;SRC;PIK3R3;RICTOR;CREB1;PIK3CB;RHOG"
"REACTOME_RNA_POLYMERASE_I_TRANSCRIPTION_TERMINATION",0.194174757281553,0.264391487692459,0.137250779610133,0.335894171659974,1.19453842507864,31,"POLR2K;CDK7;POLR1H;GTF2H3;POLR2H;GTF2H2;POLR1F;TAF1B;TBP;GTF2H5;TAF1D"
"REACTOME_TRIGLYCERIDE_CATABOLISM",0.196039603960396,0.266661338182254,0.138022242496643,-0.399947908985086,-1.22426702267517,17,"CAV1;LIPE;FABP4;FABP7;PLIN1"
"REACTOME_TIE2_SIGNALING",0.196392785571142,0.266872454586593,0.13880510939114,0.400048596996177,1.24402679209459,18,"KRAS;NRAS;GRB14;GRB2;GRB7;PIK3CB"
"REACTOME_CLASS_B_2_SECRETIN_FAMILY_RECEPTORS",0.196754563894523,0.267094815840702,0.139599673451922,-0.269561531330129,-1.17150863585479,75,"ADCYAP1R1;VIPR1;PTCH1;FZD9;GLP2R;WNT11;PTH1R;PTCH2;PTH2R;GNG11;WNT6;GNG7;ADM;GLP1R;CRHR1;FZD7;GNB3;FZD4"
"REACTOME_PEROXISOMAL_PROTEIN_IMPORT",0.200396825396825,0.271765513717224,0.136490437780413,0.285988570978804,1.17614106203108,59,"UBE2D1;PEX2;PEX13;ZFAND6;UBE2D2;IDE;AGPS;UBE2D3;LONP2;ACOT4;SLC27A2;USP9X;AMACR;UBC;PAOX;DDO;PEX1;CRAT;UBB;GNPAT;PEX7;DECR2;HMGCL"
"REACTOME_TRANSCRIPTIONAL_ACTIVATION_OF_MITOCHONDRIAL_BIOGENESIS",0.201565557729941,0.273075750572825,0.135002033828631,0.292665321263762,1.17546142899843,54,"HELZ2;CAMK4;SSBP1;CYCS;GABPB1;IDH2;NCOA2;ATF2;TFB2M;TBL1XR1;CREB1;TGS1;MEF2D;MED1;HCFC1;CRTC2;GABPA;TFAM;CALM1;MTERF1;CARM1;NCOA6;HDAC3;ATP5F1B"
"KEGG_ENDOMETRIAL_CANCER",0.201980198019802,0.273362757962543,0.135740943810425,0.294738573015948,1.16996645290772,51,"KRAS;LEF1;NRAS;PIK3CG;PDPK1;PIK3R5;ELK1;CDH1;GSK3B;GRB2;PIK3R3;PIK3CB;MAPK1;ERBB2;AXIN1;PIK3CD;AKT1"
"REACTOME_RHO_GTPASES_ACTIVATE_CIT",0.202380952380952,0.273630415054688,0.135740943810425,-0.386976379099461,-1.21410860347269,19,"MYH11;PPP1R12B;MYL9;DLG4;MYH10"
"REACTOME_GLYCOSAMINOGLYCAN_PROTEIN_LINKAGE_REGION_BIOSYNTHESIS",0.203155818540434,0.274402849090686,0.135002033828631,0.350593204638007,1.20653577219791,28,"BGN;SDC1;VCAN;GPC6;SDC4;B3GAT2;UXS1;B3GAT3;B4GALT7;GPC1;B3GALT6;GPC4;AGRN"
"KEGG_CALCIUM_SIGNALING_PATHWAY",0.205533596837945,0.277336625162712,0.134273452883202,-0.226361590681807,-1.11559557917421,156,"EGFR;RYR3;PDE1C;CHRM3;ADRA1A;LHCGR;CACNA1G;HTR2A;P2RX6;SLC25A6;CACNA1A;TACR1;PLCB4;EDNRB;BDKRB2;PLCZ1;MYLK;HTR6;ADCY4;PLCD1;ADRB1;ADRA1B;RYR1;ITPR1;NOS1;GRIN2A;ADCY3;ADORA2B;OXTR;GNA11;CHRNA7;PHKA2;CHRM1;PDGFRB;PTGFR;ADRB2;TRPC1;ITPR2;PRKACA;PLN;GNAL;AVPR1A;CACNA1C;PLCD3;PDE1B;NOS3"
"HALLMARK_NOTCH_SIGNALING",0.205821205821206,0.277446985446985,0.138022242496643,-0.330974861230547,-1.17978587426987,32,"MAML2;KAT2A;TCF7L2;NOTCH3;ARRB1;JAG1;DTX4;FZD7;ST3GAL6;DLL1"
"REACTOME_GABA_SYNTHESIS_RELEASE_REUPTAKE_AND_DEGRADATION",0.206896551724138,0.278617933790348,0.135740943810425,0.40588569232701,1.22409374003526,16,"HSPA8;SLC6A12;SYT1;DNAJC5;ABAT"
"REACTOME_ABC_TRANSPORTERS_IN_LIPID_HOMEOSTASIS",0.208251473477407,0.279993353273513,0.132846300606183,-0.403068873135741,-1.21862178369019,16,"ABCA10;ABCA5;ABCA9;ABCG5;ABCA6"
"REACTOME_G_PROTEIN_ACTIVATION",0.208333333333333,0.279993353273513,0.133554954557592,0.361869336265573,1.19119466684945,22,"GNG5;GNG10;GNA14;GNB2;GNB4;GNGT2;GNB1;OPRM1"
"KEGG_GLYCOSAMINOGLYCAN_DEGRADATION",0.208835341365462,0.280388486215779,0.134273452883202,0.384827933857987,1.22346708678533,19,"HS3ST3B1;ARSB;GLB1;HPSE;HEXB"
"REACTOME_VISUAL_PHOTOTRANSDUCTION",0.212244897959184,0.284682708904457,0.134273452883202,-0.263391014977614,-1.15335258049019,77,"LPL;GPIHBP1;RBP4;RPE65;AKR1C1;RDH5;GPC3;AKR1C3;PLB1;APOB;NMT2;RDH10;GRK4;CNGA1;GPC5;GRK1;GRK7;RETSAT;LRP2;SDC2;GUCA1B;LRP1;RBP2;BCO2;DHRS3;OPN1SW;LRAT;METAP1;SLC24A1;PRKCA;HSPG2;MYO7A"
"REACTOME_DOWNSTREAM_SIGNAL_TRANSDUCTION",0.213725490196078,0.286383658831326,0.130777137971974,0.346387967516315,1.20766473755601,29,"KRAS;STAT1;NRAS;GRB2;GRB7;SRC;PIK3CB"
"REACTOME_FRS_MEDIATED_FGFR1_SIGNALING",0.214145383104126,0.286661346995394,0.130777137971974,-0.399210326591644,-1.20695601343251,16,"FGF10;KL;FGF17;FGF2"
"REACTOME_RNA_POLYMERASE_III_CHAIN_ELONGATION",0.214428857715431,0.286756051786112,0.132147260608774,0.389576317052567,1.2114612565022,18,"POLR2K;POLR3K;POLR3F;POLR2H;POLR3C;POLR3A;CRCP"
"REACTOME_METABOLISM_OF_COFACTORS",0.215568862275449,0.287994872494852,0.131457611642763,0.35755399920612,1.20443649283479,25,"GCH1;COQ2;PTS;STARD7;HSP90AA1;COQ7;DHFR;AKT1;SPR;CALM1;PDSS1;COQ5;COQ9"
"REACTOME_TRANSMISSION_ACROSS_CHEMICAL_SYNAPSES",0.216535433070866,0.288999766118344,0.130105630751129,0.210449668440384,1.09575338558533,235,"KRAS;CHRNA6;CACNG4;TUBB3;CAMK4;GNG5;CHRNB2;GNAI3;NRAS;HSPA8;SLC38A1;GNG10;TUBA1C;KCNJ15;KCNJ6;GNB2;SLC6A12;KPNA2;GRIP2;KCNJ10;RASGRF1;NAAA;AP2M1;PRKAG1;PRKCB;AP2S1;RPS6KA1;SLC38A2;RAC1;TUBA4B;PDPK1;ARL6IP5;SYT1;TUBA1B;NSF;GNB4;DNAJC5;ABAT;ADCY7;TUBA1A;PLCB2;CHRNA1;SRC;AKAP5;DLG3;PRKACB;PRKAB1;CREB1;LIN7C;GNGT2;CACNB3;AP2B1;CACNA1E;GRIK3;GNB1"
"KEGG_BUTANOATE_METABOLISM",0.217659137577002,0.290212183436003,0.132846300606183,-0.327736259565467,-1.15980266130902,31,"HADH;ACADS;OXCT1;PDHA1;ACSM1;ALDH9A1;ACSM5;ALDH2;BDH2;ACSM4;ACAT1;ALDH7A1;HADHA;ALDH5A1;EHHADH;HMGCS2;GAD1"
"REACTOME_MTOR_SIGNALLING",0.218934911242604,0.29162476319667,0.129442887745046,0.305678075314438,1.16663808276289,41,"CAB39;EIF4E;LAMTOR5;YWHAB;FKBP1A;PRKAG1;LAMTOR2;PRKAB1;EIF4G1;RHEB;SLC38A9;LAMTOR1;AKT1;RPS6KB1;EIF4EBP1;RRAGC;LAMTOR3"
"REACTOME_ONCOGENE_INDUCED_SENESCENCE",0.22265625,0.296288869693978,0.127505315300183,0.32100110125287,1.1669357197442,33,"E2F3;CDKN2D;CDKN2A;SP1;E2F2;MOV10;RB1;E2F1;UBC;MAPK1;CDK4;MDM2;UBB"
"REACTOME_ADP_SIGNALLING_THROUGH_P2Y_PURINOCEPTOR_12",0.223320158102767,0.296879263434447,0.128142916898415,0.367450679018037,1.18328848125507,20,"GNG5;GNAI3;GNG10;GNB2;GNB4;GNGT2;GNB1"
"REACTOME_FORMATION_OF_THE_NEPHRIC_DUCT",0.226640159045726,0.300806528738564,0.127505315300183,-0.384903502494393,-1.19989404543454,18,"OSR1;HOXA6;PCDH19;FGF2;ID4"
"REACTOME_NEUROTRANSMITTER_RELEASE_CYCLE",0.226720647773279,0.300806528738564,0.128788713061714,-0.294698469581622,-1.14349216828044,43,"MAOA;SYN2;SLC17A7;STXBP1;PPFIA4;UNC13B;APBA1"
"REACTOME_BLOOD_GROUP_SYSTEMS_BIOSYNTHESIS",0.230616302186879,0.305674312043178,0.126253987849115,-0.381985709106315,-1.19079814765893,18,"RHD;B3GALT1;ST3GAL3;FUT4;ST3GAL6;FUT9;ST6GALNAC6"
"REACTOME_MITOCHONDRIAL_TRNA_AMINOACYLATION",0.233067729083665,0.308620136350472,0.12563992130984,0.359272419018076,1.17028413349023,21,"GARS1;HARS2;DARS2;PARS2;MARS2;EARS2;TARS2;IARS2;KARS1;RARS2"
"REACTOME_NEURONAL_SYSTEM",0.235756385068762,0.31187400105269,0.12384217120105,-0.196980721183399,-1.07552632503691,358,"NTRK3;KCNQ4;MAOA;SYT2;KCNC4;NLGN1;LRRC4B;SYN2;KCNJ16;GRIN2B;PPM1F;SLC17A7;NRGN;IL1RAPL1;STXBP1;KCNMB1;KCNB1;KCNA1;GABBR1;GRIA4;NRXN1;COMT;DLGAP1;DLG4;EPB41L2;PPFIA4;CACNA1A;GNAI1;CAMK1;KCNB2;GRIA3;UNC13B;GNG11;APBA1;GLRB;ADCY6;KCNV2;ADCY5;LRRTM2;KCNMB2;BEGAIN;KCNJ12;GABRG3;GNG7;LRRC7;GLRA3;KCNK3;DLG2;ADCY4;PRKAG3;GRIK5;CACNB4;GIT1;TSPAN7;GNB3;KCNN4;GRIN2A;ARHGEF7;DLGAP2;PPFIBP2;ADCY3;KCNA6;GABRA2;NCALD;SLC6A4;CAMKK1;PTPRS;PRKAR2B;FLOT2;ABCC8;GRIA1;GRIA2;KCND1;CHRNA7;MAPT;PRKAR1B;KCNA2;GLRA1;TUBB6;CACNB2;KCNH5;KCNJ2;ARHGEF9;NRXN2;KCNG2;RPS6KA2;PRKACA;KCNH8;PICK1;GABRB3;KCNQ1;SLC22A1;KIF17;GNAL;SLITRK3;AP2A2;SLITRK2;NRG1;NLGN4X;KCNK7;VAMP2;CHRNA5;GNG2;KCNA4;ALDH2;EPB41L1;RIMS1;CHRNE"
"REACTOME_MET_ACTIVATES_PTK2_SIGNALING",0.236139630390144,0.312074727221484,0.126875729929857,-0.329041858205911,-1.15660230881125,30,"LAMA3;LAMB3;LAMC3;MET;LAMC1;COL11A2;COL27A1;LAMA4"
"REACTOME_NPAS4_REGULATES_EXPRESSION_OF_TARGET_GENES",0.239130434782609,0.315717753268322,0.123257226381337,0.364032607504563,1.17228138593331,20,"NAMPT;XPO1;CDK5;ARNT2;MAPK1;MDM2;CDK5R1;MAGED1;RET"
"REACTOME_INTRINSIC_PATHWAY_OF_FIBRIN_CLOT_FORMATION",0.23960396039604,0.315810733299403,0.123257226381337,-0.383112700081597,-1.17273333386882,17,"F10;KLKB1;F8;VWF;GP1BB;SERPIND1;PROS1;SERPINA5;A2M"
"REACTOME_SIGNALING_BY_NOTCH1",0.239669421487603,0.315810733299403,0.126253987849115,-0.259535499965219,-1.12429484233904,74,"MAML2;JAG2;DNER;KAT2A;HDAC4;HEY1;MAMLD1;TLE2;ARRB1;HDAC5;MYC;JAG1;MAML3;DTX4;DLL1;FBXW7;DLK1;MIB2;TLE1;HES5;RPS27A;HDAC6;DTX1;UBA52;NCOR1;CNTN1;NEURL1B;TLE4;NOTCH1;HDAC10;HDAC8;NBEA"
"REACTOME_CREB1_PHOSPHORYLATION_THROUGH_NMDA_RECEPTOR_MEDIATED_ACTIVATION_OF_RAS_SIGNALING",0.240631163708087,0.316459325540001,0.122679189568808,0.337082649464628,1.160040381234,28,"KRAS;NRAS;RASGRF1;RPS6KA1;PDPK1;DLG3;CREB1;GRIN2D;MAPK1"
"REACTOME_FORMATION_OF_THE_POLYBROMO_BAF_PBAF_COMPLEX",0.240480961923848,0.316459325540001,0.12384217120105,0.375014235419845,1.16617770886374,18,"ACTB;BRD7;ARID2;ACTL6A;SMARCD1;SMARCB1;SMARCE1;SMARCA4;PBRM1;SMARCC1;BCL7A;SMARCD2;BCL7B"
"REACTOME_REGULATION_OF_TLR_BY_ENDOGENOUS_LIGAND",0.241106719367589,0.316775689773401,0.122679189568808,0.36100224512325,1.16252281667602,20,"TLR7;TLR1;LY96;TLR6"
"REACTOME_RHOD_GTPASE_CYCLE",0.242971887550201,0.318915388916914,0.123257226381337,0.286540637360943,1.14390756565009,53,"DEPDC1B;VANGL1;VRK2;DIAPH1;LMAN1;RACGAP1;EFHD2;TMPO;LEMD3;CAPZB;LMNB1;RAB7A;ARHGAP1;MOSPD2"
"REACTOME_NETRIN_1_SIGNALING",0.243951612903226,0.31988985816493,0.123257226381337,-0.293306266787774,-1.13873111847737,42,"RGMA;ABLIM3;SLIT3;TRPC6;TRPC5;DOCK1;DSCAML1;SLIT2;DCC;DSCAM;ABLIM1"
"REACTOME_SIGNAL_AMPLIFICATION",0.244660194174757,0.320507232019021,0.120433371642259,0.324653414286347,1.15456298715,31,"GNG5;GNAI3;GNA13;GNG10;GNA14;GNB2;GNB4;SRC;GNGT2;GNB1"
"REACTOME_TRANSPORT_OF_VITAMINS_NUCLEOSIDES_AND_RELATED_MOLECULES",0.245098039215686,0.320769084332762,0.120985142145252,0.330109435890825,1.15091043178651,29,"SLC33A1;SLC35D1;SLC35A2;SLC29A3;SLC35A3;ARL2BP;SLC35B3;PDZD11;SLC25A5;SLC35B2;LCN12;SLC35A1"
"REACTOME_SYNTHESIS_OF_PIPS_AT_THE_GOLGI_MEMBRANE",0.24748490945674,0.323578717699017,0.122107920287081,0.380450538680426,1.17096920396298,17,"ARF3;FIG4;ARF1;PI4K2B;SACM1L;PI4K2A;PIK3R4;VAC14"
"REACTOME_POST_TRANSLATIONAL_MODIFICATION_SYNTHESIS_OF_GPI_ANCHORED_PROTEINS",0.248076923076923,0.324038461538462,0.118815039412263,0.254600792945655,1.12286400765551,79,"CD52;CEACAM5;NTNG2;PLAUR;DPM1;LY6E;PIGA;PIGM;PIGX;THY1;LSAMP;LY6H;VNN2;SPACA4;PIGK;ULBP2;PIGT;PSCA;LYPD3;NTM;LYPD1;DPM2;PIGU;RTN4RL2"
"REACTOME_NR1H3_NR1H2_REGULATE_GENE_EXPRESSION_LINKED_TO_CHOLESTEROL_TRANSPORT_AND_EFFLUX",0.249516441005803,0.325603255058879,0.118815039412263,0.306674378610867,1.1366349452431,36,"APOC1;APOC2;APOE;KDM1B;ABCG1;TBL1XR1;MOV10;ARL4C"
"KEGG_WNT_SIGNALING_PATHWAY",0.25,0.325918762088975,0.123257226381337,0.224472155902135,1.08823479352766,142,"LEF1;SFRP2;WNT7B;PPP2CA;RAC2;NFATC2;WNT9A;MAPK9;VANGL1;PRICKLE1;DKK1;SKP1;RUVBL1;PRKCB;CSNK2A1;RBX1;RHOA;CHD8;RAC1;GSK3B;WNT2;MAP3K7;TBL1XR1;FBXW11;PPP2R5E;PLCB2;CACYBP;PRKACB;DVL3;PSEN1;FZD6;CSNK1A1;SFRP4;CUL1;SIAH1;PPP2R1A;FZD2;DKK2"
"REACTOME_ANTIMICROBIAL_PEPTIDES",0.252427184466019,0.32860209642287,0.118287526124085,0.302145552940963,1.12518654875821,37,"RNASE6;S100A7;ATOX1;LYZ;TLR1;CCR2;CD4;PDZD11;CCR6"
"REACTOME_CDC42_GTPASE_CYCLE",0.252545824847251,0.32860209642287,0.121543282035469,0.222204020606022,1.08998223443761,155,"DOCK10;DEF6;SNAP23;VAV3;FGD3;ARHGAP30;DEPDC1B;ECT2;GNA13;TAGAP;CDC42SE2;VANGL1;GMIP;YKT6;IQGAP1;PREX1;ARHGDIB;WIPF1;TIAM1;ARAP2;CDC42;PAK2;PAK1;SHKBP1;RACGAP1;TFRC;TMPO;WASL;ARHGAP9;FMNL3;RAB7A;WAS;DOCK8;VAV2;ARHGAP1"
"REACTOME_SIGNALING_BY_EGFR",0.253012048192771,0.328891264188867,0.120433371642259,0.283691634746623,1.13253397593837,53,"KRAS;NRAS;CSK;STAM;CDC42;PAG1;ADAM10;FAM83D;GRB2;SRC;ADAM17;STAM2"
"REACTOME_SIGNALING_BY_NOTCH3",0.253549695740365,0.329272629921014,0.120985142145252,-0.281963638664127,-1.12882714459615,49,"EGFR;MAML2;JAG2;KAT2A;HEY1;MAMLD1;NOTCH3;FABP7;JAG1;MAML3"
"REACTOME_SIGNALLING_TO_RAS",0.254940711462451,0.33076042257111,0.118815039412263,0.355471939436555,1.14471376803206,20,"KRAS;NRAS;MAPKAPK2;GRB2;RALA;SRC;MAPKAPK3;RALB;MAPK13;MAPK14;SHC1"
"REACTOME_TGFBR3_EXPRESSION",0.255859375,0.331633112980769,0.11776578836269,0.341027330756915,1.14590583296313,24,"TCF3;KLF16;RARA;SP1;MOV10;TCF12;HELLS"
"KEGG_PHOSPHATIDYLINOSITOL_SIGNALING_SYSTEM",0.259332023575639,0.335811304303517,0.117249716749792,0.255622997862779,1.11537747038554,75,"CALM2;IMPA1;PIK3CG;PIP4K2A;PIP4K2C;DGKA;PRKCB;PIK3R5;CDS1;PLCB2;SYNJ1;PIK3R3;PIP5K1A;PIK3CB;IPPK;ITPKA;INPP4B;DGKD;PIK3CD;PLCB3;INPPL1"
"HALLMARK_ANGIOGENESIS",0.259842519685039,0.336149440053199,0.117249716749792,0.308557841185896,1.13352719987517,35,"LUM;VCAN;OLR1;ITGAV;POSTN;COL5A2;SPP1;COL3A1;VAV2;TIMP1"
"KEGG_AMYOTROPHIC_LATERAL_SCLEROSIS_ALS",0.261386138613861,0.336888356765491,0.117249716749792,0.281032237858824,1.11555907703542,51,"CASP3;TNF;DERL1;RAB5A;SOD1;BAX;BCL2L1;CYCS;RAC1;CASP1;DAXX"
"KEGG_GLYCOSAMINOGLYCAN_BIOSYNTHESIS_HEPARAN_SULFATE",0.261477045908184,0.336888356765491,0.11776578836269,0.338221295844623,1.13931342475155,25,"HS6ST3;HS3ST3B1;B3GAT2;HS6ST1;HS2ST1;HS3ST2;HS3ST3A1;B3GAT3;B4GALT7;B3GALT6;NDST3"
"REACTOME_DEVELOPMENTAL_LINEAGE_OF_MAMMARY_STEM_CELLS",0.261044176706827,0.336888356765491,0.118287526124085,-0.390544257139337,-1.14806481066185,15,"FGF10;KRT5;TP63;ALDH1A1;ITGA6"
"REACTOME_ERBB2_REGULATES_CELL_MOTILITY",0.261044176706827,0.336888356765491,0.118287526124085,-0.390680305520543,-1.14846474576819,15,"EGFR;NRG2"
"REACTOME_INTERLEUKIN_6_FAMILY_SIGNALING",0.261663286004057,0.336888356765491,0.118815039412263,-0.351361798419454,-1.15345538446111,23,"CNTFR;LIFR;CRLF1;IL11RA;CTF1"
"REACTOME_NOTCH1_INTRACELLULAR_DOMAIN_REGULATES_TRANSCRIPTION",0.2625250501002,0.337675350701403,0.11776578836269,-0.280564306217387,-1.12016278470173,48,"MAML2;KAT2A;HDAC4;HEY1;MAMLD1;TLE2;HDAC5;MYC;MAML3;FBXW7;TLE1;HES5;RPS27A;HDAC6;UBA52;NCOR1;TLE4;NOTCH1;HDAC10;HDAC8;NBEA"
"REACTOME_INTEGRATION_OF_ENERGY_METABOLISM",0.263157894736842,0.33816667502885,0.118287526124085,-0.241430338142746,-1.11044574003253,100,"MLXIPL;CHRM3;STXBP1;KCNB1;CACNA1A;GNAI1;GNG11;ACACB;ADCY6;CD36;ADCY5;GNG7;RAPGEF3;PFKFB1;ADIPOQ;ADCY4;GLP1R;SLC2A2;ITPR1;GNB3;ADCY3;PRKAR2B;ABCC8;GNA11;PRKAR1B;CACNB2;KCNG2;RAPGEF4;ITPR2;PRKACA"
"REACTOME_EXPRESSION_OF_BMAL_ARNTL_CLOCK_AND_NPAS2",0.265748031496063,0.340845239254703,0.115734447701689,0.306971539745147,1.12769971604466,35,"HELZ2;NRIP1;NCOA2;ATF2;TBL1XR1;CREB1;TGS1;MEF2D;SIRT1;MED1;CRTC2;CLOCK;CARM1;NCOA6;HDAC3"
"REACTOME_FORMATION_OF_NEURONAL_PROGENITOR_AND_NEURONAL_BAF_NPBAF_AND_NBAF",0.265625,0.340845239254703,0.115240003147781,0.338300294941185,1.13674256079662,24,"ACTB;SS18;BCL11B;ARID1A;ACTL6A;SS18L1;SMARCD1;SMARCB1;DPF2"
"KEGG_TIGHT_JUNCTION",0.269749518304432,0.345648622314044,0.11331290842208,-0.232188742495605,-1.09958255096041,123,"MRAS;MYH11;CLDN10;CLDN18;MYL9;MYH3;MAGI2;YBX3;RRAS2;MAGI1;EPB41L2;JAM2;GNAI1;CLDN5;PRKCE;MYH10;MPDZ;MYH2;AMOTL1;CLDN2;MAP3K20;PARD3"
"KEGG_GLUTATHIONE_METABOLISM",0.274161735700197,0.350968679699778,0.11378726182188,0.28642910514329,1.11040902404033,44,"RRM2B;RRM2;TXNDC12;LAP3;SMS;GSR;GSTO1;IDH2;GGCT;G6PD;GCLM;GGT1;RRM1;GSS;GPX7"
"REACTOME_TRANSCRIPTIONAL_REGULATION_OF_WHITE_ADIPOCYTE_DIFFERENTIATION",0.274428274428274,0.350976578680564,0.117249716749792,-0.249036653775074,-1.10225277884403,84,"PCK1;LPL;PPARGC1A;SLC2A4;LEP;FABP4;PPARG;EBF1;PPARA;PLIN1;CD36;ADIRF;KLF5;ADIPOQ;ANGPTL4"
"REACTOME_INOSITOL_PHOSPHATE_METABOLISM",0.275100401606426,0.351502693237405,0.114750719227023,0.283810651903083,1.11438444265511,47,"MINPP1;NUDT4;IPMK;IMPA1;PLD4;MIOX;PLCB2;SYNJ1;IPPK;ITPKA;INPP4B;PLCB3;INPPL1;INPP4A;CALM1;PPIP5K2;INPP5D"
"REACTOME_DISEASES_ASSOCIATED_WITH_GLYCOSAMINOGLYCAN_METABOLISM",0.27810650887574,0.354336081251888,0.112843355675562,0.295176499052613,1.11849335690409,40,"BGN;SDC1;LUM;VCAN;GPC6;HEXB;ACAN;SDC4;KERA;OMD"
"REACTOME_GLUTAMATE_NEUROTRANSMITTER_RELEASE_CYCLE",0.27789046653144,0.354336081251888,0.114750719227023,-0.347592893383429,-1.14108277074249,23,"SLC17A7;STXBP1;PPFIA4;UNC13B"
"REACTOME_MITOCHONDRIAL_UNFOLDED_PROTEIN_RESPONSE_UPRMT",0.277665995975855,0.354336081251888,0.114266502484433,0.371425192692227,1.14319055435469,17,"HSPE1;HSPA9;DNAJA1;HSPD1;ATF5;AKT1;ESR1;HTRA2;SOD2"
"REACTOME_LISTERIA_MONOCYTOGENES_ENTRY_INTO_HOST_CELLS",0.280632411067194,0.35721670455012,0.112378519110475,0.351364085360224,1.13148539021497,20,"STAM;CBLL1;CDH1;GRB2;SRC;STAM2;UBC;SH3GL1;UBB;CBL"
"REACTOME_TRAF6_MEDIATED_NF_KB_ACTIVATION",0.281437125748503,0.357903061800926,0.112843355675562,0.331264916096426,1.11588055126853,25,"RIGI;IFIH1;CHUK;NFKB1;TRIM25;RELA;IKBKB;MAVS;NFKB2;NKIRAS1;TRAF2;NFKBIB;NFKBIA;HMGB1"
"REACTOME_ASPIRIN_ADME",0.282,0.358280867106503,0.112843355675562,-0.353060682765413,-1.13498482986692,21,"GLYAT;CYP2D6;CES1;CYP3A4;CYP2C8"
"REACTOME_PKA_ACTIVATION_IN_GLUCAGON_SIGNALLING",0.283132530120482,0.359381026932589,0.112843355675562,-0.386634640064577,-1.13657189096161,15,"ADCY6;ADCY5;ADCY4;ADCY3;PRKAR2B;PRKAR1B;PRKACA"
"REACTOME_SENSORY_PROCESSING_OF_SOUND",0.283975659229209,0.360112124779844,0.11331290842208,-0.261036766686144,-1.10988573984563,67,"KCNQ4;OTOGL;CDH23;GSN;TRIOBP;KCNMB1;CLIC5;SPTBN1;CIB2;PJVK;BSN;CABP1;TMC1;MYO1C;ESPNL;STRC;TMIE;PCLO;SPTAN1;CACNB2;TMC2;MYO3A;SLC26A5;SYP;VAMP2;CHRNA10;EPB41L1"
"REACTOME_HYALURONAN_METABOLISM",0.284569138276553,0.360525562403002,0.112378519110475,0.358823730828625,1.11583027197671,18,"ABCC5;HAS1;HEXB;HMMR;SLC9A1;CEMIP;HEXA;GUSB"
"REACTOME_DOWNSTREAM_SIGNALING_OF_ACTIVATED_FGFR1",0.285714285714286,0.361636485580148,0.11331290842208,-0.338736080711435,-1.12829986183316,24,"FGF10;KL;FGF17;FGF2"
"REACTOME_GPER1_SIGNALING",0.285996055226824,0.361653548260562,0.11101149245045,0.290601897495948,1.10909897673619,41,"FN1;GNG5;GNAI3;GNG10;GNB2;GNB4;ADCY7;GNAS;SRC;PRKACB;GNGT2;GNB1;ADCY9;GNAI2;ITGA5;SHC1;GNG13;PRKAR2A"
"REACTOME_NRIF_SIGNALS_CELL_DEATH_FROM_THE_NUCLEUS",0.290060851926978,0.366106768162515,0.111918316325105,0.379940396905379,1.14584640510975,16,"APH1A;PSENEN;PSEN1;NCSTN;ITGB3BP;UBC;SQSTM1;UBB;PSEN2"
"REACTOME_PROCESSING_OF_SMDT1",0.290060851926978,0.366106768162515,0.111918316325105,0.379308567118265,1.14394089599279,16,"MAIP1;YME1L1;MCUB;MCU;MICU1;PARL"
"REACTOME_DARPP_32_EVENTS",0.290766208251473,0.366653740620193,0.109684061970549,0.331277520069643,1.10587849696795,23,"PPP2CA;PPP1CA;PDE4D;CDK5;PRKACB;PPP2R1A;PRKAR2A;CALM1;PPP3CB;PPP3R1;PPP2R5D"
"KEGG_GNRH_SIGNALING_PATHWAY",0.293307086614173,0.369167089407942,0.109250039480711,0.238751010797428,1.07544750531002,91,"KRAS;MAP3K2;NRAS;PLA2G2D;MAPK9;CALM2;CDC42;MMP14;PRKCB;MMP2;ELK1;ADCY7;GNAS;GRB2;PLCB2;SRC;PRKACB;PTK2B;PLA2G2A"
"REACTOME_REGULATION_OF_INSULIN_SECRETION",0.293172690763052,0.369167089407942,0.110564716336619,-0.254713237261435,-1.09817758168277,71,"CHRM3;STXBP1;KCNB1;CACNA1A;GNAI1;GNG11;ADCY6;CD36;ADCY5;GNG7;RAPGEF3;GLP1R;SLC2A2;ITPR1;GNB3;PRKAR2B;ABCC8;GNA11;PRKAR1B;CACNB2;KCNG2;RAPGEF4;ITPR2;PRKACA;CACNA1C;VAMP2;GNG2"
"REACTOME_CARDIOGENESIS",0.294117647058824,0.369841966637401,0.11101149245045,-0.342700727361352,-1.12502270028171,23,"KAT2A;MYOCD;SMYD1;HEY1;HAND2"
"KEGG_GLYCOSAMINOGLYCAN_BIOSYNTHESIS_CHONDROITIN_SULFATE",0.295634920634921,0.371403423127561,0.109250039480711,0.337823573399267,1.1120412774458,22,"CSGALNACT2;CHST11;CHPF;CHPF2;B3GAT2;CHST15;CHSY1;B3GAT3;B4GALT7;B3GALT6"
"REACTOME_NEGATIVE_REGULATION_OF_MET_ACTIVITY",0.298804780876494,0.375036168176456,0.108820126769161,0.339934219741361,1.10729241304126,21,"PTPRJ;PTPN1;STAM;GRB2;STAM2;USP8;UBC;SH3GL1;UBB;CBL"
"KEGG_ARRHYTHMOGENIC_RIGHT_VENTRICULAR_CARDIOMYOPATHY_ARVC",0.301619433198381,0.378216740419923,0.109250039480711,-0.258068956475442,-1.09444449057748,66,"DMD;ITGA9;SGCA;ITGA7;TCF7L1;TCF7L2;DES;SGCG;ITGA6;CACNB4;CTNNA3;ITGA10;CACNA2D1;ITGA2B;ITGA3;SGCB;CACNB2;ITGB4;LMNA;ITGA1;CACNA1C;LAMA2"
"REACTOME_ADP_SIGNALLING_THROUGH_P2Y_PURINOCEPTOR_1",0.306640625,0.384155727230483,0.105920292736253,0.326996791002565,1.09876099765493,24,"GNG5;GNG10;GNA14;GNB2;GNB4;SRC;GNGT2;GNB1"
"REACTOME_GAP_JUNCTION_ASSEMBLY",0.310679611650485,0.388808054085832,0.104732821580651,0.311237662023989,1.09574571630191,30,"GJB2;TUBB3;TUBA1C;TUBA4B;TUBA1B;TUBA1A;TUBA4A;TUBB8;TUBB4B;GJB6;TUBB1;GJA1;TUBA3D"
"REACTOME_GLUCONEOGENESIS",0.311507936507937,0.388808054085832,0.105920292736253,0.333393171055125,1.09745736243713,22,"SLC37A1;SLC37A2;ENO4;PGK1;PGAM1;ALDOA;TPI1;GAPDH"
"REACTOME_SIGNALING_BY_FGFR1_IN_DISEASE",0.310940499040307,0.388808054085832,0.103958471559957,0.304115815914736,1.09936021690385,32,"KRAS;STAT1;NRAS;LRRFIP1;GRB2;CUX1;TRIM24;BAG4;FRS2;FGFR1OP2;CEP43"
"REACTOME_SUMOYLATION_OF_INTRACELLULAR_RECEPTORS",0.311475409836066,0.388808054085832,0.107972360317345,-0.317750874020449,-1.08592460174173,27,"THRB;NR3C2;HDAC4;PPARG;PPARA"
"REACTOME_NUCLEOTIDE_CATABOLISM",0.312621359223301,0.389836810576327,0.104343952581949,0.306022855717834,1.08830724361988,31,"NT5C3A;PNP;ENTPD7;TYMP;NUDT5;SAMHD1;ITPA"
"REACTOME_PRE_NOTCH_PROCESSING_IN_GOLGI",0.314629258517034,0.391978041109946,0.105920292736253,0.348037407302999,1.08228815845642,18,"TMED2;ATP2A3;SEL1L;RAB6A;ATP2A2;LFNG;B4GALT1"
"REACTOME_SIGNALING_BY_NTRK2_TRKB",0.315369261477046,0.392537178643636,0.105520936843198,-0.326354432154707,-1.09881346001798,25,"NTF3;NTRK2;NTF4;GRIN2B"
"REACTOME_SYNTHESIS_SECRETION_AND_DEACYLATION_OF_GHRELIN",0.322515212981744,0.401061353412723,0.105125131597001,0.364514468835505,1.09932399167776,16,"SPCS3;PLA2G7;SPCS1;SPCS2;SEC11A;SEC11C"
"REACTOME_KERATAN_SULFATE_KERATIN_METABOLISM",0.324271844660194,0.402874144333587,0.102080107662747,0.28883669556037,1.07562451761718,37,"LUM;B3GNT2;GLB1;HEXB;B4GALT4;ACAN;CHST1;B3GNT4;KERA;OMD;B4GALT3;HEXA;B4GALT1;B3GNT7;B4GALT5"
"REACTOME_TRANSCRIPTIONAL_REGULATION_BY_NPAS4",0.326295585412668,0.405015146534324,0.100990587455923,0.298995466455531,1.08085046437696,32,"NAMPT;REST;XPO1;CDK5;MOV10;ARNT2;MAPK1;MDM2;CDK5R1;MAGED1;RET;TNRC6C;FOS"
"REACTOME_ELASTIC_FIBRE_FORMATION",0.326771653543307,0.405232924541286,0.102449405629826,0.277278314125513,1.07191461205247,43,"FN1;TGFB1;ITGAV;LOXL1;MFAP2;LOX"
"REACTOME_REGULATION_OF_MITF_M_DEPENDENT_GENES_INVOLVED_IN_PIGMENTATION",0.331360946745562,0.410546467107553,0.101713902282311,0.277706488528527,1.05988290136435,41,"LEF1;ACTB;SS18;USF1;ARID1A;ACTL6A;CREB1;MYO5A;RAB27A;SS18L1;SYTL2;SMARCD1;SMARCB1;DPF2;TFAP2A;MAPK14;SMARCE1;MLPH;TYRP1"
"REACTOME_SIGNALING_BY_FGFR",0.333973128598848,0.413402917677913,0.0995791200495904,0.237964139802861,1.05760678585418,81,"KRAS;POLR2K;PPP2CA;NRAS;POLR2B;HNRNPF;ESRP1;POLR2D;PTBP1;HNRNPH1;GRB2;POLR2G;SRC;POLR2J;NCBP2;POLR2H;HNRNPM;PPP2R1A;FGF18;FGFR3;UBC;MAPK1;TIAL1;FRS2;ESRP2;TIA1;POLR2C;SHC1;UBB"
"REACTOME_TRAF6_MEDIATED_INDUCTION_OF_TAK1_COMPLEX_WITHIN_TLR4_COMPLEX",0.336713995943205,0.416413272047193,0.102449405629826,0.36095771702222,1.08859733214822,16,"LY96;TICAM1;TAB3;MAP3K7;TICAM2;UBC;UBB"
"REACTOME_RHOB_GTPASE_CYCLE",0.339321357285429,0.419253152722968,0.100990587455923,-0.244713642331205,-1.05675284679201,69,"PKN3;ARHGEF28;CAV1;ARHGEF25;CAVIN1;ARHGEF10L;ARHGEF10;ARHGAP26;STARD13;DLC1;ARHGEF17;MYO9A;MCAM;ARHGAP21;ROCK2"
"REACTOME_SIGNALING_BY_ERBB2_IN_CANCER",0.342,0.422175824175824,0.100633389423036,0.312612151198752,1.06157170441194,26,"ERBIN;KRAS;NRAS;GRB2;HSP90AA1;PTPN12;ERBB2;ERBB3;NRG4;SHC1"
"REACTOME_SYNTHESIS_OF_BILE_ACIDS_AND_BILE_SALTS_VIA_7ALPHA_HYDROXYCHOLESTEROL",0.343253968253968,0.423336092595013,0.0999276973731092,-0.341192574708233,-1.07046544121959,19,"AKR1C1;AKR1C3;AKR1C2;SLC27A5"
"REACTOME_SIGNALING_BY_CYTOSOLIC_FGFR1_FUSION_MUTANTS",0.346693386773547,0.427187098145102,0.0999276973731092,0.341979529557008,1.06345004159804,18,"STAT1;LRRFIP1;GRB2;CUX1;TRIM24;FGFR1OP2;CEP43"
"KEGG_ARACHIDONIC_ACID_METABOLISM",0.347222222222222,0.427447995941147,0.0992333343771191,-0.265802040981152,-1.0600907153724,47,"AKR1C3;PLA2G4A;CYP4A11;ALOX12B;EPHX2;CYP2C8;PLA2G6;PTGES;GPX3;ALOX12;PLA2G3;PLA2G4B;JMJD7-PLA2G4B"
"REACTOME_FORMATION_OF_THE_NON_CANONICAL_BAF_NCBAF_COMPLEX",0.35010060362173,0.430598187666143,0.0995791200495904,0.350331540143714,1.0782674828325,17,"ACTB;SS18;ACTL6A;SS18L1;SMARCD1"
"HALLMARK_XENOBIOTIC_METABOLISM",0.352822580645161,0.43330118932819,0.0992333343771191,0.207991114049882,1.04292037467108,179,"ID2;CYFIP2;PSMB10;BCAT1;SERPINE1;GCH1;TMBIM6;SLC6A6;PTGES3;SLC6A12;SLC35D1;TDO2;IRF8;NINJ1;HPRT1;HES6;APOE;PYCR1;CFB;GSR;GSTO1;NQO1;SSR3;ACP1;SLC46A3;UGDH;PTS;HMOX1;ACP2;LPIN2;SAR1B;ATP2A2;MCCC2;SLC35B1;GART;SHMT2;CASP6"
"REACTOME_MRNA_DECAY_BY_3_TO_5_EXORIBONUCLEASE",0.352941176470588,0.43330118932819,0.0995791200495904,0.357363237467105,1.0777568910948,16,"HBS1L;EXOSC6;DCPS;EXOSC9;EXOSC1;SKIC2;EXOSC3;EXOSC4;DIS3;SKIC3;SKIC8"
"REACTOME_RND3_GTPASE_CYCLE",0.353535353535354,0.433635720259924,0.0992333343771191,-0.278956066414657,-1.06853357652565,40,"PLEKHG5;DSG1;CAV1;EPHA2;DST;PKP4;RND3;NISCH;ARHGAP21"
"KEGG_ALDOSTERONE_REGULATED_SODIUM_REABSORPTION",0.355339805825243,0.4350572736171,0.0965629554309422,0.28178260077416,1.04935515012243,37,"KRAS;ATP1A3;PIK3CG;SGK1;PRKCB;PDPK1;PIK3R5;PIK3R3;PIK3CB"
"REACTOME_RHOC_GTPASE_CYCLE",0.355212355212355,0.4350572736171,0.096240602328129,0.243214939433488,1.06324988481002,74,"ERBIN;MACO1;DEPDC1B;VANGL1;IQGAP1;PREX1;ACBD5;DIAPH1;LMAN1;RACGAP1;TFRC;TMPO;FLOT1;ANLN;RHOA;ARHGAP18;FMNL3;ABCD3;VAV2;ARHGAP1;RHOC"
"REACTOME_PLATELET_SENSITIZATION_BY_LDL",0.356136820925553,0.43563741797427,0.0985499803531691,0.346205332068346,1.06556763858426,17,"PTPN6;PPP2CA;PPP2R5E;LRP8;PPP2R1A;MAPK14;PPP2R5C"
"REACTOME_CONSTITUTIVE_SIGNALING_BY_EGFRVIII",0.359126984126984,0.438499252357948,0.0972150808846466,0.368741039668385,1.0845079249671,15,"KRAS;NRAS;GRB2;HSP90AA1"
"REACTOME_HS_GAG_BIOSYNTHESIS",0.358925143953935,0.438499252357948,0.0952879846194844,0.290107489516025,1.04872096717648,32,"SDC1;HS6ST3;HS3ST3B1;GPC6"
"KEGG_BETA_ALANINE_METABOLISM",0.361111111111111,0.440522875816994,0.096887770327544,-0.336750550582783,-1.05652893243295,19,"AOC3;HIBCH;AOC2;ALDH9A1;MLYCD;ALDH2;ALDH7A1;HADHA;EHHADH;GAD1;ALDH3A2;UPB1"
"REACTOME_NEGATIVE_REGULATION_OF_FGFR2_SIGNALING",0.364754098360656,0.44456466961136,0.0982123351217438,-0.307020772543607,-1.04925410883181,27,"FGF10;SPRY2;FGF17;FGF2"
"HALLMARK_HEDGEHOG_SIGNALING",0.365503080082136,0.445075114679963,0.0982123351217438,-0.289988564811853,-1.04718511536296,34,"VLDLR;CNTFR;PTCH1;HEY1"
"REACTOME_OPIOID_SIGNALLING",0.366602687140115,0.446011211430393,0.0940503465727813,0.232950726220234,1.04368470496914,84,"CAMK4;GNG5;PPP2CA;GNAI3;GNG10;GNA14;GNB2;KPNA2;PPP1CA;PDE4D;CDK5;GNB4;ADCY7;GRK2;PLCB2;PRKACB;CREB1;GNGT2;GNB1;OPRM1;PPP2R1A;ADCY9;MAPK1;GNAI2"
"REACTOME_SIGNALING_BY_ERBB4",0.36779324055666,0.447038376959637,0.0959206777921745,0.260748811977208,1.05230236692254,55,"KRAS;NRAS;WWP1;APH1A;ADAP1;APOE;ITCH;STMN1;PSENEN;NEDD4;GRB2;SRC;ADAM17;PSEN1;NCSTN;SPARC;UBC;ERBB3;NRG4;SHC1;UBB"
"REACTOME_SIGNALING_BY_FGFR3",0.368110236220472,0.447038376959637,0.0952879846194844,0.285931427710844,1.05040613897126,35,"KRAS;PPP2CA;NRAS;GRB2;SRC;PPP2R1A;FGF18;FGFR3;UBC;MAPK1;FRS2;SHC1;UBB;CBL"
"KEGG_PEROXISOME",0.368725868725869,0.447382962234447,0.0940503465727813,0.239190389059837,1.04565597083761,74,"PEX2;PEX13;PRDX1;SOD1;AGPS;IDH2;ACSL6;ABCD3;FAR1;SLC27A2;PEX11B;PRDX5;AMACR;PAOX;SLC25A17;DDO;ABCD1;PEX1;CRAT;NUDT12;GNPAT;PEX7;DECR2;HMGCL;MPV17L;MPV17;PXMP2"
"KEGG_CARDIAC_MUSCLE_CONTRACTION",0.373517786561265,0.451811677608862,0.0946646223153342,0.255590717871346,1.04788992379981,58,"CACNG4;ATP1A3;TPM3;COX7A2;COX6C;UQCRQ;COX8A;SLC9A1;ATP2A2;COX7B;CACNB3;COX7A2L;COX5A;COX6B1;COX6A1;UQCR10"
"REACTOME_HS_GAG_DEGRADATION",0.373517786561265,0.451811677608862,0.0946646223153342,0.324192773276942,1.04398657079611,20,"SDC1;GPC6;HPSE;CTSL;SDC4;IDS"
"REACTOME_METABOLISM_OF_STEROIDS",0.373695198329854,0.451811677608862,0.0978773277424561,0.21467495547058,1.03207840538507,139,"HELZ2;STARD4;SQLE;SEC24A;INSIG2;UBE2I;CYP19A1;SUMO2;VDR;STARD3NL;MTF1;NCOA2;SP1;TBL1XR1;SEC24D;SAR1B;NFYA;RAN;IDI1;TGS1;SEC24C;MBTPS2;SLC27A2;GGPS1;OSBPL3;ABCC3;DHCR24;OSBPL2;HMGCR;MED1;NFYB;SLC51A;AMACR;SRD5A3;ACAT2;MSMO1;ARV1;SRD5A1;PIAS4;LGMN;STARD3;PLPP6;KPNB1;LDLRAP1;HSD3B7;CYP27B1;CYP51A1;EBP;FDX1;CARM1;NCOA6;HSD17B7;SEC23A;LBR"
"REACTOME_VOLTAGE_GATED_POTASSIUM_CHANNELS",0.373716632443532,0.451811677608862,0.096887770327544,-0.284105154964662,-1.05881135050812,37,"KCNQ4;KCNC4;KCNB1;KCNA1;KCNB2;KCNV2;KCNA6;KCND1;KCNA2;KCNH5;KCNG2;KCNH8;KCNQ1"
"KEGG_ERBB_SIGNALING_PATHWAY",0.374280230326296,0.452087590035705,0.0928481214159878,0.230207883935984,1.03776250300753,86,"KRAS;NRAS;MAPK9;PIK3CG;CDKN1A;RPS6KB2;PAK2;CDKN1B;PAK1;PRKCB;PIK3R5;ELK1;GSK3B;GRB2;SRC;PIK3R3;PIK3CB;MAPK1;ERBB2;ERBB3;NCK1;PIK3CD;AKT1;NRG4;RPS6KB1;SHC1;EIF4EBP1;ABL2;ARAF;CBL"
"REACTOME_METABOLISM_OF_PORPHYRINS",0.376984126984127,0.454945929431158,0.0943563635421779,0.317831130671636,1.04623053094759,22,"FECH;HMOX2;HMOX1;FLVCR1;SLCO2B1;HMBS;BLVRA;BLVRB;UROS;ABCC1"
"REACTOME_SYNTHESIS_OF_PC",0.377431906614786,0.45507889992552,0.0931454575337804,0.302535702881385,1.03722256102182,27,"LPCAT1;SLC44A4;ABHD3;CSNK2A1;STARD7;SLC44A1;LPIN2;CEPT1"
"REACTOME_METABOLISM_OF_AMINE_DERIVED_HORMONES",0.378217821782178,0.45561896672241,0.0940503465727813,-0.344575517757224,-1.05476846792846,17,"CAV1;TPO;DUOXA2;DUOX2;PNMT;DUOXA1;DUOX1"
"REACTOME_NRAGE_SIGNALS_DEATH_THROUGH_JNK",0.383534136546185,0.461610728628801,0.0940503465727813,-0.249127234074059,-1.04124098583367,59,"PLEKHG5;ARHGEF40;KALRN;ARHGEF10L;ARHGEF10;ARHGEF33;ARHGEF17;NGF;ARHGEF15;NGFR;ARHGEF7;OBSCN;FGD4;MCF2L;ARHGEF4;ARHGEF9;ARHGEF37;MCF2;ARHGEF6"
"REACTOME_FOXO_MEDIATED_TRANSCRIPTION_OF_CELL_DEATH_GENES",0.385395537525355,0.463024228684651,0.0943563635421779,0.348178935626378,1.05005833802343,16,"BCL2L11;FASLG;BBC3;NFYA;NFYB"
"REACTOME_NUCLEOTIDE_LIKE_PURINERGIC_RECEPTORS",0.385395537525355,0.463024228684651,0.0943563635421779,0.348277892304924,1.05035677734522,16,"P2RY10;ADORA3;P2RY6;P2RY13"
"REACTOME_SIGNALING_BY_FGFR1",0.386503067484663,0.463941349037689,0.0946646223153342,-0.266349230947561,-1.04210731344433,45,"FGF10;KL;SPRY2;FGF17;FGF2;TGFBR3"
"REACTOME_HEPARAN_SULFATE_HEPARIN_HS_GAG_METABOLISM",0.390532544378698,0.468361094148118,0.0919686140000427,0.267034929642389,1.01185831468624,40,"SDC1;HS6ST3;HS3ST3B1;GPC6;HPSE;CTSL;SDC4;IDS"
"REACTOME_METABOLISM_OF_ANGIOTENSINOGEN_TO_ANGIOTENSINS",0.394059405940594,0.472170737073707,0.0916795246008379,-0.340472673334967,-1.04220938957728,17,"MME;ACE2;REN;ENPEP;CES1;ANPEP"
"REACTOME_SPRY_REGULATION_OF_FGF_SIGNALING",0.39553752535497,0.473520945096358,0.0928481214159878,0.343337022485972,1.03545581401972,16,"PPP2CA;GRB2;SRC;PPP2R1A;UBC;MAPK1;UBB;CBL"
"REACTOME_ACTIVATION_OF_NMDA_RECEPTORS_AND_POSTSYNAPTIC_EVENTS",0.396825396825397,0.474220421028932,0.0913924325943768,0.228469297582376,1.02558242949537,90,"KRAS;TUBB3;CAMK4;NRAS;TUBA1C;KPNA2;RASGRF1;PRKAG1;RPS6KA1;RAC1;TUBA4B;PDPK1;TUBA1B;TUBA1A;SRC;DLG3;PRKACB;PRKAB1;CREB1;LIN7C"
"REACTOME_DECTIN_2_FAMILY",0.396825396825397,0.474220421028932,0.0913924325943768,0.313255833169744,1.03116965278713,22,"CLEC4C;FCER1G;SYK;CLEC6A;LYN;CLEC4A;MUC1"
"REACTOME_LATE_ENDOSOMAL_MICROAUTOPHAGY",0.404296875,0.482721158104517,0.0894366833718621,0.282029443410266,1.02526200144016,33,"HSPA8;CHMP2B;CHMP4B;TSG101;VPS37C;CHMP7;UBC;CHMP2A;CHMP4A;PLIN3;ARL13B;UBB"
"REACTOME_DISEASES_ASSOCIATED_WITH_GLYCOSYLATION_PRECURSOR_BIOSYNTHESIS",0.407707910750507,0.486363065213879,0.0911073131586733,0.339248883787541,1.02312656693428,16,"DPM1;GALE;NUS1;PMM2;DOLK;SRD5A3;DPM2;GFPT1;GALM"
"REACTOME_COMMON_PATHWAY_OF_FIBRIN_CLOT_FORMATION",0.408450704225352,0.486818345973276,0.0905428948469474,0.332568078215699,1.02359423425301,17,"F2R;F5;CD177;PROC"
"KEGG_GLYCOSPHINGOLIPID_BIOSYNTHESIS_LACTO_AND_NEOLACTO_SERIES",0.409181636726547,0.487114320162218,0.0899860794997137,-0.307444632597242,-1.03514543460525,25,"B3GALT1;ST3GAL3;B4GAT1;FUT4;ST3GAL6;ABO;B3GNT3;FUT9;ST8SIA1"
"REACTOME_CELL_DEATH_SIGNALLING_VIA_NRAGE_NRIF_AND_NADE",0.410505836575875,0.487114320162218,0.0883594442500905,0.232092419375469,1.01558826832936,76,"CASP3;VAV3;FGD3;ECT2;GNA13;APH1A;PREX1;TIAM1;BCL2L11;PSENEN;RAC1;VAV1;ARHGEF18;VAV2;CASP2;PSEN1;NET1;ARHGEF16;NCSTN;ITGB3BP;UBC"
"REACTOME_METABOLISM_OF_VITAMINS_AND_COFACTORS",0.409836065573771,0.487114320162218,0.0913924325943768,0.20351219842445,1.0244951320298,186,"PARP9;SDC1;NAMPT;AASDHPPT;GCH1;APOC2;PARP14;QPRT;GPC6;NNMT;COQ2;MTRR;MTHFD2;SLC25A32;PPCS;APOE;RFK;MMACHC;GSTO1;PTS;FLAD1;PDZD11;MMADHC;STARD7;VKORC1;SDC4;DHFR2;SLC2A1;MCCC2;MOCS3;HSP90AA1;COQ7;SHMT2;VNN2;PARP8;CD38;CLPS;SLC23A1;PARP10;SLC5A8;MTHFR;LRP8;DHFR;SLC19A1;NAXE;RDH11;ACP5;SLC52A2;PNPO;AKT1;PANK2;PCCB;LRP10;NADSYN1;MOCS2;NFS1;MMUT;SLC19A2;NUDT12;SLC52A3;SPR;PANK3;GPC1;LDLRAP1;CALM1;SLC25A19;PARP4;ENPP1;ABCC1;PDSS1;GPC4;AGRN;COQ5;SLC2A3;ALDH1L2"
"REACTOME_REGULATION_OF_RUNX1_EXPRESSION_AND_ACTIVITY",0.41046277665996,0.487114320162218,0.0902635484340068,0.331082939016461,1.01902320046781,17,"CBFB;MOV10;SRC;RUNX1"
"REACTOME_SYNTHESIS_SECRETION_AND_INACTIVATION_OF_GLUCAGON_LIKE_PEPTIDE_1_GLP_1",0.40973630831643,0.487114320162218,0.0908241419007155,0.339084181090113,1.02262984693478,16,"SPCS3;SPCS1;SPCS2;SEC11A;GNB1;SEC11C;DPP4;GNG13;GRP"
"KEGG_GLYCOSAMINOGLYCAN_BIOSYNTHESIS_KERATAN_SULFATE",0.41468253968254,0.491637698761709,0.0888945288620449,0.349374770466499,1.02754959875156,15,"B3GNT2;B4GALT4;CHST1;FUT8;B4GALT3;B4GALT1;B3GNT7"
"REACTOME_DEACTIVATION_OF_THE_BETA_CATENIN_TRANSACTIVATING_COMPLEX",0.41699604743083,0.493946108907521,0.0883594442500905,0.263836120985841,1.01361278849912,42,"LEF1;YWHAZ;XIAP;TLE3;XPO1;HDAC1;CHD8;BCL9;DPY30;PYGO2;UBC;RBBP5;MEN1;AKT1;SOX4;UBB"
"REACTOME_ACTIVATION_OF_KAINATE_RECEPTORS_UPON_GLUTAMATE_BINDING",0.423529411764706,0.50124464184269,0.0870515867946735,0.287931853842482,1.00386035114894,29,"GNG5;GNG10;GNB2;GNB4;PLCB2;DLG3;GNGT2;GRIK3;GNB1"
"REACTOME_RHO_GTPASES_ACTIVATE_ROCKS",0.424603174603175,0.502074631021999,0.0875697115548511,-0.321513463431671,-1.0087237443099,19,"MYH11;PPP1R12B;MYL9;MYH10"
"REACTOME_INWARDLY_RECTIFYING_K_CHANNELS",0.42578125,0.503026402278703,0.0865399737444125,0.278830470110576,1.01363276965452,33,"GNG5;GNG10;KCNJ15;KCNJ6;GNB2;KCNJ10;GNB4;GNGT2;GNB1"
"KEGG_INSULIN_SIGNALING_PATHWAY",0.42680412371134,0.50335254484942,0.0894366833718621,0.212533613258813,1.01474522706496,128,"KRAS;PTPN1;NRAS;EIF4E;MAPK9;CALM2;PIK3CG;PPP1CA;PPP1CC;RPS6KB2;EIF4E2;PRKAG1;HK1;FLOT1;PDPK1;PIK3R5;ELK1;SOCS4;PHKG2;GSK3B;GRB2;SOCS3;PPP1R3D;PIK3R3;PRKACB;PRKAB1;PIK3CB;RHEB;PRKCI"
"REACTOME_INCRETIN_SYNTHESIS_SECRETION_AND_INACTIVATION",0.426559356136821,0.50335254484942,0.0880945010398517,0.325680636234357,1.0023957297583,17,"SPCS3;SPCS1;SPCS2;SEC11A;GNB1;SEC11C;DPP4;GNG13;GRP"
"KEGG_HYPERTROPHIC_CARDIOMYOPATHY_HCM",0.428861788617886,0.505337142532264,0.0883594442500905,-0.233285109431429,-1.00712375379322,72,"DMD;ITGA9;SGCA;ITGA7;DES;SGCG;PRKAG3;TPM2;TNNT2;ITGA6;CACNB4;IGF1;ITGA10;CACNA2D1;ITGA2B;ITGA3;SGCB;CACNB2;MYL3;ITGB4;LMNA;ITGA1;CACNA1C;LAMA2"
"REACTOME_GRB2_EVENTS_IN_ERBB2_SIGNALING",0.430255402750491,0.506536491622412,0.0862865626267245,-0.337534441868263,-1.0204876908663,16,"EGFR;NRG2"
"REACTOME_CONSTITUTIVE_SIGNALING_BY_LIGAND_RESPONSIVE_EGFR_CANCER_VARIANTS",0.433734939759036,0.510187346243613,0.0870515867946735,0.315791784607026,1.00398339296876,19,"KRAS;NRAS;GRB2;HSP90AA1;UBC;SHC1;UBB;CBL"
"REACTOME_FORMATION_OF_THE_URETERIC_BUD",0.436254980079681,0.512704196292424,0.0862865626267245,0.307498922596585,1.001638564863,21,"HOXC11;PAX2;GREM1;ROBO2;NPNT"
"REACTOME_GAB1_SIGNALOSOME",0.438631790744467,0.515048479027475,0.0865399737444125,0.321187189751478,0.988565581247121,17,"CSK;PAG1;GRB2;SRC"
"REACTOME_MITOCHONDRIAL_FATTY_ACID_BETA_OXIDATION",0.441478439425051,0.517939892380304,0.0873098257637931,-0.269847698097879,-1.00567624579026,37,"ACOT11;HADH;PCCA;ACADVL;ACADS;ACADL;ACSM6;MECR;ACAA2;ACAD11;ACAD10"
"KEGG_GLYCOLYSIS_GLUCONEOGENESIS",0.441955193482688,0.51804834853449,0.086794975677172,-0.245313662702412,-1.00607697585434,54,"PCK1;ALDOC;ADH4;ADH6;ADH1A;ADH1C;PGM1;LDHB"
"KEGG_O_GLYCAN_BIOSYNTHESIS",0.443579766536965,0.519500890783518,0.0840745577910723,0.291185529564408,0.99830928327063,27,"GALNT1;GALNT6;C1GALT1C1;GALNT2;GALNT10;GALNT7;GALNT4"
"REACTOME_RESPIRATORY_SYNCYTIAL_VIRUS_RSV_ATTACHMENT_AND_ENTRY",0.445972495088409,0.521397158177949,0.0843144320642653,0.298314003011127,0.995838900282407,23,"SDC1;GPC6;LY96;RAB5A"
"REACTOME_TRAFFICKING_OF_AMPA_RECEPTORS",0.445759368836292,0.521397158177949,0.0845557442441281,0.289046464926329,0.994728064170693,28,"CACNG4;GRIP2;AP2M1;PRKCB;AP2S1;NSF;AKAP5;AP2B1"
"REACTOME_ACYL_CHAIN_REMODELLING_OF_PS",0.446680080482897,0.521771879108272,0.0855356947987884,0.319670836464378,0.98389847522151,17,"PLA2G2D;OSBPL8;MBOAT1;PLA2G2A;LPCAT3"
"REACTOME_KERATAN_SULFATE_BIOSYNTHESIS",0.447154471544715,0.521873790166473,0.0860347242455604,-0.285538188424558,-0.992860054478005,29,"CHST3;PRELP;ST3GAL3;OGN;B4GAT1;B4GALT6;FMOD;CHST2;CHST5;ST3GAL6"
"HALLMARK_APICAL_JUNCTION",0.449704142011834,0.524395487397883,0.0840745577910723,-0.197875456775887,-1.00061986470555,194,"EGFR;CALB2;ADAMTS5;ITGA9;LAMA3;CLDN18;MYL9;LAMB3;PARVA;CX3CL1;SORBS3;ICAM5;DSC3;EPB41L2;CADM2;GNAI1;FLNC;CLDN5;TMEM8B;COL17A1;HADH;ACTG2;MYH10;NFASC;CD34;DSC1"
"REACTOME_ACYL_CHAIN_REMODELLING_OF_PC",0.450396825396825,0.524749283176249,0.0843144320642653,0.301677488847467,0.99305627697592,22,"PLA2G2D;PNPLA8;LPCAT1;MBOAT2;PLA2G2A;LPCAT3"
"REACTOME_PHOSPHORYLATED_BMAL1_CLOCK_ARNTL_CLOCK_ACTIVATES_EXPRESSION_OF_CORE_CLOCK_GENES",0.456349206349206,0.531225155577487,0.0835990603684159,0.30029961983169,0.988520633696087,22,"CRY1;BHLHE40;CREB1;RBM4;CREM;CIPC"
"REACTOME_GABA_RECEPTOR_ACTIVATION",0.458917835671343,0.533754307579784,0.0838361057159929,-0.251287754885549,-1.00327513171238,48,"KCNJ16;GABBR1;GNAI1;GNG11;ADCY6;ADCY5;KCNJ12;GABRG3;GNG7;ADCY4;GNB3;ADCY3;GABRA2;KCNJ2;ARHGEF9;GABRB3;GNAL"
"REACTOME_PKA_MEDIATED_PHOSPHORYLATION_OF_CREB",0.461232604373757,0.535984095427435,0.083129129135339,-0.318101401849335,-0.991645894230221,18,"ADCY6;ADCY5;ADCY4;ADCY3;PRKAR2B;PRKAR1B;PRKACA"
"REACTOME_DEVELOPMENTAL_LINEAGE_OF_MAMMARY_GLAND_ALVEOLAR_CELLS",0.464285714285714,0.539021888419479,0.0826646449123753,0.340641875635808,1.00186519524631,15,"KRT8;KRT18;KRT19;EPCAM;CD24;MUC1"
"REACTOME_INFECTION_WITH_ENTEROBACTERIA",0.464646464646465,0.539021888419479,0.0835990603684159,-0.260081076706686,-0.996233445115126,40,"LAMA3;LAMB3;LAMC3;LAMC1;LAMA4;LAMB2;GBP6;COL4A6;HBA1;COL5A3;HBA2;LAMA1;HBB;RPS27A;LAMA2;UBA52"
"REACTOME_DAG_AND_IP3_SIGNALING",0.467479674796748,0.541842305783333,0.0835990603684159,-0.264420666417815,-0.993502273085752,38,"PDE1C;PRKCE;ADCY6;ADCY5;ADCY4;ITPR1;ADCY3;CAMKK1;PRKAR2B;PRKAR1B;ITPR2;PRKACA"
"KEGG_GAP_JUNCTION",0.468208092485549,0.542220368273643,0.0806388495950661,0.220628683075195,0.981722553969042,82,"KRAS;MAP3K2;TUBB3;GNAI3;NRAS;TUBA1C;CDK1;PRKCB;TUBA1B;ADCY7;GNAS;GRB2;TUBA1A;PLCB2;SRC;PRKACB;GRM5;TUBA4A;TUBB;CSNK1D;ADCY9;MAPK1;GNAI2;PLCB3;TUBB8"
"REACTOME_SEMA4D_INDUCED_CELL_MIGRATION_AND_GROWTH_CONE_COLLAPSE",0.472332015810277,0.546526658637127,0.0815265143256594,0.306409808173676,0.986720714530754,20,"SEMA4D;LIMK1;RND1;RHOA;MYL12B;RHOC;ERBB2;MYL6;ROCK1;RHOB;MYH9"
"REACTOME_INTERLEUKIN_37_SIGNALING",0.476284584980237,0.550627461881097,0.0810802057550866,0.305580366734874,0.984049693475538,20,"TBK1;PTPN6;PTPN7"
"REACTOME_MISCELLANEOUS_TRANSPORT_AND_BINDING_EVENTS",0.483606557377049,0.558613229943669,0.0822054920415869,-0.290420761007819,-0.992522995277897,27,"RHAG;DMTN;RHCG;PIP;AZGP1"
"REACTOME_GLUCAGON_TYPE_LIGAND_RECEPTORS",0.48804780876494,0.562778824820479,0.0802023444698144,-0.286354589337098,-0.973337478226095,26,"ADCYAP1R1;VIPR1;GLP2R;GNG11;GNG7;GLP1R;GNB3"
"REACTOME_PLASMA_LIPOPROTEIN_ASSEMBLY_REMODELING_AND_CLEARANCE",0.48804780876494,0.562778824820479,0.0802023444698144,-0.232581988513224,-0.980089291164395,64,"VLDLR;LPL;GPIHBP1;ANGPTL8;CES3;LCAT;CIDEC;APOB;ANGPTL3;SOAT2;LMF1;ANGPTL4;SCARB1;CUBN;ZDHHC8"
"REACTOME_G_ALPHA_12_13_SIGNALLING_EVENTS",0.492307692307692,0.567205785667324,0.0778840111977068,0.22183852799539,0.97837283111083,79,"GNG5;VAV3;FGD3;BTK;ECT2;GNA13;GNG10;GNB2;PREX1;TIAM1;RHOA;GNB4;VAV1;ARHGEF18;VAV2;RHOC;GNGT2;NET1;GNB1;ARHGEF16"
"REACTOME_SRP_DEPENDENT_COTRANSLATIONAL_PROTEIN_TARGETING_TO_MEMBRANE",0.493951612903226,0.568613812291672,0.0802023444698144,-0.211873132519597,-0.980900841023297,109,"RPL13;RPS6;RPLP2;RPL4;RPL3;RPS9;RPS16;RPL18A;RPS3A;RPL32;RPL13A;RPL23A;RPL37A;RPL7;RPL22;RPL27;RPS28;RPL34;RPS23;RPS12;RPS5;RPL38;RPL8;RPS8;RPL14;RPS20;RPL31;RPS27A;RPL10;RPL5;RPL12;UBA52;RPL11;RPL18;RPLP1;RPL35;RPS3;RPS4X;RPL23;RPS19;RPS29;RPL29;RPL26;RPL9;RPL10A;RPL17;RPL21;RPL39;RPL19;RPL37;RPL7A;RPS11;RPL6;RPS7;RPS25;RPS18;RPS14;RPL27A;RPL15;RPS15"
"REACTOME_MOLECULES_ASSOCIATED_WITH_ELASTIC_FIBRES",0.494845360824742,0.569156609549277,0.0813027345384498,-0.264346897715777,-0.975032379316358,36,"LTBP4;EMILIN3;EMILIN2;GDF5;FBLN5;BMP2;MFAP4;LTBP3;FBN3;VTN"
"REACTOME_FRS_MEDIATED_FGFR3_SIGNALING",0.498015873015873,0.572314916304686,0.0789209638180035,0.333295649785222,0.980259137616477,15,"KRAS;NRAS;GRB2;FGF18;FGFR3;FRS2"
"KEGG_PYRUVATE_METABOLISM",0.502032520325203,0.57643938449606,0.0797705918628453,-0.258850051676121,-0.97257191812018,38,"PCK1;ACYP2;PC;ME3;LDHB;ACACB;LDHD;GRHPR;PDHA1;ALDH9A1;ALDH2;ACSS2;ACAT1;ALDH7A1;LDHAL6B;PKLR"
"REACTOME_FRS_MEDIATED_FGFR2_SIGNALING",0.504970178926441,0.578849104512064,0.0782955249944794,-0.312085043261205,-0.972890562573552,18,"FGF10;FGF17;FGF2;FGFR2;FRS3"
"REACTOME_PLATELET_CALCIUM_HOMEOSTASIS",0.50499001996008,0.578849104512064,0.0785029047348687,0.286222015266982,0.964151543558989,25,"ORAI2;P2RX5;ATP2A3;ATP2A2;P2RX7;ORAI1;SRI;P2RX4;CALM1;TRPC3;ATP2A1;SLC8A1"
"REACTOME_CELLULAR_HEXOSE_TRANSPORT",0.505952380952381,0.579049645099924,0.0780892306943345,-0.303328295726173,-0.951669180364111,19,"SLC5A9;SLC2A4;SLC5A1;SLC5A4;SLC2A2"
"REACTOME_GLYCOGEN_STORAGE_DISEASES",0.506024096385542,0.579049645099924,0.0787113806986485,-0.333167602587271,-0.979397324607315,15,"GYG2;GYS2;EPM2A;RPS27A;UBA52;PPP1R3C"
"REACTOME_APOPTOTIC_CLEAVAGE_OF_CELLULAR_PROTEINS",0.509803921568627,0.582880141030119,0.0770736734944102,0.25824235133835,0.964416809446208,38,"CASP3;CASP8;OCLN;BIRC2;STK26;CASP7;CLSPN;LMNB1;CDH1"
"REACTOME_ANCHORING_FIBRIL_FORMATION",0.512048192771084,0.583960206307463,0.0780892306943345,-0.330879601132175,-0.972671393014878,15,"LAMA3;LAMB3;TLL1;COL4A6"
"REACTOME_INSULIN_RECEPTOR_SIGNALLING_CASCADE",0.511247443762781,0.583960206307463,0.0791316651768349,-0.24755823243965,-0.968586406692128,45,"FGF10;KL;FGF17;FGF2;IRS2;KLB;GRB10;INSR;FGFR2"
"REACTOME_SIGNALING_BY_WNT_IN_CANCER",0.51171875,0.583960206307463,0.0766746872490091,0.263296907935841,0.957163590932649,33,"PPP2CA;DKK1;KREMEN2;GSK3B;PPP2R5E;FZD6;TNKS2;CSNK1A1;PPP2R1A;DKK2;AXIN1"
"REACTOME_SEMA4D_IN_SEMAPHORIN_SIGNALING",0.517578125,0.589767804311074,0.0760837160951725,0.282968692110259,0.950819613534803,24,"SEMA4D;LIMK1;RND1;RHOA;RAC1;MYL12B;RHOC;ERBB2;MYL6;ROCK1;ARHGAP35;RHOB;MYH9"
"REACTOME_GLUTATHIONE_CONJUGATION",0.51975051975052,0.591742990391639,0.0791316651768349,-0.268788123663254,-0.958116366573592,32,"GSTM5;GSTA4;GSTM2;GSTM4;GSTM1;GSTA1;MGST1;GSTT2B;ESD;GGT7;MGST2;GSTP1;GSTK1"
"REACTOME_EPHA_MEDIATED_GROWTH_CONE_COLLAPSE",0.524590163934426,0.596748979733001,0.0778840111977068,-0.285097175795851,-0.974329458693725,27,"MYH11;MYL9;EPHA2;MYH10"
"REACTOME_PURINE_CATABOLISM",0.527777777777778,0.599868840172382,0.0758886900606117,0.325246740647013,0.95658641120778,15,"PNP;NUDT5;ITPA"
"KEGG_TERPENOID_BACKBONE_BIOSYNTHESIS",0.533730158730159,0.606123213115631,0.0753093764172773,0.319751077981879,0.940423063296619,15,"IDI1;GGPS1;HMGCR;ACAT2;PDSS1;HMGCS1;PMVK"
"HALLMARK_APICAL_SURFACE",0.534412955465587,0.606387764282501,0.0762797180809272,-0.247850551710338,-0.961712373963524,43,"SRPX;SLC2A4;RHCG;CX3CL1;GAS1;PKHD1;TMEM8B;SCUBE1;CROCC"
"REACTOME_FATTY_ACYL_COA_BIOSYNTHESIS",0.535433070866142,0.60652418447694,0.0747385227439092,0.257028473163655,0.944227391381901,35,"PPT1;ACSL6;CBR4;HACD3;ELOVL1;SLC27A2;HACD4;ELOVL2"
"REACTOME_METABOLISM_OF_FOLATE_AND_PTERINES",0.535211267605634,0.60652418447694,0.0758886900606117,0.303118775401635,0.932953735246081,17,"MTHFD2;SLC25A32;DHFR2;SHMT2;MTHFR;DHFR;SLC19A1"
"REACTOME_EFFECTS_OF_PIP2_HYDROLYSIS",0.536926147704591,0.607704825445666,0.0753093764172773,-0.279003566586339,-0.939386275020048,25,"TRPC6;DGKB;PRKCE;DAGLA;ITPR1;DGKH;ITPR2;MGLL"
"REACTOME_FOXO_MEDIATED_TRANSCRIPTION",0.537698412698413,0.6080683391925,0.0749278818393739,0.229765748446663,0.944922136124286,59,"YWHAZ;YWHAQ;CDKN1A;BCL2L11;YWHAB;FASLG;CDKN1B;HDAC1;TXN;BBC3;NFYA;FOXO6;SIN3A;RBL2;SIRT1;CCNG2;NFYB"
"REACTOME_RAS_ACTIVATION_UPON_CA2_INFLUX_THROUGH_NMDA_RECEPTOR",0.543478260869565,0.613575121986745,0.0741758965588009,0.293380010318682,0.944761315364316,20,"KRAS;NRAS;RASGRF1"
"REACTOME_VITAMIN_B5_PANTOTHENATE_METABOLISM",0.543478260869565,0.613575121986745,0.0741758965588009,0.291955174487073,0.940172966713749,20,"AASDHPPT;PPCS;PDZD11;VNN2;PANK2;PANK3;ENPP1"
"REACTOME_NR1H2_AND_NR1H3_MEDIATED_SIGNALING",0.544378698224852,0.614077393478745,0.0739901439101341,0.242453884165973,0.939928855193829,44,"APOC1;APOC2;NRIP1;APOE;KDM1B;ABCG1;TBL1XR1;MOV10"
"REACTOME_COMPLEX_III_ASSEMBLY",0.544910179640719,0.614162978391044,0.0745500777420554,0.279859258712984,0.942718316114532,25,"HSPA9;UQCRQ;UQCC2;UQCR10;ISCU;NFS1;CYC1;UQCC1;UQCRB;UQCC6;UQCRH;UQCR11;UQCRC2;UQCRFS1;UQCRHL;UQCRC1"
"REACTOME_GLUCAGON_LIKE_PEPTIDE_1_GLP1_REGULATES_INSULIN_SECRETION",0.546747967479675,0.61520555940117,0.0753093764172773,-0.251707832888123,-0.945736607942343,38,"KCNB1;GNG11;ADCY6;ADCY5;GNG7;RAPGEF3;GLP1R;ITPR1;GNB3;PRKAR2B;PRKAR1B;KCNG2;RAPGEF4;ITPR2;PRKACA"
"REACTOME_SIGNALING_BY_NODAL",0.546719681908549,0.61520555940117,0.0741758965588009,-0.302816214994196,-0.943996016866213,18,"GDF1;CER1;ACVR1C;NODAL;SMAD4;ACVR2A;SMAD3;FOXO3;ACVR2B;LEFTY2;SMAD2"
"REACTOME_RHOQ_GTPASE_CYCLE",0.550200803212851,0.618574380926542,0.0743625384422526,-0.226410292680337,-0.946294279024039,59,"SYDE1;CAV1;ARHGAP26;DLC1;CDC42EP2;GFOD1;CDC42EP4;CFTR;ARHGAP33;CDC42BPA;GIT1;ARHGAP21;PLEKHG3;ARHGEF7;TRIP10;OBSCN"
"REACTOME_ADORA2B_MEDIATED_ANTI_INFLAMMATORY_CYTOKINES_PRODUCTION",0.550980392156863,0.618934640522876,0.0730744399126987,0.249667363758783,0.939871449251657,39,"GNG5;GNAI3;GNG10;GNB2;GNB4;ADCY7;GNAS;PRKACB;CREB1;GNGT2;GNB1"
"REACTOME_NUCLEAR_SIGNALING_BY_ERBB4",0.551456310679612,0.618953461112503,0.0725351864394589,0.261850912543505,0.93121882743402,31,"APH1A;ADAP1;APOE;STMN1;PSENEN;SRC;ADAM17;PSEN1;NCSTN;SPARC"
"KEGG_FRUCTOSE_AND_MANNOSE_METABOLISM",0.5546875,0.621785405766629,0.0725351864394589,0.255465758783634,0.928695004262113,33,"HK1;GFUS;ALDOA;PMM2;MTMR1;TPI1;SORD;GMPPA;PFKFB2;FBP1;MTMR6;FPGT;PFKFB4;PHPT1;GMPPB;AKR1B10;PFKP"
"REACTOME_ENERGY_DEPENDENT_REGULATION_OF_MTOR_BY_LKB1_AMPK",0.554901960784314,0.621785405766629,0.0727141077934447,0.265083458363659,0.924200535805587,29,"CAB39;LAMTOR5;PRKAG1;LAMTOR2;PRKAB1;RHEB;SLC38A9;LAMTOR1;RRAGC;LAMTOR3;MLST8"
"REACTOME_DOWNSTREAM_SIGNALING_OF_ACTIVATED_FGFR3",0.557312252964427,0.623967539033262,0.0728938564822936,0.28924665211585,0.931450807506818,20,"KRAS;NRAS;GRB2;FGF18;FGFR3;FRS2;SHC1"
"REACTOME_GABA_B_RECEPTOR_ACTIVATION",0.558943089430894,0.625274095064602,0.0741758965588009,-0.249389226576656,-0.944981707640812,39,"KCNJ16;GABBR1;GNAI1;GNG11;ADCY6;ADCY5;KCNJ12;GNG7;ADCY4;GNB3;ADCY3"
"REACTOME_SIGNALING_BY_NOTCH1_PEST_DOMAIN_MUTANTS_IN_CANCER",0.5625,0.628731343283582,0.0734381410838857,-0.226300260248674,-0.940606460597169,58,"MAML2;JAG2;KAT2A;HDAC4;HEY1;MAMLD1;HDAC5;MYC;JAG1;MAML3"
"KEGG_ADIPOCYTOKINE_SIGNALING_PATHWAY",0.567676767676768,0.633467121546592,0.0730744399126987,-0.223802644074541,-0.937936962180002,63,"PCK1;PPARGC1A;SLC2A4;LEP;PPARA;ACACB;IRS2;CD36;ADIPOQ;PRKAG3;RXRG"
"REACTOME_RUNX2_REGULATES_BONE_DEVELOPMENT",0.567676767676768,0.633467121546592,0.0730744399126987,-0.264531676712465,-0.916016010727126,28,"HDAC4;HEY1;ZNF521;GLI2;SMAD6;ABL1;YAP1;SMAD4;HDAC6;WWTR1;MAF"
"KEGG_LONG_TERM_DEPRESSION",0.57085020242915,0.635448025644193,0.0728938564822936,-0.224826821374054,-0.942434097268089,62,"CACNA1A;GNAI1;PLCB4;GRIA3;PLA2G4A;GUCY1A1;PPP1R17;CRHR1;IGF1;PLA2G6;RYR1;ITPR1;NOS1;GRIA1;GNA11;GRIA2;PLA2G3;PLA2G4B;JMJD7-PLA2G4B"
"REACTOME_POTASSIUM_CHANNELS",0.570866141732283,0.635448025644193,0.0714786287425507,0.209268563748983,0.942644615710587,91,"GNG5;KCNA3;KCNG3;GNG10;KCNJ15;HCN2;KCNJ6;GNB2;KCNK10;KCNJ10;KCNH1;KCNQ5;KCNK13;KCNAB2;KCNC3;GNB4;KCND2;KCNK6"
"REACTOME_SYNTHESIS_OF_LEUKOTRIENES_LT_AND_EOXINS_EX",0.570281124497992,0.635448025644193,0.0725351864394589,0.285970425004271,0.909173612422465,19,"MAPKAPK2;DPEP1;ALOX5AP"
"REACTOME_RUNX2_REGULATES_OSTEOBLAST_DIFFERENTIATION",0.571428571428571,0.635549269212636,0.0718276293603809,0.281599192247773,0.926962918318349,22,"RUNX2;CBFB;COL1A1;RB1;SRC"
"REACTOME_TRANSCRIPTIONAL_REGULATION_BY_MECP2",0.572289156626506,0.635981684363174,0.0723570851036907,0.232197900658529,0.926964278915792,53,"GPRIN1;CAMK4;PTPN1;SGK1;HDAC1;TBL1XR1;MOV10;CREB1;SIN3A;AURKB;OPRM1;HDAC2;IRAK1;CALM1;TRPC3;SOX2;HDAC3;SLC2A3;LBR"
"REACTOME_TRAFFICKING_OF_GLUR2_CONTAINING_AMPA_RECEPTORS",0.57606490872211,0.639650326983034,0.0725351864394589,0.297152872821605,0.896170962245607,16,"GRIP2;AP2M1;PRKCB;AP2S1;NSF;AP2B1"
"REACTOME_MECP2_REGULATES_NEURONAL_RECEPTORS_AND_CHANNELS",0.577464788732394,0.640676983712977,0.072003313661988,0.290977374052376,0.895584338629509,17,"GPRIN1;PTPN1;HDAC1;CREB1;SIN3A;OPRM1"
"REACTOME_DISEASES_OF_GLYCOSYLATION",0.58455114822547,0.64800571365784,0.0732558655828455,0.199135688184782,0.957371310810279,139,"BGN;SDC1;LUM;VCAN;THBS2;THBS1;GLB1;GPC6;DPM1;NEU1;HEXB;C1GALT1C1;ALG8;ADAMTS2;GALE;ADAMTS14;DPAGT1;MGAT2;ACAN;ALG1;NUS1;ADAMTSL2;ADAMTS6;CTSA;SDC4;KERA;OMD;PMM2;ALG6;ADAMTS4;MUC1;HEXA;LFNG;ADAMTS20;B4GALT1;ALG3;DOLK;ADAMTSL5;CHSY1;SRD5A3;SPON1;DPM2"
"REACTOME_SIGNALING_BY_FGFR4",0.586614173228346,0.649758344709787,0.070113215764256,0.248438045611725,0.912669342974362,35,"KRAS;PPP2CA;NRAS;GRB2;SRC;PPP2R1A;FGF18;UBC;MAPK1;FRS2;SHC1;UBB;CBL"
"KEGG_ETHER_LIPID_METABOLISM",0.587771203155819,0.650505403821054,0.070113215764256,0.262442406851466,0.903172531067603,28,"PLA2G2D;LPCAT1;PLA2G7;PAFAH2;PAFAH1B2;AGPS;PAFAH1B3"
"REACTOME_CELL_EXTRACELLULAR_MATRIX_INTERACTIONS",0.588469184890656,0.650743610527157,0.0704500850658419,-0.296665949300869,-0.924823244637747,18,"LIMS2;PARVA;FLNC"
"REACTOME_CA2_PATHWAY",0.590457256461233,0.652406870253887,0.0702812841717392,0.222116679421354,0.920162330977541,61,"KRAS;LEF1;GNG5;GNG10;GNB2;GNB4;MAP3K7;MOV10;PLCB2;GNGT2;FZD6;GNB1"
"REACTOME_DOWNSTREAM_SIGNALING_OF_ACTIVATED_FGFR2",0.594320486815416,0.656137605427666,0.0709609456938284,-0.278392829940676,-0.913911842821044,23,"FGF10;FGF17;FGF2;FGFR2;FRS3"
"REACTOME_SIGNALING_BY_EGFR_IN_CANCER",0.594810379241517,0.656141073009464,0.070113215764256,0.269224215447836,0.906893701539221,25,"KRAS;NRAS;GRB2;HSP90AA1;UBC;SHC1;UBB;CBL"
"REACTOME_SLC_MEDIATED_TRANSPORT_OF_INORGANIC_ANIONS",0.596116504854369,0.657044193412665,0.0686325631836726,0.254700529281199,0.905789962388065,31,"SLC20A1;SLC4A8;SLC12A3;SLC12A7;SLC4A2;SLC5A5;SLC5A8;SLC20A2;SLC26A6;SLC4A10"
"REACTOME_ION_CHANNEL_TRANSPORT",0.602020202020202,0.663009176734667,0.070113215764256,0.191182952089041,0.947988178221451,164,"ATP1A3;ATP6V1A;MCOLN2;ATP6V0E2;ATP6V0E1;ATP6V0B;ATP6AP1;WWP1;ATP6V0C;ATP6V1C2;ATP6V0D1;TTYH3;ATP2A3;ATP8A2;ATP6V1B2;ATP6V1F;ATP6V1C1;ATP10A;SGK1;ATP6V1H;OSTM1;PDZD11;ATP6V1G1;ATP13A2;ATP2C1;ATP6V1D"
"REACTOME_RND1_GTPASE_CYCLE",0.603550295857988,0.664151672503321,0.0687943095604775,0.238271959293147,0.909378736044352,41,"EPSTI1;DEPDC1B;RND1;VANGL1;STIP1;TFRC;LEMD3;GRB7;KIF14;UBXN11"
"REACTOME_FRS_MEDIATED_FGFR4_SIGNALING",0.608519269776876,0.669073389607854,0.0697792517076235,0.291213817371961,0.87825961248614,16,"KRAS;NRAS"
"KEGG_MELANOMA",0.612204724409449,0.672029290312652,0.0679922591544058,0.219845291571767,0.915873515447253,62,"KRAS;NRAS;PIK3CG;CDKN1A;E2F3;CDKN2A;PIK3R5;CDH1;E2F2;RB1;PIK3R3;PIK3CB;E2F1;FGF18;MAPK1;CDK4;MDM2;PIK3CD;AKT1"
"REACTOME_SIGNAL_TRANSDUCTION_BY_L1",0.612,0.672029290312652,0.0687943095604775,-0.276443823852206,-0.888684471816788,21,"EGFR;ITGA9;NCAM1"
"REACTOME_NCAM1_INTERACTIONS",0.613821138211382,0.673255406272533,0.0694481442003175,-0.240040280982821,-0.909556831060637,39,"COL6A6;CACNA1G;NCAM1;COL9A3;CACNB4;ST8SIA2;COL5A3;NRTN;PRNP;CACNB2;GFRA2;COL9A1;CACNA1C;COL4A2;COL9A2;COL2A1;PSPN"
"HALLMARK_PANCREAS_BETA_CELLS",0.616,0.674547522339561,0.0684714904492087,0.265057503808754,0.900085121472257,26,"SPCS1;SYT13;SRP9;VDR;SRPRB;SEC11A;SRP14;DPP4;MAFB"
"REACTOME_SIGNALING_BY_TYPE_1_INSULIN_LIKE_GROWTH_FACTOR_1_RECEPTOR_IGF1R",0.615541922290389,0.674547522339561,0.0696133438850965,-0.233777998125116,-0.914670414860411,45,"FGF10;KL;FGF17;FGF2;IGF2;IRS2;KLB;FGFR2;IGF1"
"KEGG_HISTIDINE_METABOLISM",0.617529880478088,0.675673927665959,0.0681513438679483,-0.261168825708402,-0.887729464349652,26,"MAOA;MAOB;ASPA;ALDH9A1;FTCD;ALDH3A1;ALDH2;ALDH7A1;TRMT11;HAL;ALDH3A2"
"KEGG_CYSTEINE_AND_METHIONINE_METABOLISM",0.619961612284069,0.677254768060095,0.066132620475844,0.245908897489792,0.888945739536147,32,"SDS;MAT2A;SMS;IL4I1;CBS;MAT2B;GOT2;ENOPH1;LDHA;DNMT1"
"REACTOME_DEVELOPMENTAL_LINEAGE_OF_MAMMARY_GLAND_LUMINAL_EPITHELIAL_CELLS",0.620408163265306,0.677254768060095,0.069119845655101,-0.267105198725336,-0.889703742759699,24,"KRT5;KIT;SLPI;TP63;ALDH1A1;ITGA6"
"REACTOME_EPHRIN_SIGNALING",0.620481927710843,0.677254768060095,0.0683110858318647,0.278456988377589,0.885286462835282,19,"EPHB2;MYL12A;PAK2;PAK1;RAC1;SRC"
"REACTOME_PLATELET_HOMEOSTASIS",0.623188405797101,0.679658552600722,0.0696133438850965,-0.208418407483718,-0.918993752346373,82,"KCNMB1;PDE9A;PDE2A;PDE11A;PDE5A;P2RX6;TRPC6;GNG11;PLA2G4A;GUCY1A1;APOB;KCNMB2;GNG7;ITPR1;IRAG1;GNB3;NOS1"
"KEGG_GLYCOSYLPHOSPHATIDYLINOSITOL_GPI_ANCHOR_BIOSYNTHESIS",0.62874251497006,0.685161608876023,0.0673623868166279,0.263666993673207,0.888173953699733,25,"PIGA;PIGM;PIGX;PIGK;PIGT;DPM2;PIGU;PIGP;PIGW;PIGQ"
"REACTOME_NCAM_SIGNALING_FOR_NEURITE_OUT_GROWTH",0.632,0.688155088852989,0.0672065093710464,0.21825822531581,0.899949177069684,60,"KRAS;NRAS;ST8SIA4;CACNA1I;COL5A1;COL5A2;COL6A3;COL3A1;COL6A5;GRB2;SRC;CREB1;ARTN;CACNB3"
"REACTOME_XENOBIOTICS",0.634577603143418,0.69040404280656,0.066132620475844,-0.290896374402035,-0.879484083910973,16,"CYP2D6;CYP3A4;CYP2C8;CYP3A5;CYP2W1;CYP3A7;CYP3A43"
"REACTOME_O_LINKED_GLYCOSYLATION_OF_MUCINS",0.635270541082164,0.690600555950611,0.0670512579829467,-0.221640570387082,-0.912241514134428,55,"MUC6;MUCL1;CHST4;GALNT16;MUC15;ST3GAL3;GALNT17;B4GALT6;GALNT15;MUC4;B3GNTL1;ST6GALNAC3;B3GNT3;GALNT13;GALNT11;MUC3A;GALNT8;MUC20"
"KEGG_BIOSYNTHESIS_OF_UNSATURATED_FATTY_ACIDS",0.639442231075697,0.694575445197454,0.066436413766281,0.266842598322603,0.869205768173751,21,"FADS2;ACOT4;ACOT7;YOD1;ELOVL2"
"REACTOME_VASOPRESSIN_REGULATES_RENAL_WATER_HOMEOSTASIS_VIA_AQUAPORINS",0.640243902439024,0.694886296689054,0.0673623868166279,-0.236123262261266,-0.887181024702181,38,"GNG11;ADCY6;AQP1;ADCY5;GNG7;AQP4;ADCY4;GNB3;ADCY3;PRKAR2B;AVPR2;PRKAR1B"
"REACTOME_DOWNSTREAM_SIGNALING_OF_ACTIVATED_FGFR4",0.647410358565737,0.702099085556407,0.0658311958368866,0.264565521869603,0.861788481728627,21,"KRAS;NRAS"
"REACTOME_DOWNREGULATION_OF_ERBB2_SIGNALING",0.649019607843137,0.703278481810731,0.0649407684612899,0.251704212594721,0.877554448627396,29,"ERBIN;CUL5;HSP90AA1;USP8;PTPN12;STUB1;UBC;ERBB2;ERBB3;AKT1;NRG4;UBB"
"REACTOME_ERK_MAPK_TARGETS",0.650793650793651,0.704634410658507,0.0653834195468773,0.266762167094888,0.878122678312338,22,"PPP2CA;RPS6KA1;ELK1;VRK3;PPP2R1A;MAPK1;MAPK14;DUSP4;MEF2A;PPP2R5D"
"REACTOME_IRS_MEDIATED_SIGNALLING",0.652525252525253,0.705942247515281,0.066132620475844,-0.233772247511858,-0.895458195036985,40,"FGF10;KL;FGF17;FGF2;IRS2;KLB"
"REACTOME_METABOLISM_OF_NITRIC_OXIDE_NOS3_ACTIVATION_AND_REGULATION",0.6579476861167,0.71123775532102,0.0655321029282414,0.279068568237544,0.858930835881136,17,"LYPLA1;WASL;HSP90AA1;DNM2;AKT1;CYB5B;NOSIP;SPR;CALM1"
"REACTOME_SIGNALING_BY_NOTCH2",0.65979381443299,0.712661908538197,0.0665892104103933,-0.235993736544847,-0.870452940569338,36,"MAML2;JAG2;MAMLD1;JAG1;MAML3;NOTCH2NLC;DLL1;MIB2;NOTCH2NLA;NOTCH2NLB;HES5;RPS27A;UBA52;CNTN1;NEURL1B"
"REACTOME_SYNTHESIS_OF_GLYCOSYLPHOSPHATIDYLINOSITOL_GPI",0.661322645290581,0.713741333748361,0.0650877566917313,0.276983914166579,0.861333879907958,18,"PIGA;PIGM;PIGX;DPM2;PIGP;PIGW;PIGQ"
"REACTOME_INFLUENZA_VIRAL_RNA_TRANSCRIPTION_AND_REPLICATION",0.665384615384615,0.717550769230769,0.0628003977812234,-0.19286109592577,-0.924703136635704,133,"RPL13;RPS6;RPLP2;RPL4;RPL3;RPS9;POLR2F;RPS16;RPL18A;RPS3A;RPL32;RPL13A;RPL23A;RPL37A;RPL7;RPL22;RPL27;RPS28;RPL34;RPS23;RPS12;RPS5;RPL38;RPL8;RPS8;RPL14;RPS20;RPL31;RPS27A;RPL10;RPL5;RPL12;UBA52;RPL11;RPL18;RPLP1;RPL35;RPS3;RPS4X;RPL23;RPS19;RPS29;RPL29;RPL26;RPL9;RPL10A;RPL17;RPL21;IPO5;RPL39;RPL19;RPL37;NUP214;RPL7A;RPS11;RPL6;RPS7;RPS25;RPS18;RPS14;RPL27A;RPL15;RPS15"
"REACTOME_NEGATIVE_REGULATION_OF_FGFR4_SIGNALING",0.668662674650699,0.720509420806668,0.0643583367917361,-0.255745946804444,-0.861079430845762,25,"SPRY2;FGF17;FGF2;KLB"
"REACTOME_UPTAKE_AND_ACTIONS_OF_BACTERIAL_TOXINS",0.670588235294118,0.722007141514753,0.0633597010643758,0.245491088408135,0.855892694485077,29,"ANTXR1;TXNRD1;CD9;SYT1;HSP90AB1;HSP90AA1;PDCD6IP;VAMP1;STX1A"
"REACTOME_ATTACHMENT_AND_ENTRY",0.676706827309237,0.728013410385356,0.0640703750499722,0.2681877962602,0.852638056994406,19,"SDC1;GPC6;CTSL;SDC4"
"KEGG_NOTCH_SIGNALING_PATHWAY",0.689161554192229,0.740821192225777,0.0640703750499722,-0.223726384394079,-0.875342874308613,45,"MAML2;JAG2;KAT2A;NOTCH3;NOTCH4;JAG1;MAML3;DTX4"
"HALLMARK_FATTY_ACID_METABOLISM",0.691860465116279,0.743129806355971,0.0613026075396207,-0.186525911093631,-0.919391106805615,153,"MAOA;GPD1;AQP7;CA6;AUH;G0S2;AOC3;ADH1C;PPARA;D2HGDH;HADH;CD36;CIDEA;ACADVL;ACADS;ACADL;CYP4A11;INMT;GRHPR;ALDH1A1;ALAD;PTPRG;ENO3;GAPDHS;HIBCH;PDHA1;SUCLG1;ECH1;RETSAT;ALDH9A1;FMO1;LGALS1"
"REACTOME_SIGNALING_BY_BMP",0.694280078895464,0.745134989133029,0.0619762736001998,0.245883109069123,0.846185159742184,28,"INHBA;UBE2D1;SMAD7;UBE2D3;ZFYVE16;BMPR2;BMPR1B"
"KEGG_MELANOGENESIS",0.698630136986301,0.747423352902805,0.0613026075396207,0.196107070319341,0.886613818215167,93,"KRAS;LEF1;WNT7B;GNAI3;NRAS;WNT9A;CALM2;PRKCB;CREB3L1;GSK3B;ADCY7;WNT2;GNAS;PLCB2;PRKACB;CREB1;DVL3"
"REACTOME_FGFR2_MUTANT_RECEPTOR_ACTIVATION",0.698,0.747423352902805,0.0623861492893626,0.251644745426496,0.854537932336712,26,"POLR2K;POLR2B;POLR2D;POLR2G;POLR2J;NCBP2;POLR2H"
"REACTOME_G_PROTEIN_MEDIATED_EVENTS",0.697768762677485,0.747423352902805,0.0630790410571939,-0.216992703858751,-0.869239857459301,50,"PDE1C;GNAI1;PLCB4;ADCY6;PLA2G4A;ADCY5;ADCY4;ITPR1;ADCY3;CAMKK1;PRKAR2B;GNA11;PRKAR1B;ITPR2;PRKACA;GNAL;PDE1B"
"REACTOME_METABOLISM_OF_AMINO_ACIDS_AND_DERIVATIVES",0.69857433808554,0.747423352902805,0.0632191170859458,0.172121179697507,0.927457971307332,339,"SEPHS2;TXNDC11;PSMA5;PSMC2;PSMA6;PSMA4;BCAT1;SDS;PSMA2;KMO;SLC7A5;NNMT;SMS;AZIN1;RPS27L;SLC6A12;TDO2;PSMD6;TXNRD1;PSMA1;MTRR;PSMD14;SAT1;PSMD12;PSMB4;PSMD1;AZIN2;IL4I1;PYCR1;GSR;PSMB1;NQO1;SQOR;PSMA3;PSMD2;PSMB2;PPM1K;PSMC6;NMRAL1;RPL26L1;CBS;ADRM1;EEF1E1;PSMC4;SDSL;PSMD7;IDO1;SLC44A1;MARS1;PSMA7;MCCC2;EPRS1;ALDH18A1;SLC25A44;GOT2;PSMB3;SERINC2;OAZ1;OAZ3;SLC25A21;SEM1;PSMB5;ENOPH1;HSD17B10;RARS1;SLC5A5;IYD;AGMAT;AIMP1;RPL39L;PSMD8;PSMD11;PSMD3;PYCR3;SERINC3;IARS1;PAOX;SUOX;DDO;HGD;SLC3A2;DHTKD1;ADO;PSMC5;PSMC3"
"KEGG_GLYOXYLATE_AND_DICARBOXYLATE_METABOLISM",0.700803212851406,0.749153632770575,0.0623861492893626,-0.283579065646901,-0.833624206112495,15,"GRHPR;HYI;ACO1;GLYCTK;MTHFD1;MTHFD2L"
"REACTOME_SHC1_EVENTS_IN_ERBB2_SIGNALING",0.70281124497992,0.750704879740833,0.062249042949858,-0.260344231212821,-0.848008842660277,22,"EGFR;NRG2"
"REACTOME_CARBOXYTERMINAL_POST_TRANSLATIONAL_MODIFICATIONS_OF_TUBULIN",0.708086785009862,0.755143185279505,0.0610363728309177,0.227889908885209,0.869755039216881,41,"TUBB3;AGBL2;TUBA1C;TUBA4B;TUBA1B;TUBA1A;VASH1;TUBA4A;TTLL9;TUBB8;TTL;TUBB4B;TTLL13;TUBB1;TTLL6;VASH2;TUBA3D"
"REACTOME_GLUCAGON_SIGNALING_IN_METABOLIC_REGULATION",0.707843137254902,0.755143185279505,0.0607719451853533,0.239405006206899,0.834673866022296,29,"GNG5;GNG10;GNB2;GNB4;ADCY7;GNAS;PRKACB;GNB1"
"REACTOME_SIGNALING_BY_NOTCH1_HD_DOMAIN_MUTANTS_IN_CANCER",0.710843373493976,0.75748368969951,0.0617054053637522,-0.280173412831021,-0.8236127667333,15,"JAG2;JAG1;DLL1;MIB2;RPS27A;UBA52;NEURL1B;NOTCH1"
"REACTOME_ACTIVATED_NOTCH1_TRANSMITS_SIGNAL_TO_THE_NUCLEUS",0.712525667351129,0.758676618948912,0.0626618230932491,-0.242272813395449,-0.857362118281989,31,"JAG2;DNER;ARRB1;JAG1;DTX4;DLL1;DLK1;MIB2;RPS27A;DTX1;UBA52;CNTN1;NEURL1B;NOTCH1"
"REACTOME_DISEASES_OF_METABOLISM",0.713414634146341,0.75902362022831,0.0621124188949471,-0.173875214741928,-0.910565640250388,253,"ADAMTS18;MAOA;ADAMTS8;ADAMTS5;GYG2;ADAMTS9;GYS2;ADAMTS3;MUC6;CHST3;AUH;ADAMTS1;PRELP;GPC3;ADAMTSL4;MUCL1;CPS1;HYAL1;PC;SEMA5B;GNE;PGM1;MUC15;NOTCH3;CD320;ST3GAL3;OGN;PCCA;B4GAT1;CYP4F22;NOTCH4;CYP26B1;FMO3;FMOD;ADAMTS15;THSD7B;GALT;EPM2A;CYP11A1;CUBN;ASS1;ABCD4;THSD1"
"REACTOME_FERTILIZATION",0.715127701375246,0.760246168338984,0.0603786357920401,-0.274357328069413,-0.829480614316319,16,"CATSPER2;KCNU1;ADAM20;CATSPERG;IZUMO1;ADAM21;ZP1;CATSPER3;IZUMO4;ZP3"
"REACTOME_SIGNALING_BY_ACTIVIN",0.716297786720322,0.760890005121351,0.0614364107201271,0.264111357900469,0.812894805172231,17,"INHBA;DRAP1"
"REACTOME_ESTROGEN_DEPENDENT_NUCLEAR_EVENTS_DOWNSTREAM_OF_ESR_MEMBRANE_SIGNALING",0.71875,0.762893700787402,0.0598603117764473,0.25275584052261,0.849299648000385,24,"UHMK1;CDKN1B;XPO1;ELK1;CREB1"
"REACTOME_REGULATION_OF_EXPRESSION_AND_FUNCTION_OF_TYPE_II_CLASSICAL_CADHERINS",0.728952772073922,0.7731143483522,0.0615706755421678,-0.239692749549051,-0.848231712878061,31,"ADAM33;CDH19;SOX10"
"REACTOME_CHAPERONE_MEDIATED_AUTOPHAGY",0.733067729083665,0.776827682124322,0.0598603117764473,0.248334750899646,0.808918813101214,21,"HSPA8;LAMP2;HSP90AB1;HSP90AA1;UBC;PLIN3;ARL13B;UBB"
"REACTOME_DRUG_ADME",0.733606557377049,0.776827682124322,0.0611692626746689,-0.198748487097954,-0.866332271685964,76,"PCK1;AKR1C1;ADH1A;GLYAT;CYP2D6;SLCO1A2;ABCG2;CES1;SLC22A3;CYP3A4;GSTM1;CYP2C8;ABCB1"
"REACTOME_RORA_B_C_AND_NR1D1_REV_ERBA_REGULATE_GENE_EXPRESSION",0.734530938123752,0.777196000463751,0.0598603117764473,0.245679618759188,0.827582684115704,25,"HELZ2;NRIP1;NCOA2;TBL1XR1;TGS1;MED1;CPT1A;CARM1;NCOA6;HDAC3"
"REACTOME_CELLULAR_RESPONSE_TO_STARVATION",0.738241308793456,0.780509242551827,0.0607719451853533,0.183832116937974,0.896109487283044,151,"ATP6V1A;ATP6V0E2;ATP6V0E1;ATP6V0B;ATP6V0C;ATP6V1C2;EIF2S2;ATP6V0D1;RPS27L;ATP6V1B2;ATP6V1F;SH3BP4;ATP6V1C1;TRIB3;LAMTOR5;ATP6V1H;MIOS;LAMTOR2;RPL26L1;EIF2S1;ATF2;ATP6V1G1;ATP6V1D;EIF2S3"
"REACTOME_ADRENALINE_NORADRENALINE_INHIBITS_INSULIN_SECRETION",0.74124513618677,0.783070880548406,0.0582216241124161,0.237872773405792,0.815530216366079,27,"GNG5;GNG10;GNB2;GNB4;GNGT2;CACNB3;GNB1"
"REACTOME_MYOGENESIS",0.742393509127789,0.783545718756986,0.0601186142531851,-0.251319566428576,-0.825035357917336,23,"BOC;MAPK12;CDON;MAPK11;MAP2K6"
"REACTOME_NEGATIVE_REGULATION_OF_FGFR3_SIGNALING",0.742857142857143,0.783545718756986,0.0603786357920401,-0.24632748309588,-0.820495013578306,24,"SPRY2;FGF17;FGF2"
"KEGG_TYPE_II_DIABETES_MELLITUS",0.74901185770751,0.789419846903615,0.0584693210386381,0.218831809025902,0.840713998258619,42,"TNF;MAPK9;PIK3CG;PKM;HK1;PIK3R5;SOCS4;SOCS3;PIK3R3;PIK3CB;CACNA1E;PRKCZ;MAPK1;IKBKB;PIK3CD"
"KEGG_HEDGEHOG_SIGNALING_PATHWAY",0.750507099391481,0.790377789046653,0.0596037042575973,-0.209475612843469,-0.838625005085472,49,"PTCH1;WNT11;PTCH2;GAS1;HHIP;WNT6;GLI2;BMP2;CSNK1E;BMP5;SMO;LRP2;WNT2B;PRKACA"
"REACTOME_ARACHIDONATE_METABOLISM",0.75152749490835,0.790834553580372,0.0597317976364411,-0.207106513988567,-0.849382349837232,54,"SLC27A1;AKR1C3;PLA2G4A;CYP4F22;CYP4A11;PTGR1;ALOX12B;EPHX2;CYP2C8;PTGES;ALOX12;AWAT1"
"KEGG_GLYCEROPHOSPHOLIPID_METABOLISM",0.765873015873016,0.805301735878959,0.057609110864425,0.19359811545572,0.835389146993379,71,"LYPLA1;PLA2G2D;ETNK1;LPCAT1;LCLAT1;LYPLA2;MBOAT1;PLA2G15;DGKA;MBOAT7;CDS1;MBOAT2;PLA2G2A;AGPAT3;LPCAT3;ETNK2;CRLS1;GPAT4;DGKD;GPD2;PCYT1A;PLPP2;PTDSS1;LPGAT1"
"REACTOME_BRANCHED_CHAIN_AMINO_ACID_CATABOLISM",0.766932270916335,0.805786984563694,0.0577308549299813,0.240165822581014,0.782309569828261,21,"BCAT1;PPM1K;MCCC2;SLC25A44;HSD17B10"
"REACTOME_THE_PHOTOTRANSDUCTION_CASCADE",0.780439121756487,0.819339514118181,0.0570059526582387,-0.236762663963562,-0.797163992151791,25,"NMT2;GRK4;CNGA1;GRK1;GRK7;GUCA1B;METAP1;SLC24A1;PRKCA;CAMKMT;RGS9;PDE6A"
"REACTOME_INLB_MEDIATED_ENTRY_OF_LISTERIA_MONOCYTOGENES_INTO_HOST_CELL",0.781746031746032,0.820072879995059,0.0566484183613995,0.260348318260911,0.7657130181651,15,"STAM;GRB2;STAM2;UBC;SH3GL1;UBB;CBL"
"REACTOME_CA_DEPENDENT_EVENTS",0.788501026694045,0.826515850687071,0.0578529757032509,-0.225669648157337,-0.814921432136074,34,"PDE1C;ADCY6;PLA2G4A;ADCY5;ADCY4;ADCY3;CAMKK1;PRKAR2B;PRKAR1B;PRKACA"
"KEGG_TRYPTOPHAN_METABOLISM",0.791752577319588,0.829279311753538,0.0578529757032509,-0.216465659928012,-0.798424453866018,36,"MAOA;HAAO;MAOB;HADH"
"REACTOME_GLYCOSPHINGOLIPID_BIOSYNTHESIS",0.797595190380762,0.834750245833281,0.0561766586307176,0.249954551079807,0.777280962073283,18,"UGCG;B3GALNT1"
"REACTOME_TRP_CHANNELS",0.802395209580838,0.839122375884383,0.0557104226766671,-0.232458101681879,-0.782670819978915,25,"TRPM3;TRPC6;TRPC5;TRPM6;TRPC1;MCOLN3;TRPV1"
"REACTOME_FGFR1_MUTANT_RECEPTOR_ACTIVATION",0.80439121756487,0.84055764440112,0.0555947097758869,-0.232345668066287,-0.782292263544563,25,"FGF17;FGF2;STAT5A;STAT5B"
"REACTOME_SURFACTANT_METABOLISM",0.808,0.843674670797831,0.0554793308704233,0.226073140136847,0.767701600134696,26,"CTSH;ADA2;CCDC59;ADORA2A;CSF2RB;CSF2RA;CKAP4;SFTPA2;P2RY2;LMCD1"
"REACTOME_METABOLIC_DISORDERS_OF_BIOLOGICAL_OXIDATION_ENZYMES",0.809034907597536,0.844101436100216,0.0566484183613995,-0.225527088248055,-0.792741544767064,30,"MAOA;CYP4F22;CYP26B1;FMO3;CYP11A1;CYP17A1"
"REACTOME_ACTIVATION_OF_THE_MRNA_UPON_BINDING_OF_THE_CAP_BINDING_COMPLEX_AND_EIFS_AND_SUBSEQUENT_BINDING_TO_43S",0.814516129032258,0.848506755746124,0.0554793308704233,-0.197333988880646,-0.820209506752578,58,"RPS6;EIF3L;RPS9;EIF3K;RPS16;RPS3A;EIF3F;EIF4B;RPS28;RPS23;RPS12;RPS5;RPS8;RPS20;RPS27A;EIF3D;RPS3;RPS4X;RPS19;RPS29;RPS11;RPS7;RPS25;RPS18;RPS14;RPS15"
"REACTOME_DEFECTS_IN_VITAMIN_AND_COFACTOR_METABOLISM",0.814,0.848506755746124,0.0551351763385257,-0.237960783225734,-0.764972969941009,21,"PC;CD320;PCCA;CUBN;ABCD4;BTD;MMAB;TCN2;AMN"
"KEGG_GLYCEROLIPID_METABOLISM",0.815789473684211,0.848521767381416,0.0555947097758869,-0.208029170509369,-0.807197022736676,43,"LPL;DGAT2;GPAT2;DGKB;GPAM;PLPP3;DGKH;GLYCTK;ALDH9A1;AGPAT2;MGLL;ALDH2;ALDH7A1;GPAT3;PLPP1;DGAT1"
"REACTOME_DISASSEMBLY_OF_THE_DESTRUCTION_COMPLEX_AND_RECRUITMENT_OF_AXIN_TO_THE_MEMBRANE",0.815686274509804,0.848521767381416,0.0541200569620232,0.225319449343499,0.785565259696453,29,"PPP2CA;GSK3B;PPP2R5E;DVL3;CSNK1A1;PPP2R1A;FZD2;AXIN1;PPP2R5C;CSNK1G2;PPP2R5D;FRAT1"
"REACTOME_RND2_GTPASE_CYCLE",0.820158102766798,0.85240795877382,0.0542315935495841,0.208654129947951,0.801613113845581,42,"DEPDC1B;VANGL1;BLTP3B;TFRC;LEMD3;ARHGAP1;KIF14;UBXN11;KTN1;CKAP4;FRS2;FNBP1;ARHGAP35;TXNL1;GOLGA3;RBMX;KCTD13"
"REACTOME_NOTCH2_ACTIVATION_AND_TRANSMISSION_OF_SIGNAL_TO_THE_NUCLEUS",0.82435129740519,0.856105969878425,0.0544555953940371,0.227590874309071,0.766649946756713,25,"MDK;NEURL1;APH1A;PSENEN;ADAM10"
"REACTOME_RNA_POLYMERASE_III_TRANSCRIPTION_TERMINATION",0.827111984282908,0.858311743505281,0.0535669384770951,0.22803382137954,0.761227926338161,23,"POLR2K;POLR3K;POLR3F;SSB;POLR2H;POLR3C"
"KEGG_ONE_CARBON_POOL_BY_FOLATE",0.833663366336634,0.864444782939832,0.0535669384770951,-0.242125624626429,-0.74116256371231,17,"ALDH1L1;SHMT1;AMT;FTCD;MTHFD1;MTHFD2L"
"REACTOME_HIGH_LAMINAR_FLOW_SHEAR_STRESS_ACTIVATES_SIGNALING_BY_PIEZO1_AND_PECAM1_CDH5_KDR_IN_ENDOTHELIAL_CELLS",0.836614173228346,0.866837744436442,0.0531298054705469,0.187045471594291,0.793971502747097,66,"GNG5;GNG10;GNB2;PANX1;MMP14;PDPK1;GNB4;ADCY7;GNAS;RICTOR;PRKACB;GNGT2;PIK3CB;GNB1;ADCY9;PIK3CD;AKT1;P2RY2;GNG13;PRKAR2A;CAPN2;CALM1"
"REACTOME_SLC_MEDIATED_TRANSPORT_OF_ORGANIC_ANIONS",0.838264299802761,0.867880396416376,0.0531298054705469,0.220137940317131,0.757585418932543,28,"SLC44A4;EMB;SLC16A3;SLC44A1;SLC16A1;SLC5A8;SLCO2B1;BSG;SLC44A5;SLC25A10;SLCO2A1"
"KEGG_ALANINE_ASPARTATE_AND_GLUTAMATE_METABOLISM",0.83921568627451,0.868198576437482,0.052805004567129,0.221554522963617,0.772439027682452,29,"IL4I1;ADSS2;PPAT;ABAT;GOT2;GFPT2;DDO;GFPT1;NIT2;ASNS;GLUL;GLS"
"REACTOME_PARACETAMOL_ADME",0.841269841269841,0.869656246956861,0.0532386494755899,0.223819813698995,0.736765848040285,22,"ABCC5;NAT1;ABCC3;ABCC4;GGT1;CNDP2"
"KEGG_ARGININE_AND_PROLINE_METABOLISM",0.851485148514851,0.879541747278176,0.0525898950623616,0.197185008758986,0.782727021114561,51,"P4HA3;LAP3;SMS;SAT1;AZIN2;PYCR1;P4HA1;ALDH18A1;GOT2;P4HA2;AGMAT;ALDH1B1;PYCR3;AOC1;AMD1;GLUL;GLS;PYCR2"
"REACTOME_TIGHT_JUNCTION_INTERACTIONS",0.85408560311284,0.881552368297174,0.05163559644842,0.216574898898539,0.742511938753417,27,"PARD6B;CLDN3;CLDN4;CLDN9;CLDN1;CLDN7;F11R;PRKCI;CLDN12;CRB3"
"REACTOME_PHASE_II_CONJUGATION_OF_COMPOUNDS",0.856581532416503,0.883452108414266,0.0519512476197082,0.182679974320933,0.797100141034874,75,"MAT2A;NNMT;SLC35D1;MTRR;ABHD10;TPMT;GSTO1;UGDH;NAT1;TRMT112;MAT2B;GGCT;AKR1A1;BPNT1;GCLM;GGT1;CHAC1;GSS;CNDP2"
"REACTOME_ION_TRANSPORT_BY_P_TYPE_ATPASES",0.858546168958743,0.884801403483475,0.0518457624865066,0.194687900315099,0.776060740174445,50,"ATP1A3;ATP2A3;ATP8A2;ATP10A;PDZD11;ATP13A2;ATP2C1;ATP2A2;ATP8B1;ATP8B2;ATP9A;SRI;ATP7A"
"REACTOME_NOTCH3_ACTIVATION_AND_TRANSMISSION_OF_SIGNAL_TO_THE_NUCLEUS",0.862275449101796,0.887965855912316,0.0523759084097997,-0.218140734534791,-0.734465206133347,25,"EGFR;JAG2;NOTCH3;JAG1;DLL1;MIB2;RPS27A;UBA52;NEURL1B;EGF"
"REACTOME_GAMMA_CARBOXYLATION_HYPUSINYLATION_HYDROXYLATION_AND_ARYLSULFATASE_ACTIVATION",0.863636363636364,0.888688410825815,0.0518457624865066,0.187314257307754,0.76796498891498,58,"ARSB;ETF1;DPH5;ARSG;PROC;ZC3H15;F7;DPH3;U2AF2;EIF5A2;ARSI;EIF5A;DNAJC24;DPH2;OGFOD1;SUMF2;RIOX1;TPST2;ARSJ;ARSH"
"KEGG_GALACTOSE_METABOLISM",0.869047619047619,0.893574516000145,0.0517405459873163,0.216051791939678,0.711195220290612,22,"GLB1;GALE;HK1;PGM2;GAA;B4GALT1;GLA"
"REACTOME_VLDLR_INTERNALISATION_AND_DEGRADATION",0.87426326129666,0.898252192246873,0.051011413203915,-0.230928268297946,-0.698178988688508,16,"VLDLR"
"REACTOME_SYNTHESIS_OF_PA",0.876796714579055,0.900169056551841,0.0529129848430583,-0.211591949722765,-0.764085095645298,34,"GPD1;PLA2R1;GPAT2;GPAM;PLA2G4A"
"REACTOME_NEPHRIN_FAMILY_INTERACTIONS",0.882470119521912,0.905304201762205,0.051218434854034,0.216368374772169,0.704792415396066,21,"CD2AP;IQGAP1;WASL;PIK3CB;CASK;NCK1"
"REACTOME_TRANSCRIPTIONAL_REGULATION_OF_PLURIPOTENT_STEM_CELLS",0.884,0.906184030418251,0.0513223330421143,-0.224877886983749,-0.722915359195258,21,"HIF3A;FGF2"
"REACTOME_DISEASES_OF_CARBOHYDRATE_METABOLISM",0.885654885654886,0.907190566765035,0.0530212512043078,-0.207000104298936,-0.737868121211061,32,"GYG2;GYS2;HYAL1;EPM2A;KHK;SGSH;RPS27A;UBA52;NAGLU;PPP1R3C"
"REACTOME_EGFR_DOWNREGULATION",0.88911704312115,0.910045386581101,0.0522693317499306,-0.209841962901238,-0.742594875983042,31,"EGFR;SPRY2;SPRY1;ARHGEF7;SH3KBP1;RPS27A;UBA52;SH3GL2"
"REACTOME_SARS_COV_2_MODULATES_HOST_TRANSLATION_MACHINERY",0.892494929006085,0.912809684598029,0.051530912208539,-0.184317399836626,-0.737905373695395,49,"GEMIN4;RPS6;RPS9;RPS16;RPS3A;RPS28;RPS23;RPS12;RPS5;RPS8;RPS20;RPS27A;RPS3;RPS4X;RPS19;RPS29;RPS11;RPS7;RPS25;RPS18;RPS14;RPS15;GEMIN8;RPS13"
"KEGG_CITRATE_CYCLE_TCA_CYCLE",0.894308943089431,0.913971535469714,0.051530912208539,-0.206802817639142,-0.71908510003611,29,"PCK1;PC;ACO1;PDHA1;SUCLG1"
"KEGG_VALINE_LEUCINE_AND_ISOLEUCINE_DEGRADATION",0.901010101010101,0.920122436486073,0.0509082865515105,-0.192517109047197,-0.752200048133106,44,"AUH;HADH;PCCA;ACADS;HIBADH;OXCT1;HIBCH;ALDH9A1;ACAA2;ALDH2;ALDH6A1;ACAT1;ALDH7A1;HADHA;EHHADH;HMGCS2"
"KEGG_PENTOSE_PHOSPHATE_PATHWAY",0.908730158730159,0.927303750165219,0.0496901392724606,0.203193000477833,0.668866892697147,22,"PRPS1;ALDOA;PGM2;G6PD;FBP1;RPE;PRPS2;TALDO1;DERA"
"REACTOME_ASSEMBLY_AND_CELL_SURFACE_PRESENTATION_OF_NMDA_RECEPTORS",0.91501976284585,0.933015612947205,0.0491927521045191,0.187531294119298,0.720462828413515,42,"TUBB3;TUBA1C;TUBA4B;TUBA1B;TUBA1A;DLG3;LIN7C;TUBA4A;CASK;GRIN2D;TUBB8;TUBB4B;TUBB1"
"REACTOME_SYNTHESIS_OF_VERY_LONG_CHAIN_FATTY_ACYL_COAS",0.923379174852652,0.940827760923186,0.048505983646947,0.195016730696179,0.651009488903912,23,"ACSL6;HACD3;ELOVL1;HACD4;ELOVL2;ACSBG1"
"REACTOME_ASSEMBLY_OF_THE_HIV_VIRION",0.929006085192698,0.945132228558307,0.0496901392724606,0.212668005752327,0.641376573425676,16,"TSG101;PPIA;VPS37C;UBC;UBB"
"REACTOME_REGULATION_OF_TP53_ACTIVITY_THROUGH_METHYLATION",0.928571428571429,0.945132228558307,0.048701086452153,-0.210460431091812,-0.660303403204532,19,"L3MBTL1;RPS27A;UBA52;MDM4;EHMT1;TP53;EHMT2;EP300;TTC5;SMYD2;JMY;PRMT5;SETD9;KMT5A;UBB;CHEK2;ATM;MDM2;UBC"
"REACTOME_COBALAMIN_CBL_VITAMIN_B12_TRANSPORT_AND_METABOLISM",0.93452380952381,0.949444514911175,0.0484087618816951,-0.208441921083379,-0.653970483419768,19,"CD320;CUBN;ABCD4;PRSS3;LRP2;MMAB;TCN2;AMN"
"REACTOME_PROTEIN_METHYLATION",0.934653465346535,0.949444514911175,0.0483117581055019,-0.21087276247306,-0.645495483977661,17,"EEF2;ETFB;EEF1A1"
"REACTOME_FORMATION_OF_FIBRIN_CLOT_CLOTTING_CASCADE",0.941056910569106,0.955229454402978,0.0491927521045191,-0.189254197755665,-0.658065858478072,29,"F3;F10;KLKB1;F8;VWF;TFPI;GP1BB;SERPIND1;PROS1;SERPINA5;A2M;PROCR"
"KEGG_DRUG_METABOLISM_OTHER_ENZYMES",0.943359375,0.956775939849624,0.0472587336673259,0.18532761466319,0.673721717967254,33,"HPRT1;TYMP;TPMT;TK1;NAT1"
"REACTOME_ENDOGENOUS_STEROLS",0.944,0.956775939849624,0.0483117581055019,-0.201750361306423,-0.648567259626314,21,"CYP39A1;CYP46A1;CYP11A1"
"REACTOME_PEROXISOMAL_LIPID_METABOLISM",0.944773175542406,0.956840150737163,0.0476387259290825,0.191084221151218,0.65759959198173,28,"ACBD5;ACOT4;SLC27A2;AMACR;SLC25A17;ABCD1;CRAT;DECR2"
"HALLMARK_BILE_ACID_METABOLISM",0.95010395010395,0.961516610165259,0.0497903187820785,-0.163702466568106,-0.74631224628043,98,"CYP39A1;NR3C2;LIPE;SLCO1A2;ABCA5;ABCA8;ABCA9;CYP46A1;SOAT2;SLC27A5;EPHX2;ABCA6;ALDH1A1;RXRG"
"REACTOME_CRMPS_IN_SEMA3A_SIGNALING",0.956349206349206,0.967110825325379,0.0473534245254193,0.204076295746135,0.600210815247614,15,"CDK5;GSK3B;DPYSL3"
"REACTOME_FOXO_MEDIATED_TRANSCRIPTION_OF_CELL_CYCLE_GENES",0.96031746031746,0.970395754503701,0.0471642455670861,0.201401825905219,0.592344905501935,15,"CDKN1A;CDKN1B;RBL2;CCNG2"
"REACTOME_CYTOSOLIC_SULFONATION_OF_SMALL_MOLECULES",0.963855421686747,0.973241279725644,0.0475434194201301,-0.197989595963547,-0.582020817993513,15,"ABHD14B;SULT1C4;SULT1A1;SULT1C2;SULT4A1;SULT1A4;SULT1A3;SULT1B1;TPST1;SULT1A2;BPNT2;SULT2B1;PODXL2;TPST2;BPNT1"
"REACTOME_RRNA_PROCESSING",0.965863453815261,0.974538874059111,0.0474483193656297,0.155784355799657,0.795684474145156,206,"TRMT10C;C1D;DCAF13;UTP15;RPS27L;XRN2;RRP36;NOP10;DDX47;NOL11;DDX21;THUMPD1;RPL26L1;PNO1;TRMT112;MTERF3;WDR75;UTP3;MPHOSPH10;UTP18;ISG20L2;PRORP;EXOSC6;RPP38;NOP58;RIOK2;ERI1;MTREX;UTP11;HSD17B10;DIMT1;RIOK3;RPL39L;EXOSC9;NHP2;KRR1;MRM2;CSNK1D;EMG1;NIP7;WDR46;NOP56;NOP2;UTP14A;GNL3;HEATR1;LTV1;EXOSC1;EBNA1BP2;FASTKD2;IMP4;RPP40;WDR3;PWP2;RPL22L1;BYSL;EXOSC3;IMP3;WDR12;FTSJ3;EXOSC4;DDX52"
"REACTOME_METABOLISM_OF_STEROID_HORMONES",0.966990291262136,0.974946082738489,0.0458620343117985,0.179005059000887,0.63020659299733,30,"STARD4;CYP19A1;STARD3NL"
"REACTOME_RET_SIGNALING",0.971544715447154,0.978805886713576,0.0477342401407188,-0.171960372796786,-0.646103133952201,38,"SHC3;IRS2;GRB10;NRTN;GFRA3;GFRA2;GAB2;PRKACA"
"REACTOME_AFLATOXIN_ACTIVATION_AND_DETOXIFICATION",0.973630831643002,0.980125066367766,0.0475434194201301,0.193557039725665,0.583740607631604,16,"DPEP1;AKR7A3;GGT1;AKR7L;DPEP2"
"REACTOME_MATURATION_OF_TCA_ENZYMES_AND_REGULATION_OF_TCA_CYCLE",0.974308300395257,0.980125066367766,0.0463227785794633,0.178211797672208,0.573889176019002,20,"IDH2;SDHAF2;ISCA2;ISCU;NFS1;SDHB;SDHC;SDHD"
"REACTOME_SULFUR_AMINO_ACID_METABOLISM",0.980544747081712,0.984928702731854,0.0453152441270267,0.172941981707638,0.592919524758753,27,"MTRR;SQOR;CBS;GOT2;ENOPH1;SUOX;ADO;SLC25A10;TSTD1;AHCY;GOT1"
"REACTOME_SYNTHESIS_OF_IP3_AND_IP4_IN_THE_CYTOSOL",0.9800796812749,0.984928702731854,0.0464154956843849,-0.176510189071302,-0.59996936912935,26,"PLCB4;PLCZ1;PLCD1;PLCH1;PLCD3;PLCH2;PLCB1;PLCE1"
"KEGG_LYSINE_DEGRADATION",0.983838383838384,0.987055933484505,0.0468819856878333,-0.15270989184513,-0.596665868113298,44,"HADH;SETMAR;AASS;BBOX1;ALDH9A1;ALDH2;TMLHE;ACAT1;ALDH7A1;SETD7;HADHA;PLOD1;EHHADH;AADAT;ALDH3A2;SETD2;GCDH;DLST;DOT1L;OGDHL;ASH1L"
"REACTOME_PROTEIN_HYDROXYLATION",0.984126984126984,0.987055933484505,0.0460457683018055,-0.172602544354481,-0.54152719752487,19,"RPS6;ASPH;RPS23;RPL8;RCCD1;JMJD7;RPL27A;DRG2"
"REACTOME_DAG1_GLYCOSYLATIONS",0.985971943887776,0.988171137814663,0.0464154956843849,0.180039634664906,0.559867303232176,18,"B3GALNT2;SLC35A4;SLC35A1;POMK;MGAT5B;RXYLT1"
"REACTOME_CITRIC_ACID_CYCLE_TCA_CYCLE",0.990234375,0.991705748514116,0.0450442767152794,0.153951226686725,0.559659094059164,33,"IDH2;SDHAF2;ISCA2;ISCU;NFS1;SDHB;SDHC;FH;SDHD;IDH3B;SUCLG2;IDH3A;SDHA;DLD;SDHAF1;CS"
"REACTOME_FATTY_ACID_METABOLISM",0.99412915851272,0.99486719055319,0.0449543067640062,-0.128590315642138,-0.641080674823387,168,"SLC27A1;THRSP;ACOT11;AKR1C3;HADH;ACACB;PLA2G4A;PCCA;ACADVL;SLC27A3;CYP4F22;ACADS;ACADL;CYP4A11;PTGR1;ALOX12B;EPHX2;ACSM6;CYP2C8;PTGES;ACBD4;ALOX12;PPT2;MECR;AWAT1;TECR;ACAA2;ACSL1;MLYCD;ACAD11;CPT1B;ACAD10;PECR;LTC4S;HSD17B3;ALOX15B;PON1;CYP4F11;CYP8B1;PTGS2;ACSBG2;ACOX2;HADHA;EHHADH;THEM5;NUDT7;ELOVL3;FASN;HAO2;CYP4A22;ACOT1;CYP2J2;ELOVL7;CYP4B1"
"REACTOME_SYNTHESIS_OF_PROSTAGLANDINS_PG_AND_THROMBOXANES_TX",1,1,0.0453152441270267,0.152410483036408,0.44825598162249,15,"PTGES3;PTGS1;PRXL2B"
