"Term","Overlap","P.value","Adjusted.P.value","Old.P.value","Old.Adjusted.P.value","Odds.Ratio","Combined.Score","Genes"
"Defense Response To Symbiont (GO:0140546)","17/148",6.98541911642742e-11,1.11836560054003e-07,0,0,9.1371849085617,213.669514992921,"RSAD2;STAT1;MX1;RNASE6;IFI6;ISG15;IFIT1;DDX60;OASL;PTPRC;IFI27;OAS1;OAS2;OAS3;IRF7;PMAIP1;TLR7"
"Defense Response To Virus (GO:0051607)","18/189",4.32779425415176e-10,3.46439930044848e-07,0,0,7.42314269428083,160.048842505242,"RSAD2;STAT1;MX1;RNASE6;IFI6;ISG15;IFIT1;DDX60;OASL;CXCL10;PTPRC;IFI27;OAS1;OAS2;OAS3;IRF7;PMAIP1;TLR7"
"Interleukin-27-Mediated Signaling Pathway (GO:0070106)","5/5",6.74974945633139e-10,3.60211629319552e-07,0,0,98525,2080487.94465614,"OAS1;OAS2;STAT1;MX1;OASL"
"Antigen Receptor-Mediated Signaling Pathway (GO:0050851)","14/134",1.18822165795305e-08,4.75585718595707e-06,0,0,8.13137603795967,148.383162909422,"FYB1;PTPN22;CD3D;IGHG3;IGHG4;IGHG1;IGHG2;PTPRC;TRBC2;CD19;TRBC1;BLNK;CTLA4;MS4A1"
"B Cell Receptor Signaling Pathway (GO:0050853)","9/46",1.99752870176742e-08,6.39608690305927e-06,0,0,16.7276507276507,296.560671998631,"IGHG3;IGHG4;IGHG1;IGHG2;PTPRC;CD19;BLNK;CTLA4;MS4A1"
"T Cell Activation (GO:0042110)","12/111",9.11477060894857e-08,2.43212462415444e-05,0,0,8.39747296284399,136.129624565926,"CD86;CD2;CD84;PTPRC;CD80;TRBC2;TRBC1;RHOH;PTPN22;LCP1;FOXP3;CD3D"
"Regulation Of Ribonuclease Activity (GO:0060700)","4/5",2.2922697378746e-07,5.18511924519283e-05,0,0,270.845360824742,4140.83370045301,"OAS1;OAS2;OAS3;OASL"
"Negative Regulation Of Viral Process (GO:0048525)","9/61",2.59094028491834e-07,5.18511924519283e-05,0,0,11.8932894029048,180.374516663985,"RSAD2;OAS1;OAS2;STAT1;OAS3;MX1;ISG15;IFIT1;OASL"
"Cytokine-Mediated Signaling Pathway (GO:0019221)","17/257",2.96817527960726e-07,5.28005402516803e-05,0,0,4.95960731414868,74.5436332972213,"CCR1;CXCL9;CCL11;CCL22;STAT1;MX1;LILRA4;OASL;UGCG;CXCL10;CXCL11;OAS1;OAS2;IL21R;PYDC1;IL12RB1;IL9R"
"Positive Regulation Of Tumor Necrosis Factor Superfamily Cytokine Production (GO:1903557)","10/82",3.50931340187685e-07,5.61841075640484e-05,0,0,9.567738791423,142.202194482235,"CD86;SPN;CD2;CD84;FCGR3A;PTPRC;OAS1;OAS2;OAS3;LCP1"
"Positive Regulation Of Type I Interferon Production (GO:0032481)","9/64",3.95858508242884e-07,5.76154065178961e-05,0,0,11.2428480610299,165.744415780517,"TRAF3IP3;OAS1;OAS2;STAT1;OAS3;IRF7;PTPN22;TLR7;ISG15"
"Regulation Of Nuclease Activity (GO:0032069)","4/6",6.79688546963849e-07,9.06817803074268e-05,0,0,135.415807560137,1923.12535259124,"OAS1;OAS2;OAS3;OASL"
"Negative Regulation Of Viral Genome Replication (GO:0045071)","8/53",1.01533304529771e-06,0.000120459014736299,0,0,12.1780874951607,168.061186278973,"RSAD2;OAS1;OAS2;OAS3;MX1;ISG15;IFIT1;OASL"
"Negative Regulation Of Antigen Receptor-Mediated Signaling Pathway (GO:0050858)","6/24",1.05335803017376e-06,0.000120459014736299,0,0,22.7070357554787,312.528908178879,"FCRL3;SH2D1A;LAPTM5;PTPN22;EZR;CD22"
"Positive Regulation Of Cytokine Production (GO:0001819)","18/320",1.41709169856929e-06,0.000151250920627295,0,0,4.17498266669854,56.224090298873,"CD86;TRAF3IP3;TGFB1;CD80;F2R;LAPTM5;ISG15;PTPN22;SULF1;SULF2;CD2;PTPRC;CD6;IRF7;TLR7;LCP1;IL12RB1;CARD11"
"Positive Regulation Of Tumor Necrosis Factor Production (GO:0032760)","9/78",2.18870692229854e-06,0.000209979728427091,0,0,8.95530556400122,116.707329902105,"SPN;CD2;CD84;FCGR3A;PTPRC;OAS1;OAS2;OAS3;LCP1"
"Extracellular Matrix Organization (GO:0030198)","13/176",2.2296410888573e-06,0.000209979728427091,0,0,5.52682417438977,71.9242655785155,"TGFB1;COL24A1;LUM;COL11A1;COL12A1;KLK4;MMP10;MMP11;MMP13;COL8A1;COL10A1;LCP1;MATN3"
"Regulation Of Tumor Necrosis Factor Production (GO:0032680)","11/127",2.91562836472366e-06,0.00025932894510681,0,0,6.54076614861583,83.3648456905474,"SPN;CD2;CD84;FCGR3A;PTPRC;OAS1;OAS2;OAS3;PTPN22;LCP1;LILRA4"
"Endodermal Cell Differentiation (GO:0035987)","6/31",5.28294181767024e-06,0.000429669851712828,0,0,16.3432525951557,198.587310954494,"ITGA4;COL11A1;COL12A1;FN1;COL8A1;INHBA"
"Regulation Of Interleukin-2 Production (GO:0032663)","7/47",5.36751844738073e-06,0.000429669851712828,0,0,11.94921875,145.005500618548,"CD86;PTPRC;CD80;LAPTM5;EZR;FOXP3;CARD11"
"Regulation Of Viral Genome Replication (GO:0045069)","8/67",6.2496663397513e-06,0.000476462657616278,0,0,9.28175751491171,111.223137696684,"RSAD2;OAS1;OAS2;OAS3;MX1;ISG15;IFIT1;OASL"
"Regulation Of T Cell Receptor Signaling Pathway (GO:0050856)","6/34",9.2977856268039e-06,0.000676625217659684,0,0,14.5899653979239,169.03546241233,"TRAT1;SH2D1A;LAPTM5;PTPN22;EZR;CARD11"
"Endoderm Formation (GO:0001706)","6/35",1.10833417463759e-05,0.000771496962432513,0,0,14.0861472377998,160.723888269197,"EOMES;ITGA4;COL12A1;FN1;COL8A1;INHBA"
"Positive Regulation Of Interferon-Beta Production (GO:0032728)","6/36",1.31363397303107e-05,0.000845926469613717,0,0,13.6159169550173,153.044651359518,"OAS1;OAS2;OAS3;IRF7;ISG15;TLR7"
"Positive Regulation Of Lymphocyte Proliferation (GO:0050671)","8/74",1.3209345246935e-05,0.000845926469613717,0,0,8.29437229437229,93.1838389037086,"CD86;SASH3;FCGR3A;PTPRC;CD6;CD80;FCRL3;TNFSF13B"
"Cellular Response To Lipopolysaccharide (GO:0071222)","10/124",1.55357910956699e-05,0.000956646213237213,0,0,6.02985534010465,66.7647537536017,"CD86;CXCL10;CXCL11;CXCL9;TGFB1;CD6;CARD17P;CD80;PTPN22;CCR5"
"Regulation Of Immune Response (GO:0050776)","8/77",1.77512441714294e-05,0.00105258303401698,0,0,7.93253547442307,86.7744414501901,"SPN;FCGR3A;RSAD2;SH2D1A;IRF7;PTPN22;FOXP3;CD22"
"Negative Regulation Of Lymphocyte Proliferation (GO:0050672)","6/39",2.12018356932748e-05,0.00121229067660475,0,0,12.3762189367726,133.185724529243,"CD86;SPN;CD80;CTLA4;SOX11;FOXP3"
"Regulation Of B Cell Activation (GO:0050864)","5/25",2.81443441639054e-05,0.00155376189677285,0,0,16.9698275862069,177.812638898959,"CD19;FCRL3;LAPTM5;SAMSN1;CD22"
"Regulation Of B Cell Proliferation (GO:0030888)","6/44",4.31224260389751e-05,0.00224181742224107,0,0,10.745037333819,108.003392155114,"SASH3;PTPRC;FCRL3;CTLA4;CD22;TNFSF13B"
"Regulation Of Type II Interferon Production (GO:0032649)","8/87",4.34080825043556e-05,0.00224181742224107,0,0,6.92488863405813,69.5595707862009,"CD2;LAPTM5;PTPN22;TLR7;ISG15;INHBA;IL12RB1;FOXP3"
"Positive Regulation Of Defense Response To Virus By Host (GO:0002230)","5/28",5.02090086465996e-05,0.00251201946385019,0,0,14.7541229385307,146.055726632509,"DTX3L;STAT1;PTPN22;IL12RB1;PARP9"
"Inflammatory Response (GO:0006954)","13/236",5.17790249329805e-05,0.00251206723993036,0,0,4.02738288331266,39.7443303390067,"CCR1;CXCL9;CCL11;CCL22;TGFB1;F2R;CXCR4;CXCL10;CXCL11;BLNK;NOX4;TLR10;CCR5"
"Alpha-Beta T Cell Activation (GO:0046631)","4/15",5.56833402492696e-05,0.00262203022762002,0,0,24.6098094345517,241.073498568145,"RSAD2;TRBC2;TRBC1;CD3D"
"Regulation Of Toll-Like Receptor 7 Signaling Pathway (GO:0034155)","3/6",6.14730863809658e-05,0.00281195460845503,0,0,67.472602739726,654.275830368871,"RSAD2;PTPN22;LILRA4"
"Negative Regulation Of T Cell Activation (GO:0050868)","6/49",8.03092066103911e-05,0.00357152888286767,0,0,9.4932002896918,89.5173310364701,"CD86;SPN;CD80;LAPTM5;PTPN22;FOXP3"
"Regulation Of Interferon-Beta Production (GO:0032648)","6/50",9.01411712463698e-05,0.00390043284230914,0,0,9.27697389116074,86.4069737356945,"OAS1;OAS2;OAS3;IRF7;TLR7;ISG15"
"Leukocyte Tethering Or Rolling (GO:0050901)","4/17",9.48535517729272e-05,0.00399632990495938,0,0,20.8215701823949,192.873877859217,"SPN;SELPLG;ITGA4;SELL"
"Positive Regulation Of Release Of Sequestered Calcium Ion Into Cytosol (GO:0051281)","5/33",0.000114153565426592,0.00468615021148649,0,0,12.1163793103448,109.99207882753,"CXCL10;CXCL9;CXCL11;CD19;F2R"
"Negative Regulation Of T Cell Receptor Signaling Pathway (GO:0050860)","4/18",0.000120543417699188,0.00482475029340999,0,0,19.3333333333333,174.454344103437,"SH2D1A;LAPTM5;PTPN22;EZR"
"Response To Lipopolysaccharide (GO:0032496)","10/159",0.000129193197008858,0.00504483679051661,0,0,4.60520428588249,41.2359276896627,"CD86;CXCL10;CXCL11;CXCL9;CD6;CARD17P;CD80;F2R;PTPN22;CCR5"
"Leukocyte Adhesion To Vascular Endothelial Cell (GO:0061756)","4/19",0.000150922359933301,0.00575301662507655,0,0,18.0435280641466,158.760402806056,"SPN;SELPLG;ITGA4;SELL"
"Positive Regulation Of Monocyte Chemotactic Protein-1 Production (GO:0071639)","3/8",0.000168385784630121,0.00626943351611217,0,0,40.4794520547945,351.736195106266,"CD84;OAS1;OAS3"
"Negative Regulation Of B Cell Activation (GO:0050869)","4/20",0.000186472019310845,0.0067180987325068,0,0,16.9149484536082,145.252541994553,"LAPTM5;CTLA4;INHBA;SAMSN1"
"Chemokine-Mediated Signaling Pathway (GO:0070098)","6/57",0.000188828509033608,0.0067180987325068,0,0,8.00081416649705,68.6043517254281,"CCR1;CXCL10;CXCL9;CXCL11;CCL11;CCL22"
"Regulation Of Defense Response To Virus By Host (GO:0050691)","5/37",0.000199796775073205,0.00695379645417829,0,0,10.5996767241379,90.2902704945143,"DTX3L;STAT1;PTPN22;IL12RB1;PARP9"
"Extracellular Structure Organization (GO:0043062)","8/109",0.000213486882795234,0.00718114266478009,0,0,5.4104253630938,45.7285643897904,"MMP11;MMP13;COL24A1;COL11A1;COL8A1;COL10A1;MMP10;MATN3"
"Positive Regulation Of Production Of Molecular Mediator Of Immune Response (GO:0002702)","5/38",0.00022731715568539,0.00718114266478009,0,0,10.2779519331243,86.2234279894443,"CD86;SASH3;PTPRC;LAPTM5;PTPN22"
"External Encapsulating Structure Organization (GO:0045229)","8/110",0.000227333698296269,0.00718114266478009,0,0,5.35710869713739,44.9412754824146,"MMP11;MMP13;COL24A1;COL11A1;COL8A1;COL10A1;MMP10;MATN3"
"Negative Regulation Of Interleukin-2 Production (GO:0032703)","4/21",0.000227686071641494,0.00718114266478009,0,0,15.9191429148979,133.522491846237,"PTPRC;LAPTM5;EZR;FOXP3"
"Cellular Response To Chemokine (GO:1990869)","6/59",0.000228755949971133,0.00718114266478009,0,0,7.69811320754717,64.5321655864984,"CCR1;CXCL10;CXCL9;CXCL11;CCL11;CCL22"
"Response To Type I Interferon (GO:0034340)","3/9",0.000249823011841881,0.00769166619151638,0,0,33.7311643835616,279.791840339293,"MX1;ISG15;IFIT1"
"Negative Regulation Of Lymphocyte Activation (GO:0051250)","4/23",0.000329134034832761,0.00994233188240095,0,0,14.2419967444384,114.207219754344,"LAPTM5;PTPN22;SOX11;SAMSN1"
"Regulation Of Toll-Like Receptor 9 Signaling Pathway (GO:0034163)","3/10",0.000352998890927704,0.0104657634143565,0,0,28.9109589041096,229.814531908304,"RSAD2;PTPN22;LILRA4"
"Positive Regulation Of Calcium Ion Transmembrane Transport (GO:1904427)","5/42",0.000367157920713517,0.0106876332920425,0,0,9.16495806150979,72.4922383380995,"CXCL10;CXCL9;CXCL11;CD19;F2R"
"Skeletal System Development (GO:0001501)","9/149",0.000376619121442432,0.0107672716683809,0,0,4.39772727272727,34.6728963347945,"COMP;EPYC;COL10A1;SULF1;PITX1;PHEX;NKX3-2;MATN3;SULF2"
"B Cell Activation (GO:0042113)","7/92",0.000425143245836418,0.0119413041505983,0,0,5.61029411764706,43.5531867261717,"CD86;FCRLA;PTPRC;ITGA4;BLNK;MS4A1;CD22"
"Bone Development (GO:0060348)","5/44",0.000457608058277076,0.0122584703868253,0,0,8.69407603890362,66.8530760370986,"MMP13;PTPRC;EPYC;SULF1;SULF2"
"Extracellular Matrix Disassembly (GO:0022617)","5/44",0.000457608058277076,0.0122584703868253,0,0,8.69407603890362,66.8530760370986,"MMP11;MMP13;KLK4;LCP1;MMP10"
"Positive Regulation Of Interleukin-2 Production (GO:0032743)","4/25",0.000459405511061536,0.0122584703868253,0,0,12.8843069873998,99.0233369422314,"CD86;PTPRC;CD80;CARD11"
"Regulation Of Monocyte Chemotactic Protein-1 Production (GO:0071637)","3/11",0.000480085101012761,0.0126002663396956,0,0,25.2958047945205,193.299085692227,"CD84;OAS1;OAS3"
"T Cell Receptor Signaling Pathway (GO:0050852)","7/95",0.000516537173980021,0.0133383228313228,0,0,5.41820549242424,41.0069475960554,"FYB1;PTPRC;TRBC2;TRBC1;CTLA4;PTPN22;CD3D"
"Regulation Of Interferon-Alpha Production (GO:0032647)","4/26",0.000536674786384002,0.0135046868510739,0,0,12.2980318650422,92.6056342949993,"STAT1;IRF7;TLR7;LILRA4"
"Response To Cytokine (GO:0034097)","8/125",0.000539850067750613,0.0135046868510739,0,0,4.66672622770184,35.1134706602158,"SELL;STAT1;LAMP3;UBD;LEF1;MX1;CXCR4;ISG15"
"T Cell Differentiation (GO:0030217)","5/46",0.000563891099973738,0.0136786310766357,0,0,8.26913372582002,61.8584903294373,"TGFB1;PTPRC;RHOH;PTPN22;FOXP3"
"Cellular Component Disassembly (GO:0022411)","5/46",0.000563891099973738,0.0136786310766357,0,0,8.26913372582002,61.8584903294373,"MMP11;MMP13;KLK4;LCP1;MMP10"
"Regulation Of Immunoglobulin Production (GO:0002637)","4/27",0.000622750175733736,0.0148809407664136,0,0,11.762737188107,86.8250580152184,"CD86;SASH3;PTPRC;FCRL3"
"Regulation Of Chemokine (C-X-C Motif) Ligand 2 Production (GO:2000341)","3/12",0.000633143930864599,0.0149068151957974,0,0,22.4840182648402,165.590585124114,"OAS1;OAS3;LCP1"
"Negative Regulation Of Cell Adhesion (GO:0007162)","6/72",0.0006760934847941,0.0156873285384834,0,0,6.17772884554891,45.0923498949386,"SPN;ADAMDEC1;TGFB1;PTPRC;PTPRO;PLXNC1"
"Cellular Defense Response (GO:0006968)","5/48",0.000687699902445683,0.0157286791973648,0,0,7.88372093023256,57.4105014694095,"SPN;CXCL9;FCMR;TRAT1;CCR5"
"Cellular Response To Cytokine Stimulus (GO:0071345)","13/308",0.000698280948549868,0.0157457436426527,0,0,3.03317706455103,22.0417611397687,"CCR1;SELPLG;CCL11;CCL22;STAT1;LEF1;CXCR4;IFIT1;LILRA4;OAS1;IL21R;IL12RB1;IL9R"
"Hemopoiesis (GO:0030097)","7/101",0.000746019047478874,0.0165885624307455,0,0,5.07081117021277,36.513691327689,"SFRP2;TGFB1;PTPRC;RTKN2;INHBA;EVI2B;RUNX2"
"Regulation Of Macrophage Cytokine Production (GO:0010935)","3/13",0.00081413160313134,0.0175788097045135,0,0,20.2345890410959,143.936493602717,"SEMA7A;TGFB1;LAPTM5"
"Heparan Sulfate Proteoglycan Metabolic Process (GO:0030201)","3/13",0.00081413160313134,0.0175788097045135,0,0,20.2345890410959,143.936493602717,"SULF1;HS6ST3;SULF2"
"Positive Regulation Of B Cell Proliferation (GO:0030890)","4/29",0.00082349202238508,0.0175788097045135,0,0,10.820618556701,76.8475644119293,"SASH3;PTPRC;FCRL3;TNFSF13B"
"Regulation Of Release Of Sequestered Calcium Ion Into Cytosol (GO:0051279)","5/51",0.000910121854028822,0.0191724353723703,0,0,7.36844077961019,51.5933217409032,"CXCL10;CXCL9;CXCL11;CD19;F2R"
"Immunoglobulin Mediated Immune Response (GO:0016064)","4/30",0.000939250298817966,0.0195290873819164,0,0,10.4039122389638,72.5197269579841,"CD19;IL21R;IL9R;GAPT"
"Regulation Of T Cell Proliferation (GO:0042129)","6/77",0.000964970408526225,0.0198066362057755,0,0,5.74121545884302,39.8636307522133,"CD86;SPN;PTPRC;CD6;CD80;FOXP3"
"Negative Regulation Of T Cell Mediated Immunity (GO:0002710)","3/14",0.00102490151603998,0.0207704724959495,0,0,18.3941469489415,126.609833574106,"PTPRC;CD80;FOXP3"
"B Cell Proliferation (GO:0042100)","4/31",0.00106599645909599,0.0211942453804688,0,0,10.0180730558737,68.5621419472204,"PTPRC;CD19;MS4A1;GAPT"
"Negative Regulation Of Cysteine-Type Endopeptidase Activity (GO:2000117)","5/53",0.00108552662161052,0.0211942453804688,0,0,7.06070402298851,48.1941771547684,"CST2;LAMP3;IFI6;CST7;CST4"
"Positive Regulation Of Chemokine Production (GO:0032722)","5/53",0.00108552662161052,0.0211942453804688,0,0,7.06070402298851,48.1941771547684,"CD84;OAS1;OAS3;TLR7;LCP1"
"B Cell Mediated Immunity (GO:0019724)","3/15",0.00126720740554222,0.0238682241914482,0,0,16.8604452054795,112.475013161217,"CD19;IL21R;IL9R"
"Dendritic Cell Chemotaxis (GO:0002407)","3/15",0.00126720740554222,0.0238682241914482,0,0,16.8604452054795,112.475013161217,"CCR1;CXCR4;CCR5"
"Negative Regulation Of Type I Interferon-Mediated Signaling Pathway (GO:0060339)","3/15",0.00126720740554222,0.0238682241914482,0,0,16.8604452054795,112.475013161217,"OAS1;OAS3;ISG15"
"Negative Regulation Of Cytokine Production (GO:0001818)","9/178",0.00134374837734346,0.025015594792173,0,0,3.63768775603095,24.0534546431452,"CD84;PTPRC;LEF1;FN1;LAPTM5;PTPN22;INHBA;EZR;FOXP3"
"Regulation Of NIK/NF-kappaB Signaling (GO:1901222)","6/83",0.00142741283161839,0.0262676775105867,0,0,5.29223026108839,34.6741194266603,"CD86;RTKN2;LAPTM5;PTPN22;TLR7;EZR"
"Regulation Of Calcium Ion Transport (GO:0051924)","5/57",0.00150988638580367,0.0274430332434721,0,0,6.51624668435013,42.3277195957788,"CCR1;CD84;PLPP4;FCRL3;F2R"
"Positive Regulation Of Myeloid Leukocyte Cytokine Production Involved In Immune Response (GO:0061081)","3/16",0.00154270642842754,0.0274430332434721,0,0,15.5626975763962,100.756280965295,"SEMA7A;CAMK4;LAPTM5"
"Regulation Of B Cell Receptor Signaling Pathway (GO:0050855)","3/16",0.00154270642842754,0.0274430332434721,0,0,15.5626975763962,100.756280965295,"FCRL3;PTPN22;CD22"
"Positive Regulation Of Type II Interferon Production (GO:0032729)","5/58",0.00163270271561925,0.0287248027220485,0,0,6.39297332465843,41.0270247700074,"CD2;PTPN22;TLR7;ISG15;IL12RB1"
"Negative Regulation Of Cytokine-Mediated Signaling Pathway (GO:0001960)","5/59",0.00176269828892647,0.0303459785227856,0,0,6.2742656449553,39.7845507920493,"PTPRC;OAS1;OAS3;PYDC1;ISG15"
"Cellular Response To Molecule Of Bacterial Origin (GO:0071219)","7/117",0.00176275827771334,0.0303459785227856,0,0,4.32970328282828,27.4541094400707,"CD86;CXCL10;CXCL11;CXCL9;CARD17P;CD80;CCR5"
"Negative Regulation Of T Cell Proliferation (GO:0042130)","4/36",0.00188364785646896,0.0320821299809234,0,0,8.45060137457045,53.0236788806788,"CD86;SPN;CD80;FOXP3"
"Regulation Of Glomerular Filtration (GO:0003093)","2/5",0.00210547295360391,0.0338588034847969,0,0,44.8282138794084,276.285927199675,"F2R;PTPRO"
"T-helper 1 Cell Differentiation (GO:0045063)","2/5",0.00210547295360391,0.0338588034847969,0,0,44.8282138794084,276.285927199675,"SPN;LEF1"
"Chondrocyte Development (GO:0002063)","2/5",0.00210547295360391,0.0338588034847969,0,0,44.8282138794084,276.285927199675,"SULF1;SULF2"
"Positive Regulation Of Cholesterol Storage (GO:0010886)","2/5",0.00210547295360391,0.0338588034847969,0,0,44.8282138794084,276.285927199675,"MSR1;LCP1"
"Positive Regulation Of Toll-Like Receptor 7 Signaling Pathway (GO:0034157)","2/5",0.00210547295360391,0.0338588034847969,0,0,44.8282138794084,276.285927199675,"RSAD2;PTPN22"
"Cellular Response To Lipid (GO:0071396)","10/228",0.00214041232102259,0.0338588034847969,0,0,3.13648800901336,19.2792289822544,"CD86;CXCL10;CXCL11;CXCL9;CARD17P;WNT7B;CD80;ATP1A3;LCP1;CCR5"
"Regulation Of Peptidyl-Tyrosine Phosphorylation (GO:0050730)","6/90",0.00216153936073588,0.0338588034847969,0,0,4.84948096885813,29.7609477637146,"RAP2C;SFRP2;TGFB1;PTPRC;CD80;SAMSN1"
"Regulation Of Lymphocyte Proliferation (GO:0050670)","3/18",0.00219944757177944,0.0338588034847969,0,0,13.486301369863,82.5300827883708,"PTPN22;SOX11;CD22"
"Dendritic Cell Migration (GO:0036336)","3/18",0.00219944757177944,0.0338588034847969,0,0,13.486301369863,82.5300827883708,"CCR1;CXCR4;CCR5"
"Regulation Of Adaptive Immune Response (GO:0002819)","3/18",0.00219944757177944,0.0338588034847969,0,0,13.486301369863,82.5300827883708,"SASH3;IRF7;SAMSN1"
"Lymphocyte Differentiation (GO:0030098)","6/91",0.00228604377629367,0.0348387781728798,0,0,4.79218400162833,29.14094774846,"PTPRC;ITGA4;BLNK;RHOH;PTPN22;MS4A1"
"Cellular Response To Type I Interferon (GO:0071357)","4/38",0.0023066274118209,0.0348387781728798,0,0,7.95269860521528,48.2885379352038,"IFI27;STAT1;OAS2;IFIT1"
"Positive Regulation Of Cell Migration (GO:0030335)","11/272",0.00246934821391339,0.0369479111259377,0,0,2.88548918029248,17.3239029535861,"CCR1;LRRC15;SEMA7A;CCL11;TGFB1;PTPRC;F2R;LEF1;FN1;CCN4;CXCR4"
"Positive Regulation Of Pattern Recognition Receptor Signaling Pathway (GO:0062208)","4/39",0.00254079964157703,0.0376650020941187,0,0,7.72508591065292,46.1595237460328,"RSAD2;PTPN22;DDX60;OASL"
"Positive Regulation Of T Cell Proliferation (GO:0042102)","5/65",0.00270734501602703,0.0397656822996264,0,0,5.64511494252874,33.3727161326466,"CD86;PTPRC;CD6;CD80;IL12RB1"
"Lipopolysaccharide-Mediated Signaling Pathway (GO:0031663)","3/20",0.00300656300942409,0.0427956710884057,0,0,11.8984689766317,69.0939061607063,"TGFB1;CD6;PTPN22"
"Positive Regulation Of Antigen Receptor-Mediated Signaling Pathway (GO:0050857)","3/20",0.00300656300942409,0.0427956710884057,0,0,11.8984689766317,69.0939061607063,"PTPRC;TRAT1;CARD11"
"Cellular Response To Interleukin-9 (GO:0071355)","2/6",0.00312747877410585,0.0427956710884057,0,0,33.6194539249147,193.901145302746,"STAT1;IL9R"
"Interleukin-9-Mediated Signaling Pathway (GO:0038113)","2/6",0.00312747877410585,0.0427956710884057,0,0,33.6194539249147,193.901145302746,"STAT1;IL9R"
"Macrophage Derived Foam Cell Differentiation (GO:0010742)","2/6",0.00312747877410585,0.0427956710884057,0,0,33.6194539249147,193.901145302746,"TGFB1;STAT1"
"Negative Regulation Of p38MAPK Cascade (GO:1903753)","2/6",0.00312747877410585,0.0427956710884057,0,0,33.6194539249147,193.901145302746,"PTPN22;EZR"
"Positive Regulation Of Receptor Catabolic Process (GO:2000646)","2/6",0.00312747877410585,0.0427956710884057,0,0,33.6194539249147,193.901145302746,"DTX3L;LAPTM5"
"Regulation Of Antigen Receptor-Mediated Signaling Pathway (GO:0050854)","2/6",0.00312747877410585,0.0427956710884057,0,0,33.6194539249147,193.901145302746,"PTPRC;PTPN22"
"Negative Regulation Of Biomineral Tissue Development (GO:0070168)","3/21",0.0034697110941099,0.0464848260481531,0,0,11.2368721461187,63.6420923847683,"CCR1;TGFB1;ASPN"
"Positive Regulation Of Interferon-Alpha Production (GO:0032727)","3/21",0.0034697110941099,0.0464848260481531,0,0,11.2368721461187,63.6420923847683,"STAT1;IRF7;TLR7"
"Regulation Of ERK1 And ERK2 Cascade (GO:0070372)","10/244",0.00348418433839999,0.0464848260481531,0,0,2.91962813015445,16.5236976239809,"CCR1;SEMA7A;CCL11;CCL22;TGFB1;PTPRC;F2R;FN1;PTPN22;EZR"
"Neutrophil Chemotaxis (GO:0030593)","5/70",0.00373777039645021,0.0494559537579899,0,0,5.20954907161804,29.117555480519,"CXCL10;CXCL9;CXCL11;CCL11;CCL22"
"Lymphocyte Chemotaxis (GO:0048247)","4/44",0.00395906250062324,0.0515321875081122,0,0,6.75773195876289,37.3820704096791,"CXCL10;CXCL11;CCL11;CCL22"
"Positive Regulation Of Osteoblast Differentiation (GO:0045669)","4/44",0.00395906250062324,0.0515321875081122,0,0,6.75773195876289,37.3820704096791,"WNT7B;CCN4;SOX11;RUNX2"
"Natural Killer Cell Activation (GO:0030101)","4/45",0.00429568766218006,0.0546598462456946,0,0,6.59257396697678,35.9304750032008,"CD2;FCGR3A;PTPRC;IL21R"
"Regulation Of Myeloid Leukocyte Differentiation (GO:0002761)","2/7",0.0043359153486591,0.0546598462456946,0,0,26.8941979522184,146.326558358414,"CAMK4;IRF7"
"Regulation Of Stem Cell Division (GO:2000035)","2/7",0.0043359153486591,0.0546598462456946,0,0,26.8941979522184,146.326558358414,"SFRP2;EVI2B"
"Foam Cell Differentiation (GO:0090077)","2/7",0.0043359153486591,0.0546598462456946,0,0,26.8941979522184,146.326558358414,"TGFB1;STAT1"
"Granulocyte Chemotaxis (GO:0071621)","5/73",0.00447622562705477,0.055987790850896,0,0,4.97895537525355,26.9310455572132,"CXCL10;CXCL9;CXCL11;CCL11;CCL22"
"Regulation Of Interleukin-4 Production (GO:0032673)","3/23",0.00452088183727405,0.0561079986160911,0,0,10.1121575342466,54.5960260084716,"CD86;LEF1;FOXP3"
"Antiviral Innate Immune Response (GO:0140374)","4/46",0.00465109801635653,0.0572800609552831,0,0,6.43528064146621,34.5616525561849,"CXCL10;OAS1;MX1;IFIT1"
"Positive Regulation Of T Cell Activation (GO:0050870)","6/107",0.00510096336373026,0.0619896570191166,0,0,4.02973722977834,21.2702662379751,"CD86;PTPRC;CD6;CD80;SIRPG;RHOH"
"Positive Regulation Of Vascular Endothelial Growth Factor Production (GO:0010575)","3/24",0.00511095235885284,0.0619896570191166,0,0,9.63013698630137,50.8121612731078,"TGFB1;SULF1;SULF2"
"Positive Regulation Of ERK1 And ERK2 Cascade (GO:0070374)","8/179",0.00519271549023771,0.0625078007509066,0,0,3.1842207143876,16.7505883005844,"CCR1;SEMA7A;TGFB1;PTPRC;CCL11;CCL22;F2R;PTPN22"
"Neutrophil Migration (GO:1990266)","5/77",0.00561500447766193,0.0669042502549285,0,0,4.70138888888889,24.3640682555205,"CXCL10;CXCL9;CXCL11;CCL11;CCL22"
"Negative Regulation Of Production Of Molecular Mediator Of Immune Response (GO:0002701)","2/8",0.00572509824167721,0.0669042502549285,0,0,22.4106939704209,115.704072610893,"FCRL3;CD22"
"Positive Regulation Of Chromatin Binding (GO:0035563)","2/8",0.00572509824167721,0.0669042502549285,0,0,22.4106939704209,115.704072610893,"DTX3L;PARP9"
"Positive Regulation Of Macrophage Cytokine Production (GO:0060907)","2/8",0.00572509824167721,0.0669042502549285,0,0,22.4106939704209,115.704072610893,"SEMA7A;LAPTM5"
"Dephosphorylation (GO:0016311)","7/147",0.00624136917044865,0.0724089278397702,0,0,3.39670138888889,17.2435438048705,"PLPP4;PTPRC;PTPRO;DAPP1;PTPN22;PPM1J;PPEF1"
"Regulation Of Vascular Endothelial Growth Factor Production (GO:0010574)","3/26",0.00642463897133662,0.0739988992310067,0,0,8.79184038117927,44.3778239878429,"TGFB1;SULF1;SULF2"
"Negative Regulation Of Macromolecule Metabolic Process (GO:0010605)","8/186",0.00650592306613779,0.07439987734919,0,0,3.05790236072505,15.3966676623273,"CCR1;MSR1;SFRP2;TGFB1;TRAT1;SOX11;PTPN22;PARP9"
"Response To Type II Interferon (GO:0034341)","5/80",0.00659327319295878,0.0748640452618937,0,0,4.51264367816092,22.6611669594268,"CCL11;CCL22;STAT1;UBD;IL12RB1"
"Regulation Of Interleukin-8 Production (GO:0032677)","5/81",0.00694429626087285,0.0782944951666016,0,0,4.45303992740472,22.1308720766727,"CD2;PTPRC;F2R;PTPN22;TLR7"
"Positive Regulation Of Cytosolic Calcium Ion Concentration Involved In Phospholipase C-activating G Protein-Coupled Signaling Pathway (GO:0051482)","3/27",0.00714987744684831,0.0788543248191711,0,0,8.42508561643836,41.6254840301678,"P2RY10;GPR65;F2R"
"Cartilage Development (GO:0051216)","4/52",0.0072035005840422,0.0788543248191711,0,0,5.62915234822451,27.769667821405,"TGFB1;EPYC;SULF1;SULF2"
"Positive Regulation Of B Cell Activation (GO:0050871)","4/52",0.0072035005840422,0.0788543248191711,0,0,5.62915234822451,27.769667821405,"SASH3;PTPRC;FCRL3;TNFSF13B"
"Regulation Of Granulocyte Differentiation (GO:0030852)","2/9",0.0072894691275686,0.0788543248191711,0,0,19.2081911262799,94.5297426972249,"LEF1;EVI2B"
"Myeloid Dendritic Cell Differentiation (GO:0043011)","2/9",0.0072894691275686,0.0788543248191711,0,0,19.2081911262799,94.5297426972249,"CAMK4;UBD"
"Positive Regulation Of RIG-I Signaling Pathway (GO:1900246)","2/9",0.0072894691275686,0.0788543248191711,0,0,19.2081911262799,94.5297426972249,"DDX60;OASL"
"Positive Regulation Of NIK/NF-kappaB Signaling (GO:1901224)","4/53",0.00770292840194362,0.0827677071913539,0,0,5.5139911634757,26.8319340737035,"CD86;RTKN2;LAPTM5;TLR7"
"Hematopoietic Progenitor Cell Differentiation (GO:0002244)","3/28",0.0079216842702358,0.0839908378585928,0,0,8.08767123287671,39.1293781842362,"TGFB1;PTPRC;INHBA"
"Negative Regulation Of Type II Interferon Production (GO:0032689)","3/28",0.0079216842702358,0.0839908378585928,0,0,8.08767123287671,39.1293781842362,"LAPTM5;INHBA;FOXP3"
"Integrin-Mediated Signaling Pathway (GO:0007229)","5/85",0.00847928606753967,0.0893114275929672,0,0,4.22952586206897,20.1753840676392,"SEMA7A;FYB1;ITGA4;FN1;ISG15"
"Chondrocyte Differentiation (GO:0002062)","3/29",0.00874070894562558,0.0914632354375592,0,0,7.77621180189673,36.8574085803843,"TGFB1;SULF1;SULF2"
"Positive Regulation Of Nucleic Acid-Templated Transcription (GO:1903508)","16/557",0.00886264385323178,0.0920176620139268,0,0,2.0314431657822,9.6004178876522,"CD86;EOMES;TGFB1;DTX3L;STAT1;CD80;F2R;LEF1;HOXC13;INHBA;PARP9;FOXP3;RUNX2;CAMK4;TP53INP1;IRF7"
"Regulation Of Chromatin Binding (GO:0035561)","2/10",0.00902359333927952,0.0920176620139268,0,0,16.8063139931741,79.1226582415255,"DTX3L;PARP9"
"T Cell Chemotaxis (GO:0010818)","2/10",0.00902359333927952,0.0920176620139268,0,0,16.8063139931741,79.1226582415255,"CXCL10;CXCL11"
"Response To Sterol (GO:0036314)","2/10",0.00902359333927952,0.0920176620139268,0,0,16.8063139931741,79.1226582415255,"TGFB1;CCR5"
"Negative Regulation Of Peptidyl-Tyrosine Phosphorylation (GO:0050732)","3/30",0.00960754022930576,0.0967400748875379,0,0,7.48782343987823,34.7824902189939,"PTPRC;SFRP2;SAMSN1"
"Positive Regulation Of Lipid Kinase Activity (GO:0090218)","3/30",0.00960754022930576,0.0967400748875379,0,0,7.48782343987823,34.7824902189939,"TGFB1;CD19;EEF1A2"
"Protein Dephosphorylation (GO:0006470)","6/124",0.0102577797700515,0.102641908824078,0,0,3.44619083924696,15.7825851793765,"PTPRC;PTPRO;DAPP1;PTPN22;PPM1J;PPEF1"
"Leukocyte Cell-Cell Adhesion (GO:0007159)","3/31",0.0105227082269435,0.10335494399593,0,0,7.22003424657534,32.8816219750352,"ITGA4;SELL;EZR"
"Positive Regulation Of Rho Protein Signal Transduction (GO:0035025)","3/31",0.0105227082269435,0.10335494399593,0,0,7.22003424657534,32.8816219750352,"P2RY10;GPR65;F2R"
"Positive Regulation Of Extrinsic Apoptotic Signaling Pathway (GO:2001238)","3/31",0.0105227082269435,0.10335494399593,0,0,7.22003424657534,32.8816219750352,"TNFRSF12A;PMAIP1;INHBA"
"Chordate Embryonic Development (GO:0043009)","4/59",0.0111796903562806,0.109138318661008,0,0,4.91096532333646,22.0681912850705,"TGFB1;WNT7B;SULF1;SULF2"
"Positive Regulation Of Intracellular Signal Transduction (GO:1902533)","15/525",0.011597615092566,0.112532010686049,0,0,2.01628151260504,8.98647757694855,"CD86;TGFB1;SLC20A1;TRAT1;FCRL3;RTKN2;F2R;FN1;LAPTM5;SOX11;PTPRC;UBD;PMAIP1;TLR7;CARD11"
"Actin Filament Bundle Assembly (GO:0051017)","3/33",0.0124998937161008,0.11912101094927,0,0,6.73801369863014,29.5262127838278,"LCP1;EZR;LIMD2"
"Actin Filament Bundle Organization (GO:0061572)","3/33",0.0124998937161008,0.11912101094927,0,0,6.73801369863014,29.5262127838278,"LCP1;EZR;LIMD2"
"Regulation Of Type I Interferon-Mediated Signaling Pathway (GO:0060338)","3/33",0.0124998937161008,0.11912101094927,0,0,6.73801369863014,29.5262127838278,"OAS1;OAS3;ISG15"
"Regulation Of Cell Migration (GO:0030334)","13/434",0.0127107559610055,0.120413729547751,0,0,2.11158841663719,9.21773110057278,"CCR1;LRRC15;SEMA7A;CCL11;TGFB1;F2R;LEF1;CXCR4;SULF1;RAP2C;SFRP2;TP53INP1;PLXNC1"
"Regulation Of Sensory Perception (GO:0051931)","2/12",0.0129799669411508,0.121525889314517,0,0,13.4436860068259,58.4040519572458,"F2R;GPR171"
"Positive Regulation Of T-helper Cell Differentiation (GO:0045624)","2/12",0.0129799669411508,0.121525889314517,0,0,13.4436860068259,58.4040519572458,"CD86;CD80"
"Cell Junction Organization (GO:0034330)","4/62",0.013242590287884,0.122551370236429,0,0,4.65623889086385,20.1350534878511,"VMP1;TGFB1;WNT7B;CAPZA1"
"Regulation Of T Cell Activation (GO:0050863)","4/62",0.013242590287884,0.122551370236429,0,0,4.65623889086385,20.1350534878511,"CD2;SIRPG;LAPTM5;PTPN22"
"Embryonic Skeletal System Development (GO:0048706)","3/34",0.0135626962555906,0.124079295458289,0,0,6.52032699955811,28.0402240355993,"SOX11;SULF1;SULF2"
"Positive Regulation Of Immunoglobulin Production (GO:0002639)","3/34",0.0135626962555906,0.124079295458289,0,0,6.52032699955811,28.0402240355993,"CD86;SASH3;PTPRC"
"Positive Regulation Of T Cell Differentiation (GO:0045582)","4/64",0.014743860386593,0.13290875422754,0,0,4.50057273768614,18.9785935691093,"LEF1;RHOH;IL12RB1;FOXP3"
"Endolysosomal Toll-Like Receptor Signaling Pathway (GO:0140894)","2/13",0.0151919437999,0.13290875422754,0,0,12.2209121936084,51.1688372041893,"OAS1;TLR7"
"Glomerular Filtration (GO:0003094)","2/13",0.0151919437999,0.13290875422754,0,0,12.2209121936084,51.1688372041893,"SULF1;SULF2"
"Myeloid Dendritic Cell Activation (GO:0001773)","2/13",0.0151919437999,0.13290875422754,0,0,12.2209121936084,51.1688372041893,"CAMK4;UBD"
"Negative Regulation Of Fibroblast Growth Factor Receptor Signaling Pathway (GO:0040037)","2/13",0.0151919437999,0.13290875422754,0,0,12.2209121936084,51.1688372041893,"SULF1;SULF2"
"Negative Regulation Of Neuroinflammatory Response (GO:0150079)","2/13",0.0151919437999,0.13290875422754,0,0,12.2209121936084,51.1688372041893,"PTPRC;CST7"
"Positive Regulation Of T Cell Receptor Signaling Pathway (GO:0050862)","2/13",0.0151919437999,0.13290875422754,0,0,12.2209121936084,51.1688372041893,"TRAT1;CARD11"
"Positive Regulation Of Type 2 Immune Response (GO:0002830)","2/13",0.0151919437999,0.13290875422754,0,0,12.2209121936084,51.1688372041893,"CD86;RSAD2"
"Antimicrobial Humoral Immune Response Mediated By Antimicrobial Peptide (GO:0061844)","4/65",0.0155331417223839,0.135155216834438,0,0,4.42656751732297,18.4356770409277,"CXCL10;CXCL9;CXCL11;RNASE6"
"Regulation Of Intracellular Protein Transport (GO:0033157)","3/36",0.0158382996173703,0.137065501013026,0,0,6.12453300124533,25.3881751439352,"TGFB1;IFI27;LCP1"
"Cellular Response To Type II Interferon (GO:0071346)","4/66",0.0163485352406424,0.140720456560583,0,0,4.3549495621328,17.914594437005,"CCL11;CCL22;STAT1;IL12RB1"
"Type I Interferon-Mediated Signaling Pathway (GO:0060337)","3/37",0.0170515860512315,0.144115651323938,0,0,5.9440975020145,24.2014646417673,"IFI27;STAT1;OAS2"
"Positive Regulation Of Immune Effector Process (GO:0002699)","3/37",0.0170515860512315,0.144115651323938,0,0,5.9440975020145,24.2014646417673,"PTPRC;DDX60;IL12RB1"
"Positive Regulation Of Cell Motility (GO:2000147)","8/221",0.0171327883076056,0.144115651323938,0,0,2.55084981433315,10.3736970686277,"CCR1;LRRC15;SEMA7A;CCL11;TGFB1;F2R;LEF1;CXCR4"
"Positive Regulation Of MAPK Cascade (GO:0043410)","10/310",0.0171966540345279,0.144115651323938,0,0,2.26959064327485,9.22143858167448,"CCR1;SEMA7A;CCL11;CCL22;TGFB1;PTPRC;FCRL3;F2R;LAPTM5;PTPN22"
"Regulation Of Cholesterol Storage (GO:0010885)","2/14",0.0175531243024159,0.144115651323938,0,0,11.2019340159272,45.2840795107203,"MSR1;LCP1"
"Regulation Of Microglial Cell Activation (GO:1903978)","2/14",0.0175531243024159,0.144115651323938,0,0,11.2019340159272,45.2840795107203,"PTPRC;CST7"
"Regulation Of Sensory Perception Of Pain (GO:0051930)","2/14",0.0175531243024159,0.144115651323938,0,0,11.2019340159272,45.2840795107203,"F2R;GPR171"
"Endoderm Development (GO:0007492)","2/14",0.0175531243024159,0.144115651323938,0,0,11.2019340159272,45.2840795107203,"EOMES;HOXC11"
"Microvillus Assembly (GO:0030033)","2/14",0.0175531243024159,0.144115651323938,0,0,11.2019340159272,45.2840795107203,"RAP2C;EZR"
"B Cell Differentiation (GO:0030183)","4/68",0.0180586314517213,0.147509535480642,0,0,4.21842783505155,16.9333241026462,"PTPRC;ITGA4;BLNK;MS4A1"
"Regulation Of Cell Population Proliferation (GO:0042127)","19/766",0.0194189677135138,0.155599243473161,0,0,1.74709465882855,6.88618228673061,"CD86;CXCL9;TGFB1;STAT1;TNFRSF9;RTKN2;SIRPG;F2R;FN1;INHBA;PLAAT4;FOXP3;HOXC10;CXCL10;CXCL11;SFRP2;TP53INP1;NOX4;IL9R"
"Regulation Of Protein Tyrosine Kinase Activity (GO:0061097)","3/39",0.0196299988953746,0.155599243473161,0,0,5.61329908675799,22.0641741024817,"RAP2C;PTPRC;NOX4"
"Positive Regulation Of Macromolecule Metabolic Process (GO:0010604)","11/364",0.0197929177380445,0.155599243473161,0,0,2.1233691098432,8.32876902317565,"ADAM19;TGFB1;DTX3L;LAMP3;LEF1;FN1;LAPTM5;SOX11;PTPN22;INHBA;EZR"
"Negative Regulation Of Epithelial Cell Proliferation (GO:0050680)","4/70",0.0198759755332596,0.155599243473161,0,0,4.09018015203582,16.0263219426564,"SFRP2;TGFB1;STAT1;SULF1"
"Regulation Of Granulocyte Macrophage Colony-Stimulating Factor Production (GO:0032645)","2/15",0.0200586567423154,0.155599243473161,0,0,10.3397217117354,40.4189488684067,"CD84;CD80"
"T Cell Homeostasis (GO:0043029)","2/15",0.0200586567423154,0.155599243473161,0,0,10.3397217117354,40.4189488684067,"PMAIP1;FOXP3"
"Renal Filtration (GO:0097205)","2/15",0.0200586567423154,0.155599243473161,0,0,10.3397217117354,40.4189488684067,"SULF1;SULF2"
"Stem Cell Development (GO:0048864)","2/15",0.0200586567423154,0.155599243473161,0,0,10.3397217117354,40.4189488684067,"PTPRC;KBTBD8"
"Negative Regulation Of Macrophage Activation (GO:0043031)","2/15",0.0200586567423154,0.155599243473161,0,0,10.3397217117354,40.4189488684067,"PTPRC;CST7"
"Positive Regulation Of Collagen Biosynthetic Process (GO:0032967)","2/15",0.0200586567423154,0.155599243473161,0,0,10.3397217117354,40.4189488684067,"TGFB1;F2R"
"Regulation Of Cell Adhesion (GO:0030155)","6/144",0.0201180783253868,0.155599243473161,0,0,2.94373401534527,11.4986267334385,"SPN;ADAMDEC1;RAC2;CXCR4;PLXNC1;CYTIP"
"Positive Regulation Of Myeloid Leukocyte Differentiation (GO:0002763)","3/40",0.0209953431876062,0.161603579054603,0,0,5.46131062569419,21.0995257616526,"CCR1;LEF1;EVI2B"
"B Cell Activation Involved In Immune Response (GO:0002312)","2/16",0.0227037992127388,0.166737534585298,0,0,9.60068259385666,36.3407245920378,"CD19;GAPT"
"Autonomic Nervous System Development (GO:0048483)","2/16",0.0227037992127388,0.166737534585298,0,0,9.60068259385666,36.3407245920378,"FN1;SOX11"
"Regulation Of Nucleocytoplasmic Transport (GO:0046822)","2/16",0.0227037992127388,0.166737534585298,0,0,9.60068259385666,36.3407245920378,"TGFB1;IFI27"
"Regulation Of Stem Cell Proliferation (GO:0072091)","2/16",0.0227037992127388,0.166737534585298,0,0,9.60068259385666,36.3407245920378,"PTPRC;SOX11"
"Negative Regulation Of Chemokine Production (GO:0032682)","2/16",0.0227037992127388,0.166737534585298,0,0,9.60068259385666,36.3407245920378,"OAS1;OAS3"
"Negative Regulation Of Cytokine Production Involved In Immune Response (GO:0002719)","2/16",0.0227037992127388,0.166737534585298,0,0,9.60068259385666,36.3407245920378,"TGFB1;FOXP3"
"Positive Regulation Of Collagen Metabolic Process (GO:0010714)","2/16",0.0227037992127388,0.166737534585298,0,0,9.60068259385666,36.3407245920378,"TGFB1;F2R"
"Positive Regulation Of Lymphocyte Migration (GO:2000403)","2/16",0.0227037992127388,0.166737534585298,0,0,9.60068259385666,36.3407245920378,"SPN;CXCL10"
"Positive Regulation Of Stem Cell Proliferation (GO:2000648)","2/16",0.0227037992127388,0.166737534585298,0,0,9.60068259385666,36.3407245920378,"PTPRC;SOX11"
"Protein Kinase A Signaling (GO:0010737)","2/16",0.0227037992127388,0.166737534585298,0,0,9.60068259385666,36.3407245920378,"LCP1;EZR"
"Collagen Fibril Organization (GO:0030199)","3/42",0.0238785458881303,0.172984398040256,0,0,5.18071654373024,19.348810032629,"LUM;COL11A1;COL12A1"
"Monocyte Chemotaxis (GO:0002548)","3/42",0.0238785458881303,0.172984398040256,0,0,5.18071654373024,19.348810032629,"CCL11;CCL22;PTPRO"
"Negative Regulation Of I-kappaB kinase/NF-kappaB Signaling (GO:0043124)","3/42",0.0238785458881303,0.172984398040256,0,0,5.18071654373024,19.348810032629,"STAT1;RHOH;TRIM59"
"Positive Regulation Of Cell Differentiation (GO:0045597)","9/283",0.0250910657034118,0.178164855324722,0,0,2.23162421520086,8.22407850916589,"MSR1;SFRP2;TGFB1;WNT7B;LEF1;CCN4;SOX11;LCP1;RUNX2"
"Calcium Ion Transport (GO:0006816)","5/112",0.0252456776018424,0.178164855324722,0,0,3.15791169835643,11.6182739462703,"CCR1;SLC24A2;CCR5;MS4A1;MCOLN2"
"Response To Amyloid-Beta (GO:1904645)","3/43",0.0253963836685549,0.178164855324722,0,0,5.05094178082192,18.5528591770602,"MMP13;ITGA4;ATP1A3"
"T Cell Migration (GO:0072678)","2/17",0.0254839174699321,0.178164855324722,0,0,8.96018202502844,32.8812490892669,"CXCL10;CXCL11"
"Regulation Of Receptor Signaling Pathway Via STAT (GO:1904892)","2/17",0.0254839174699321,0.178164855324722,0,0,8.96018202502844,32.8812490892669,"TGFB1;PTPRC"
"Negative Regulation Of Leukocyte Activation (GO:0002695)","2/17",0.0254839174699321,0.178164855324722,0,0,8.96018202502844,32.8812490892669,"CD84;FN1"
"Positive Regulation Of Glial Cell Differentiation (GO:0045687)","2/17",0.0254839174699321,0.178164855324722,0,0,8.96018202502844,32.8812490892669,"TGFB1;CXCR4"
"Positive Regulation Of Macrophage Derived Foam Cell Differentiation (GO:0010744)","2/17",0.0254839174699321,0.178164855324722,0,0,8.96018202502844,32.8812490892669,"MSR1;LCP1"
"Positive Regulation Of Protein Metabolic Process (GO:0051247)","7/196",0.0266033163034733,0.185182214790699,0,0,2.50977366255144,9.1022448263204,"CYFIP2;CD86;TGFB1;CD80;INHBA;EZR;TNFSF13B"
"Positive Regulation Of Cytokine-Mediated Signaling Pathway (GO:0001961)","3/44",0.0269649710442475,0.186239865959989,0,0,4.92749749415302,17.8041158606945,"LAPTM5;CXCR4;PARP9"
"Regulation Of Interleukin-6 Production (GO:0032675)","5/114",0.0269879131184993,0.186239865959989,0,0,3.09965200885796,11.1970780725766,"CD84;F2R;PTPN22;TLR7;LCP1"
"Positive Regulation Of Cell Population Proliferation (GO:0008284)","13/483",0.0277280165912069,0.189414862215968,0,0,1.88663799607666,6.76418574823043,"CD86;TGFB1;STAT1;RTKN2;SIRPG;F2R;LEF1;FN1;SOX11;HOXC10;SFRP2;PTPRC;CCN4"
"Regulation Of Collagen Biosynthetic Process (GO:0032965)","2/18",0.0283944827806572,0.189414862215968,0,0,8.39974402730375,29.9161958739597,"TGFB1;F2R"
"Regulation Of Lymphocyte Activation (GO:0051249)","2/18",0.0283944827806572,0.189414862215968,0,0,8.39974402730375,29.9161958739597,"FCRL3;CD19"
"Response To Cholesterol (GO:0070723)","2/18",0.0283944827806572,0.189414862215968,0,0,8.39974402730375,29.9161958739597,"TGFB1;CCR5"
"Response To Organophosphorus (GO:0046683)","2/18",0.0283944827806572,0.189414862215968,0,0,8.39974402730375,29.9161958739597,"STAT1;TLR7"
"Positive Regulation Of Monocyte Chemotaxis (GO:0090026)","2/18",0.0283944827806572,0.189414862215968,0,0,8.39974402730375,29.9161958739597,"CCR1;CXCL10"
"Positive Regulation Of Phosphoprotein Phosphatase Activity (GO:0032516)","2/18",0.0283944827806572,0.189414862215968,0,0,8.39974402730375,29.9161958739597,"PTPRC;FCRL3"
"Regulation Of RIG-I Signaling Pathway (GO:0039535)","2/18",0.0283944827806572,0.189414862215968,0,0,8.39974402730375,29.9161958739597,"DDX60;OASL"
"Positive Regulation Of Immune Response (GO:0050778)","4/80",0.030622158190678,0.203427698187865,0,0,3.55018990775909,12.3760735235109,"SASH3;PTPRC;RSAD2;IL12RB1"
"Regulation Of Fibroblast Growth Factor Receptor Signaling Pathway (GO:0040036)","2/19",0.0314310698456546,0.205392419685277,0,0,7.90523991166432,27.3518011553942,"SULF1;SULF2"
"Regulation Of Lymphocyte Differentiation (GO:0045619)","2/19",0.0314310698456546,0.205392419685277,0,0,7.90523991166432,27.3518011553942,"CD2;FCRL3"
"Negative Regulation Of Leukocyte Cell-Cell Adhesion (GO:1903038)","2/19",0.0314310698456546,0.205392419685277,0,0,7.90523991166432,27.3518011553942,"LAPTM5;PTPN22"
"Regulation Of B Cell Differentiation (GO:0045577)","2/19",0.0314310698456546,0.205392419685277,0,0,7.90523991166432,27.3518011553942,"FCRL3;INHBA"
"Epithelial To Mesenchymal Transition (GO:0001837)","3/47",0.0319740709530814,0.206413256435013,0,0,4.59083125778331,15.8054515211835,"EOMES;TGFB1;LEF1"
"Positive Regulation Of Smooth Muscle Cell Proliferation (GO:0048661)","3/47",0.0319740709530814,0.206413256435013,0,0,4.59083125778331,15.8054515211835,"TGFB1;STAT1;CCN4"
"Regulation Of T Cell Differentiation (GO:0045580)","3/47",0.0319740709530814,0.206413256435013,0,0,4.59083125778331,15.8054515211835,"CD2;CAMK4;RHOH"
"Myelination (GO:0042552)","3/48",0.0337443365668478,0.216966597765154,0,0,4.48858447488584,15.2115555049832,"CXCR4;MAL2;BCAS1"
"Adenylate Cyclase-Modulating G Protein-Coupled Receptor Signaling Pathway (GO:0007188)","6/163",0.0341356760174864,0.218021877880853,0,0,2.58497344235559,8.73052090312151,"CXCL10;CXCL11;CXCL9;RGS1;GPR65;GPR171"
"Negative Regulation Of Protein Localization To Cell Periphery (GO:1904376)","2/20",0.0345893547668561,0.218021877880853,0,0,7.46568069776261,25.1161125085648,"LRRC15;TGFB1"
"Negative Regulation Of Protein Localization To Plasma Membrane (GO:1903077)","2/20",0.0345893547668561,0.218021877880853,0,0,7.46568069776261,25.1161125085648,"LRRC15;TGFB1"
"Positive Regulation Of Lipid Storage (GO:0010884)","2/20",0.0345893547668561,0.218021877880853,0,0,7.46568069776261,25.1161125085648,"MSR1;LCP1"
"Regulation Of Calcium Ion Import (GO:0090279)","2/20",0.0345893547668561,0.218021877880853,0,0,7.46568069776261,25.1161125085648,"PLPP4;FCRL3"
"Interferon-Mediated Signaling Pathway (GO:0140888)","3/49",0.035564535976218,0.222485219582718,0,0,4.39078320428827,14.6494368241288,"IFI27;OAS2;STAT1"
"Regulation Of Cysteine-Type Endopeptidase Activity Involved In Apoptotic Process (GO:0043281)","4/84",0.0357143669161515,0.222485219582718,0,0,3.37199312714777,11.2361630398306,"LAMP3;F2R;IFI6;PMAIP1"
"Regulation Of Interleukin-1 Beta Production (GO:0032651)","4/84",0.0357143669161515,0.222485219582718,0,0,3.37199312714777,11.2361630398306,"CARD17P;F2R;PYDC1;LCP1"
"Regulation Of Osteoblast Differentiation (GO:0045667)","4/85",0.037059310972564,0.229080914544691,0,0,3.33019388231301,10.9737736041127,"WNT7B;CCN4;SOX11;RUNX2"
"Calcium-Mediated Signaling (GO:0019722)","4/85",0.037059310972564,0.229080914544691,0,0,3.33019388231301,10.9737736041127,"FCGR3A;PTPRC;CXCR4;CCR5"
"SMAD Protein Signal Transduction (GO:0060395)","3/51",0.0393537010777496,0.241399522702978,0,0,4.20740582191781,13.6116531211739,"TGFB1;INHBA;RUNX2"
"Positive Regulation Of Ras Protein Signal Transduction (GO:0046579)","3/51",0.0393537010777496,0.241399522702978,0,0,4.20740582191781,13.6116531211739,"P2RY10;GPR65;F2R"
"Regulation Of Regulatory T Cell Differentiation (GO:0045589)","2/22",0.0412542174239703,0.246853193144089,0,0,6.71843003412969,21.418367921063,"CTLA4;FOXP3"
"Cellular Response To Interferon-Beta (GO:0035458)","2/22",0.0412542174239703,0.246853193144089,0,0,6.71843003412969,21.418367921063,"OAS1;STAT1"
"Dendritic Cell Differentiation (GO:0097028)","2/22",0.0412542174239703,0.246853193144089,0,0,6.71843003412969,21.418367921063,"CAMK4;UBD"
"Natural Killer Cell Mediated Immunity (GO:0002228)","2/22",0.0412542174239703,0.246853193144089,0,0,6.71843003412969,21.418367921063,"CD2;FCGR3A"
"Platelet Dense Granule Organization (GO:0060155)","2/22",0.0412542174239703,0.246853193144089,0,0,6.71843003412969,21.418367921063,"F2R;AP1S3"
"Regulation Of Protein Localization To Nucleus (GO:1900180)","3/52",0.0413220835494165,0.246853193144089,0,0,4.12133072407045,13.132035994052,"TGFB1;DTX3L;PARP9"
"Negative Regulation Of Innate Immune Response (GO:0045824)","3/52",0.0413220835494165,0.246853193144089,0,0,4.12133072407045,13.132035994052,"OAS1;OAS3;ISG15"
"Positive Regulation Of Peptidyl-Tyrosine Phosphorylation (GO:0050731)","5/130",0.0436804854502789,0.259971959873221,0,0,2.70068965517241,8.45546456085135,"TGFB1;PTPRC;CD80;NOX4;PARP9"
"Regulation Of Cellular Response To Transforming Growth Factor Beta Stimulus (GO:1903844)","2/23",0.0447526363700854,0.262450442595263,0,0,6.39817974971559,19.8766167067769,"TGFB1;SOX11"
"Cytosolic Pattern Recognition Receptor Signaling Pathway (GO:0002753)","2/23",0.0447526363700854,0.262450442595263,0,0,6.39817974971559,19.8766167067769,"OAS3;IRF7"
"Negative Regulation Of Protein Tyrosine Kinase Activity (GO:0061099)","2/23",0.0447526363700854,0.262450442595263,0,0,6.39817974971559,19.8766167067769,"GPRC5A;PTPRC"
"Regulation Of T Cell Migration (GO:2000404)","2/23",0.0447526363700854,0.262450442595263,0,0,6.39817974971559,19.8766167067769,"SPN;CXCL10"
"Regulation Of Smooth Muscle Cell Proliferation (GO:0048660)","3/54",0.0454048053739091,0.265303260597184,0,0,3.95930701047542,12.24272102503,"TGFB1;STAT1;CCN4"
"Regulation Of RNA Metabolic Process (GO:0051252)","4/91",0.0457348498588892,0.266259980451206,0,0,3.09957735908678,9.56186974474809,"OAS1;OAS2;OAS3;OASL"
"Regulation Of Cysteine-Type Endopeptidase Activity (GO:2000116)","2/24",0.0483564317219627,0.273564124335203,0,0,6.10704312752094,18.4991865865953,"CST2;CST4"
"Fc-gamma Receptor Signaling Pathway (GO:0038094)","2/24",0.0483564317219627,0.273564124335203,0,0,6.10704312752094,18.4991865865953,"FCGR3A;PLPP4"
"Response To Hexose (GO:0009746)","2/24",0.0483564317219627,0.273564124335203,0,0,6.10704312752094,18.4991865865953,"LCP1;SELENOT"
"Response To Purine-Containing Compound (GO:0014074)","2/24",0.0483564317219627,0.273564124335203,0,0,6.10704312752094,18.4991865865953,"STAT1;TLR7"
"Eosinophil Chemotaxis (GO:0048245)","2/24",0.0483564317219627,0.273564124335203,0,0,6.10704312752094,18.4991865865953,"CCL11;CCL22"
"Eosinophil Migration (GO:0072677)","2/24",0.0483564317219627,0.273564124335203,0,0,6.10704312752094,18.4991865865953,"CCL11;CCL22"
"Natural Killer Cell Mediated Cytotoxicity (GO:0042267)","2/24",0.0483564317219627,0.273564124335203,0,0,6.10704312752094,18.4991865865953,"CD2;FCGR3A"
"Positive Regulation Of BMP Signaling Pathway (GO:0030513)","2/24",0.0483564317219627,0.273564124335203,0,0,6.10704312752094,18.4991865865953,"SOX11;SULF1"
"Cellular Response To Peptide (GO:1901653)","3/56",0.0496796787357471,0.280060442450462,0,0,3.80951150168002,11.4367604138906,"ITGA4;ATP1A3;PTPN22"
"Endosome To Lysosome Transport (GO:0008333)","3/57",0.0518881711417649,0.286610357085263,0,0,3.73877473363775,11.0617798204246,"PLEKHF2;DTX3L;CACNG4"
"Regulation Of Monocyte Chemotaxis (GO:0090025)","2/25",0.0520617570841524,0.286610357085263,0,0,5.84122273334323,17.2627094064421,"CCR1;CXCL10"
"Secretory Granule Organization (GO:0033363)","2/25",0.0520617570841524,0.286610357085263,0,0,5.84122273334323,17.2627094064421,"F2R;AP1S3"
"Negative Regulation Of Protein Localization To Membrane (GO:1905476)","2/25",0.0520617570841524,0.286610357085263,0,0,5.84122273334323,17.2627094064421,"LRRC15;TGFB1"
"Positive Regulation Of T Cell Migration (GO:2000406)","2/25",0.0520617570841524,0.286610357085263,0,0,5.84122273334323,17.2627094064421,"SPN;CXCL10"
"Proteoglycan Metabolic Process (GO:0006029)","2/25",0.0520617570841524,0.286610357085263,0,0,5.84122273334323,17.2627094064421,"SULF1;SULF2"
"Positive Regulation Of Transmembrane Receptor Protein Serine/Threonine Kinase Signaling Pathway (GO:0090100)","4/95",0.0520946995076899,0.286610357085263,0,0,2.96272799365583,8.75394891522109,"TGFB1;SOX11;INHBA;SULF1"
"Apoptotic Process (GO:0006915)","7/228",0.0528377474687317,0.289702855128217,0,0,2.14284816490699,6.30110809189937,"CYFIP2;CD2;IFI27;MX1;IFI6;CXCR4;PMAIP1"
"Renal System Development (GO:0072001)","3/58",0.0541434605379068,0.295848738297573,0,0,3.6706102117061,10.7039327975472,"STAT1;SULF1;SULF2"
"Negative Regulation Of Cell Population Proliferation (GO:0008285)","10/379",0.0554369149419737,0.298132114254548,0,0,1.83863452669614,5.31826796868476,"SFRP2;TGFB1;SIRPG;F2R;TP53INP1;NOX4;SOX11;INHBA;PLAAT4;FOXP3"
"Phosphate-Containing Compound Metabolic Process (GO:0006796)","6/184",0.0556297279963272,0.298132114254548,0,0,2.27755530500369,6.57994278565101,"CERKL;TGFB1;PTPRC;SLC20A1;LCP1;PLAAT4"
"Fc Receptor Signaling Pathway (GO:0038093)","2/26",0.055864855887798,0.298132114254548,0,0,5.59755403868032,16.147934681141,"FCGR3A;LILRA4"
"Negative Regulation Of Catalytic Activity (GO:0043086)","2/26",0.055864855887798,0.298132114254548,0,0,5.59755403868032,16.147934681141,"IFIT1;PARP9"
"Negative Regulation Of Interleukin-1 Beta Production (GO:0032691)","2/26",0.055864855887798,0.298132114254548,0,0,5.59755403868032,16.147934681141,"CARD17P;PYDC1"
"Positive Regulation Of Erythrocyte Differentiation (GO:0045648)","2/26",0.055864855887798,0.298132114254548,0,0,5.59755403868032,16.147934681141,"STAT1;INHBA"
"Positive Regulation Of Phosphatidylinositol 3-Kinase Activity (GO:0043552)","2/26",0.055864855887798,0.298132114254548,0,0,5.59755403868032,16.147934681141,"TGFB1;CD19"
"Negative Regulation Of Cellular Process (GO:0048523)","13/537",0.0561293011323834,0.298548209677561,0,0,1.68746277949218,4.86005699672063,"ADAMDEC1;TGFB1;SIRPG;F2R;INHBA;PLAAT4;FOXP3;SPN;SFRP2;TP53INP1;CCN4;NOX4;PLXNC1"
"Regulation Of Type I Interferon Production (GO:0032479)","3/59",0.0564450937769566,0.299233758731482,0,0,3.6048801369863,10.3621807474421,"TRAF3IP3;IRF7;PTPN22"
"Regulation Of I-kappaB kinase/NF-kappaB Signaling (GO:0043122)","7/232",0.0569617828191015,0.300976284796638,0,0,2.10432098765432,6.02966814579806,"SLC20A1;STAT1;UBD;F2R;RHOH;TRIM59;CARD11"
"Positive Regulation Of Protein-Containing Complex Assembly (GO:0031334)","4/98",0.0571650214158276,0.301056576601118,0,0,2.86773415222637,8.20691911069409,"TGFB1;ISG15;PTPN22;LCP1"
"Positive Regulation Of Phagocytosis (GO:0050766)","3/60",0.058792600408052,0.308612961486201,0,0,3.54145638067772,10.0355640380317,"RAB31;PTPRC;SIRPG"
"Regulation Of Extrinsic Apoptotic Signaling Pathway In Absence Of Ligand (GO:2001239)","2/27",0.0597620596448394,0.310646290556454,0,0,5.37337883959044,15.138873038093,"IFI6;INHBA"
"Regulation Of Transcription Regulatory Region DNA Binding (GO:2000677)","2/27",0.0597620596448394,0.310646290556454,0,0,5.37337883959044,15.138873038093,"TGFB1;SOX11"
"Cortical Cytoskeleton Organization (GO:0030865)","2/27",0.0597620596448394,0.310646290556454,0,0,5.37337883959044,15.138873038093,"LCP1;EZR"
"Antimicrobial Humoral Response (GO:0019730)","4/100",0.0606871196843439,0.313164735461894,0,0,2.80770332187858,7.86725153050599,"CXCL10;CXCL11;CXCL9;RNASE6"
"BMP Signaling Pathway (GO:0030509)","3/61",0.0611854935947654,0.313164735461894,0,0,3.48021965044875,9.7231947924749,"TGFB1;INHBA;RUNX2"
"Autophagosome Organization (GO:1905037)","3/61",0.0611854935947654,0.313164735461894,0,0,3.48021965044875,9.7231947924749,"VMP1;TP53INP1;RAB19"
"Positive Regulation Of Interleukin-8 Production (GO:0032757)","3/61",0.0611854935947654,0.313164735461894,0,0,3.48021965044875,9.7231947924749,"CD2;F2R;TLR7"
"Negative Regulation Of Gene Expression (GO:0010629)","9/336",0.0621972634858229,0.313164735461894,0,0,1.86482325014435,5.17944266113713,"CCR1;MSR1;SFRP2;TGFB1;SOX11;PTPN22;PARP9;MRPL13;FOXP3"
"Regulation Of Chemotaxis (GO:0050920)","2/28",0.0637497861678211,0.313164735461894,0,0,5.16644788658441,14.2221432319252,"TGFB1;CXCR4"
"Establishment Of Endothelial Barrier (GO:0061028)","2/28",0.0637497861678211,0.313164735461894,0,0,5.16644788658441,14.2221432319252,"RAP2C;EZR"
"Response To Alcohol (GO:0097305)","2/29",0.0678245378286624,0.313164735461894,0,0,4.97484515231956,13.3864687233298,"TGFB1;CCR5"
"Response To Interferon-Beta (GO:0035456)","2/29",0.0678245378286624,0.313164735461894,0,0,4.97484515231956,13.3864687233298,"OAS1;STAT1"
"Response To Steroid Hormone (GO:0048545)","2/29",0.0678245378286624,0.313164735461894,0,0,4.97484515231956,13.3864687233298,"TGFB1;ATP1A3"
"Heterotypic Cell-Cell Adhesion (GO:0034113)","2/29",0.0678245378286624,0.313164735461894,0,0,4.97484515231956,13.3864687233298,"CD2;ITGA4"
"Negative Regulation Of DNA Binding (GO:0043392)","2/29",0.0678245378286624,0.313164735461894,0,0,4.97484515231956,13.3864687233298,"LEF1;SOX11"
"Peptidyl-Tyrosine Dephosphorylation (GO:0035335)","2/29",0.0678245378286624,0.313164735461894,0,0,4.97484515231956,13.3864687233298,"PTPRO;PTPN22"
"Positive Regulation Of Calcium Ion Transport (GO:0051928)","2/29",0.0678245378286624,0.313164735461894,0,0,4.97484515231956,13.3864687233298,"CCR1;F2R"
"Cellular Response To Virus (GO:0098586)","3/64",0.068631396057475,0.313164735461894,0,0,3.30855602964294,8.86363874329616,"CXCL10;OAS1;IFI6"
"Positive Regulation Of Cysteine-Type Endopeptidase Activity (GO:2001056)","3/64",0.068631396057475,0.313164735461894,0,0,3.30855602964294,8.86363874329616,"CYFIP2;F2R;PMAIP1"
"Axon Guidance (GO:0007411)","5/149",0.0700780374991912,0.313164735461894,0,0,2.34207375478927,6.22557359999338,"CYFIP2;SEMA7A;TUBB3;PTPRO;PLXNC1"
"Negative Regulation Of Protein Phosphorylation (GO:0001933)","5/149",0.0700780374991912,0.313164735461894,0,0,2.34207375478927,6.22557359999338,"SFRP2;TGFB1;PTPRC;PYDC1;SAMSN1"
"Autophagosome Assembly (GO:0000045)","3/65",0.0712006689323528,0.313164735461894,0,0,3.25502651347768,8.60060378349098,"VMP1;TP53INP1;RAB19"
"Canonical Wnt Signaling Pathway (GO:0060070)","3/65",0.0712006689323528,0.313164735461894,0,0,3.25502651347768,8.60060378349098,"SFRP2;WNT7B;LEF1"
"CD4-positive, Alpha-Beta T Cell Activation (GO:0035710)","1/5",0.0716129049357954,0.313164735461894,0,0,16.7525510204082,44.1677654583525,"RSAD2"
"ISG15-protein Conjugation (GO:0032020)","1/5",0.0716129049357954,0.313164735461894,0,0,16.7525510204082,44.1677654583525,"ISG15"
"Regulation Of Extracellular Exosome Assembly (GO:1903551)","1/5",0.0716129049357954,0.313164735461894,0,0,16.7525510204082,44.1677654583525,"SDC1"
"Regulation Of Hyaluronan Biosynthetic Process (GO:1900125)","1/5",0.0716129049357954,0.313164735461894,0,0,16.7525510204082,44.1677654583525,"TGFB1"
"Regulation Of Hydrogen Peroxide Metabolic Process (GO:0010310)","1/5",0.0716129049357954,0.313164735461894,0,0,16.7525510204082,44.1677654583525,"RAC2"
"Regulation Of Macrophage Apoptotic Process (GO:2000109)","1/5",0.0716129049357954,0.313164735461894,0,0,16.7525510204082,44.1677654583525,"IRF7"
"Regulation Of Retinal Ganglion Cell Axon Guidance (GO:0090259)","1/5",0.0716129049357954,0.313164735461894,0,0,16.7525510204082,44.1677654583525,"PTPRO"
"Regulation Of Tooth Mineralization (GO:0070170)","1/5",0.0716129049357954,0.313164735461894,0,0,16.7525510204082,44.1677654583525,"ASPN"
"Chemokine (C-X-C Motif) Ligand 12 Signaling Pathway (GO:0038146)","1/5",0.0716129049357954,0.313164735461894,0,0,16.7525510204082,44.1677654583525,"CXCR4"
"Renal Filtration Cell Differentiation (GO:0061318)","1/5",0.0716129049357954,0.313164735461894,0,0,16.7525510204082,44.1677654583525,"PTPRO"
"Renal System Process Involved In Regulation Of Blood Volume (GO:0001977)","1/5",0.0716129049357954,0.313164735461894,0,0,16.7525510204082,44.1677654583525,"PTPRO"
"Response To cGMP (GO:0070305)","1/5",0.0716129049357954,0.313164735461894,0,0,16.7525510204082,44.1677654583525,"TLR7"
"Glomerular Epithelial Cell Differentiation (GO:0072311)","1/5",0.0716129049357954,0.313164735461894,0,0,16.7525510204082,44.1677654583525,"PTPRO"
"Zymogen Inhibition (GO:0097341)","1/5",0.0716129049357954,0.313164735461894,0,0,16.7525510204082,44.1677654583525,"CST7"
"Inclusion Body Assembly (GO:0070841)","1/5",0.0716129049357954,0.313164735461894,0,0,16.7525510204082,44.1677654583525,"UBD"
"Intracellular Oxygen Homeostasis (GO:0032364)","1/5",0.0716129049357954,0.313164735461894,0,0,16.7525510204082,44.1677654583525,"WNT7B"
"Kidney Morphogenesis (GO:0060993)","1/5",0.0716129049357954,0.313164735461894,0,0,16.7525510204082,44.1677654583525,"WNT7B"
"Mesenchymal Cell Differentiation Involved In Kidney Development (GO:0072161)","1/5",0.0716129049357954,0.313164735461894,0,0,16.7525510204082,44.1677654583525,"STAT1"
"Metanephric Collecting Duct Development (GO:0072205)","1/5",0.0716129049357954,0.313164735461894,0,0,16.7525510204082,44.1677654583525,"WNT7B"
"Natural Killer Cell Degranulation (GO:0043320)","1/5",0.0716129049357954,0.313164735461894,0,0,16.7525510204082,44.1677654583525,"FCGR3A"
"Negative Regulation Of B Cell Receptor Signaling Pathway (GO:0050859)","1/5",0.0716129049357954,0.313164735461894,0,0,16.7525510204082,44.1677654583525,"FCRL3"
"Negative Regulation Of Glial Cell Proliferation (GO:0060253)","1/5",0.0716129049357954,0.313164735461894,0,0,16.7525510204082,44.1677654583525,"SOX11"
"Negative Regulation Of Mast Cell Activation (GO:0033004)","1/5",0.0716129049357954,0.313164735461894,0,0,16.7525510204082,44.1677654583525,"CD84"
"Negative Regulation Of Morphogenesis Of An Epithelium (GO:1905331)","1/5",0.0716129049357954,0.313164735461894,0,0,16.7525510204082,44.1677654583525,"SULF1"
"Negative Regulation Of Myeloid Cell Apoptotic Process (GO:0033033)","1/5",0.0716129049357954,0.313164735461894,0,0,16.7525510204082,44.1677654583525,"IRF7"
"Negative Regulation Of Myeloid Leukocyte Mediated Immunity (GO:0002887)","1/5",0.0716129049357954,0.313164735461894,0,0,16.7525510204082,44.1677654583525,"CD84"
"Positive Regulation Of Cardiac Muscle Cell Differentiation (GO:2000727)","1/5",0.0716129049357954,0.313164735461894,0,0,16.7525510204082,44.1677654583525,"TGFB1"
"Positive Regulation Of Extrinsic Apoptotic Signaling Pathway Via Death Domain Receptors (GO:1902043)","1/5",0.0716129049357954,0.313164735461894,0,0,16.7525510204082,44.1677654583525,"PMAIP1"
"Positive Regulation Of Gap Junction Assembly (GO:1903598)","1/5",0.0716129049357954,0.313164735461894,0,0,16.7525510204082,44.1677654583525,"CNTNAP2"
"Positive Regulation Of Granulocyte Differentiation (GO:0030854)","1/5",0.0716129049357954,0.313164735461894,0,0,16.7525510204082,44.1677654583525,"LEF1"
"Positive Regulation Of Growth Hormone Secretion (GO:0060124)","1/5",0.0716129049357954,0.313164735461894,0,0,16.7525510204082,44.1677654583525,"SELENOT"
"Positive Regulation Of Podosome Assembly (GO:0071803)","1/5",0.0716129049357954,0.313164735461894,0,0,16.7525510204082,44.1677654583525,"LCP1"
"Positive Regulation Of Pyruvate Dehydrogenase Activity (GO:1904184)","1/5",0.0716129049357954,0.313164735461894,0,0,16.7525510204082,44.1677654583525,"PPM1J"
"Protein Modification By Small Protein Conjugation Or Removal (GO:0070647)","1/5",0.0716129049357954,0.313164735461894,0,0,16.7525510204082,44.1677654583525,"UBD"
"Regulation Of T-helper 17 Cell Lineage Commitment (GO:2000328)","1/5",0.0716129049357954,0.313164735461894,0,0,16.7525510204082,44.1677654583525,"IL12RB1"
"Regulation Of Blood Vessel Remodeling (GO:0060312)","1/5",0.0716129049357954,0.313164735461894,0,0,16.7525510204082,44.1677654583525,"TGFB1"
"Regulation Of Macrophage Derived Foam Cell Differentiation (GO:0010743)","2/30",0.0719828998438333,0.313164735461894,0,0,4.79692832764505,12.6222855401957,"MSR1;LCP1"
"Negative Regulation Of Interleukin-1 Production (GO:0032692)","2/30",0.0719828998438333,0.313164735461894,0,0,4.79692832764505,12.6222855401957,"CARD17P;PYDC1"
"Positive Regulation Of Cell Communication (GO:0010647)","2/30",0.0719828998438333,0.313164735461894,0,0,4.79692832764505,12.6222855401957,"CD80;SOX11"
"Regulation Of Calcium-Mediated Signaling (GO:0050848)","2/30",0.0719828998438333,0.313164735461894,0,0,4.79692832764505,12.6222855401957,"TRAT1;CD22"
"Cellular Response To BMP Stimulus (GO:0071773)","3/66",0.0738126777727401,0.320255005729423,0,0,3.20319634703196,8.34824968391944,"TGFB1;INHBA;RUNX2"
"Regulation Of Transmembrane Receptor Protein Serine/Threonine Kinase Signaling Pathway (GO:0090092)","2/31",0.0762215386581861,0.325969764603907,0,0,4.63128162881017,11.9214338956707,"TGFB1;SOX11"
"Toll-Like Receptor Signaling Pathway (GO:0002224)","2/31",0.0762215386581861,0.325969764603907,0,0,4.63128162881017,11.9214338956707,"TLR10;TLR7"
"Positive Regulation Of Mononuclear Cell Migration (GO:0071677)","2/31",0.0762215386581861,0.325969764603907,0,0,4.63128162881017,11.9214338956707,"CCR1;CXCL10"
"Regulation Of Neurogenesis (GO:0050767)","3/67",0.0764668547628723,0.325969764603907,0,0,3.15298587328767,8.1060047701778,"CCL11;LEF1;SOX11"
"Extrinsic Apoptotic Signaling Pathway (GO:0097191)","3/67",0.0764668547628723,0.325969764603907,0,0,3.15298587328767,8.1060047701778,"TGFB1;IFI27;INHBA"
"Positive Regulation Of Wnt Signaling Pathway (GO:0030177)","4/109",0.0779145030294968,0.325969764603907,0,0,2.56586483390607,6.54845440707693,"SFRP2;TGFB1;SULF1;SULF2"
"Cellular Response To Oxygen-Containing Compound (GO:1901701)","10/406",0.0794960647231233,0.325969764603907,0,0,1.71088073719653,4.33203173633816,"CD86;CXCL10;CXCL11;CXCL9;CARD17P;WNT7B;CD80;LCP1;EZR;CCR5"
"Positive Regulation Of Response To External Stimulus (GO:0032103)","5/155",0.0799013681419596,0.325969764603907,0,0,2.24770114942529,5.67985607340765,"TGFB1;LY86;CCN4;TLR7;LCP1"
"Adenylate Cyclase-Activating G Protein-Coupled Receptor Signaling Pathway (GO:0007189)","4/110",0.079964962586576,0.325969764603907,0,0,2.54152888543085,6.42032565757187,"CXCL10;CXCL11;CXCL9;GPR65"
"Response To Lipid (GO:0033993)","4/110",0.079964962586576,0.325969764603907,0,0,2.54152888543085,6.42032565757187,"TGFB1;CD6;F2R;PTPN22"
"Respiratory System Development (GO:0060541)","2/32",0.0805372002197703,0.325969764603907,0,0,4.47667804323094,11.2769135397423,"BASP1;WNT7B"
"Response To Molecule Of Bacterial Origin (GO:0002237)","3/69",0.0818993886809335,0.325969764603907,0,0,3.0571295143213,7.64974436996906,"CD6;F2R;PTPN22"
"Defense Response To Bacterium (GO:0042742)","6/204",0.0822885537098931,0.325969764603907,0,0,2.04540211806648,5.10843936806347,"SPN;OAS1;OAS2;OAS3;RNASE6;ISG15"
"Vasculogenesis (GO:0001570)","2/33",0.084926708471947,0.325969764603907,0,0,4.3320488825278,10.6826880605942,"TGFB1;WNT7B"
"Lung Development (GO:0030324)","2/33",0.084926708471947,0.325969764603907,0,0,4.3320488825278,10.6826880605942,"WNT7B;SOX11"
"Positive Regulation Of Nitrogen Compound Metabolic Process (GO:0051173)","2/33",0.084926708471947,0.325969764603907,0,0,4.3320488825278,10.6826880605942,"TGFB1;INHBA"
"Regulation Of NLRP3 Inflammasome Complex Assembly (GO:1900225)","2/33",0.084926708471947,0.325969764603907,0,0,4.3320488825278,10.6826880605942,"PYDC1;PTPN22"
"Regulation Of Activated T Cell Proliferation (GO:0046006)","2/33",0.084926708471947,0.325969764603907,0,0,4.3320488825278,10.6826880605942,"IL12RB1;FOXP3"
"Regulation Of Extracellular Matrix Assembly (GO:1901201)","1/6",0.085310013347306,0.325969764603907,0,0,13.4013605442177,32.9869590473598,"TGFB1"
"RIG-I Signaling Pathway (GO:0039529)","1/6",0.085310013347306,0.325969764603907,0,0,13.4013605442177,32.9869590473598,"OAS3"
"Regulation Of Growth Hormone Secretion (GO:0060123)","1/6",0.085310013347306,0.325969764603907,0,0,13.4013605442177,32.9869590473598,"SELENOT"
"SMAD Protein Complex Assembly (GO:0007183)","1/6",0.085310013347306,0.325969764603907,0,0,13.4013605442177,32.9869590473598,"TGFB1"
"Regulation Of Muscle Organ Development (GO:0048634)","1/6",0.085310013347306,0.325969764603907,0,0,13.4013605442177,32.9869590473598,"TGFB1"
"Autophagosome Membrane Docking (GO:0016240)","1/6",0.085310013347306,0.325969764603907,0,0,13.4013605442177,32.9869590473598,"VMP1"
"Regulation Of Nucleotide-Binding Oligomerization Domain Containing 2 Signaling Pathway (GO:0070432)","1/6",0.085310013347306,0.325969764603907,0,0,13.4013605442177,32.9869590473598,"PTPN22"
"Regulation Of Pyruvate Dehydrogenase Activity (GO:1904182)","1/6",0.085310013347306,0.325969764603907,0,0,13.4013605442177,32.9869590473598,"PPM1J"
"Cellular Response To Bacterial Lipopeptide (GO:0071221)","1/6",0.085310013347306,0.325969764603907,0,0,13.4013605442177,32.9869590473598,"TLR10"
"Regulation Of Striated Muscle Tissue Development (GO:0016202)","1/6",0.085310013347306,0.325969764603907,0,0,13.4013605442177,32.9869590473598,"TGFB1"
"Release Of Sequestered Calcium Ion Into Cytosol By Sarcoplasmic Reticulum (GO:0014808)","1/6",0.085310013347306,0.325969764603907,0,0,13.4013605442177,32.9869590473598,"CCR5"
"Toll-Like Receptor 3 Signaling Pathway (GO:0034138)","1/6",0.085310013347306,0.325969764603907,0,0,13.4013605442177,32.9869590473598,"OAS1"
"Gap Junction Assembly (GO:0016264)","1/6",0.085310013347306,0.325969764603907,0,0,13.4013605442177,32.9869590473598,"GJB2"
"Gland Morphogenesis (GO:0022612)","1/6",0.085310013347306,0.325969764603907,0,0,13.4013605442177,32.9869590473598,"TGFB1"
"Glycosylceramide Biosynthetic Process (GO:0046476)","1/6",0.085310013347306,0.325969764603907,0,0,13.4013605442177,32.9869590473598,"UGCG"
"Insulin Secretion Involved In Cellular Response To Glucose Stimulus (GO:0035773)","1/6",0.085310013347306,0.325969764603907,0,0,13.4013605442177,32.9869590473598,"SELENOT"
"Long-Term Synaptic Depression (GO:0060292)","1/6",0.085310013347306,0.325969764603907,0,0,13.4013605442177,32.9869590473598,"SLC24A2"
"Metanephric Nephron Tubule Development (GO:0072234)","1/6",0.085310013347306,0.325969764603907,0,0,13.4013605442177,32.9869590473598,"WNT7B"
"Mitochondrion-Endoplasmic Reticulum Membrane Tethering (GO:1990456)","1/6",0.085310013347306,0.325969764603907,0,0,13.4013605442177,32.9869590473598,"VMP1"
"Negative Regulation Of Lymphocyte Differentiation (GO:0045620)","1/6",0.085310013347306,0.325969764603907,0,0,13.4013605442177,32.9869590473598,"INHBA"
"Neurotransmitter Receptor Transport, Postsynaptic Endosome To Lysosome (GO:0098943)","1/6",0.085310013347306,0.325969764603907,0,0,13.4013605442177,32.9869590473598,"CACNG4"
"Noradrenergic Neuron Differentiation (GO:0003357)","1/6",0.085310013347306,0.325969764603907,0,0,13.4013605442177,32.9869590473598,"SOX11"
"Positive Regulation Of T-helper 17 Cell Differentiation (GO:2000321)","1/6",0.085310013347306,0.325969764603907,0,0,13.4013605442177,32.9869590473598,"IL12RB1"
"Positive Regulation Of Chemokine (C-X-C Motif) Ligand 2 Production (GO:2000343)","1/6",0.085310013347306,0.325969764603907,0,0,13.4013605442177,32.9869590473598,"LCP1"
"Positive Regulation Of Endoplasmic Reticulum Stress-Induced Intrinsic Apoptotic Signaling Pathway (GO:1902237)","1/6",0.085310013347306,0.325969764603907,0,0,13.4013605442177,32.9869590473598,"PMAIP1"
"Positive Regulation Of Lipopolysaccharide-Mediated Signaling Pathway (GO:0031666)","1/6",0.085310013347306,0.325969764603907,0,0,13.4013605442177,32.9869590473598,"LY86"
"Positive Regulation Of Protein K63-linked Ubiquitination (GO:1902523)","1/6",0.085310013347306,0.325969764603907,0,0,13.4013605442177,32.9869590473598,"PTPN22"
"Positive Regulation Of Toll-Like Receptor 3 Signaling Pathway (GO:0034141)","1/6",0.085310013347306,0.325969764603907,0,0,13.4013605442177,32.9869590473598,"PTPN22"
"Receptor-Mediated Virion Attachment To Host Cell (GO:0046813)","1/6",0.085310013347306,0.325969764603907,0,0,13.4013605442177,32.9869590473598,"LRRC15"
"Regulation Of MDA-5 Signaling Pathway (GO:0039533)","1/6",0.085310013347306,0.325969764603907,0,0,13.4013605442177,32.9869590473598,"DDX60"
"Regulation Of T Cell Tolerance Induction (GO:0002664)","1/6",0.085310013347306,0.325969764603907,0,0,13.4013605442177,32.9869590473598,"FOXP3"
"Regulation Of T-helper 1 Cell Differentiation (GO:0045625)","1/6",0.085310013347306,0.325969764603907,0,0,13.4013605442177,32.9869590473598,"CD80"
"Negative Regulation Of Cellular Response To Growth Factor Stimulus (GO:0090288)","3/71",0.0874935246003536,0.333516983059919,0,0,2.96691176470588,7.22796223452211,"SULF1;SKIL;SULF2"
"DNA Damage Checkpoint Signaling (GO:0000077)","2/34",0.0893869636913865,0.334594466944984,0,0,4.1964590443686,10.1335271649045,"DTX3L;PARP9"
"Regulation Of Interleukin-17 Production (GO:0032660)","2/34",0.0893869636913865,0.334594466944984,0,0,4.1964590443686,10.1335271649045,"TGFB1;FOXP3"
"Regulation Of Phosphatidylinositol 3-Kinase Activity (GO:0043551)","2/34",0.0893869636913865,0.334594466944984,0,0,4.1964590443686,10.1335271649045,"TGFB1;CD19"
"Cellular Response To Amyloid-Beta (GO:1904646)","2/34",0.0893869636913865,0.334594466944984,0,0,4.1964590443686,10.1335271649045,"ITGA4;ATP1A3"
"Membrane Protein Proteolysis (GO:0033619)","2/34",0.0893869636913865,0.334594466944984,0,0,4.1964590443686,10.1335271649045,"ADAM19;TGFB1"
"Negative Regulation Of Interleukin-6 Production (GO:0032715)","2/34",0.0893869636913865,0.334594466944984,0,0,4.1964590443686,10.1335271649045,"CD84;PTPN22"
"Second-Messenger-Mediated Signaling (GO:0019932)","3/72",0.0903496711918176,0.334594466944984,0,0,2.9237641453246,7.02892753251878,"FCGR3A;CXCR4;CCR5"
"Positive Regulation Of Protein Localization To Nucleus (GO:1900182)","3/72",0.0903496711918176,0.334594466944984,0,0,2.9237641453246,7.02892753251878,"TGFB1;DTX3L;PARP9"
"Cellular Component Assembly (GO:0022607)","7/260",0.0913067928241238,0.334594466944984,0,0,1.8687417654809,4.47288965174014,"CYFIP2;VMP1;TGFB1;CAPZA1;LCP1;EZR;LIMD2"
"Positive Regulation Of Secretion By Cell (GO:1903532)","3/73",0.0932443759718077,0.334594466944984,0,0,2.88184931506849,6.83727837500085,"TGFB1;SOX11;EZR"
"Regulation Of Rho Protein Signal Transduction (GO:0035023)","3/73",0.0932443759718077,0.334594466944984,0,0,2.88184931506849,6.83727837500085,"P2RY10;GPR65;F2R"
"Regulation Of G2/M Transition Of Mitotic Cell Cycle (GO:0010389)","2/35",0.0939149409737778,0.334594466944984,0,0,4.06908677215844,9.62487864587438,"GPR132;TNFSF13B"
"Regulation Of GTPase Activity (GO:0043087)","6/214",0.0978763039660586,0.334594466944984,0,0,1.94606734096353,4.52275936449378,"CCL11;CCL22;RGS1;RGS16;F2R;PLXNC1"
"Regulation Of Erythrocyte Differentiation (GO:0045646)","2/36",0.0985076887452749,0.334594466944984,0,0,3.94920698654889,9.15276376394488,"STAT1;INHBA"
"Substrate Adhesion-Dependent Cell Spreading (GO:0034446)","2/36",0.0985076887452749,0.334594466944984,0,0,3.94920698654889,9.15276376394488,"ITGA4;FN1"
"Negative Regulation Of Sequestering Of Calcium Ion (GO:0051283)","2/36",0.0985076887452749,0.334594466944984,0,0,3.94920698654889,9.15276376394488,"PTPRC;F2R"
"Neural Crest Cell Migration (GO:0001755)","2/36",0.0985076887452749,0.334594466944984,0,0,3.94920698654889,9.15276376394488,"SEMA7A;FN1"
"Positive Regulation Of Myeloid Cell Differentiation (GO:0045639)","2/36",0.0985076887452749,0.334594466944984,0,0,3.94920698654889,9.15276376394488,"STAT1;INHBA"
"Regulation Of T Cell Mediated Cytotoxicity (GO:0001914)","2/36",0.0985076887452749,0.334594466944984,0,0,3.94920698654889,9.15276376394488,"PTPRC;IL12RB1"
"Regulation Of Chaperone-Mediated Autophagy (GO:1904714)","1/7",0.0988057160916467,0.334594466944984,0,0,11.1672335600907,25.8476767961606,"EEF1A2"
"Regulation Of Chemokine (C-C Motif) Ligand 5 Production (GO:0071649)","1/7",0.0988057160916467,0.334594466944984,0,0,11.1672335600907,25.8476767961606,"OAS3"
"Regulation Of Epithelial To Mesenchymal Transition Involved In Endocardial Cushion Formation (GO:1905005)","1/7",0.0988057160916467,0.334594466944984,0,0,11.1672335600907,25.8476767961606,"TGFB1"
"Regulation Of Natural Killer Cell Mediated Cytotoxicity Directed Against Tumor Cell Target (GO:0002858)","1/7",0.0988057160916467,0.334594466944984,0,0,11.1672335600907,25.8476767961606,"TGFB1"
"Regulation Of Response To Wounding (GO:1903034)","1/7",0.0988057160916467,0.334594466944984,0,0,11.1672335600907,25.8476767961606,"TNFRSF12A"
"Cellular Response To Leptin Stimulus (GO:0044320)","1/7",0.0988057160916467,0.334594466944984,0,0,11.1672335600907,25.8476767961606,"UGCG"
"Release Of Sequestered Calcium Ion Into Cytosol By Endoplasmic Reticulum (GO:1903514)","1/7",0.0988057160916467,0.334594466944984,0,0,11.1672335600907,25.8476767961606,"CCR5"
"Collecting Duct Development (GO:0072044)","1/7",0.0988057160916467,0.334594466944984,0,0,11.1672335600907,25.8476767961606,"WNT7B"
"Establishment Of Centrosome Localization (GO:0051660)","1/7",0.0988057160916467,0.334594466944984,0,0,11.1672335600907,25.8476767961606,"EZR"
"Store-Operated Calcium Entry (GO:0002115)","1/7",0.0988057160916467,0.334594466944984,0,0,11.1672335600907,25.8476767961606,"MS4A1"
"Very-Low-Density Lipoprotein Particle Remodeling (GO:0034372)","1/7",0.0988057160916467,0.334594466944984,0,0,11.1672335600907,25.8476767961606,"LCP1"
"Immunological Synapse Formation (GO:0001771)","1/7",0.0988057160916467,0.334594466944984,0,0,11.1672335600907,25.8476767961606,"CD6"
"Inhibition Of Cysteine-Type Endopeptidase Activity (GO:0097340)","1/7",0.0988057160916467,0.334594466944984,0,0,11.1672335600907,25.8476767961606,"CST7"
"Kidney Epithelium Development (GO:0072073)","1/7",0.0988057160916467,0.334594466944984,0,0,11.1672335600907,25.8476767961606,"WNT7B"
"Lens Fiber Cell Development (GO:0070307)","1/7",0.0988057160916467,0.334594466944984,0,0,11.1672335600907,25.8476767961606,"WNT7B"
"Leukocyte Aggregation (GO:0070486)","1/7",0.0988057160916467,0.334594466944984,0,0,11.1672335600907,25.8476767961606,"RAC2"
"Natural Killer Cell Differentiation (GO:0001779)","1/7",0.0988057160916467,0.334594466944984,0,0,11.1672335600907,25.8476767961606,"PTPRC"
"Negative Regulation Of T Cell Mediated Cytotoxicity (GO:0001915)","1/7",0.0988057160916467,0.334594466944984,0,0,11.1672335600907,25.8476767961606,"PTPRC"
"Negative Regulation Of Cell Cycle G2/M Phase Transition (GO:1902750)","1/7",0.0988057160916467,0.334594466944984,0,0,11.1672335600907,25.8476767961606,"GPR132"
"Negative Regulation Of Microglial Cell Activation (GO:1903979)","1/7",0.0988057160916467,0.334594466944984,0,0,11.1672335600907,25.8476767961606,"PTPRC"
"Negative Regulation Of Mitochondrial Membrane Potential (GO:0010917)","1/7",0.0988057160916467,0.334594466944984,0,0,11.1672335600907,25.8476767961606,"PMAIP1"
"Neuroepithelial Cell Differentiation (GO:0060563)","1/7",0.0988057160916467,0.334594466944984,0,0,11.1672335600907,25.8476767961606,"SOX11"
"Neurotransmitter Receptor Diffusion Trapping (GO:0099628)","1/7",0.0988057160916467,0.334594466944984,0,0,11.1672335600907,25.8476767961606,"CACNG4"
"Peptidyl-Proline Hydroxylation To 4-hydroxy-L-proline (GO:0018401)","1/7",0.0988057160916467,0.334594466944984,0,0,11.1672335600907,25.8476767961606,"P4HA3"
"Peptidyl-Tyrosine Dephosphorylation Involved In Inactivation Of Protein Kinase Activity (GO:1990264)","1/7",0.0988057160916467,0.334594466944984,0,0,11.1672335600907,25.8476767961606,"PTPRO"
"Positive Regulation Of T-helper 2 Cell Cytokine Production (GO:2000553)","1/7",0.0988057160916467,0.334594466944984,0,0,11.1672335600907,25.8476767961606,"RSAD2"
"Positive Regulation Of Fibroblast Migration (GO:0010763)","1/7",0.0988057160916467,0.334594466944984,0,0,11.1672335600907,25.8476767961606,"TGFB1"
"Postsynaptic Neurotransmitter Receptor Diffusion Trapping (GO:0098970)","1/7",0.0988057160916467,0.334594466944984,0,0,11.1672335600907,25.8476767961606,"CACNG4"
"Regulation Of ATPase-coupled Calcium Transmembrane Transporter Activity (GO:1901894)","1/7",0.0988057160916467,0.334594466944984,0,0,11.1672335600907,25.8476767961606,"VMP1"
"Regulation Of T-helper 2 Cell Differentiation (GO:0045628)","1/7",0.0988057160916467,0.334594466944984,0,0,11.1672335600907,25.8476767961606,"CD86"
"Regulation Of Fat Cell Differentiation (GO:0045598)","3/75",0.0991469359517288,0.334594466944984,0,0,2.80151255707763,6.47472226724022,"SFRP2;TGFB1;LCP1"
"Positive Regulation Of Neurogenesis (GO:0050769)","3/75",0.0991469359517288,0.334594466944984,0,0,2.80151255707763,6.47472226724022,"VCAN;SOX11;PLXNC1"
"Regulation Of BMP Signaling Pathway (GO:0030510)","3/75",0.0991469359517288,0.334594466944984,0,0,2.80151255707763,6.47472226724022,"SOX11;SULF1;SKIL"
"Cellular Response To Tumor Necrosis Factor (GO:0071356)","4/119",0.0995946860670381,0.334594466944984,0,0,2.34155087404751,5.40113005456468,"CCL11;CCL22;STAT1;PYDC1"
"Regulation Of Cytokine Production (GO:0001817)","5/167",0.101621714072118,0.334594466944984,0,0,2.0799276287782,4.75575045796328,"PTPRC;IRF7;CCN4;ISG15;FOXP3"
"Wnt Signaling Pathway (GO:0016055)","3/76",0.10215351380505,0.334594466944984,0,0,2.76299493338337,6.30316110243815,"SFRP2;WNT7B;LEF1"
"Positive Regulation Of Interleukin-6 Production (GO:0032755)","3/76",0.10215351380505,0.334594466944984,0,0,2.76299493338337,6.30316110243815,"F2R;TLR7;LCP1"
"Regulation Of p38MAPK Cascade (GO:1900744)","2/37",0.103162327203366,0.334594466944984,0,0,3.83617747440273,8.71369122833696,"PTPN22;EZR"
"Negative Regulation Of Endothelial Cell Proliferation (GO:0001937)","2/37",0.103162327203366,0.334594466944984,0,0,3.83617747440273,8.71369122833696,"STAT1;SULF1"
"Negative Regulation Of Stress-Activated MAPK Cascade (GO:0032873)","2/37",0.103162327203366,0.334594466944984,0,0,3.83617747440273,8.71369122833696,"PTPN22;EZR"
"Positive Regulation Of Receptor Signaling Pathway Via STAT (GO:1904894)","2/37",0.103162327203366,0.334594466944984,0,0,3.83617747440273,8.71369122833696,"TGFB1;F2R"
"Positive Regulation Of Signaling (GO:0023056)","2/37",0.103162327203366,0.334594466944984,0,0,3.83617747440273,8.71369122833696,"CD80;SOX11"
"Negative Regulation Of Blood Vessel Morphogenesis (GO:2000181)","3/77",0.105196096259297,0.334594466944984,0,0,2.72551832654572,6.13767399715886,"CXCL10;STAT1;SULF1"
"Response To cAMP (GO:0051591)","2/38",0.107876046872979,0.334594466944984,0,0,3.72942737959803,8.304586050396,"STAT1;EZR"
"Connective Tissue Development (GO:0061448)","2/38",0.107876046872979,0.334594466944984,0,0,3.72942737959803,8.304586050396,"SULF1;SULF2"
"Response To Peptide (GO:1901652)","2/38",0.107876046872979,0.334594466944984,0,0,3.72942737959803,8.304586050396,"MMP13;STAT1"
"Tumor Necrosis Factor-Mediated Signaling Pathway (GO:0033209)","2/38",0.107876046872979,0.334594466944984,0,0,3.72942737959803,8.304586050396,"STAT1;PYDC1"
"Lymphocyte Proliferation (GO:0046651)","2/38",0.107876046872979,0.334594466944984,0,0,3.72942737959803,8.304586050396,"PTPRC;MS4A1"
"Positive Regulation Of Axonogenesis (GO:0050772)","2/38",0.107876046872979,0.334594466944984,0,0,3.72942737959803,8.304586050396,"SEMA7A;PLXNC1"
"Neuron Projection Guidance (GO:0097485)","4/124",0.111376820179554,0.334594466944984,0,0,2.24341351660939,4.9239248624846,"CYFIP2;SEMA7A;TUBB3;PTPRO"
"Positive Regulation Of Catabolic Process (GO:0009896)","3/79",0.111386664795495,0.334594466944984,0,0,2.65352379235761,5.82381514533576,"LAPTM5;EZR;TNFSF13B"
"CD40 Signaling Pathway (GO:0023035)","1/8",0.112102964182932,0.334594466944984,0,0,9.57142857142857,20.9455161378905,"CD86"
"N-acylphosphatidylethanolamine Metabolic Process (GO:0070292)","1/8",0.112102964182932,0.334594466944984,0,0,9.57142857142857,20.9455161378905,"PLAAT4"
"Regulation Of Gap Junction Assembly (GO:1903596)","1/8",0.112102964182932,0.334594466944984,0,0,9.57142857142857,20.9455161378905,"CNTNAP2"
"Regulation Of Glial Cell Proliferation (GO:0060251)","1/8",0.112102964182932,0.334594466944984,0,0,9.57142857142857,20.9455161378905,"SOX11"
"Regulation Of Helicase Activity (GO:0051095)","1/8",0.112102964182932,0.334594466944984,0,0,9.57142857142857,20.9455161378905,"IFIT1"
"Regulation Of Interleukin-18 Production (GO:0032661)","1/8",0.112102964182932,0.334594466944984,0,0,9.57142857142857,20.9455161378905,"CD84"
"Actin Filament Network Formation (GO:0051639)","1/8",0.112102964182932,0.334594466944984,0,0,9.57142857142857,20.9455161378905,"LCP1"
"Regulation Of miRNA Metabolic Process (GO:2000628)","1/8",0.112102964182932,0.334594466944984,0,0,9.57142857142857,20.9455161378905,"TGFB1"
"Regulation Of Morphogenesis Of An Epithelium (GO:1905330)","1/8",0.112102964182932,0.334594466944984,0,0,9.57142857142857,20.9455161378905,"CXCL10"
"Astral Microtubule Organization (GO:0030953)","1/8",0.112102964182932,0.334594466944984,0,0,9.57142857142857,20.9455161378905,"EZR"
"Regulation Of Neutrophil Migration (GO:1902622)","1/8",0.112102964182932,0.334594466944984,0,0,9.57142857142857,20.9455161378905,"RAC2"
"Regulation Of Podosome Assembly (GO:0071801)","1/8",0.112102964182932,0.334594466944984,0,0,9.57142857142857,20.9455161378905,"LCP1"
"Regulation Of Protein Localization To Early Endosome (GO:1902965)","1/8",0.112102964182932,0.334594466944984,0,0,9.57142857142857,20.9455161378905,"EZR"
"Regulation Of Toll-Like Receptor 3 Signaling Pathway (GO:0034139)","1/8",0.112102964182932,0.334594466944984,0,0,9.57142857142857,20.9455161378905,"PTPN22"
"Cellular Response To Muramyl Dipeptide (GO:0071225)","1/8",0.112102964182932,0.334594466944984,0,0,9.57142857142857,20.9455161378905,"PTPN22"
"Detection Of Mechanical Stimulus Involved In Sensory Perception Of Sound (GO:0050910)","1/8",0.112102964182932,0.334594466944984,0,0,9.57142857142857,20.9455161378905,"COL11A1"
"Selenocysteine Incorporation (GO:0001514)","1/8",0.112102964182932,0.334594466944984,0,0,9.57142857142857,20.9455161378905,"SELENOT"
"Semaphorin-Plexin Signaling Pathway Involved In Axon Guidance (GO:1902287)","1/8",0.112102964182932,0.334594466944984,0,0,9.57142857142857,20.9455161378905,"PLXNC1"
"Embryonic Digestive Tract Morphogenesis (GO:0048557)","1/8",0.112102964182932,0.334594466944984,0,0,9.57142857142857,20.9455161378905,"SOX11"
"Embryonic Placenta Development (GO:0001892)","1/8",0.112102964182932,0.334594466944984,0,0,9.57142857142857,20.9455161378905,"WNT7B"
"Somite Development (GO:0061053)","1/8",0.112102964182932,0.334594466944984,0,0,9.57142857142857,20.9455161378905,"SFRP2"
"Sphingosine-1-Phosphate Receptor Signaling Pathway (GO:0003376)","1/8",0.112102964182932,0.334594466944984,0,0,9.57142857142857,20.9455161378905,"EZR"
"Translational Readthrough (GO:0006451)","1/8",0.112102964182932,0.334594466944984,0,0,9.57142857142857,20.9455161378905,"SELENOT"
"Triglyceride-Rich Lipoprotein Particle Remodeling (GO:0034370)","1/8",0.112102964182932,0.334594466944984,0,0,9.57142857142857,20.9455161378905,"LCP1"
"Hyaluronan Catabolic Process (GO:0030214)","1/8",0.112102964182932,0.334594466944984,0,0,9.57142857142857,20.9455161378905,"TGFB1"
"Integrin Activation (GO:0033622)","1/8",0.112102964182932,0.334594466944984,0,0,9.57142857142857,20.9455161378905,"FN1"
"Interleukin-12-Mediated Signaling Pathway (GO:0035722)","1/8",0.112102964182932,0.334594466944984,0,0,9.57142857142857,20.9455161378905,"IL12RB1"
"Leptin-Mediated Signaling Pathway (GO:0033210)","1/8",0.112102964182932,0.334594466944984,0,0,9.57142857142857,20.9455161378905,"UGCG"
"Modification-Dependent Macromolecule Catabolic Process (GO:0043632)","1/8",0.112102964182932,0.334594466944984,0,0,9.57142857142857,20.9455161378905,"ISG15"
"Negative Regulation Of Leukocyte Degranulation (GO:0043301)","1/8",0.112102964182932,0.334594466944984,0,0,9.57142857142857,20.9455161378905,"CD84"
"Negative Regulation Of Membrane Potential (GO:0045837)","1/8",0.112102964182932,0.334594466944984,0,0,9.57142857142857,20.9455161378905,"PMAIP1"
"Neuronal Ion Channel Clustering (GO:0045161)","1/8",0.112102964182932,0.334594466944984,0,0,9.57142857142857,20.9455161378905,"CNTNAP2"
"Positive Regulation Of CD8-positive, Alpha-Beta T Cell Activation (GO:2001187)","1/8",0.112102964182932,0.334594466944984,0,0,9.57142857142857,20.9455161378905,"PTPN22"
"Positive Regulation Of Adaptive Immune Response (GO:0002821)","1/8",0.112102964182932,0.334594466944984,0,0,9.57142857142857,20.9455161378905,"SASH3"
"Positive Regulation Of Early Endosome To Late Endosome Transport (GO:2000643)","1/8",0.112102964182932,0.334594466944984,0,0,9.57142857142857,20.9455161378905,"EZR"
"Positive Regulation Of Extracellular Matrix Assembly (GO:1901203)","1/8",0.112102964182932,0.334594466944984,0,0,9.57142857142857,20.9455161378905,"TGFB1"
"Positive Regulation Of Membrane Invagination (GO:1905155)","1/8",0.112102964182932,0.334594466944984,0,0,9.57142857142857,20.9455161378905,"RAB31"
"Positive Regulation Of Memory T Cell Differentiation (GO:0043382)","1/8",0.112102964182932,0.334594466944984,0,0,9.57142857142857,20.9455161378905,"IL12RB1"
"Positive Regulation Of Protein Localization To Early Endosome (GO:1902966)","1/8",0.112102964182932,0.334594466944984,0,0,9.57142857142857,20.9455161378905,"EZR"
"Positive Regulation Of Protein Localization To Endosome (GO:1905668)","1/8",0.112102964182932,0.334594466944984,0,0,9.57142857142857,20.9455161378905,"EZR"
"Positive Regulation Of Sequestering Of Triglyceride (GO:0010890)","1/8",0.112102964182932,0.334594466944984,0,0,9.57142857142857,20.9455161378905,"LCP1"
"Positive Regulation Of Tumor Necrosis Factor-Mediated Signaling Pathway (GO:1903265)","1/8",0.112102964182932,0.334594466944984,0,0,9.57142857142857,20.9455161378905,"LAPTM5"
"Protein poly-ADP-ribosylation (GO:0070212)","1/8",0.112102964182932,0.334594466944984,0,0,9.57142857142857,20.9455161378905,"PARP9"
"Pyrimidine-Containing Compound Metabolic Process (GO:0072527)","1/8",0.112102964182932,0.334594466944984,0,0,9.57142857142857,20.9455161378905,"DCK"
"Regulation Of CD8-positive, Alpha-Beta T Cell Proliferation (GO:2000564)","1/8",0.112102964182932,0.334594466944984,0,0,9.57142857142857,20.9455161378905,"PTPN22"
"Regulation Of T-helper 1 Type Immune Response (GO:0002825)","1/8",0.112102964182932,0.334594466944984,0,0,9.57142857142857,20.9455161378905,"IL12RB1"
"Release Of Sequestered Calcium Ion Into Cytosol (GO:0051209)","2/39",0.11264610723507,0.334594466944984,0,0,3.62844756018817,7.92273037459932,"PTPRC;F2R"
"Retina Homeostasis (GO:0001895)","2/39",0.11264610723507,0.334594466944984,0,0,3.62844756018817,7.92273037459932,"IGHG3;CST4"
"Negative Regulation Of Protein Secretion (GO:0050709)","2/39",0.11264610723507,0.334594466944984,0,0,3.62844756018817,7.92273037459932,"RSAD2;F2R"
"Neuron Differentiation (GO:0030182)","5/173",0.113479711232868,0.336446329044114,0,0,2.00502873563218,4.36320561596848,"UGCG;WNT7B;SOX11;INHBA;RUNX2"
"Proteolysis (GO:0006508)","8/330",0.116569795770817,0.343240873040386,0,0,1.67792758672928,3.60631116899208,"ADAM19;ADAMDEC1;ADAM28;UBD;KLK4;CXCR4;AEBP1;PHEX"
"Negative Regulation Of Mitotic Cell Cycle Phase Transition (GO:1901991)","2/40",0.117469835239733,0.343240873040386,0,0,3.53278246811568,7.56571402055011,"GPR132;INHBA"
"Positive Regulation Of Monoatomic Ion Transport (GO:0043270)","2/40",0.117469835239733,0.343240873040386,0,0,3.53278246811568,7.56571402055011,"CCR1;F2R"
"Regulation Of Response To External Stimulus (GO:0032101)","4/127",0.118730542024911,0.343240873040386,0,0,2.18836085268069,4.66317530951338,"SEMA7A;F2R;CXCR4;PTPN22"
"Positive Regulation Of Hydrolase Activity (GO:0051345)","5/176",0.119647599243942,0.343240873040386,0,0,1.96955031256302,4.18175814501118,"CCL11;CCL22;RGS1;RGS16;F2R"
"Cellular Response To Organic Substance (GO:0071310)","3/82",0.120926138401331,0.343240873040386,0,0,2.55236691520721,5.39206741954053,"TGFB1;LEF1;CXCR4"
"Regulation Of Chemokine Production (GO:0032642)","2/41",0.122344623920323,0.343240873040386,0,0,3.44202327820075,7.23139293232886,"TLR7;LCP1"
"Detection Of Chemical Stimulus Involved In Sensory Perception Of Bitter Taste (GO:0001580)","2/41",0.122344623920323,0.343240873040386,0,0,3.44202327820075,7.23139293232886,"CST2;CST4"
"Lymphocyte Migration (GO:0072676)","2/41",0.122344623920323,0.343240873040386,0,0,3.44202327820075,7.23139293232886,"CCL11;CCL22"
"Negative Regulation Of Proteolysis (GO:0045861)","2/41",0.122344623920323,0.343240873040386,0,0,3.44202327820075,7.23139293232886,"CST7;CST4"
"Positive Regulation Of Ossification (GO:0045778)","2/41",0.122344623920323,0.343240873040386,0,0,3.44202327820075,7.23139293232886,"ISG15;SOX11"
"Protein Localization To Lysosome (GO:0061462)","2/41",0.122344623920323,0.343240873040386,0,0,3.44202327820075,7.23139293232886,"LAPTM5;CACNG4"
"Regulation Of Epithelial To Mesenchymal Transition (GO:0010717)","3/83",0.124170936873336,0.343240873040386,0,0,2.52033390410959,5.25765882760337,"SFRP2;TGFB1;LEF1"
"Calcium Ion Transmembrane Import Into Cytosol (GO:0097553)","3/83",0.124170936873336,0.343240873040386,0,0,2.52033390410959,5.25765882760337,"SLC24A2;PTPRC;F2R"
"Phospholipase C-activating G Protein-Coupled Receptor Signaling Pathway (GO:0007200)","3/83",0.124170936873336,0.343240873040386,0,0,2.52033390410959,5.25765882760337,"P2RY10;GPR65;F2R"
"B Cell Homeostasis (GO:0001782)","1/9",0.125204665743651,0.343240873040386,0,0,8.37457482993197,17.4007380997781,"GAPT"
"I-kappaB Phosphorylation (GO:0007252)","1/9",0.125204665743651,0.343240873040386,0,0,8.37457482993197,17.4007380997781,"TLR7"
"NAD Biosynthesis Via Nicotinamide Riboside Salvage Pathway (GO:0034356)","1/9",0.125204665743651,0.343240873040386,0,0,8.37457482993197,17.4007380997781,"PARP9"
"T-helper 1 Type Immune Response (GO:0042088)","1/9",0.125204665743651,0.343240873040386,0,0,8.37457482993197,17.4007380997781,"LEF1"
"Regulation Of Mast Cell Activation (GO:0033003)","1/9",0.125204665743651,0.343240873040386,0,0,8.37457482993197,17.4007380997781,"CD84"
"Regulation Of Memory T Cell Differentiation (GO:0043380)","1/9",0.125204665743651,0.343240873040386,0,0,8.37457482993197,17.4007380997781,"IL12RB1"
"Regulation Of Natural Killer Cell Proliferation (GO:0032817)","1/9",0.125204665743651,0.343240873040386,0,0,8.37457482993197,17.4007380997781,"PTPN22"
"Cell Differentiation Involved In Metanephros Development (GO:0072202)","1/9",0.125204665743651,0.343240873040386,0,0,8.37457482993197,17.4007380997781,"STAT1"
"Regulation Of Store-Operated Calcium Entry (GO:2001256)","1/9",0.125204665743651,0.343240873040386,0,0,8.37457482993197,17.4007380997781,"CD84"
"Regulation Of Viral-Induced Cytoplasmic Pattern Recognition Receptor Signaling Pathway (GO:0039531)","1/9",0.125204665743651,0.343240873040386,0,0,8.37457482993197,17.4007380997781,"FCRL3"
"Response To Interleukin-4 (GO:0070670)","1/9",0.125204665743651,0.343240873040386,0,0,8.37457482993197,17.4007380997781,"LEF1"
"Endodermal Cell Fate Commitment (GO:0001711)","1/9",0.125204665743651,0.343240873040386,0,0,8.37457482993197,17.4007380997781,"EOMES"
"Type II Interferon-Mediated Signaling Pathway (GO:0060333)","1/9",0.125204665743651,0.343240873040386,0,0,8.37457482993197,17.4007380997781,"STAT1"
"Homocysteine Metabolic Process (GO:0050667)","1/9",0.125204665743651,0.343240873040386,0,0,8.37457482993197,17.4007380997781,"NOX4"
"Iron Ion Transmembrane Transport (GO:0034755)","1/9",0.125204665743651,0.343240873040386,0,0,8.37457482993197,17.4007380997781,"SLC40A1"
"Lung Epithelium Development (GO:0060428)","1/9",0.125204665743651,0.343240873040386,0,0,8.37457482993197,17.4007380997781,"WNT7B"
"Morphogenesis Of An Epithelial Sheet (GO:0002011)","1/9",0.125204665743651,0.343240873040386,0,0,8.37457482993197,17.4007380997781,"SOX11"
"Myelin Maintenance (GO:0043217)","1/9",0.125204665743651,0.343240873040386,0,0,8.37457482993197,17.4007380997781,"CXCR4"
"Negative Regulation Of Extracellular Matrix Organization (GO:1903054)","1/9",0.125204665743651,0.343240873040386,0,0,8.37457482993197,17.4007380997781,"TGFB1"
"Negative Regulation Of Transforming Growth Factor Beta Production (GO:0071635)","1/9",0.125204665743651,0.343240873040386,0,0,8.37457482993197,17.4007380997781,"FN1"
"Nucleobase-Containing Compound Biosynthetic Process (GO:0034654)","1/9",0.125204665743651,0.343240873040386,0,0,8.37457482993197,17.4007380997781,"DCK"
"Phosphatidylethanolamine Acyl-Chain Remodeling (GO:0036152)","1/9",0.125204665743651,0.343240873040386,0,0,8.37457482993197,17.4007380997781,"PLAAT4"
"Positive Regulation Of Cardiocyte Differentiation (GO:1905209)","1/9",0.125204665743651,0.343240873040386,0,0,8.37457482993197,17.4007380997781,"TGFB1"
"Positive Regulation Of Hippo Signaling (GO:0035332)","1/9",0.125204665743651,0.343240873040386,0,0,8.37457482993197,17.4007380997781,"SOX11"
"Positive Regulation Of Mesenchymal Cell Proliferation (GO:0002053)","1/9",0.125204665743651,0.343240873040386,0,0,8.37457482993197,17.4007380997781,"STAT1"
"Positive Regulation Of Myoblast Fusion (GO:1901741)","1/9",0.125204665743651,0.343240873040386,0,0,8.37457482993197,17.4007380997781,"CD53"
"Positive Regulation Of Phagocytosis, Engulfment (GO:0060100)","1/9",0.125204665743651,0.343240873040386,0,0,8.37457482993197,17.4007380997781,"RAB31"
"Positive Regulation Of Smooth Muscle Contraction (GO:0045987)","1/9",0.125204665743651,0.343240873040386,0,0,8.37457482993197,17.4007380997781,"F2R"
"Regulation Of Cardiac Muscle Cell Differentiation (GO:2000725)","1/9",0.125204665743651,0.343240873040386,0,0,8.37457482993197,17.4007380997781,"TGFB1"
"DNA Integrity Checkpoint Signaling (GO:0031570)","2/42",0.127267931112889,0.346523737604992,0,0,3.35580204778157,6.91785410895387,"DTX3L;PARP9"
"Regulation Of Osteoclast Differentiation (GO:0045670)","2/42",0.127267931112889,0.346523737604992,0,0,3.35580204778157,6.91785410895387,"CCR1;CAMK4"
"Cardiac Ventricle Morphogenesis (GO:0003208)","2/42",0.127267931112889,0.346523737604992,0,0,3.35580204778157,6.91785410895387,"TGFB1;SFRP2"
"Sensory Perception Of Bitter Taste (GO:0050913)","2/42",0.127267931112889,0.346523737604992,0,0,3.35580204778157,6.91785410895387,"CST2;CST4"
"Positive Regulation Of Protein Localization (GO:1903829)","3/85",0.130753980107831,0.351542149565688,0,0,2.45861176077514,5.00189254406114,"TGFB1;DTX3L;PARP9"
"Skeletal System Morphogenesis (GO:0048705)","2/43",0.132237278043093,0.351542149565688,0,0,3.27378673104137,6.62338588085841,"MMP13;SOX11"
"Regulation Of Cell-Cell Adhesion (GO:0022407)","2/43",0.132237278043093,0.351542149565688,0,0,3.27378673104137,6.62338588085841,"TGFB1;SIRPG"
"Positive Regulation Of GTPase Activity (GO:0043547)","6/234",0.133355776007529,0.351542149565688,0,0,1.77353851757421,3.57320961912572,"CCL11;CCL22;RGS1;GPR65;RGS16;F2R"
"Negative Regulation Of Cell Motility (GO:2000146)","4/133",0.134044955086848,0.351542149565688,0,0,2.08593729188311,4.19185796642494,"RAP2C;SFRP2;TP53INP1;SULF1"
"Negative Regulation Of Angiogenesis (GO:0016525)","3/86",0.134090881400202,0.351542149565688,0,0,2.42886614952963,4.88016892464541,"CXCL10;STAT1;SULF1"
"Neural Crest Cell Development (GO:0014032)","2/44",0.13725024805197,0.351542149565688,0,0,3.19567690557452,6.34645260539737,"SEMA7A;KBTBD8"
"Positive Regulation Of Biosynthetic Process (GO:0009891)","2/44",0.13725024805197,0.351542149565688,0,0,3.19567690557452,6.34645260539737,"TGFB1;F2R"
"Regulation Of Cell-Substrate Adhesion (GO:0010810)","2/44",0.13725024805197,0.351542149565688,0,0,3.19567690557452,6.34645260539737,"PTPRO;RAC2"
"Regulation Of Coagulation (GO:0050818)","1/10",0.138113686493952,0.351542149565688,0,0,7.44368858654573,14.7361074105084,"F2R"
"Rap Protein Signal Transduction (GO:0032486)","1/10",0.138113686493952,0.351542149565688,0,0,7.44368858654573,14.7361074105084,"RAP2C"
"T-helper Cell Lineage Commitment (GO:0002295)","1/10",0.138113686493952,0.351542149565688,0,0,7.44368858654573,14.7361074105084,"SPN"
"Regulation Of Mitochondrial Depolarization (GO:0051900)","1/10",0.138113686493952,0.351542149565688,0,0,7.44368858654573,14.7361074105084,"IFI6"
"Regulation Of Phagocytosis, Engulfment (GO:0060099)","1/10",0.138113686493952,0.351542149565688,0,0,7.44368858654573,14.7361074105084,"RAB31"
"Regulation Of Respiratory Burst (GO:0060263)","1/10",0.138113686493952,0.351542149565688,0,0,7.44368858654573,14.7361074105084,"RAC2"
"Cellular Response To Interleukin-12 (GO:0071349)","1/10",0.138113686493952,0.351542149565688,0,0,7.44368858654573,14.7361074105084,"IL12RB1"
"Columnar/Cuboidal Epithelial Cell Differentiation (GO:0002065)","1/10",0.138113686493952,0.351542149565688,0,0,7.44368858654573,14.7361074105084,"SOX11"
"Sarcoplasmic Reticulum Calcium Ion Transport (GO:0070296)","1/10",0.138113686493952,0.351542149565688,0,0,7.44368858654573,14.7361074105084,"CCR5"
"Serine Family Amino Acid Biosynthetic Process (GO:0009070)","1/10",0.138113686493952,0.351542149565688,0,0,7.44368858654573,14.7361074105084,"SEPHS2"
"Endosomal Vesicle Fusion (GO:0034058)","1/10",0.138113686493952,0.351542149565688,0,0,7.44368858654573,14.7361074105084,"SAMD9"
"Establishment Of Endothelial Intestinal Barrier (GO:0090557)","1/10",0.138113686493952,0.351542149565688,0,0,7.44368858654573,14.7361074105084,"RAP2C"
"Establishment Of Epithelial Cell Apical/Basal Polarity (GO:0045198)","1/10",0.138113686493952,0.351542149565688,0,0,7.44368858654573,14.7361074105084,"EZR"
"Surfactant Homeostasis (GO:0043129)","1/10",0.138113686493952,0.351542149565688,0,0,7.44368858654573,14.7361074105084,"OAS1"
"Hematopoietic Stem Cell Proliferation (GO:0071425)","1/10",0.138113686493952,0.351542149565688,0,0,7.44368858654573,14.7361074105084,"SFRP2"
"Heparan Sulfate Proteoglycan Biosynthetic Process, Enzymatic Modification (GO:0015015)","1/10",0.138113686493952,0.351542149565688,0,0,7.44368858654573,14.7361074105084,"HS6ST3"
"Lens Fiber Cell Differentiation (GO:0070306)","1/10",0.138113686493952,0.351542149565688,0,0,7.44368858654573,14.7361074105084,"WNT7B"
"Metanephric Mesenchyme Development (GO:0072075)","1/10",0.138113686493952,0.351542149565688,0,0,7.44368858654573,14.7361074105084,"STAT1"
"Negative Regulation Of B Cell Proliferation (GO:0030889)","1/10",0.138113686493952,0.351542149565688,0,0,7.44368858654573,14.7361074105084,"CTLA4"
"Negative Regulation Of T-helper Cell Differentiation (GO:0045623)","1/10",0.138113686493952,0.351542149565688,0,0,7.44368858654573,14.7361074105084,"FOXP3"
"Negative Regulation Of Activated T Cell Proliferation (GO:0046007)","1/10",0.138113686493952,0.351542149565688,0,0,7.44368858654573,14.7361074105084,"FOXP3"
"Negative Regulation Of Interleukin-17 Production (GO:0032700)","1/10",0.138113686493952,0.351542149565688,0,0,7.44368858654573,14.7361074105084,"FOXP3"
"Negative Regulation Of Response To Cytokine Stimulus (GO:0060761)","1/10",0.138113686493952,0.351542149565688,0,0,7.44368858654573,14.7361074105084,"PTPRC"
"Neuron Projection Maintenance (GO:1990535)","1/10",0.138113686493952,0.351542149565688,0,0,7.44368858654573,14.7361074105084,"ATP1A3"
"Peptidyl-Proline Hydroxylation (GO:0019511)","1/10",0.138113686493952,0.351542149565688,0,0,7.44368858654573,14.7361074105084,"P4HA3"
"Phosphate Ion Transmembrane Transport (GO:0035435)","1/10",0.138113686493952,0.351542149565688,0,0,7.44368858654573,14.7361074105084,"SLC20A1"
"Positive Regulation Of Lipid Localization (GO:1905954)","1/10",0.138113686493952,0.351542149565688,0,0,7.44368858654573,14.7361074105084,"LCP1"
"Positive Regulation Of Macrophage Differentiation (GO:0045651)","1/10",0.138113686493952,0.351542149565688,0,0,7.44368858654573,14.7361074105084,"TGFB1"
"Positive Regulation Of Toll-Like Receptor 4 Signaling Pathway (GO:0034145)","1/10",0.138113686493952,0.351542149565688,0,0,7.44368858654573,14.7361074105084,"PTPN22"
"Protein Kinase C-activating G Protein-Coupled Receptor Signaling Pathway (GO:0007205)","1/10",0.138113686493952,0.351542149565688,0,0,7.44368858654573,14.7361074105084,"F2R"
"Purine Ribonucleoside Triphosphate Biosynthetic Process (GO:0009206)","1/10",0.138113686493952,0.351542149565688,0,0,7.44368858654573,14.7361074105084,"TGFB1"
"Regulation Of T-helper 2 Cell Cytokine Production (GO:2000551)","1/10",0.138113686493952,0.351542149565688,0,0,7.44368858654573,14.7361074105084,"RSAD2"
"Negative Regulation Of Protein Kinase Activity (GO:0006469)","3/88",0.140852078584566,0.357943139387127,0,0,2.37147461724416,4.64819703097996,"PTPRC;PTPRO;PYDC1"
"I-kappaB kinase/NF-kappaB Signaling (GO:0007249)","2/45",0.142304485324708,0.360489685134267,0,0,3.12120009524565,6.08567304225947,"TLR7;CARD11"
"Detection Of Chemical Stimulus Involved In Sensory Perception Of Taste (GO:0050912)","2/45",0.142304485324708,0.360489685134267,0,0,3.12120009524565,6.08567304225947,"CST2;CST4"
"Positive Regulation Of Peptidyl-Serine Phosphorylation (GO:0033138)","3/89",0.144275027690158,0.364904137965155,0,0,2.34377986619943,4.53763724336217,"SFRP2;TGFB1;SH2D1A"
"Regulation Of Interleukin-10 Production (GO:0032653)","2/46",0.147397693626035,0.365883929706591,0,0,3.0501085944772,5.83980180375369,"ISG15;FOXP3"
"Response To Glucose (GO:0009749)","2/46",0.147397693626035,0.365883929706591,0,0,3.0501085944772,5.83980180375369,"LCP1;SELENOT"
"Intracellular Monoatomic Cation Homeostasis (GO:0030003)","5/190",0.150413029760581,0.365883929706591,0,0,1.81919850885368,3.446235510681,"CCR1;SLC24A2;CCL11;SLC40A1;ATP1A3"
"Golgi To Lysosome Transport (GO:0090160)","1/11",0.150832850472424,0.365883929706591,0,0,6.69897959183673,12.6716759521408,"LAPTM5"
"Actin Crosslink Formation (GO:0051764)","1/11",0.150832850472424,0.365883929706591,0,0,6.69897959183673,12.6716759521408,"LCP1"
"Regulation Of Lipid Kinase Activity (GO:0043550)","1/11",0.150832850472424,0.365883929706591,0,0,6.69897959183673,12.6716759521408,"EEF1A2"
"Regulation Of Mesenchymal Cell Proliferation (GO:0010464)","1/11",0.150832850472424,0.365883929706591,0,0,6.69897959183673,12.6716759521408,"STAT1"
"Regulation Of Protein K63-linked Ubiquitination (GO:1900044)","1/11",0.150832850472424,0.365883929706591,0,0,6.69897959183673,12.6716759521408,"PTPN22"
"Regulation Of Type II Interferon-Mediated Signaling Pathway (GO:0060334)","1/11",0.150832850472424,0.365883929706591,0,0,6.69897959183673,12.6716759521408,"PARP9"
"Ganglion Development (GO:0061548)","1/11",0.150832850472424,0.365883929706591,0,0,6.69897959183673,12.6716759521408,"TUBB3"
"Intestinal Absorption (GO:0050892)","1/11",0.150832850472424,0.365883929706591,0,0,6.69897959183673,12.6716759521408,"UGCG"
"Intestinal Lipid Absorption (GO:0098856)","1/11",0.150832850472424,0.365883929706591,0,0,6.69897959183673,12.6716759521408,"UGCG"
"Lipoprotein Transport (GO:0042953)","1/11",0.150832850472424,0.365883929706591,0,0,6.69897959183673,12.6716759521408,"VMP1"
"Negative Regulation Of Leukocyte Apoptotic Process (GO:2000107)","1/11",0.150832850472424,0.365883929706591,0,0,6.69897959183673,12.6716759521408,"IRF7"
"Negative Regulation Of Nitrogen Compound Metabolic Process (GO:0051172)","1/11",0.150832850472424,0.365883929706591,0,0,6.69897959183673,12.6716759521408,"TGFB1"
"Nucleoside Phosphate Biosynthetic Process (GO:1901293)","1/11",0.150832850472424,0.365883929706591,0,0,6.69897959183673,12.6716759521408,"DCK"
"Podocyte Differentiation (GO:0072112)","1/11",0.150832850472424,0.365883929706591,0,0,6.69897959183673,12.6716759521408,"PTPRO"
"Positive Regulation Of Coagulation (GO:0050820)","1/11",0.150832850472424,0.365883929706591,0,0,6.69897959183673,12.6716759521408,"F2R"
"Positive Regulation Of Cytoplasmic Transport (GO:1903651)","1/11",0.150832850472424,0.365883929706591,0,0,6.69897959183673,12.6716759521408,"EZR"
"Positive Regulation Of Hemostasis (GO:1900048)","1/11",0.150832850472424,0.365883929706591,0,0,6.69897959183673,12.6716759521408,"F2R"
"Positive Regulation Of Muscle Contraction (GO:0045933)","1/11",0.150832850472424,0.365883929706591,0,0,6.69897959183673,12.6716759521408,"F2R"
"Positive Regulation Of Protein Polyubiquitination (GO:1902916)","1/11",0.150832850472424,0.365883929706591,0,0,6.69897959183673,12.6716759521408,"PTPN22"
"Positive Regulation Of Vascular Permeability (GO:0043117)","1/11",0.150832850472424,0.365883929706591,0,0,6.69897959183673,12.6716759521408,"TGFB1"
"Post-Transcriptional Gene Silencing (GO:0016441)","1/11",0.150832850472424,0.365883929706591,0,0,6.69897959183673,12.6716759521408,"HELZ2"
"Regulation Of T Cell Mediated Immunity (GO:0002709)","1/11",0.150832850472424,0.365883929706591,0,0,6.69897959183673,12.6716759521408,"CD80"
"Regulation Of T-helper 17 Cell Differentiation (GO:2000319)","1/11",0.150832850472424,0.365883929706591,0,0,6.69897959183673,12.6716759521408,"FOXP3"
"Regulation Of Adipose Tissue Development (GO:1904177)","1/11",0.150832850472424,0.365883929706591,0,0,6.69897959183673,12.6716759521408,"LCP1"
"Regulation Of Wound Healing (GO:0061041)","2/47",0.152527635013248,0.367766180205135,0,0,2.98217671596511,5.60771338607698,"TNFRSF12A;F2R"
"Negative Regulation Of Tumor Necrosis Factor Production (GO:0032720)","2/47",0.152527635013248,0.367766180205135,0,0,2.98217671596511,5.60771338607698,"PTPN22;LILRA4"
"Positive Regulation Of Epithelial To Mesenchymal Transition (GO:0010718)","2/47",0.152527635013248,0.367766180205135,0,0,2.98217671596511,5.60771338607698,"TGFB1;LEF1"
"Protein Monoubiquitination (GO:0006513)","2/47",0.152527635013248,0.367766180205135,0,0,2.98217671596511,5.60771338607698,"KBTBD8;TNFSF13B"
"Modification-Dependent Protein Catabolic Process (GO:0019941)","5/192",0.155059355407318,0.370989034889343,0,0,1.79955744053107,3.35428022752987,"DTX3L;UBD;ISG15;HERC6;TNFSF13B"
"Positive Regulation Of Programmed Cell Death (GO:0043068)","6/245",0.155146390823489,0.370989034889343,0,0,1.69095568328242,3.15090340193967,"SFRP2;TNFRSF12A;UBD;LAPTM5;CTLA4;PMAIP1"
"Positive Regulation Of DNA-templated Transcription (GO:0045893)","23/1243",0.155511799505015,0.370989034889343,0,0,1.28120479749277,2.3843652652496,"CD86;EOMES;TGFB1;DTX3L;STAT1;CD80;F2R;LEF1;SOX11;HOXC13;INHBA;PARP9;HOXC11;FOXP3;RUNX2;HOXC10;HELZ2;CXCL10;SFRP2;CAMK4;TFEC;TP53INP1;IRF7"
"Regulation Of Signal Transduction (GO:0009966)","5/193",0.157404711976621,0.370989034889343,0,0,1.78989361702128,3.30939696754533,"UGCG;IGFBPL1;CD80;RGS16;SULF1"
"Regulation Of Intrinsic Apoptotic Signaling Pathway (GO:2001242)","2/48",0.157692128734798,0.370989034889343,0,0,2.91719839738834,5.38838837140114,"RTKN2;PMAIP1"
"Regulation Of Tumor Necrosis Factor-Mediated Signaling Pathway (GO:0010803)","2/48",0.157692128734798,0.370989034889343,0,0,2.91719839738834,5.38838837140114,"LAPTM5;PYDC1"
"Negative Regulation Of ERK1 And ERK2 Cascade (GO:0070373)","2/48",0.157692128734798,0.370989034889343,0,0,2.91719839738834,5.38838837140114,"PTPRC;EZR"
"Regulation Of DNA Binding (GO:0051101)","2/48",0.157692128734798,0.370989034889343,0,0,2.91719839738834,5.38838837140114,"TGFB1;LEF1"
"Regulation Of Endothelial Cell Proliferation (GO:0001936)","3/93",0.158233466698767,0.370989034889343,0,0,2.23915525114155,4.12829403662645,"CCL11;STAT1;SULF1"
"Regulation Of Peptidyl-Serine Phosphorylation (GO:0033135)","3/93",0.158233466698767,0.370989034889343,0,0,2.23915525114155,4.12829403662645,"SFRP2;TGFB1;SH2D1A"
"Sphingolipid Metabolic Process (GO:0006665)","3/94",0.161786383775369,0.370989034889343,0,0,2.21443624868282,4.03354786726131,"CERKL;UGCG;CERS6"
"Heterophilic Cell-Cell Adhesion Via Plasma Membrane Cell Adhesion Molecules (GO:0007157)","2/49",0.162889049942732,0.370989034889343,0,0,2.85498511364462,5.18090147350816,"CD6;SELL"
"Negative Regulation Of Cysteine-Type Endopeptidase Activity Involved In Apoptotic Process (GO:0043154)","2/49",0.162889049942732,0.370989034889343,0,0,2.85498511364462,5.18090147350816,"LAMP3;IFI6"
"Negative Regulation Of Tumor Necrosis Factor Superfamily Cytokine Production (GO:1903556)","2/49",0.162889049942732,0.370989034889343,0,0,2.85498511364462,5.18090147350816,"PTPN22;LILRA4"
"Positive Regulation Of Nervous System Development (GO:0051962)","2/49",0.162889049942732,0.370989034889343,0,0,2.85498511364462,5.18090147350816,"SYNDIG1;SOX11"
"Positive Regulation Of Pathway-Restricted SMAD Protein Phosphorylation (GO:0010862)","2/49",0.162889049942732,0.370989034889343,0,0,2.85498511364462,5.18090147350816,"TGFB1;INHBA"
"Regulation Of Cell Communication (GO:0010646)","2/49",0.162889049942732,0.370989034889343,0,0,2.85498511364462,5.18090147350816,"UGCG;IGFBPL1"
"Regulation Of Interleukin-5 Production (GO:0032674)","1/12",0.16336494041036,0.370989034889343,0,0,6.08967223252938,11.0330774378926,"LEF1"
"Regulation Of Lymphocyte Migration (GO:2000401)","1/12",0.16336494041036,0.370989034889343,0,0,6.08967223252938,11.0330774378926,"SPN"
"Calcium Ion Import (GO:0070509)","1/12",0.16336494041036,0.370989034889343,0,0,6.08967223252938,11.0330774378926,"SLC24A2"
"Cell Projection Assembly (GO:0030031)","1/12",0.16336494041036,0.370989034889343,0,0,6.08967223252938,11.0330774378926,"CYFIP2"
"Cell-Cell Junction Maintenance (GO:0045217)","1/12",0.16336494041036,0.370989034889343,0,0,6.08967223252938,11.0330774378926,"F2R"
"Response To Interleukin-6 (GO:0070741)","1/12",0.16336494041036,0.370989034889343,0,0,6.08967223252938,11.0330774378926,"SELPLG"
"Defense Response To Tumor Cell (GO:0002357)","1/12",0.16336494041036,0.370989034889343,0,0,6.08967223252938,11.0330774378926,"LAPTM5"
"Response To Muramyl Dipeptide (GO:0032495)","1/12",0.16336494041036,0.370989034889343,0,0,6.08967223252938,11.0330774378926,"PTPN22"
"Semaphorin-Plexin Signaling Pathway Involved In Neuron Projection Guidance (GO:1902285)","1/12",0.16336494041036,0.370989034889343,0,0,6.08967223252938,11.0330774378926,"PLXNC1"
"Sodium Ion Export Across Plasma Membrane (GO:0036376)","1/12",0.16336494041036,0.370989034889343,0,0,6.08967223252938,11.0330774378926,"ATP1A3"
"Spinal Cord Development (GO:0021510)","1/12",0.16336494041036,0.370989034889343,0,0,6.08967223252938,11.0330774378926,"SOX11"
"Triglyceride Catabolic Process (GO:0019433)","1/12",0.16336494041036,0.370989034889343,0,0,6.08967223252938,11.0330774378926,"LCP1"
"Granulocyte Differentiation (GO:0030851)","1/12",0.16336494041036,0.370989034889343,0,0,6.08967223252938,11.0330774378926,"LEF1"
"Lipoprotein Localization (GO:0044872)","1/12",0.16336494041036,0.370989034889343,0,0,6.08967223252938,11.0330774378926,"VMP1"
"Mesoderm Morphogenesis (GO:0048332)","1/12",0.16336494041036,0.370989034889343,0,0,6.08967223252938,11.0330774378926,"EOMES"
"Multicellular Organismal-Level Iron Ion Homeostasis (GO:0060586)","1/12",0.16336494041036,0.370989034889343,0,0,6.08967223252938,11.0330774378926,"SLC40A1"
"Negative Regulation Of JUN Kinase Activity (GO:0043508)","1/12",0.16336494041036,0.370989034889343,0,0,6.08967223252938,11.0330774378926,"PTPN22"
"Negative Regulation Of Epidermal Growth Factor-Activated Receptor Activity (GO:0007175)","1/12",0.16336494041036,0.370989034889343,0,0,6.08967223252938,11.0330774378926,"GPRC5A"
"Nucleotide Metabolic Process (GO:0009117)","1/12",0.16336494041036,0.370989034889343,0,0,6.08967223252938,11.0330774378926,"DCK"
"Positive Regulation Of T-helper 1 Type Immune Response (GO:0002827)","1/12",0.16336494041036,0.370989034889343,0,0,6.08967223252938,11.0330774378926,"IL12RB1"
"Positive Regulation Of Calcium-Mediated Signaling (GO:0050850)","1/12",0.16336494041036,0.370989034889343,0,0,6.08967223252938,11.0330774378926,"TRAT1"
"Positive Regulation Of Vascular Endothelial Cell Proliferation (GO:1905564)","1/12",0.16336494041036,0.370989034889343,0,0,6.08967223252938,11.0330774378926,"ITGA4"
"Positive Regulation Of Vasoconstriction (GO:0045907)","1/12",0.16336494041036,0.370989034889343,0,0,6.08967223252938,11.0330774378926,"F2R"
"Regulation Of T Cell Differentiation In Thymus (GO:0033081)","1/12",0.16336494041036,0.370989034889343,0,0,6.08967223252938,11.0330774378926,"CAMK4"
"Cell Junction Assembly (GO:0034329)","3/95",0.165363287707971,0.374995217592721,0,0,2.19025461584276,3.94160516422433,"VMP1;CAPZA1;FN1"
"Blood Circulation (GO:0008015)","2/50",0.168116328539063,0.380161358744407,0,0,2.79536405005688,4.98441114256764,"CXCL10;STAT1"
"Positive Regulation Of Fat Cell Differentiation (GO:0045600)","2/50",0.168116328539063,0.380161358744407,0,0,2.79536405005688,4.98441114256764,"SFRP2;LCP1"
"T Cell Differentiation In Thymus (GO:0033077)","1/13",0.175712698495551,0.383264346446018,0,0,5.58191609977324,9.7064218861652,"PTPRC"
"Regulation Of Leukocyte Migration (GO:0002685)","1/13",0.175712698495551,0.383264346446018,0,0,5.58191609977324,9.7064218861652,"RAC2"
"Amyloid Precursor Protein Catabolic Process (GO:0042987)","1/13",0.175712698495551,0.383264346446018,0,0,5.58191609977324,9.7064218861652,"ADAM19"
"Regulation Of Myoblast Fusion (GO:1901739)","1/13",0.175712698495551,0.383264346446018,0,0,5.58191609977324,9.7064218861652,"CD53"
"Branching Involved In Blood Vessel Morphogenesis (GO:0001569)","1/13",0.175712698495551,0.383264346446018,0,0,5.58191609977324,9.7064218861652,"SFRP2"
"Cardiac Left Ventricle Morphogenesis (GO:0003214)","1/13",0.175712698495551,0.383264346446018,0,0,5.58191609977324,9.7064218861652,"SFRP2"
"Cellular Response To Interleukin-4 (GO:0071353)","1/13",0.175712698495551,0.383264346446018,0,0,5.58191609977324,9.7064218861652,"LEF1"
"Response To Progesterone (GO:0032570)","1/13",0.175712698495551,0.383264346446018,0,0,5.58191609977324,9.7064218861652,"TGFB1"
"Secondary Palate Development (GO:0062009)","1/13",0.175712698495551,0.383264346446018,0,0,5.58191609977324,9.7064218861652,"LEF1"
"Substrate-Dependent Cell Migration (GO:0006929)","1/13",0.175712698495551,0.383264346446018,0,0,5.58191609977324,9.7064218861652,"PTPRC"
"Synaptic Vesicle Localization (GO:0097479)","1/13",0.175712698495551,0.383264346446018,0,0,5.58191609977324,9.7064218861652,"SYNDIG1"
"Intracellular Potassium Ion Homeostasis (GO:0030007)","1/13",0.175712698495551,0.383264346446018,0,0,5.58191609977324,9.7064218861652,"ATP1A3"
"Membrane Protein Intracellular Domain Proteolysis (GO:0031293)","1/13",0.175712698495551,0.383264346446018,0,0,5.58191609977324,9.7064218861652,"TGFB1"
"Microvillus Organization (GO:0032528)","1/13",0.175712698495551,0.383264346446018,0,0,5.58191609977324,9.7064218861652,"RAP2C"
"Negative Regulation Of NLRP3 Inflammasome Complex Assembly (GO:1900226)","1/13",0.175712698495551,0.383264346446018,0,0,5.58191609977324,9.7064218861652,"PYDC1"
"Negative Regulation Of T Cell Differentiation (GO:0045581)","1/13",0.175712698495551,0.383264346446018,0,0,5.58191609977324,9.7064218861652,"CTLA4"
"Negative Regulation Of Bone Mineralization (GO:0030502)","1/13",0.175712698495551,0.383264346446018,0,0,5.58191609977324,9.7064218861652,"CCR1"
"Negative Regulation Of Cartilage Development (GO:0061037)","1/13",0.175712698495551,0.383264346446018,0,0,5.58191609977324,9.7064218861652,"NKX3-2"
"Negative Regulation Of Myoblast Differentiation (GO:0045662)","1/13",0.175712698495551,0.383264346446018,0,0,5.58191609977324,9.7064218861652,"TGFB1"
"Positive Regulation Of T-helper 17 Type Immune Response (GO:2000318)","1/13",0.175712698495551,0.383264346446018,0,0,5.58191609977324,9.7064218861652,"IL12RB1"
"Positive Regulation Of Granulocyte Macrophage Colony-Stimulating Factor Production (GO:0032725)","1/13",0.175712698495551,0.383264346446018,0,0,5.58191609977324,9.7064218861652,"CD80"
"Positive Regulation Of Keratinocyte Differentiation (GO:0045618)","1/13",0.175712698495551,0.383264346446018,0,0,5.58191609977324,9.7064218861652,"PLAAT4"
"Positive Regulation Of Superoxide Anion Generation (GO:0032930)","1/13",0.175712698495551,0.383264346446018,0,0,5.58191609977324,9.7064218861652,"TGFB1"
"Regulation Of ERBB Signaling Pathway (GO:1901184)","1/13",0.175712698495551,0.383264346446018,0,0,5.58191609977324,9.7064218861652,"IFI6"
"Regulation Of T Cell Chemotaxis (GO:0010819)","1/13",0.175712698495551,0.383264346446018,0,0,5.58191609977324,9.7064218861652,"CXCL10"
"Regulation Of T-helper 17 Type Immune Response (GO:2000316)","1/13",0.175712698495551,0.383264346446018,0,0,5.58191609977324,9.7064218861652,"IL12RB1"
"Regulation Of Proteolysis (GO:0030162)","2/52",0.178653944662615,0.389149612795709,0,0,2.68327645051195,4.62141941232351,"CYFIP2;CST4"
"Neuron Development (GO:0048666)","4/150",0.181345927876477,0.391658856431566,0,0,1.84145365532175,3.14400381389735,"UGCG;CNTNAP2;GPRIN1;BICDL1"
"Protein Complex Oligomerization (GO:0051259)","3/100",0.183584437799419,0.391658856431566,0,0,2.07682530716001,3.52038621678934,"COMP;MS4A1;CARD11"
"Regulation Of Receptor Signaling Pathway Via JAK-STAT (GO:0046425)","2/53",0.183960405707187,0.391658856431566,0,0,2.63052934484374,4.45357754148008,"PTPRC;F2R"
"Gonad Development (GO:0008406)","2/53",0.183960405707187,0.391658856431566,0,0,2.63052934484374,4.45357754148008,"BASP1;INHBA"
"Regulation Of MAPK Cascade (GO:0043408)","5/204",0.18412718169094,0.391658856431566,0,0,1.69000173280194,2.85970019058594,"PTPRC;FCRL3;F2R;FN1;LAPTM5"
"Visual Perception (GO:0007601)","3/101",0.187291398012213,0.391658856431566,0,0,2.05552837573386,3.44319419820725,"LUM;COL11A1;RGS16"
"Supramolecular Fiber Organization (GO:0097435)","7/316",0.18730300201406,0.391658856431566,0,0,1.52566522833513,2.55553142962882,"KRT81;KRT80;TPM3;LUM;COL11A1;COL12A1;RAC2"
"Regulation Of Extracellular Matrix Disassembly (GO:0010715)","1/14",0.187878826820389,0.391658856431566,0,0,5.15227629513344,8.61438989005024,"TGFB1"
"Regulation Of Feeding Behavior (GO:0060259)","1/14",0.187878826820389,0.391658856431566,0,0,5.15227629513344,8.61438989005024,"GPR171"
"Regulation Of Leukocyte Activation (GO:0002694)","1/14",0.187878826820389,0.391658856431566,0,0,5.15227629513344,8.61438989005024,"CD84"
"Regulation Of Macrophage Differentiation (GO:0045649)","1/14",0.187878826820389,0.391658856431566,0,0,5.15227629513344,8.61438989005024,"INHBA"
"Regulation Of Mast Cell Degranulation (GO:0043304)","1/14",0.187878826820389,0.391658856431566,0,0,5.15227629513344,8.61438989005024,"CD84"
"Bone Morphogenesis (GO:0060349)","1/14",0.187878826820389,0.391658856431566,0,0,5.15227629513344,8.61438989005024,"MMP13"
"Regulation Of Sequestering Of Triglyceride (GO:0010889)","1/14",0.187878826820389,0.391658856431566,0,0,5.15227629513344,8.61438989005024,"LCP1"
"Cellular Response To Exogenous dsRNA (GO:0071360)","1/14",0.187878826820389,0.391658856431566,0,0,5.15227629513344,8.61438989005024,"IFIT1"
"Regulation Of Superoxide Anion Generation (GO:0032928)","1/14",0.187878826820389,0.391658856431566,0,0,5.15227629513344,8.61438989005024,"TGFB1"
"Detection Of Mechanical Stimulus Involved In Sensory Perception (GO:0050974)","1/14",0.187878826820389,0.391658856431566,0,0,5.15227629513344,8.61438989005024,"COL11A1"
"Serine Family Amino Acid Metabolic Process (GO:0009069)","1/14",0.187878826820389,0.391658856431566,0,0,5.15227629513344,8.61438989005024,"SEPHS2"
"Establishment Of Apical/Basal Cell Polarity (GO:0035089)","1/14",0.187878826820389,0.391658856431566,0,0,5.15227629513344,8.61438989005024,"EZR"
"Striated Muscle Cell Development (GO:0055002)","1/14",0.187878826820389,0.391658856431566,0,0,5.15227629513344,8.61438989005024,"SDC1"
"Hyaluronan Metabolic Process (GO:0030212)","1/14",0.187878826820389,0.391658856431566,0,0,5.15227629513344,8.61438989005024,"TGFB1"
"Lipoprotein Biosynthetic Process (GO:0042158)","1/14",0.187878826820389,0.391658856431566,0,0,5.15227629513344,8.61438989005024,"UGCG"
"Mammary Gland Epithelium Development (GO:0061180)","1/14",0.187878826820389,0.391658856431566,0,0,5.15227629513344,8.61438989005024,"WNT7B"
"Negative Regulation Of Chondrocyte Differentiation (GO:0032331)","1/14",0.187878826820389,0.391658856431566,0,0,5.15227629513344,8.61438989005024,"NKX3-2"
"Negative Regulation Of Leukocyte Mediated Cytotoxicity (GO:0001911)","1/14",0.187878826820389,0.391658856431566,0,0,5.15227629513344,8.61438989005024,"PTPRC"
"Negative Regulation Of Transcription Regulatory Region DNA Binding (GO:2000678)","1/14",0.187878826820389,0.391658856431566,0,0,5.15227629513344,8.61438989005024,"SOX11"
"Pancreas Development (GO:0031016)","1/14",0.187878826820389,0.391658856431566,0,0,5.15227629513344,8.61438989005024,"SELENOT"
"Pathway-Restricted SMAD Protein Phosphorylation (GO:0060389)","1/14",0.187878826820389,0.391658856431566,0,0,5.15227629513344,8.61438989005024,"TGFB1"
"Polarized Epithelial Cell Differentiation (GO:0030859)","1/14",0.187878826820389,0.391658856431566,0,0,5.15227629513344,8.61438989005024,"EZR"
"Positive Regulation Of Adaptive Immune Response Based On Somatic Recombination Of Immune Receptors Built From Immunoglobulin Superfamily Domains (GO:0002824)","1/14",0.187878826820389,0.391658856431566,0,0,5.15227629513344,8.61438989005024,"IL12RB1"
"Positive Regulation Of Exosomal Secretion (GO:1903543)","1/14",0.187878826820389,0.391658856431566,0,0,5.15227629513344,8.61438989005024,"SDC1"
"Positive Regulation Of Histone Acetylation (GO:0035066)","1/14",0.187878826820389,0.391658856431566,0,0,5.15227629513344,8.61438989005024,"FOXP3"
"Positive Regulation Of Transcription From RNA Polymerase II Promoter Involved In Cellular Response To Chemical Stimulus (GO:1901522)","1/14",0.187878826820389,0.391658856431566,0,0,5.15227629513344,8.61438989005024,"RUNX2"
"Mesenchymal Cell Differentiation (GO:0048762)","2/54",0.189289468992484,0.393064124328102,0,0,2.57981097400893,4.29403823278216,"TGFB1;LEF1"
"Negative Regulation Of Protein Ubiquitination (GO:0031397)","2/54",0.189289468992484,0.393064124328102,0,0,2.57981097400893,4.29403823278216,"DTX3L;ISG15"
"Positive Regulation Of Leukocyte Chemotaxis (GO:0002690)","2/54",0.189289468992484,0.393064124328102,0,0,2.57981097400893,4.29403823278216,"CCR1;CXCL10"
"Calcium Ion Homeostasis (GO:0055074)","3/102",0.191017751148383,0.395115529184187,0,0,2.03466168534662,3.36815640438653,"CCR1;SLC24A2;CCL11"
"Regulation Of Protein Secretion (GO:0050708)","3/102",0.191017751148383,0.395115529184187,0,0,2.03466168534662,3.36815640438653,"TGFB1;RSAD2;EZR"
"Sensory Perception Of Light Stimulus (GO:0050953)","3/102",0.191017751148383,0.395115529184187,0,0,2.03466168534662,3.36815640438653,"LUM;COL11A1;RGS16"
"Positive Regulation Of Inflammatory Response (GO:0050729)","3/104",0.198526067602362,0.404309502865188,0,0,1.99416790994168,3.22424020254692,"CCN4;TLR7;LCP1"
"Regulation Of Hormone Secretion (GO:0046883)","1/15",0.199865988107562,0.404309502865188,0,0,4.78401360544218,7.7027795182252,"SOX11"
"Regulation Of Interleukin-13 Production (GO:0032656)","1/15",0.199865988107562,0.404309502865188,0,0,4.78401360544218,7.7027795182252,"LEF1"
"Regulation Of Intrinsic Apoptotic Signaling Pathway In Response To DNA Damage (GO:1902229)","1/15",0.199865988107562,0.404309502865188,0,0,4.78401360544218,7.7027795182252,"SFRP2"
"Regulation Of Monocyte Differentiation (GO:0045655)","1/15",0.199865988107562,0.404309502865188,0,0,4.78401360544218,7.7027795182252,"IRF7"
"Digestive Tract Morphogenesis (GO:0048546)","1/15",0.199865988107562,0.404309502865188,0,0,4.78401360544218,7.7027795182252,"SOX11"
"Epiboly Involved In Wound Healing (GO:0090505)","1/15",0.199865988107562,0.404309502865188,0,0,4.78401360544218,7.7027795182252,"LCP1"
"Sympathetic Nervous System Development (GO:0048485)","1/15",0.199865988107562,0.404309502865188,0,0,4.78401360544218,7.7027795182252,"SOX11"
"Glycosaminoglycan Catabolic Process (GO:0006027)","1/15",0.199865988107562,0.404309502865188,0,0,4.78401360544218,7.7027795182252,"TGFB1"
"Negative Regulation Of Synaptic Transmission (GO:0050805)","1/15",0.199865988107562,0.404309502865188,0,0,4.78401360544218,7.7027795182252,"SLC24A2"
"Phagosome Maturation (GO:0090382)","1/15",0.199865988107562,0.404309502865188,0,0,4.78401360544218,7.7027795182252,"RAB31"
"Positive Regulation Of DNA Damage Response, Signal Transduction By P53 Class Mediator (GO:0043517)","1/15",0.199865988107562,0.404309502865188,0,0,4.78401360544218,7.7027795182252,"PMAIP1"
"Positive Regulation Of Endothelial Cell Apoptotic Process (GO:2000353)","1/15",0.199865988107562,0.404309502865188,0,0,4.78401360544218,7.7027795182252,"ITGA4"
"Positive Regulation Of Glucose Metabolic Process (GO:0010907)","1/15",0.199865988107562,0.404309502865188,0,0,4.78401360544218,7.7027795182252,"PMAIP1"
"Positive Regulation Of Isotype Switching (GO:0045830)","1/15",0.199865988107562,0.404309502865188,0,0,4.78401360544218,7.7027795182252,"TGFB1"
"Positive Regulation Of Syncytium Formation By Plasma Membrane Fusion (GO:0060143)","1/15",0.199865988107562,0.404309502865188,0,0,4.78401360544218,7.7027795182252,"CD53"
"Receptor Catabolic Process (GO:0032801)","1/15",0.199865988107562,0.404309502865188,0,0,4.78401360544218,7.7027795182252,"TGFB1"
"Pattern Recognition Receptor Signaling Pathway (GO:0002221)","2/56",0.200008198794022,0.404309502865188,0,0,2.4840096068765,3.99775740882913,"TLR10;TLR7"
"Positive Regulation Of Signal Transduction (GO:0009967)","6/266",0.200668619537725,0.405132988499241,0,0,1.55270162363588,2.49379468400997,"TGFB1;PTPRC;CD80;LY86;SULF1;SULF2"
"Lysosomal Transport (GO:0007041)","3/105",0.202306756655288,0.4079258405606,0,0,1.97451651893634,3.1552184306551,"PLEKHF2;DTX3L;LAPTM5"
"Signal Transduction In Response To DNA Damage (GO:0042770)","2/57",0.205394383019327,0.411279813709873,0,0,2.43872168786845,3.86006557905322,"DTX3L;PARP9"
"Myeloid Cell Differentiation (GO:0030099)","2/57",0.205394383019327,0.411279813709873,0,0,2.43872168786845,3.86006557905322,"INHBA;EVI2B"
"Positive Regulation Of Interleukin-1 Beta Production (GO:0032731)","2/57",0.205394383019327,0.411279813709873,0,0,2.43872168786845,3.86006557905322,"PYDC1;LCP1"
"Intracellular Protein Transport (GO:0006886)","7/325",0.20565481139936,0.411279813709873,0,0,1.48179813067785,2.34354700371274,"RAB31;TGFB1;SYNDIG1;LAPTM5;RAB19;AP1S3;CACNG4"
"Regulation Of Phagocytosis (GO:0050764)","2/58",0.21079620298549,0.411279813709873,0,0,2.39505119453925,3.72876772524576,"PTPRC;SIRPG"
"Response To Organic Cyclic Compound (GO:0014070)","2/58",0.21079620298549,0.411279813709873,0,0,2.39505119453925,3.72876772524576,"TGFB1;PMAIP1"
"Regulation Of Bone Mineralization (GO:0030500)","2/58",0.21079620298549,0.411279813709873,0,0,2.39505119453925,3.72876772524576,"CCR1;ISG15"
"DNA Repair-Dependent Chromatin Remodeling (GO:0140861)","1/16",0.211676806056799,0.411279813709873,0,0,4.46485260770975,6.93255283415669,"DTX3L"
"Regulation Of Interleukin-1 Production (GO:0032652)","1/16",0.211676806056799,0.411279813709873,0,0,4.46485260770975,6.93255283415669,"F2R"
"Activation Of Cysteine-Type Endopeptidase Activity (GO:0097202)","1/16",0.211676806056799,0.411279813709873,0,0,4.46485260770975,6.93255283415669,"CYFIP2"
"Activin Receptor Signaling Pathway (GO:0032924)","1/16",0.211676806056799,0.411279813709873,0,0,4.46485260770975,6.93255283415669,"INHBA"
"Antifungal Innate Immune Response (GO:0061760)","1/16",0.211676806056799,0.411279813709873,0,0,4.46485260770975,6.93255283415669,"CLEC4C"
"Regulation Of Natural Killer Cell Activation (GO:0032814)","1/16",0.211676806056799,0.411279813709873,0,0,4.46485260770975,6.93255283415669,"PTPN22"
"Cell Communication By Electrical Coupling Involved In Cardiac Conduction (GO:0086064)","1/16",0.211676806056799,0.411279813709873,0,0,4.46485260770975,6.93255283415669,"ATP1A3"
"Cell Surface Receptor Signaling Pathway Involved In Heart Development (GO:0061311)","1/16",0.211676806056799,0.411279813709873,0,0,4.46485260770975,6.93255283415669,"TGFB1"
"Cell Surface Toll-Like Receptor Signaling Pathway (GO:0140895)","1/16",0.211676806056799,0.411279813709873,0,0,4.46485260770975,6.93255283415669,"OAS1"
"Regulation Of Response To Cytokine Stimulus (GO:0060759)","1/16",0.211676806056799,0.411279813709873,0,0,4.46485260770975,6.93255283415669,"PARP9"
"Regulation Of Secretion (GO:0051046)","1/16",0.211676806056799,0.411279813709873,0,0,4.46485260770975,6.93255283415669,"OAS2"
"Cellular Response To Fatty Acid (GO:0071398)","1/16",0.211676806056799,0.411279813709873,0,0,4.46485260770975,6.93255283415669,"LCP1"
"Regulation Of Transforming Growth Factor Beta Production (GO:0071634)","1/16",0.211676806056799,0.411279813709873,0,0,4.46485260770975,6.93255283415669,"FN1"
"Stabilization Of Membrane Potential (GO:0030322)","1/16",0.211676806056799,0.411279813709873,0,0,4.46485260770975,6.93255283415669,"KCNK15"
"Heart Process (GO:0003015)","1/16",0.211676806056799,0.411279813709873,0,0,4.46485260770975,6.93255283415669,"NOX4"
"Negative Regulation Of ATP-dependent Activity (GO:0032780)","1/16",0.211676806056799,0.411279813709873,0,0,4.46485260770975,6.93255283415669,"IFIT1"
"Negative Regulation Of Interleukin-10 Production (GO:0032693)","1/16",0.211676806056799,0.411279813709873,0,0,4.46485260770975,6.93255283415669,"FOXP3"
"Negative Regulation Of Natural Killer Cell Mediated Cytotoxicity (GO:0045953)","1/16",0.211676806056799,0.411279813709873,0,0,4.46485260770975,6.93255283415669,"TGFB1"
"Negative Regulation Of Viral-Induced Cytoplasmic Pattern Recognition Receptor Signaling Pathway (GO:0039532)","1/16",0.211676806056799,0.411279813709873,0,0,4.46485260770975,6.93255283415669,"LILRA4"
"Neuron Projection Organization (GO:0106027)","1/16",0.211676806056799,0.411279813709873,0,0,4.46485260770975,6.93255283415669,"ATP1A3"
"Positive Regulation By Host Of Viral Transcription (GO:0043923)","1/16",0.211676806056799,0.411279813709873,0,0,4.46485260770975,6.93255283415669,"LEF1"
"Positive Regulation Of Smooth Muscle Cell Migration (GO:0014911)","1/16",0.211676806056799,0.411279813709873,0,0,4.46485260770975,6.93255283415669,"CCN4"
"Protein Localization To Mitochondrion (GO:0070585)","1/16",0.211676806056799,0.411279813709873,0,0,4.46485260770975,6.93255283415669,"ISG15"
"Response To Tumor Necrosis Factor (GO:0034612)","3/108",0.213747390585127,0.414769296667828,0,0,1.91780821917808,2.9591020967673,"CCL11;CCL22;UBD"
"Positive Regulation Of Multicellular Organismal Process (GO:0051240)","8/387",0.213990905089085,0.414769296667828,0,0,1.421382144466,2.19151792593421,"TGFB1;F2R;LEF1;CXCR4;SOX11;INHBA;LCP1;PLAAT4"
"Positive Regulation Of Cysteine-Type Endopeptidase Activity Involved In Apoptotic Process (GO:0043280)","3/109",0.217591718156401,0.420618235023011,0,0,1.89961876453864,2.89717473139003,"F2R;LAPTM5;PMAIP1"
"Regulation Of Wnt Signaling Pathway (GO:0030111)","3/109",0.217591718156401,0.420618235023011,0,0,1.89961876453864,2.89717473139003,"SFRP2;SULF1;SULF2"
"Negative Regulation Of Cell Migration (GO:0030336)","4/163",0.220703485437116,0.420618235023011,0,0,1.68977068879812,2.55313396834323,"RAP2C;SFRP2;TP53INP1;SULF1"
"Golgi To Vacuole Transport (GO:0006896)","1/17",0.223313866189606,0.420618235023011,0,0,4.18558673469388,6.27493547038683,"LAPTM5"
"NAD Biosynthetic Process (GO:0009435)","1/17",0.223313866189606,0.420618235023011,0,0,4.18558673469388,6.27493547038683,"PARP9"
"Amyloid Precursor Protein Metabolic Process (GO:0042982)","1/17",0.223313866189606,0.420618235023011,0,0,4.18558673469388,6.27493547038683,"ADAM19"
"Regulation Of Receptor Recycling (GO:0001919)","1/17",0.223313866189606,0.420618235023011,0,0,4.18558673469388,6.27493547038683,"TRAT1"
"Cellular Response To dsRNA (GO:0071359)","1/17",0.223313866189606,0.420618235023011,0,0,4.18558673469388,6.27493547038683,"IFIT1"
"Response To Acidic pH (GO:0010447)","1/17",0.223313866189606,0.420618235023011,0,0,4.18558673469388,6.27493547038683,"GPR65"
"Response To Interferon-Alpha (GO:0035455)","1/17",0.223313866189606,0.420618235023011,0,0,4.18558673469388,6.27493547038683,"LAMP3"
"Sulfur Amino Acid Metabolic Process (GO:0000096)","1/17",0.223313866189606,0.420618235023011,0,0,4.18558673469388,6.27493547038683,"NOX4"
"Extracellular Matrix Assembly (GO:0085029)","1/17",0.223313866189606,0.420618235023011,0,0,4.18558673469388,6.27493547038683,"TGFB1"
"Filopodium Assembly (GO:0046847)","1/17",0.223313866189606,0.420618235023011,0,0,4.18558673469388,6.27493547038683,"EZR"
"Toll-Like Receptor 4 Signaling Pathway (GO:0034142)","1/17",0.223313866189606,0.420618235023011,0,0,4.18558673469388,6.27493547038683,"OAS1"
"Membrane Lipid Metabolic Process (GO:0006643)","1/17",0.223313866189606,0.420618235023011,0,0,4.18558673469388,6.27493547038683,"CERKL"
"Mesenchyme Development (GO:0060485)","1/17",0.223313866189606,0.420618235023011,0,0,4.18558673469388,6.27493547038683,"SFRP2"
"Negative Regulation Of Interleukin-8 Production (GO:0032717)","1/17",0.223313866189606,0.420618235023011,0,0,4.18558673469388,6.27493547038683,"PTPN22"
"Negative Regulation Of Ubiquitin-Protein Transferase Activity (GO:0051444)","1/17",0.223313866189606,0.420618235023011,0,0,4.18558673469388,6.27493547038683,"DTX3L"
"Neural Tube Development (GO:0021915)","1/17",0.223313866189606,0.420618235023011,0,0,4.18558673469388,6.27493547038683,"TGFB1"
"Positive Regulation Of SMAD Protein Signal Transduction (GO:0060391)","1/17",0.223313866189606,0.420618235023011,0,0,4.18558673469388,6.27493547038683,"TGFB1"
"Positive Regulation Of Alpha-Beta T Cell Proliferation (GO:0046641)","1/17",0.223313866189606,0.420618235023011,0,0,4.18558673469388,6.27493547038683,"PTPN22"
"Positive Regulation Of Cell Adhesion Mediated By Integrin (GO:0033630)","1/17",0.223313866189606,0.420618235023011,0,0,4.18558673469388,6.27493547038683,"SFRP2"
"Positive Regulation Of Peptidyl-Lysine Acetylation (GO:2000758)","1/17",0.223313866189606,0.420618235023011,0,0,4.18558673469388,6.27493547038683,"FOXP3"
"Positive Regulation Of Regulatory T Cell Differentiation (GO:0045591)","1/17",0.223313866189606,0.420618235023011,0,0,4.18558673469388,6.27493547038683,"FOXP3"
"Regulation Of Transforming Growth Factor Beta Receptor Signaling Pathway (GO:0017015)","3/111",0.225322867154042,0.423903537383808,0,0,1.8642503805175,2.77814495487378,"TGFB1;SOX11;ASPN"
"Regulation Of Pathway-Restricted SMAD Protein Phosphorylation (GO:0060393)","2/61",0.22707943659393,0.425209564896937,0,0,2.27292184878811,3.36950522708619,"TGFB1;INHBA"
"Negative Regulation Of Intrinsic Apoptotic Signaling Pathway (GO:2001243)","2/61",0.22707943659393,0.425209564896937,0,0,2.27292184878811,3.36950522708619,"SFRP2;RTKN2"
"Positive Regulation Of Cell Junction Assembly (GO:1901890)","2/61",0.22707943659393,0.425209564896937,0,0,2.27292184878811,3.36950522708619,"CNTNAP2;SYNDIG1"
"Positive Regulation Of Organelle Assembly (GO:1902117)","2/61",0.22707943659393,0.425209564896937,0,0,2.27292184878811,3.36950522708619,"SDC1;LCP1"
"Negative Regulation Of Kinase Activity (GO:0033673)","2/62",0.232527976342235,0.425687797935543,0,0,2.2349260523322,3.26018660712626,"PTPRC;PYDC1"
"Phosphatidylinositol-Mediated Signaling (GO:0048015)","2/62",0.232527976342235,0.425687797935543,0,0,2.2349260523322,3.26018660712626,"FCGR3A;EZR"
"Positive Regulation Of Apoptotic Signaling Pathway (GO:2001235)","2/62",0.232527976342235,0.425687797935543,0,0,2.2349260523322,3.26018660712626,"TNFRSF12A;PMAIP1"
"Regulation Of Exosomal Secretion (GO:1903541)","1/18",0.234779716163076,0.425687797935543,0,0,3.93917567026811,5.70828933251007,"SDC1"
"T-helper Cell Differentiation (GO:0042093)","1/18",0.234779716163076,0.425687797935543,0,0,3.93917567026811,5.70828933251007,"LEF1"
"Actin Filament Capping (GO:0051693)","1/18",0.234779716163076,0.425687797935543,0,0,3.93917567026811,5.70828933251007,"CAPZA1"
"Regulation Of Mitochondrial Membrane Permeability (GO:0046902)","1/18",0.234779716163076,0.425687797935543,0,0,3.93917567026811,5.70828933251007,"PMAIP1"
"Barbed-End Actin Filament Capping (GO:0051016)","1/18",0.234779716163076,0.425687797935543,0,0,3.93917567026811,5.70828933251007,"CAPZA1"
"Cell Junction Maintenance (GO:0034331)","1/18",0.234779716163076,0.425687797935543,0,0,3.93917567026811,5.70828933251007,"F2R"
"Regulation Of Vascular Endothelial Cell Proliferation (GO:1905562)","1/18",0.234779716163076,0.425687797935543,0,0,3.93917567026811,5.70828933251007,"ITGA4"
"Epithelial Cell Development (GO:0002064)","1/18",0.234779716163076,0.425687797935543,0,0,3.93917567026811,5.70828933251007,"WNT7B"
"Intracellular Sodium Ion Homeostasis (GO:0006883)","1/18",0.234779716163076,0.425687797935543,0,0,3.93917567026811,5.70828933251007,"ATP1A3"
"Melanosome Assembly (GO:1903232)","1/18",0.234779716163076,0.425687797935543,0,0,3.93917567026811,5.70828933251007,"AP1S3"
"ncRNA-mediated Post-Transcriptional Gene Silencing (GO:0035194)","1/18",0.234779716163076,0.425687797935543,0,0,3.93917567026811,5.70828933251007,"HELZ2"
"Negative Regulation Of Nervous System Development (GO:0051961)","1/18",0.234779716163076,0.425687797935543,0,0,3.93917567026811,5.70828933251007,"CCL11"
"Negative Regulation Of Viral Entry Into Host Cell (GO:0046597)","1/18",0.234779716163076,0.425687797935543,0,0,3.93917567026811,5.70828933251007,"LRRC15"
"Neural Crest Cell Differentiation (GO:0014033)","1/18",0.234779716163076,0.425687797935543,0,0,3.93917567026811,5.70828933251007,"KBTBD8"
"Positive Regulation Of NLRP3 Inflammasome Complex Assembly (GO:1900227)","1/18",0.234779716163076,0.425687797935543,0,0,3.93917567026811,5.70828933251007,"PTPN22"
"Positive Regulation Of Cytokine Production Involved In Inflammatory Response (GO:1900017)","1/18",0.234779716163076,0.425687797935543,0,0,3.93917567026811,5.70828933251007,"CD6"
"Positive Regulation Of Epidermal Cell Differentiation (GO:0045606)","1/18",0.234779716163076,0.425687797935543,0,0,3.93917567026811,5.70828933251007,"PLAAT4"
"Positive Regulation Of Extracellular Matrix Organization (GO:1903055)","1/18",0.234779716163076,0.425687797935543,0,0,3.93917567026811,5.70828933251007,"TGFB1"
"Positive Regulation Of Interleukin-4 Production (GO:0032753)","1/18",0.234779716163076,0.425687797935543,0,0,3.93917567026811,5.70828933251007,"CD86"
"Positive Regulation Of Natural Killer Cell Activation (GO:0032816)","1/18",0.234779716163076,0.425687797935543,0,0,3.93917567026811,5.70828933251007,"FCGR3A"
"Positive Regulation Of Nervous System Process (GO:0031646)","1/18",0.234779716163076,0.425687797935543,0,0,3.93917567026811,5.70828933251007,"CST7"
"Positive Regulation Of Neuroblast Proliferation (GO:0002052)","1/18",0.234779716163076,0.425687797935543,0,0,3.93917567026811,5.70828933251007,"VCAN"
"Positive Regulation Of Neutrophil Chemotaxis (GO:0090023)","1/18",0.234779716163076,0.425687797935543,0,0,3.93917567026811,5.70828933251007,"RAC2"
"Positive Regulation Of Response To Endoplasmic Reticulum Stress (GO:1905898)","1/18",0.234779716163076,0.425687797935543,0,0,3.93917567026811,5.70828933251007,"PMAIP1"
"Regulation Of T Cell Cytokine Production (GO:0002724)","1/18",0.234779716163076,0.425687797935543,0,0,3.93917567026811,5.70828933251007,"FOXP3"
"Positive Regulation Of Interleukin-1 Production (GO:0032732)","2/64",0.243447457132363,0.434844440514934,0,0,2.16261147198062,3.05545457473193,"PYDC1;LCP1"
"Regulation Of Apoptotic Process (GO:0042981)","13/705",0.243448033726961,0.434844440514934,0,0,1.26659799942606,1.78951522927856,"FCMR;TNFRSF12A;CBX4;STAT1;LEF1;IFI6;COMP;CXCL10;SFRP2;UBD;CTLA4;PMAIP1;EVI2B"
"Regulation Of Cellular Response To Growth Factor Stimulus (GO:0090287)","1/19",0.246076866400082,0.434844440514934,0,0,3.72014361300076,5.21605549716991,"SULF1"
"Regulation Of Early Endosome To Late Endosome Transport (GO:2000641)","1/19",0.246076866400082,0.434844440514934,0,0,3.72014361300076,5.21605549716991,"EZR"
"Regulation Of Smooth Muscle Cell Migration (GO:0014910)","1/19",0.246076866400082,0.434844440514934,0,0,3.72014361300076,5.21605549716991,"CCN4"
"Regulation Of Tissue Remodeling (GO:0034103)","1/19",0.246076866400082,0.434844440514934,0,0,3.72014361300076,5.21605549716991,"TGFB1"
"Release Of Cytochrome C From Mitochondria (GO:0001836)","1/19",0.246076866400082,0.434844440514934,0,0,3.72014361300076,5.21605549716991,"IFI6"
"Cortical Actin Cytoskeleton Organization (GO:0030866)","1/19",0.246076866400082,0.434844440514934,0,0,3.72014361300076,5.21605549716991,"LCP1"
"Response To Fatty Acid (GO:0070542)","1/19",0.246076866400082,0.434844440514934,0,0,3.72014361300076,5.21605549716991,"LCP1"
"Embryonic Digestive Tract Development (GO:0048566)","1/19",0.246076866400082,0.434844440514934,0,0,3.72014361300076,5.21605549716991,"SOX11"
"Establishment Of Epithelial Cell Polarity (GO:0090162)","1/19",0.246076866400082,0.434844440514934,0,0,3.72014361300076,5.21605549716991,"EZR"
"Establishment Of Skin Barrier (GO:0061436)","1/19",0.246076866400082,0.434844440514934,0,0,3.72014361300076,5.21605549716991,"UGCG"
"Superoxide Anion Generation (GO:0042554)","1/19",0.246076866400082,0.434844440514934,0,0,3.72014361300076,5.21605549716991,"NOX4"
"Gastrulation (GO:0007369)","1/19",0.246076866400082,0.434844440514934,0,0,3.72014361300076,5.21605549716991,"EOMES"
"Immunoglobulin Production Involved In Immunoglobulin-Mediated Immune Response (GO:0002381)","1/19",0.246076866400082,0.434844440514934,0,0,3.72014361300076,5.21605549716991,"GAPT"
"Insulin Secretion (GO:0030073)","1/19",0.246076866400082,0.434844440514934,0,0,3.72014361300076,5.21605549716991,"SELENOT"
"Negative Regulation Of Axon Extension Involved In Axon Guidance (GO:0048843)","1/19",0.246076866400082,0.434844440514934,0,0,3.72014361300076,5.21605549716991,"SEMA7A"
"Phosphate Ion Transport (GO:0006817)","1/19",0.246076866400082,0.434844440514934,0,0,3.72014361300076,5.21605549716991,"SLC20A1"
"Positive Regulation Of Activated T Cell Proliferation (GO:0042104)","1/19",0.246076866400082,0.434844440514934,0,0,3.72014361300076,5.21605549716991,"IL12RB1"
"Positive Regulation Of Axon Extension (GO:0045773)","1/19",0.246076866400082,0.434844440514934,0,0,3.72014361300076,5.21605549716991,"SEMA7A"
"Positive Regulation Of Hormone Secretion (GO:0046887)","1/19",0.246076866400082,0.434844440514934,0,0,3.72014361300076,5.21605549716991,"SOX11"
"Receptor Clustering (GO:0043113)","1/19",0.246076866400082,0.434844440514934,0,0,3.72014361300076,5.21605549716991,"ITGA4"
"Regulation Of Behavior (GO:0050795)","1/19",0.246076866400082,0.434844440514934,0,0,3.72014361300076,5.21605549716991,"GPR171"
"Protein Maturation (GO:0051604)","3/117",0.248813206042213,0.438711390829937,0,0,1.76559120403749,2.4560306596758,"ADAM19;AEBP1;PHEX"
"Protein Processing (GO:0016485)","3/117",0.248813206042213,0.438711390829937,0,0,1.76559120403749,2.4560306596758,"ADAM19;AEBP1;PHEX"
"Regulation Of Endocytosis (GO:0030100)","2/66",0.254387576866186,0.44183441300413,0,0,2.09481655290102,2.86758659028099,"PTPRC;CD22"
"Negative Regulation Of Endopeptidase Activity (GO:0010951)","2/66",0.254387576866186,0.44183441300413,0,0,2.09481655290102,2.86758659028099,"CST2;CST4"
"Negative Regulation Of Immune Response (GO:0050777)","2/66",0.254387576866186,0.44183441300413,0,0,2.09481655290102,2.86758659028099,"FOXP3;SAMSN1"
"Negative Regulation Of Intracellular Signal Transduction (GO:1902532)","5/231",0.255674864584987,0.44183441300413,0,0,1.48603906011596,2.0267324431527,"STAT1;RTKN2;RHOH;TRIM59;CD22"
"Negative Regulation Of Multicellular Organismal Process (GO:0051241)","5/231",0.255674864584987,0.44183441300413,0,0,1.48603906011596,2.0267324431527,"SFRP2;PTPRO;F2R;FOXP3;HOXC10"
"Regulation Of Protein Kinase Activity (GO:0045859)","3/119",0.256726734520574,0.44183441300413,0,0,1.734972838923,2.35911725894217,"RAP2C;PTPRC;PYDC1"
"Fc-gamma Receptor Signaling Pathway Involved In Phagocytosis (GO:0038096)","1/20",0.257207790705715,0.44183441300413,0,0,3.52416756176155,4.78536491934412,"PLPP4"
"Regulation Of Fibroblast Migration (GO:0010762)","1/20",0.257207790705715,0.44183441300413,0,0,3.52416756176155,4.78536491934412,"TGFB1"
"Ameboidal-Type Cell Migration (GO:0001667)","1/20",0.257207790705715,0.44183441300413,0,0,3.52416756176155,4.78536491934412,"ITGA4"
"Calcium-Mediated Signaling Using Intracellular Calcium Source (GO:0035584)","1/20",0.257207790705715,0.44183441300413,0,0,3.52416756176155,4.78536491934412,"PTPRC"
"Cell Projection Organization (GO:0030030)","1/20",0.257207790705715,0.44183441300413,0,0,3.52416756176155,4.78536491934412,"CYFIP2"
"Regulation Of Smooth Muscle Contraction (GO:0006940)","1/20",0.257207790705715,0.44183441300413,0,0,3.52416756176155,4.78536491934412,"F2R"
"Regulation Of Toll-Like Receptor Signaling Pathway (GO:0034121)","1/20",0.257207790705715,0.44183441300413,0,0,3.52416756176155,4.78536491934412,"IRF7"
"Response To Ketone (GO:1901654)","1/20",0.257207790705715,0.44183441300413,0,0,3.52416756176155,4.78536491934412,"TGFB1"
"Striated Muscle Cell Differentiation (GO:0051146)","1/20",0.257207790705715,0.44183441300413,0,0,3.52416756176155,4.78536491934412,"SDC1"
"Long-Term Memory (GO:0007616)","1/20",0.257207790705715,0.44183441300413,0,0,3.52416756176155,4.78536491934412,"CAMK4"
"Long-Term Synaptic Potentiation (GO:0060291)","1/20",0.257207790705715,0.44183441300413,0,0,3.52416756176155,4.78536491934412,"SLC24A2"
"Mesoderm Formation (GO:0001707)","1/20",0.257207790705715,0.44183441300413,0,0,3.52416756176155,4.78536491934412,"EOMES"
"Myoblast Differentiation (GO:0045445)","1/20",0.257207790705715,0.44183441300413,0,0,3.52416756176155,4.78536491934412,"SDC1"
"Negative Regulation Of miRNA Transcription (GO:1902894)","1/20",0.257207790705715,0.44183441300413,0,0,3.52416756176155,4.78536491934412,"TGFB1"
"Negative Regulation Of Phosphate Metabolic Process (GO:0045936)","1/20",0.257207790705715,0.44183441300413,0,0,3.52416756176155,4.78536491934412,"INHBA"
"Negative Regulation Of Reproductive Process (GO:2000242)","1/20",0.257207790705715,0.44183441300413,0,0,3.52416756176155,4.78536491934412,"SULF1"
"Negative Regulation Of Viral Life Cycle (GO:1903901)","1/20",0.257207790705715,0.44183441300413,0,0,3.52416756176155,4.78536491934412,"LRRC15"
"Receptor Metabolic Process (GO:0043112)","1/20",0.257207790705715,0.44183441300413,0,0,3.52416756176155,4.78536491934412,"TGFB1"
"Positive Regulation Of I-kappaB kinase/NF-kappaB Signaling (GO:0043123)","4/175",0.258823891991072,0.444134031165817,0,0,1.5702256787444,2.12232865060712,"SLC20A1;UBD;F2R;CARD11"
"Activation Of Cysteine-Type Endopeptidase Activity Involved In Apoptotic Process (GO:0006919)","2/67",0.259862061045212,0.445438072519684,0,0,2.06248359149383,2.77941180440819,"F2R;LAPTM5"
"Cell-Cell Junction Organization (GO:0045216)","2/68",0.265337801951891,0.451945323853193,0,0,2.03113041679595,2.69480540927886,"TGFB1;F2R"
"Intermediate Filament Organization (GO:0045109)","2/68",0.265337801951891,0.451945323853193,0,0,2.03113041679595,2.69480540927886,"KRT81;KRT80"
"Regulation Of Histone Deacetylation (GO:0031063)","1/21",0.268174926708641,0.451945323853193,0,0,3.34778911564626,4.40607814948526,"FOXP3"
"Regulation Of Lipid Storage (GO:0010883)","1/21",0.268174926708641,0.451945323853193,0,0,3.34778911564626,4.40607814948526,"LCP1"
"Regulation Of Lipopolysaccharide-Mediated Signaling Pathway (GO:0031664)","1/21",0.268174926708641,0.451945323853193,0,0,3.34778911564626,4.40607814948526,"LY86"
"Skin Epidermis Development (GO:0098773)","1/21",0.268174926708641,0.451945323853193,0,0,3.34778911564626,4.40607814948526,"UGCG"
"Lipid Catabolic Process (GO:0016042)","1/21",0.268174926708641,0.451945323853193,0,0,3.34778911564626,4.40607814948526,"LCP1"
"Modulation By Host Of Viral Genome Replication (GO:0044827)","1/21",0.268174926708641,0.451945323853193,0,0,3.34778911564626,4.40607814948526,"IFI27"
"Negative Regulation Of miRNA Metabolic Process (GO:2000629)","1/21",0.268174926708641,0.451945323853193,0,0,3.34778911564626,4.40607814948526,"TGFB1"
"Negative Regulation Of Tumor Necrosis Factor-Mediated Signaling Pathway (GO:0010804)","1/21",0.268174926708641,0.451945323853193,0,0,3.34778911564626,4.40607814948526,"PYDC1"
"Positive Regulation Of G2/M Transition Of Mitotic Cell Cycle (GO:0010971)","1/21",0.268174926708641,0.451945323853193,0,0,3.34778911564626,4.40607814948526,"TNFSF13B"
"Positive Regulation Of T Cell Cytokine Production (GO:0002726)","1/21",0.268174926708641,0.451945323853193,0,0,3.34778911564626,4.40607814948526,"RSAD2"
"Positive Regulation Of Blood Coagulation (GO:0030194)","1/21",0.268174926708641,0.451945323853193,0,0,3.34778911564626,4.40607814948526,"F2R"
"Positive Regulation Of Granulocyte Chemotaxis (GO:0071624)","1/21",0.268174926708641,0.451945323853193,0,0,3.34778911564626,4.40607814948526,"RAC2"
"Positive Regulation Of Signal Transduction By P53 Class Mediator (GO:1901798)","1/21",0.268174926708641,0.451945323853193,0,0,3.34778911564626,4.40607814948526,"PMAIP1"
"Positive Regulation Of Transcription Regulatory Region DNA Binding (GO:2000679)","1/21",0.268174926708641,0.451945323853193,0,0,3.34778911564626,4.40607814948526,"TGFB1"
"Regulation Of Protein Catabolic Process (GO:0042176)","3/122",0.268659705871199,0.452286213564448,0,0,1.69097502014504,2.22246492917647,"EEF1A2;EZR;TNFSF13B"
"Phospholipid Metabolic Process (GO:0006644)","2/69",0.27081357572564,0.454955440437302,0,0,2.00071315776068,2.61358083008023,"LCP1;PLAAT4"
"Positive Regulation Of Phosphatidylinositol 3-Kinase Signaling (GO:0014068)","2/69",0.27081357572564,0.454955440437302,0,0,2.00071315776068,2.61358083008023,"F2R;FN1"
"Positive Regulation Of Protein Transport (GO:0051222)","2/70",0.27628819402864,0.458100577334293,0,0,1.97119052399117,2.53556361409617,"TGFB1;EZR"
"Protein K48-linked Ubiquitination (GO:0070936)","2/70",0.27628819402864,0.458100577334293,0,0,1.97119052399117,2.53556361409617,"DTX3L;IFI27"
"Regulation Of Actin Filament-Based Process (GO:0032970)","2/70",0.27628819402864,0.458100577334293,0,0,1.97119052399117,2.53556361409617,"ABRACL;EZR"
"Negative Regulation Of Growth (GO:0045926)","3/124",0.276650446108836,0.458100577334293,0,0,1.6628552020831,2.1367697612831,"SFRP2;TGFB1;INHBA"
"Positive Regulation Of Defense Response (GO:0031349)","3/124",0.276650446108836,0.458100577334293,0,0,1.6628552020831,2.1367697612831,"CCN4;TLR7;LCP1"
"Positive Regulation Of Gene Expression (GO:0010628)","9/480",0.278968546811412,0.458100577334293,0,0,1.28506525321812,1.64058657299016,"ADAM19;TGFB1;LAMP3;LEF1;FN1;SOX11;PTPN22;INHBA;EZR"
"Fc Receptor Mediated Stimulatory Signaling Pathway (GO:0002431)","1/22",0.278980676390341,0.458100577334293,0,0,3.18820861678005,4.07010780111456,"PLPP4"
"Fc-epsilon Receptor Signaling Pathway (GO:0038095)","1/22",0.278980676390341,0.458100577334293,0,0,3.18820861678005,4.07010780111456,"LILRA4"
"Regulation Of Histone Acetylation (GO:0035065)","1/22",0.278980676390341,0.458100577334293,0,0,3.18820861678005,4.07010780111456,"FOXP3"
"Regulation Of Protein Export From Nucleus (GO:0046825)","1/22",0.278980676390341,0.458100577334293,0,0,3.18820861678005,4.07010780111456,"IFI27"
"Cellular Response To Low-Density Lipoprotein Particle Stimulus (GO:0071404)","1/22",0.278980676390341,0.458100577334293,0,0,3.18820861678005,4.07010780111456,"LCP1"
"Vesicle Transport Along Microtubule (GO:0047496)","1/22",0.278980676390341,0.458100577334293,0,0,3.18820861678005,4.07010780111456,"BICDL1"
"Mammary Gland Development (GO:0030879)","1/22",0.278980676390341,0.458100577334293,0,0,3.18820861678005,4.07010780111456,"WNT7B"
"Membrane Protein Ectodomain Proteolysis (GO:0006509)","1/22",0.278980676390341,0.458100577334293,0,0,3.18820861678005,4.07010780111456,"ADAM19"
"Modulation By Host Of Viral Process (GO:0044788)","1/22",0.278980676390341,0.458100577334293,0,0,3.18820861678005,4.07010780111456,"IFI27"
"Natural Killer Cell Activation Involved In Immune Response (GO:0002323)","1/22",0.278980676390341,0.458100577334293,0,0,3.18820861678005,4.07010780111456,"FCGR3A"
"Negative Regulation Of Cell Development (GO:0010721)","1/22",0.278980676390341,0.458100577334293,0,0,3.18820861678005,4.07010780111456,"CCL11"
"Negative Regulation Of Extrinsic Apoptotic Signaling Pathway In Absence Of Ligand (GO:2001240)","1/22",0.278980676390341,0.458100577334293,0,0,3.18820861678005,4.07010780111456,"IFI6"
"Negative Regulation Of Signal Transduction In Absence Of Ligand (GO:1901099)","1/22",0.278980676390341,0.458100577334293,0,0,3.18820861678005,4.07010780111456,"IFI6"
"Positive Regulation Of Protein Autophosphorylation (GO:0031954)","1/22",0.278980676390341,0.458100577334293,0,0,3.18820861678005,4.07010780111456,"RAP2C"
"Positive Regulation Of Synaptic Transmission, Glutamatergic (GO:0051968)","1/22",0.278980676390341,0.458100577334293,0,0,3.18820861678005,4.07010780111456,"CACNG4"
"Postreplication Repair (GO:0006301)","1/22",0.278980676390341,0.458100577334293,0,0,3.18820861678005,4.07010780111456,"TNFSF13B"
"Negative Regulation Of Cell Growth (GO:0030308)","3/125",0.280654845510936,0.460377466867836,0,0,1.6491410285201,2.09544752485437,"SFRP2;TGFB1;INHBA"
"Kidney Development (GO:0001822)","2/71",0.281760503368738,0.460774837480438,0,0,1.94252361873671,2.46059048699881,"SULF1;SULF2"
"Myeloid Leukocyte Differentiation (GO:0002573)","2/71",0.281760503368738,0.460774837480438,0,0,1.94252361873671,2.46059048699881,"UBD;CAMK4"
"Negative Regulation Of Protein Binding (GO:0032091)","2/71",0.281760503368738,0.460774837480438,0,0,1.94252361873671,2.46059048699881,"ITGA4;IFIT1"
"Cellular Response To Hypoxia (GO:0071456)","2/72",0.287229384289216,0.465555700903827,0,0,1.91467576791809,2.38850849558344,"TGFB1;PMAIP1"
"Plasma Membrane Organization (GO:0007009)","2/72",0.287229384289216,0.465555700903827,0,0,1.91467576791809,2.38850849558344,"UGCG;CXCR4"
"Cell-Cell Signaling By Wnt (GO:0198738)","1/23",0.289627406683455,0.465555700903827,0,0,3.04313543599258,3.77093166611824,"WNT7B"
"Cellular Response To Interleukin-6 (GO:0071354)","1/23",0.289627406683455,0.465555700903827,0,0,3.04313543599258,3.77093166611824,"SELPLG"
"Regulation Of Toll-Like Receptor 4 Signaling Pathway (GO:0034143)","1/23",0.289627406683455,0.465555700903827,0,0,3.04313543599258,3.77093166611824,"PTPN22"
"Response To BMP (GO:0071772)","1/23",0.289627406683455,0.465555700903827,0,0,3.04313543599258,3.77093166611824,"RUNX2"
"Translesion Synthesis (GO:0019985)","1/23",0.289627406683455,0.465555700903827,0,0,3.04313543599258,3.77093166611824,"TNFSF13B"
"Heparan Sulfate Proteoglycan Biosynthetic Process (GO:0015012)","1/23",0.289627406683455,0.465555700903827,0,0,3.04313543599258,3.77093166611824,"HS6ST3"
"Immune Response-Activating Cell Surface Receptor Signaling Pathway (GO:0002429)","1/23",0.289627406683455,0.465555700903827,0,0,3.04313543599258,3.77093166611824,"CD19"
"Lymphocyte Activation Involved In Immune Response (GO:0002285)","1/23",0.289627406683455,0.465555700903827,0,0,3.04313543599258,3.77093166611824,"LCP1"
"Negative Regulation Of Epidermal Growth Factor Receptor Signaling Pathway (GO:0042059)","1/23",0.289627406683455,0.465555700903827,0,0,3.04313543599258,3.77093166611824,"GPRC5A"
"Positive Regulation Of Epithelial Cell Apoptotic Process (GO:1904037)","1/23",0.289627406683455,0.465555700903827,0,0,3.04313543599258,3.77093166611824,"ITGA4"
"Positive Regulation Of Lamellipodium Assembly (GO:0010592)","1/23",0.289627406683455,0.465555700903827,0,0,3.04313543599258,3.77093166611824,"RAC2"
"Positive Regulation Of Neutrophil Migration (GO:1902624)","1/23",0.289627406683455,0.465555700903827,0,0,3.04313543599258,3.77093166611824,"RAC2"
"Positive Regulation Of Oxidoreductase Activity (GO:0051353)","1/23",0.289627406683455,0.465555700903827,0,0,3.04313543599258,3.77093166611824,"PPM1J"
"Potassium Ion Homeostasis (GO:0055075)","1/23",0.289627406683455,0.465555700903827,0,0,3.04313543599258,3.77093166611824,"ATP1A3"
"Regulation Of Axon Extension Involved In Axon Guidance (GO:0048841)","1/23",0.289627406683455,0.465555700903827,0,0,3.04313543599258,3.77093166611824,"SEMA7A"
"Cellular Response To Decreased Oxygen Levels (GO:0036294)","2/73",0.292693750631457,0.470012732959843,0,0,1.8876123636014,2.31917422658675,"TGFB1;PMAIP1"
"Regulation Of Cytokine Production Involved In Immune Response (GO:0002718)","1/24",0.300117449822913,0.473854080045842,0,0,2.91067731440402,3.5032370232646,"LAPTM5"
"Regulation Of Endoplasmic Reticulum Stress-Induced Intrinsic Apoptotic Signaling Pathway (GO:1902235)","1/24",0.300117449822913,0.473854080045842,0,0,2.91067731440402,3.5032370232646,"PMAIP1"
"Acylglycerol Catabolic Process (GO:0046464)","1/24",0.300117449822913,0.473854080045842,0,0,2.91067731440402,3.5032370232646,"LCP1"
"Acylglycerol Homeostasis (GO:0055090)","1/24",0.300117449822913,0.473854080045842,0,0,2.91067731440402,3.5032370232646,"LCP1"
"Regulation Of Neuroblast Proliferation (GO:1902692)","1/24",0.300117449822913,0.473854080045842,0,0,2.91067731440402,3.5032370232646,"VCAN"
"Regulation Of Supramolecular Fiber Organization (GO:1902903)","1/24",0.300117449822913,0.473854080045842,0,0,2.91067731440402,3.5032370232646,"AEBP1"
"Regulation Of Viral Life Cycle (GO:1903900)","1/24",0.300117449822913,0.473854080045842,0,0,2.91067731440402,3.5032370232646,"LAMP3"
"Gliogenesis (GO:0042063)","1/24",0.300117449822913,0.473854080045842,0,0,2.91067731440402,3.5032370232646,"VCAN"
"Iron Ion Transport (GO:0006826)","1/24",0.300117449822913,0.473854080045842,0,0,2.91067731440402,3.5032370232646,"SLC40A1"
"Negative Regulation Of Ossification (GO:0030279)","1/24",0.300117449822913,0.473854080045842,0,0,2.91067731440402,3.5032370232646,"CCR1"
"Neuromuscular Junction Development (GO:0007528)","1/24",0.300117449822913,0.473854080045842,0,0,2.91067731440402,3.5032370232646,"F2R"
"Positive Regulation Of Cell Cycle G2/M Phase Transition (GO:1902751)","1/24",0.300117449822913,0.473854080045842,0,0,2.91067731440402,3.5032370232646,"TNFSF13B"
"Positive Regulation Of Interleukin-17 Production (GO:0032740)","1/24",0.300117449822913,0.473854080045842,0,0,2.91067731440402,3.5032370232646,"TGFB1"
"Positive Regulation Of Lipid Metabolic Process (GO:0045834)","1/24",0.300117449822913,0.473854080045842,0,0,2.91067731440402,3.5032370232646,"EEF1A2"
"Positive Regulation Of Peptidyl-Threonine Phosphorylation (GO:0010800)","1/24",0.300117449822913,0.473854080045842,0,0,2.91067731440402,3.5032370232646,"TGFB1"
"Protein Kinase B Signaling (GO:0043491)","1/24",0.300117449822913,0.473854080045842,0,0,2.91067731440402,3.5032370232646,"TGFB1"
"Regulation Of AMPA Receptor Activity (GO:2000311)","1/24",0.300117449822913,0.473854080045842,0,0,2.91067731440402,3.5032370232646,"CACNG4"
"Transmembrane Receptor Protein Serine/Threonine Kinase Signaling Pathway (GO:0007178)","3/130",0.300746513116489,0.474379475368965,0,0,1.58380972926329,1.90292762084181,"TGFB1;INHBA;RUNX2"
"Axonogenesis (GO:0007409)","4/188",0.301422838981906,0.474978312214599,0,0,1.45831465710444,1.74887104757278,"CYFIP2;SEMA7A;TUBB3;PTPRO"
"Negative Regulation Of Phosphorylation (GO:0042326)","2/75",0.303604757154486,0.477459577084408,0,0,1.83570994436393,2.18821868969299,"TGFB1;INHBA"
"Plasma Membrane Bounded Cell Projection Organization (GO:0120036)","3/132",0.308806367116061,0.477459577084408,0,0,1.55909525326537,1.83200059938109,"CNTNAP2;GPRIN1;BICDL1"
"Positive Regulation Of Protein Secretion (GO:0050714)","2/76",0.309049385021396,0.477459577084408,0,0,1.81081081081081,2.12635218692389,"TGFB1;EZR"
"ATP Biosynthetic Process (GO:0006754)","1/25",0.310453104150449,0.477459577084408,0,0,2.78925736961451,3.26265688693519,"TGFB1"
"Regulation Of Chondrocyte Differentiation (GO:0032330)","1/25",0.310453104150449,0.477459577084408,0,0,2.78925736961451,3.26265688693519,"NKX3-2"
"Regulation Of Hippo Signaling (GO:0035330)","1/25",0.310453104150449,0.477459577084408,0,0,2.78925736961451,3.26265688693519,"SOX11"
"Regulation Of Neutrophil Chemotaxis (GO:0090022)","1/25",0.310453104150449,0.477459577084408,0,0,2.78925736961451,3.26265688693519,"RAC2"
"Cellular Response To Steroid Hormone Stimulus (GO:0071383)","1/25",0.310453104150449,0.477459577084408,0,0,2.78925736961451,3.26265688693519,"ATP1A3"
"Response To dsRNA (GO:0043331)","1/25",0.310453104150449,0.477459577084408,0,0,2.78925736961451,3.26265688693519,"PMAIP1"
"Sodium Ion Homeostasis (GO:0055078)","1/25",0.310453104150449,0.477459577084408,0,0,2.78925736961451,3.26265688693519,"ATP1A3"
"Sterol Transport (GO:0015918)","1/25",0.310453104150449,0.477459577084408,0,0,2.78925736961451,3.26265688693519,"MSR1"
"Ventricular Cardiac Muscle Tissue Development (GO:0003229)","1/25",0.310453104150449,0.477459577084408,0,0,2.78925736961451,3.26265688693519,"TGFB1"
"Wound Healing, Spreading Of Cells (GO:0044319)","1/25",0.310453104150449,0.477459577084408,0,0,2.78925736961451,3.26265688693519,"LCP1"
"Lamellipodium Assembly (GO:0030032)","1/25",0.310453104150449,0.477459577084408,0,0,2.78925736961451,3.26265688693519,"PTPRO"
"Metanephros Development (GO:0001656)","1/25",0.310453104150449,0.477459577084408,0,0,2.78925736961451,3.26265688693519,"WNT7B"
"Negative Regulation Of Intrinsic Apoptotic Signaling Pathway In Response To DNA Damage (GO:1902230)","1/25",0.310453104150449,0.477459577084408,0,0,2.78925736961451,3.26265688693519,"SFRP2"
"Negative Regulation Of Protein Transport (GO:0051224)","1/25",0.310453104150449,0.477459577084408,0,0,2.78925736961451,3.26265688693519,"RSAD2"
"Negative Regulation Of Proteolysis Involved In Protein Catabolic Process (GO:1903051)","1/25",0.310453104150449,0.477459577084408,0,0,2.78925736961451,3.26265688693519,"LAMP3"
"Negative Regulation Of Signaling Receptor Activity (GO:2000272)","1/25",0.310453104150449,0.477459577084408,0,0,2.78925736961451,3.26265688693519,"GPRC5A"
"Phosphatidylethanolamine Metabolic Process (GO:0046337)","1/25",0.310453104150449,0.477459577084408,0,0,2.78925736961451,3.26265688693519,"PLAAT4"
"Positive Regulation Of Release Of Cytochrome C From Mitochondria (GO:0090200)","1/25",0.310453104150449,0.477459577084408,0,0,2.78925736961451,3.26265688693519,"PMAIP1"
"Positive Regulation Of Striated Muscle Cell Differentiation (GO:0051155)","1/25",0.310453104150449,0.477459577084408,0,0,2.78925736961451,3.26265688693519,"TGFB1"
"Regulation Of Biomineral Tissue Development (GO:0070167)","1/25",0.310453104150449,0.477459577084408,0,0,2.78925736961451,3.26265688693519,"TGFB1"
"Regulation Of Cell Cycle Phase Transition (GO:1901987)","1/25",0.310453104150449,0.477459577084408,0,0,2.78925736961451,3.26265688693519,"UBD"
"Regulation Of Cell Size (GO:0008361)","1/25",0.310453104150449,0.477459577084408,0,0,2.78925736961451,3.26265688693519,"EZR"
"Embryonic Organ Development (GO:0048568)","2/77",0.314485472348255,0.48180980021967,0,0,1.78657565415245,2.06674179735125,"TGFB1;WNT7B"
"Positive Regulation Of Endothelial Cell Proliferation (GO:0001938)","2/77",0.314485472348255,0.48180980021967,0,0,1.78657565415245,2.06674179735125,"CCL11;ITGA4"
"Positive Regulation Of Response To Stimulus (GO:0048584)","2/77",0.314485472348255,0.48180980021967,0,0,1.78657565415245,2.06674179735125,"RSAD2;CD80"
"Positive Regulation Of Synaptic Transmission (GO:0050806)","2/77",0.314485472348255,0.48180980021967,0,0,1.78657565415245,2.06674179735125,"SLC24A2;CACNG4"
"Regulation Of Innate Immune Response (GO:0045088)","2/78",0.319912088747262,0.486116715164351,0,0,1.76297826477456,2.00928227202738,"PTPN22;PARP9"
"Negative Regulation Of Protein Modification Process (GO:0031400)","2/78",0.319912088747262,0.486116715164351,0,0,1.76297826477456,2.00928227202738,"TGFB1;FOXP3"
"Proteolysis Involved In Protein Catabolic Process (GO:0051603)","2/78",0.319912088747262,0.486116715164351,0,0,1.76297826477456,2.00928227202738,"PMAIP1;ISG15"
"Regulation Of Epidermal Growth Factor-Activated Receptor Activity (GO:0007176)","1/26",0.320636634112151,0.486116715164351,0,0,2.67755102040816,3.04557178105507,"GPRC5A"
"Regulation Of Keratinocyte Differentiation (GO:0045616)","1/26",0.320636634112151,0.486116715164351,0,0,2.67755102040816,3.04557178105507,"PLAAT4"
"Acute Inflammatory Response (GO:0002526)","1/26",0.320636634112151,0.486116715164351,0,0,2.67755102040816,3.04557178105507,"CD6"
"Regulation Of Vasoconstriction (GO:0019229)","1/26",0.320636634112151,0.486116715164351,0,0,2.67755102040816,3.04557178105507,"F2R"
"Nucleic Acid Phosphodiester Bond Hydrolysis (GO:0090305)","1/26",0.320636634112151,0.486116715164351,0,0,2.67755102040816,3.04557178105507,"RNASE6"
"Plasma Membrane Invagination (GO:0099024)","1/26",0.320636634112151,0.486116715164351,0,0,2.67755102040816,3.04557178105507,"MSR1"
"Protein Export From Nucleus (GO:0006611)","1/26",0.320636634112151,0.486116715164351,0,0,2.67755102040816,3.04557178105507,"TGFB1"
"Protein Targeting To Lysosome (GO:0006622)","1/26",0.320636634112151,0.486116715164351,0,0,2.67755102040816,3.04557178105507,"LAPTM5"
"Positive Regulation Of Protein Phosphorylation (GO:0001934)","7/377",0.322317515570406,0.488202783754229,0,0,1.2701295045045,1.43806367288243,"RAP2C;SFRP2;TGFB1;PTPRC;CD80;SH2D1A;INHBA"
"Potassium Ion Transmembrane Transport (GO:0071805)","3/137",0.328980468764636,0.49256192099496,0,0,1.50053670006134,1.66823202314797,"SLC24A2;KCNK15;ATP1A3"
"DNA Synthesis Involved In DNA Repair (GO:0000731)","1/27",0.330670271337986,0.49256192099496,0,0,2.57443746729461,2.84895889737275,"TNFSF13B"
"T Cell Activation Involved In Immune Response (GO:0002286)","1/27",0.330670271337986,0.49256192099496,0,0,2.57443746729461,2.84895889737275,"LCP1"
"Activation Of Phospholipase C Activity (GO:0007202)","1/27",0.330670271337986,0.49256192099496,0,0,2.57443746729461,2.84895889737275,"CD86"
"Regulation Of Peptidase Activity (GO:0052547)","1/27",0.330670271337986,0.49256192099496,0,0,2.57443746729461,2.84895889737275,"CST7"
"Cell Surface Receptor Signaling Pathway Involved In Cell-Cell Signaling (GO:1905114)","1/27",0.330670271337986,0.49256192099496,0,0,2.57443746729461,2.84895889737275,"WNT7B"
"Respiratory Tube Development (GO:0030323)","1/27",0.330670271337986,0.49256192099496,0,0,2.57443746729461,2.84895889737275,"WNT7B"
"Establishment Of Protein Localization To Vacuole (GO:0072666)","1/27",0.330670271337986,0.49256192099496,0,0,2.57443746729461,2.84895889737275,"CACNG4"
"Ventricular Septum Morphogenesis (GO:0060412)","1/27",0.330670271337986,0.49256192099496,0,0,2.57443746729461,2.84895889737275,"SOX11"
"In Utero Embryonic Development (GO:0001701)","1/27",0.330670271337986,0.49256192099496,0,0,2.57443746729461,2.84895889737275,"WNT7B"
"Myeloid Cell Development (GO:0061515)","1/27",0.330670271337986,0.49256192099496,0,0,2.57443746729461,2.84895889737275,"EVI2B"
"Negative Regulation Of Neurogenesis (GO:0050768)","1/27",0.330670271337986,0.49256192099496,0,0,2.57443746729461,2.84895889737275,"CCL11"
"Peptide Cross-Linking (GO:0018149)","1/27",0.330670271337986,0.49256192099496,0,0,2.57443746729461,2.84895889737275,"FN1"
"Positive Regulation Of Calcium Ion Transmembrane Transporter Activity (GO:1901021)","1/27",0.330670271337986,0.49256192099496,0,0,2.57443746729461,2.84895889737275,"VMP1"
"Positive Regulation Of Immune System Process (GO:0002684)","1/27",0.330670271337986,0.49256192099496,0,0,2.57443746729461,2.84895889737275,"RSAD2"
"Regulation Of SMAD Protein Signal Transduction (GO:0060390)","1/27",0.330670271337986,0.49256192099496,0,0,2.57443746729461,2.84895889737275,"TGFB1"
"Calcium Ion Transmembrane Transport (GO:0070588)","2/80",0.330733332335779,0.49256192099496,0,0,1.7175986698171,1.90042480311381,"SLC24A2;MCOLN2"
"Regulation Of Protein Localization To Plasma Membrane (GO:1903076)","2/80",0.330733332335779,0.49256192099496,0,0,1.7175986698171,1.90042480311381,"LRRC15;TGFB1"
"Negative Regulation Of Programmed Cell Death (GO:0043069)","7/381",0.331804008122613,0.493697227699167,0,0,1.25628527926322,1.38594751480249,"COMP;FCMR;CBX4;LEF1;IFI6;LAPTM5;EVI2B"
"Cellular Response To Interleukin-1 (GO:0071347)","2/81",0.33612624179629,0.49883851758865,0,0,1.69577051021731,1.84884511956445,"CCL11;CCL22"
"Negative Regulation Of NF-kappaB Transcription Factor Activity (GO:0032088)","2/81",0.33612624179629,0.49883851758865,0,0,1.69577051021731,1.84884511956445,"PYDC1;FOXP3"
"Intracellular Calcium Ion Homeostasis (GO:0006874)","3/139",0.337050325193398,0.49883851758865,0,0,1.47831889605157,1.60770584049942,"CCR1;SLC24A2;CCL11"
"Golgi To Plasma Membrane Protein Transport (GO:0043001)","1/28",0.340556214693563,0.49883851758865,0,0,2.47896195515243,2.67027602369483,"RAB31"
"Regulation Of Glucose Metabolic Process (GO:0010906)","1/28",0.340556214693563,0.49883851758865,0,0,2.47896195515243,2.67027602369483,"PMAIP1"
"RNA Phosphodiester Bond Hydrolysis (GO:0090501)","1/28",0.340556214693563,0.49883851758865,0,0,2.47896195515243,2.67027602369483,"RNASE6"
"Regulation Of Protein Transport (GO:0051223)","1/28",0.340556214693563,0.49883851758865,0,0,2.47896195515243,2.67027602369483,"LCP1"
"Cell-Substrate Junction Assembly (GO:0007044)","1/28",0.340556214693563,0.49883851758865,0,0,2.47896195515243,2.67027602369483,"FN1"
"Vascular Endothelial Growth Factor Receptor Signaling Pathway (GO:0048010)","1/28",0.340556214693563,0.49883851758865,0,0,2.47896195515243,2.67027602369483,"SULF1"
"Limb Development (GO:0060173)","1/28",0.340556214693563,0.49883851758865,0,0,2.47896195515243,2.67027602369483,"COMP"
"Negative Regulation Of G2/M Transition Of Mitotic Cell Cycle (GO:0010972)","1/28",0.340556214693563,0.49883851758865,0,0,2.47896195515243,2.67027602369483,"GPR132"
"Negative Regulation Of Signaling (GO:0023057)","1/28",0.340556214693563,0.49883851758865,0,0,2.47896195515243,2.67027602369483,"TRAT1"
"Positive Regulation Of Fibroblast Proliferation (GO:0048146)","1/28",0.340556214693563,0.49883851758865,0,0,2.47896195515243,2.67027602369483,"FN1"
"Positive Regulation Of Protein Import Into Nucleus (GO:0042307)","1/28",0.340556214693563,0.49883851758865,0,0,2.47896195515243,2.67027602369483,"TGFB1"
"Primary Neural Tube Formation (GO:0014020)","1/28",0.340556214693563,0.49883851758865,0,0,2.47896195515243,2.67027602369483,"TGFB1"
"Pyroptosis (GO:0070269)","1/28",0.340556214693563,0.49883851758865,0,0,2.47896195515243,2.67027602369483,"IFI27"
"Regulation Of DNA Damage Response, Signal Transduction By P53 Class Mediator (GO:0043516)","1/28",0.340556214693563,0.49883851758865,0,0,2.47896195515243,2.67027602369483,"PMAIP1"
"Regulation Of Phosphorylation (GO:0042325)","2/82",0.341506243656094,0.499316434788499,0,0,1.67448805460751,1.79905207748936,"FN1;INHBA"
"Sodium Ion Transmembrane Transport (GO:0035725)","2/82",0.341506243656094,0.499316434788499,0,0,1.67448805460751,1.79905207748936,"SLC24A2;ATP1A3"
"Regulation Of Cell Division (GO:0051302)","2/83",0.346872546725063,0.506699769440535,0,0,1.65373109172882,1.75096695253186,"SFRP2;EVI2B"
"RNA-mediated Gene Silencing (GO:0031047)","1/29",0.350296630896396,0.507533851642652,0,0,2.39030612244898,2.50737128493924,"HELZ2"
"TOR Signaling (GO:0031929)","1/29",0.350296630896396,0.507533851642652,0,0,2.39030612244898,2.50737128493924,"CARD11"
"Alpha-Amino Acid Metabolic Process (GO:1901605)","1/29",0.350296630896396,0.507533851642652,0,0,2.39030612244898,2.50737128493924,"NOX4"
"Defense Response To Fungus (GO:0050832)","1/29",0.350296630896396,0.507533851642652,0,0,2.39030612244898,2.50737128493924,"CLEC4C"
"Tube Closure (GO:0060606)","1/29",0.350296630896396,0.507533851642652,0,0,2.39030612244898,2.50737128493924,"TGFB1"
"Positive Regulation Of Dephosphorylation (GO:0035306)","1/29",0.350296630896396,0.507533851642652,0,0,2.39030612244898,2.50737128493924,"TGFB1"
"Positive Regulation Of Neural Precursor Cell Proliferation (GO:2000179)","1/29",0.350296630896396,0.507533851642652,0,0,2.39030612244898,2.50737128493924,"VCAN"
"Positive Regulation Of Viral Genome Replication (GO:0045070)","1/29",0.350296630896396,0.507533851642652,0,0,2.39030612244898,2.50737128493924,"IFIT1"
"Regulation Of Blood Coagulation (GO:0030193)","1/29",0.350296630896396,0.507533851642652,0,0,2.39030612244898,2.50737128493924,"F2R"
"Actin Filament Organization (GO:0007015)","3/144",0.357195207115213,0.513080802964975,0,0,1.42553191489362,1.46754640034092,"TPM3;RAC2;LCP1"
"Response To Interleukin-1 (GO:0070555)","2/85",0.357561021180125,0.513080802964975,0,0,1.61371766931206,1.65962671509372,"CCL11;CCL22"
"Macromolecule Catabolic Process (GO:0009057)","2/85",0.357561021180125,0.513080802964975,0,0,1.61371766931206,1.65962671509372,"TGFB1;RNASE6"
"Positive Regulation Of Canonical Wnt Signaling Pathway (GO:0090263)","2/85",0.357561021180125,0.513080802964975,0,0,1.61371766931206,1.65962671509372,"SFRP2;TGFB1"
"Regulation Of Angiogenesis (GO:0045765)","4/205",0.358132061928784,0.513080802964975,0,0,1.33381203945906,1.36962952442711,"CXCL10;SFRP2;STAT1;SULF1"
"Protein Modification Process (GO:0036211)","12/711",0.358159363376141,0.513080802964975,0,0,1.15294438799497,1.18381705950229,"UGCG;CCL11;TGFB1;PTPRC;CAMK4;PTPRO;FN1;DAPP1;PTPN22;PPM1J;PPEF1;PHEX"
"Embryonic Skeletal System Morphogenesis (GO:0048704)","1/30",0.359893655046637,0.513080802964975,0,0,2.30776448510439,2.35841228566803,"SOX11"
"Lamellipodium Organization (GO:0097581)","1/30",0.359893655046637,0.513080802964975,0,0,2.30776448510439,2.35841228566803,"PTPRO"
"Mitotic G2 DNA Damage Checkpoint Signaling (GO:0007095)","1/30",0.359893655046637,0.513080802964975,0,0,2.30776448510439,2.35841228566803,"TNFSF13B"
"Negative Regulation Of Axon Extension (GO:0030517)","1/30",0.359893655046637,0.513080802964975,0,0,2.30776448510439,2.35841228566803,"SEMA7A"
"Negative Regulation Of Carbohydrate Metabolic Process (GO:0045912)","1/30",0.359893655046637,0.513080802964975,0,0,2.30776448510439,2.35841228566803,"TGFB1"
"Negative Regulation Of Epithelial To Mesenchymal Transition (GO:0010719)","1/30",0.359893655046637,0.513080802964975,0,0,2.30776448510439,2.35841228566803,"SFRP2"
"Negative Regulation Of Myeloid Leukocyte Differentiation (GO:0002762)","1/30",0.359893655046637,0.513080802964975,0,0,2.30776448510439,2.35841228566803,"INHBA"
"Phagocytosis, Engulfment (GO:0006911)","1/30",0.359893655046637,0.513080802964975,0,0,2.30776448510439,2.35841228566803,"MSR1"
"Phospholipid Dephosphorylation (GO:0046839)","1/30",0.359893655046637,0.513080802964975,0,0,2.30776448510439,2.35841228566803,"PLPP4"
"Positive Regulation Of Interleukin-10 Production (GO:0032733)","1/30",0.359893655046637,0.513080802964975,0,0,2.30776448510439,2.35841228566803,"ISG15"
"Positive Regulation Of Locomotion (GO:0040017)","1/30",0.359893655046637,0.513080802964975,0,0,2.30776448510439,2.35841228566803,"TGFB1"
"Positive Regulation Of Protein Targeting To Mitochondrion (GO:1903955)","1/30",0.359893655046637,0.513080802964975,0,0,2.30776448510439,2.35841228566803,"RAC2"
"Positive Regulation Of Protein Kinase Activity (GO:0045860)","3/145",0.36121578928517,0.514507543278966,0,0,1.41542060582674,1.44129413354156,"PTPRC;SH2D1A;NOX4"
"Exocytosis (GO:0006887)","2/86",0.36288173781607,0.515962399861037,0,0,1.59442548350398,1.61623449595914,"CCR1;RAB31"
"Negative Regulation Of Binding (GO:0051100)","2/86",0.36288173781607,0.515962399861037,0,0,1.59442548350398,1.61623449595914,"LEF1;IFIT1"
"Positive Regulation Of Cellular Catabolic Process (GO:0031331)","3/146",0.365232647206062,0.516895432598224,0,0,1.40545071366989,1.41559910622646,"DTX3L;TP53INP1;LAPTM5"
"Positive Regulation Of Apoptotic Process (GO:0043065)","5/270",0.367667709698309,0.516895432598224,0,0,1.26480156148341,1.26552972229516,"SFRP2;TNFRSF12A;UBD;CTLA4;PMAIP1"
"Glucose Homeostasis (GO:0042593)","2/87",0.368185845037229,0.516895432598224,0,0,1.57558723147962,1.57427548358025,"OAS1;SELENOT"
"Negative Regulation Of Protein Metabolic Process (GO:0051248)","3/147",0.369245396943344,0.516895432598224,0,0,1.39561929223744,1.39044688096832,"CD84;MRPL13;CST4"
"Regulation Of Extrinsic Apoptotic Signaling Pathway Via Death Domain Receptors (GO:1902041)","1/31",0.369349390938394,0.516895432598224,0,0,2.23072562358277,2.22182998951885,"PMAIP1"
"Regulation Of Macrophage Activation (GO:0043030)","1/31",0.369349390938394,0.516895432598224,0,0,2.23072562358277,2.22182998951885,"CD84"
"Regulation Of Protein Autophosphorylation (GO:0031952)","1/31",0.369349390938394,0.516895432598224,0,0,2.23072562358277,2.22182998951885,"RAP2C"
"Cardiac Muscle Tissue Morphogenesis (GO:0055008)","1/31",0.369349390938394,0.516895432598224,0,0,2.23072562358277,2.22182998951885,"TGFB1"
"Regulation Of Response To Biotic Stimulus (GO:0002831)","1/31",0.369349390938394,0.516895432598224,0,0,2.23072562358277,2.22182998951885,"PTPN22"
"Cellular Response To cAMP (GO:0071320)","1/31",0.369349390938394,0.516895432598224,0,0,2.23072562358277,2.22182998951885,"EZR"
"Response To Estradiol (GO:0032355)","1/31",0.369349390938394,0.516895432598224,0,0,2.23072562358277,2.22182998951885,"TGFB1"
"Triglyceride Homeostasis (GO:0070328)","1/31",0.369349390938394,0.516895432598224,0,0,2.23072562358277,2.22182998951885,"LCP1"
"Negative Chemotaxis (GO:0050919)","1/31",0.369349390938394,0.516895432598224,0,0,2.23072562358277,2.22182998951885,"SEMA7A"
"Negative Regulation Of Chemotaxis (GO:0050922)","1/31",0.369349390938394,0.516895432598224,0,0,2.23072562358277,2.22182998951885,"SEMA7A"
"Positive Regulation Of Lamellipodium Organization (GO:1902745)","1/31",0.369349390938394,0.516895432598224,0,0,2.23072562358277,2.22182998951885,"RAC2"
"Positive Regulation Of Proteolysis Involved In Protein Catabolic Process (GO:1903052)","1/31",0.369349390938394,0.516895432598224,0,0,2.23072562358277,2.22182998951885,"LAPTM5"
"Protein Localization To Chromatin (GO:0071168)","1/31",0.369349390938394,0.516895432598224,0,0,2.23072562358277,2.22182998951885,"LEF1"
"Receptor Signaling Pathway Via STAT (GO:0097696)","1/31",0.369349390938394,0.516895432598224,0,0,2.23072562358277,2.22182998951885,"STAT1"
"Positive Regulation Of Cell Adhesion (GO:0045785)","2/88",0.373472675714616,0.522209391981747,0,0,1.55718707833955,1.5336898018878,"SFRP2;SIRPG"
"Negative Regulation Of DNA-binding Transcription Factor Activity (GO:0043433)","3/149",0.37725706805458,0.524432633819157,0,0,1.37636048039032,1.34171534792988,"EOMES;PYDC1;FOXP3"
"Regulation Of Ubiquitin-Protein Transferase Activity (GO:0051438)","1/32",0.378665911739503,0.524432633819157,0,0,2.15865701119157,2.09627390023248,"DTX3L"
"Glycosphingolipid Metabolic Process (GO:0006687)","1/32",0.378665911739503,0.524432633819157,0,0,2.15865701119157,2.09627390023248,"UGCG"
"Mesenchymal Cell Migration (GO:0090497)","1/32",0.378665911739503,0.524432633819157,0,0,2.15865701119157,2.09627390023248,"SEMA7A"
"Mitochondrial Membrane Organization (GO:0007006)","1/32",0.378665911739503,0.524432633819157,0,0,2.15865701119157,2.09627390023248,"PMAIP1"
"Muscle Cell Development (GO:0055001)","1/32",0.378665911739503,0.524432633819157,0,0,2.15865701119157,2.09627390023248,"SDC1"
"Negative Regulation Of G1/S Transition Of Mitotic Cell Cycle (GO:2000134)","1/32",0.378665911739503,0.524432633819157,0,0,2.15865701119157,2.09627390023248,"INHBA"
"Negative Regulation Of Fat Cell Differentiation (GO:0045599)","1/32",0.378665911739503,0.524432633819157,0,0,2.15865701119157,2.09627390023248,"TGFB1"
"Neural Tube Closure (GO:0001843)","1/32",0.378665911739503,0.524432633819157,0,0,2.15865701119157,2.09627390023248,"TGFB1"
"Phosphatidylinositol 3-Kinase Signaling (GO:0014065)","1/32",0.378665911739503,0.524432633819157,0,0,2.15865701119157,2.09627390023248,"FCGR3A"
"Positive Regulation Of Synapse Assembly (GO:0051965)","1/32",0.378665911739503,0.524432633819157,0,0,2.15865701119157,2.09627390023248,"SYNDIG1"
"Positive Regulation Of Cellular Process (GO:0048522)","10/594",0.380445185257895,0.526441436126093,0,0,1.14882239846191,1.11023709796348,"CD86;SFRP2;TGFB1;RTKN2;SIRPG;F2R;LEF1;FN1;CST7;HOXC10"
"Regulation Of Phosphatidylinositol 3-Kinase Signaling (GO:0014066)","2/90",0.383991954633774,0.529360836661975,0,0,1.52164132795532,1.45641416095726,"F2R;FN1"
"Regulation Of Lamellipodium Assembly (GO:0010591)","1/33",0.387845260090254,0.529360836661975,0,0,2.09109268707483,1.98057599848103,"RAC2"
"Signal Transduction By P53 Class Mediator (GO:0072331)","1/33",0.387845260090254,0.529360836661975,0,0,2.09109268707483,1.98057599848103,"PMAIP1"
"Glycolipid Metabolic Process (GO:0006664)","1/33",0.387845260090254,0.529360836661975,0,0,2.09109268707483,1.98057599848103,"UGCG"
"Ventricular Cardiac Muscle Tissue Morphogenesis (GO:0055010)","1/33",0.387845260090254,0.529360836661975,0,0,2.09109268707483,1.98057599848103,"TGFB1"
"Inositol Lipid-Mediated Signaling (GO:0048017)","1/33",0.387845260090254,0.529360836661975,0,0,2.09109268707483,1.98057599848103,"EZR"
"Negative Regulation Of Blood Vessel Endothelial Cell Migration (GO:0043537)","1/33",0.387845260090254,0.529360836661975,0,0,2.09109268707483,1.98057599848103,"TGFB1"
"Positive Regulation Of DNA Binding (GO:0043388)","1/33",0.387845260090254,0.529360836661975,0,0,2.09109268707483,1.98057599848103,"TGFB1"
"Positive Regulation Of T Cell Mediated Cytotoxicity (GO:0001916)","1/33",0.387845260090254,0.529360836661975,0,0,2.09109268707483,1.98057599848103,"IL12RB1"
"Positive Regulation Of Cytokine Production Involved In Immune Response (GO:0002720)","1/33",0.387845260090254,0.529360836661975,0,0,2.09109268707483,1.98057599848103,"LAPTM5"
"Positive Regulation Of Establishment Of Protein Localization To Mitochondrion (GO:1903749)","1/33",0.387845260090254,0.529360836661975,0,0,2.09109268707483,1.98057599848103,"RAC2"
"Positive Regulation Of Interleukin-12 Production (GO:0032735)","1/33",0.387845260090254,0.529360836661975,0,0,2.09109268707483,1.98057599848103,"LAPTM5"
"Positive Regulation Of Protein Dephosphorylation (GO:0035307)","1/33",0.387845260090254,0.529360836661975,0,0,2.09109268707483,1.98057599848103,"TGFB1"
"Positive Regulation Of Reproductive Process (GO:2000243)","1/33",0.387845260090254,0.529360836661975,0,0,2.09109268707483,1.98057599848103,"INHBA"
"Positive Regulation Of Small Molecule Metabolic Process (GO:0062013)","1/33",0.387845260090254,0.529360836661975,0,0,2.09109268707483,1.98057599848103,"PMAIP1"
"Regulation Of Cell Adhesion Mediated By Integrin (GO:0033628)","1/33",0.387845260090254,0.529360836661975,0,0,2.09109268707483,1.98057599848103,"SFRP2"
"Regulation Of Epithelial Cell Proliferation (GO:0050678)","2/91",0.38922318242024,0.529901775251677,0,0,1.50446753844384,1.41961912908326,"SFRP2;TGFB1"
"Positive Regulation Of Binding (GO:0051099)","2/91",0.38922318242024,0.529901775251677,0,0,1.50446753844384,1.41961912908326,"DTX3L;PARP9"
"Cellular Response To Organic Cyclic Compound (GO:0071407)","3/152",0.389234533226716,0.529901775251677,0,0,1.34844166590052,1.27235342291693,"TGFB1;ATP1A3;EZR"
"Positive Regulation Of Protein Catabolic Process (GO:0045732)","2/92",0.394434691765389,0.535268622002549,0,0,1.48767538869928,1.38398694204886,"EZR;TNFSF13B"
"ATP Metabolic Process (GO:0046034)","1/34",0.396889449004134,0.535268622002549,0,0,2.02762317048031,1.87372150898411,"TGFB1"
"Apoptotic Mitochondrial Changes (GO:0008637)","1/34",0.396889449004134,0.535268622002549,0,0,2.02762317048031,1.87372150898411,"IFI6"
"Cellular Response To Glucose Stimulus (GO:0071333)","1/34",0.396889449004134,0.535268622002549,0,0,2.02762317048031,1.87372150898411,"SELENOT"
"Semaphorin-Plexin Signaling Pathway (GO:0071526)","1/34",0.396889449004134,0.535268622002549,0,0,2.02762317048031,1.87372150898411,"SEMA7A"
"Superoxide Metabolic Process (GO:0006801)","1/34",0.396889449004134,0.535268622002549,0,0,2.02762317048031,1.87372150898411,"NOX4"
"Glial Cell Differentiation (GO:0010001)","1/34",0.396889449004134,0.535268622002549,0,0,2.02762317048031,1.87372150898411,"VCAN"
"Negative Regulation Of JNK Cascade (GO:0046329)","1/34",0.396889449004134,0.535268622002549,0,0,2.02762317048031,1.87372150898411,"PTPN22"
"Organophosphate Biosynthetic Process (GO:0090407)","1/34",0.396889449004134,0.535268622002549,0,0,2.02762317048031,1.87372150898411,"DCK"
"Positive Regulation Of Carbohydrate Metabolic Process (GO:0045913)","1/34",0.396889449004134,0.535268622002549,0,0,2.02762317048031,1.87372150898411,"PMAIP1"
"Protein Targeting To Vacuole (GO:0006623)","1/34",0.396889449004134,0.535268622002549,0,0,2.02762317048031,1.87372150898411,"LAPTM5"
"Epithelium Development (GO:0060429)","3/154",0.397188708893834,0.535268622002549,0,0,1.33044543227796,1.22845850649782,"TGFB1;STAT1;WNT7B"
"Regulation Of Gene Expression (GO:0010468)","18/1127",0.398340561367549,0.536369418628634,0,0,1.08963420390439,1.00295157768561,"CCR1;MSR1;TGFB1;LEF1;FN1;RHOH;SOX11;PTPN22;INHBA;PARP9;MYT1;FOXP3;ADAM19;SFRP2;PTPRC;LAMP3;CCN4;EZR"
"Positive Regulation Of Cellular Component Biogenesis (GO:0044089)","2/93",0.399625926081217,0.537433287891768,0,0,1.47125229719086,1.34947138070376,"TGFB1;SDC1"
"Monoatomic Cation Transmembrane Transport (GO:0098655)","5/281",0.399802027407306,0.537433287891768,0,0,1.21370564717641,1.11270808556744,"SLC24A2;SLC40A1;KCNK15;ATP1A3;MCOLN2"
"Response To Exogenous dsRNA (GO:0043330)","1/35",0.405800461869185,0.542762355432386,0,0,1.96788715486194,1.77482505369304,"IFIT1"
"Intrinsic Apoptotic Signaling Pathway By P53 Class Mediator (GO:0072332)","1/35",0.405800461869185,0.542762355432386,0,0,1.96788715486194,1.77482505369304,"PMAIP1"
"Macrophage Activation (GO:0042116)","1/35",0.405800461869185,0.542762355432386,0,0,1.96788715486194,1.77482505369304,"FCGR3A"
"Negative Regulation Of Cell Cycle G1/S Phase Transition (GO:1902807)","1/35",0.405800461869185,0.542762355432386,0,0,1.96788715486194,1.77482505369304,"INHBA"
"Positive Regulation Of Cell Development (GO:0010720)","1/35",0.405800461869185,0.542762355432386,0,0,1.96788715486194,1.77482505369304,"SOX11"
"Regulation Of Axon Extension (GO:0030516)","1/35",0.405800461869185,0.542762355432386,0,0,1.96788715486194,1.77482505369304,"SEMA7A"
"Inorganic Cation Transmembrane Transport (GO:0098662)","5/284",0.408545305849363,0.54597749137298,0,0,1.2004696576443,1.07460337079696,"SLC24A2;SLC40A1;KCNK15;ATP1A3;MCOLN2"
"Positive Regulation Of Transcription By RNA Polymerase II (GO:0045944)","15/938",0.411515189489011,0.549487755105843,0,0,1.09011762885002,0.967925632048398,"EOMES;TGFB1;STAT1;LEF1;SOX11;INHBA;HOXC11;FOXP3;RUNX2;HOXC10;HELZ2;CXCL10;SFRP2;TFEC;IRF7"
"Regulation Of Peptidyl-Threonine Phosphorylation (GO:0010799)","1/36",0.414580253152498,0.552198823042553,0,0,1.91156462585034,1.68311106917779,"TGFB1"
"Positive Regulation Of Phospholipase C Activity (GO:0010863)","1/36",0.414580253152498,0.552198823042553,0,0,1.91156462585034,1.68311106917779,"CD86"
"Receptor Signaling Pathway Via JAK-STAT (GO:0007259)","1/36",0.414580253152498,0.552198823042553,0,0,1.91156462585034,1.68311106917779,"STAT1"
"Regulation Of Protein Metabolic Process (GO:0051246)","2/96",0.415072719763459,0.552395198953697,0,0,1.42407958753903,1.25219538260328,"TGFB1;INHBA"
"Negative Regulation Of Apoptotic Process (GO:0043066)","8/482",0.417882079914022,0.555672101281022,0,0,1.13091930195975,0.986790413082951,"COMP;FCMR;CBX4;LAMP3;F2R;LEF1;IFI6;EVI2B"
"Regulation Of Defense Response (GO:0031347)","2/97",0.420177693328343,0.557230615657468,0,0,1.40901742410634,1.22172741520645,"SEMA7A;PTPN22"
"Aortic Valve Morphogenesis (GO:0003180)","1/37",0.42323074868175,0.557230615657468,0,0,1.85837112622827,1.5978976357838,"TGFB1"
"Regulation Of Ossification (GO:0030278)","1/37",0.42323074868175,0.557230615657468,0,0,1.85837112622827,1.5978976357838,"SOX11"
"Calcium Ion Import Across Plasma Membrane (GO:0098703)","1/37",0.42323074868175,0.557230615657468,0,0,1.85837112622827,1.5978976357838,"SLC24A2"
"Synaptic Vesicle Cycle (GO:0099504)","1/37",0.42323074868175,0.557230615657468,0,0,1.85837112622827,1.5978976357838,"SYNDIG1"
"Ventricular Septum Development (GO:0003281)","1/37",0.42323074868175,0.557230615657468,0,0,1.85837112622827,1.5978976357838,"SOX11"
"Melanosome Organization (GO:0032438)","1/37",0.42323074868175,0.557230615657468,0,0,1.85837112622827,1.5978976357838,"AP1S3"
"Negative Regulation Of Endothelial Cell Migration (GO:0010596)","1/37",0.42323074868175,0.557230615657468,0,0,1.85837112622827,1.5978976357838,"TGFB1"
"Negative Regulation Of Transferase Activity (GO:0051348)","1/37",0.42323074868175,0.557230615657468,0,0,1.85837112622827,1.5978976357838,"DTX3L"
"Positive Regulation Of Exocytosis (GO:0045921)","1/37",0.42323074868175,0.557230615657468,0,0,1.85837112622827,1.5978976357838,"SDC1"
"Positive Regulation Of Receptor Signaling Pathway Via JAK-STAT (GO:0046427)","1/37",0.42323074868175,0.557230615657468,0,0,1.85837112622827,1.5978976357838,"F2R"
"Regulation Of Cellular Component Biogenesis (GO:0044087)","1/37",0.42323074868175,0.557230615657468,0,0,1.85837112622827,1.5978976357838,"EZR"
"MAPK Cascade (GO:0000165)","2/98",0.425259908533883,0.558982851857756,0,0,1.39426905574516,1.19217637538831,"TGFB1;CCR5"
"Negative Regulation Of Macromolecule Biosynthetic Process (GO:0010558)","2/98",0.425259908533883,0.558982851857756,0,0,1.39426905574516,1.19217637538831,"TGFB1;MRPL13"
"Regulation Of Intracellular Transport (GO:0032386)","1/38",0.431753846164197,0.563356078002347,0,0,1.80805295091009,1.51858304730791,"LCP1"
"Calcium-Dependent Cell-Cell Adhesion Via Plasma Membrane Cell Adhesion Molecules (GO:0016339)","1/38",0.431753846164197,0.563356078002347,0,0,1.80805295091009,1.51858304730791,"SELL"
"Regulation Of Protein Import Into Nucleus (GO:0042306)","1/38",0.431753846164197,0.563356078002347,0,0,1.80805295091009,1.51858304730791,"TGFB1"
"Response To Transforming Growth Factor Beta (GO:0071559)","1/38",0.431753846164197,0.563356078002347,0,0,1.80805295091009,1.51858304730791,"TGFB1"
"Establishment Of Protein Localization To Plasma Membrane (GO:0061951)","1/38",0.431753846164197,0.563356078002347,0,0,1.80805295091009,1.51858304730791,"RAB31"
"Membrane Assembly (GO:0071709)","1/38",0.431753846164197,0.563356078002347,0,0,1.80805295091009,1.51858304730791,"UGCG"
"Negative Regulation Of Type I Interferon Production (GO:0032480)","1/38",0.431753846164197,0.563356078002347,0,0,1.80805295091009,1.51858304730791,"LILRA4"
"Positive Regulation Of Bone Mineralization (GO:0030501)","1/38",0.431753846164197,0.563356078002347,0,0,1.80805295091009,1.51858304730791,"ISG15"
"Positive Regulation Of Protein Tyrosine Kinase Activity (GO:0061098)","1/38",0.431753846164197,0.563356078002347,0,0,1.80805295091009,1.51858304730791,"NOX4"
"Regulation Of Mitochondrial Membrane Potential (GO:0051881)","1/39",0.440151415585711,0.569210352465851,0,0,1.76038310060866,1.4446345998252,"PMAIP1"
"Regulation Of Protein Targeting To Mitochondrion (GO:1903214)","1/39",0.440151415585711,0.569210352465851,0,0,1.76038310060866,1.4446345998252,"RAC2"
"Vesicle Cytoskeletal Trafficking (GO:0099518)","1/39",0.440151415585711,0.569210352465851,0,0,1.76038310060866,1.4446345998252,"BICDL1"
"Negative Regulation Of Cell-Substrate Adhesion (GO:0010812)","1/39",0.440151415585711,0.569210352465851,0,0,1.76038310060866,1.4446345998252,"PTPRO"
"Negative Regulation Of Proteasomal Protein Catabolic Process (GO:1901799)","1/39",0.440151415585711,0.569210352465851,0,0,1.76038310060866,1.4446345998252,"LAMP3"
"Negative Regulation Of Transport (GO:0051051)","1/39",0.440151415585711,0.569210352465851,0,0,1.76038310060866,1.4446345998252,"TRAT1"
"Odontogenesis (GO:0042476)","1/39",0.440151415585711,0.569210352465851,0,0,1.76038310060866,1.4446345998252,"INHBA"
"Organelle Transport Along Microtubule (GO:0072384)","1/39",0.440151415585711,0.569210352465851,0,0,1.76038310060866,1.4446345998252,"BICDL1"
"Positive Regulation Of ATP-dependent Activity (GO:0032781)","1/39",0.440151415585711,0.569210352465851,0,0,1.76038310060866,1.4446345998252,"VMP1"
"Positive Regulation Of Intrinsic Apoptotic Signaling Pathway (GO:2001244)","1/39",0.440151415585711,0.569210352465851,0,0,1.76038310060866,1.4446345998252,"PMAIP1"
"Positive Regulation Of Lymphocyte Differentiation (GO:0045621)","1/39",0.440151415585711,0.569210352465851,0,0,1.76038310060866,1.4446345998252,"RHOH"
"Negative Regulation Of DNA-templated Transcription (GO:0045892)","16/1025",0.444422749428763,0.574270235541122,0,0,1.0626085659175,0.861753265325199,"EOMES;TGFB1;CBX4;STAT1;LEF1;SOX11;AEBP1;PARP9;FOXP3;RUNX2;SFRP2;IFI27;BASP1;TFEC;IRF7;EZR"
"Regulation Of Cytokine-Mediated Signaling Pathway (GO:0001959)","1/40",0.448425299450826,0.575263545208953,0,0,1.715157858015,1.37557918692151,"PTPRC"
"Aortic Valve Development (GO:0003176)","1/40",0.448425299450826,0.575263545208953,0,0,1.715157858015,1.37557918692151,"TGFB1"
"Regulation Of Protein Dephosphorylation (GO:0035304)","1/40",0.448425299450826,0.575263545208953,0,0,1.715157858015,1.37557918692151,"TGFB1"
"Endothelial Cell Migration (GO:0043542)","1/40",0.448425299450826,0.575263545208953,0,0,1.715157858015,1.37557918692151,"STAT1"
"Establishment Or Maintenance Of Epithelial Cell Apical/Basal Polarity (GO:0045197)","1/40",0.448425299450826,0.575263545208953,0,0,1.715157858015,1.37557918692151,"EZR"
"Negative Regulation Of Cell-Cell Adhesion (GO:0022408)","1/40",0.448425299450826,0.575263545208953,0,0,1.715157858015,1.37557918692151,"TGFB1"
"Negative Regulation Of Secretion By Cell (GO:1903531)","1/40",0.448425299450826,0.575263545208953,0,0,1.715157858015,1.37557918692151,"RSAD2"
"Positive Regulation Of Wound Healing (GO:0090303)","1/40",0.448425299450826,0.575263545208953,0,0,1.715157858015,1.37557918692151,"F2R"
"Protein Localization To Chromosome (GO:0034502)","1/40",0.448425299450826,0.575263545208953,0,0,1.715157858015,1.37557918692151,"LEF1"
"Regulation Of Cell Cycle (GO:0051726)","5/298",0.449065557672907,0.575623665199619,0,0,1.14228551253384,0.914498239075605,"TGFB1;PTPRC;TP53INP1;EVI2B;TNFSF13B"
"Inorganic Cation Import Across Plasma Membrane (GO:0098659)","2/103",0.450314821015883,0.576763222757143,0,0,1.3249079174129,1.05702258434656,"SLC24A2;ATP1A3"
"Positive Regulation Of Kinase Activity (GO:0033674)","2/104",0.45525185350056,0.580143078383562,0,0,1.31185170313859,1.03230199409173,"PTPRC;EEF1A2"
"Brain Development (GO:0007420)","3/169",0.455789354417369,0.580143078383562,0,0,1.20929608846344,0.950173586545305,"EOMES;CNTNAP2;CXCR4"
"Acylglycerol Metabolic Process (GO:0006639)","1/41",0.456577313406176,0.580143078383562,0,0,1.67219387755102,1.3109953714457,"LCP1"
"Regulation Of Release Of Cytochrome C From Mitochondria (GO:0090199)","1/41",0.456577313406176,0.580143078383562,0,0,1.67219387755102,1.3109953714457,"PMAIP1"
"Cellular Response To Retinoic Acid (GO:0071300)","1/41",0.456577313406176,0.580143078383562,0,0,1.67219387755102,1.3109953714457,"WNT7B"
"Stem Cell Differentiation (GO:0048863)","1/41",0.456577313406176,0.580143078383562,0,0,1.67219387755102,1.3109953714457,"PTPRC"
"Non-Canonical Wnt Signaling Pathway (GO:0035567)","1/41",0.456577313406176,0.580143078383562,0,0,1.67219387755102,1.3109953714457,"SFRP2"
"Positive Regulation Of Actin Filament Polymerization (GO:0030838)","1/41",0.456577313406176,0.580143078383562,0,0,1.67219387755102,1.3109953714457,"CCL11"
"Positive Regulation Of Response To Biotic Stimulus (GO:0002833)","1/41",0.456577313406176,0.580143078383562,0,0,1.67219387755102,1.3109953714457,"LY86"
"Positive Regulation Of Viral Process (GO:0048524)","1/41",0.456577313406176,0.580143078383562,0,0,1.67219387755102,1.3109953714457,"IFIT1"
"Intrinsic Apoptotic Signaling Pathway (GO:0097193)","2/105",0.460163406886267,0.58340345387439,0,0,1.29904900758806,1.00828757105973,"IFI6;PMAIP1"
"Negative Regulation Of MAPK Cascade (GO:0043409)","2/105",0.460163406886267,0.58340345387439,0,0,1.29904900758806,1.00828757105973,"PTPRC;EZR"
"Regulation Of Neurotransmitter Receptor Activity (GO:0099601)","1/42",0.464609246527075,0.58340345387439,0,0,1.63132570101211,1.25050667490695,"CACNG4"
"Branching Morphogenesis Of An Epithelial Tube (GO:0048754)","1/42",0.464609246527075,0.58340345387439,0,0,1.63132570101211,1.25050667490695,"SFRP2"
"Cellular Response To Glucose Starvation (GO:0042149)","1/42",0.464609246527075,0.58340345387439,0,0,1.63132570101211,1.25050667490695,"PMAIP1"
"Regulation Of Ubiquitin-Dependent Protein Catabolic Process (GO:2000058)","1/42",0.464609246527075,0.58340345387439,0,0,1.63132570101211,1.25050667490695,"LAPTM5"
"Ceramide Biosynthetic Process (GO:0046513)","1/42",0.464609246527075,0.58340345387439,0,0,1.63132570101211,1.25050667490695,"CERS6"
"Substantia Nigra Development (GO:0021762)","1/42",0.464609246527075,0.58340345387439,0,0,1.63132570101211,1.25050667490695,"BASP1"
"Translational Elongation (GO:0006414)","1/42",0.464609246527075,0.58340345387439,0,0,1.63132570101211,1.25050667490695,"EEF1A2"
"Keratinocyte Differentiation (GO:0030216)","1/42",0.464609246527075,0.58340345387439,0,0,1.63132570101211,1.25050667490695,"UGCG"
"Lipid Modification (GO:0030258)","1/42",0.464609246527075,0.58340345387439,0,0,1.63132570101211,1.25050667490695,"PLPP4"
"Modulation By Host Of Symbiont Process (GO:0051851)","1/42",0.464609246527075,0.58340345387439,0,0,1.63132570101211,1.25050667490695,"LEF1"
"Positive Regulation Of Neuron Differentiation (GO:0045666)","1/42",0.464609246527075,0.58340345387439,0,0,1.63132570101211,1.25050667490695,"SOX11"
"Potassium Ion Import Across Plasma Membrane (GO:1990573)","1/42",0.464609246527075,0.58340345387439,0,0,1.63132570101211,1.25050667490695,"ATP1A3"
"Regulation Of Axonogenesis (GO:0050770)","1/42",0.464609246527075,0.58340345387439,0,0,1.63132570101211,1.25050667490695,"PLXNC1"
"Positive Regulation Of Cell Growth (GO:0030307)","2/106",0.465049157189066,0.583498198009165,0,0,1.28649251772119,0.984954321230444,"SEMA7A;SFRP2"
"Cell-Cell Adhesion Via Plasma-Membrane Adhesion Molecules (GO:0098742)","3/172",0.4672349100766,0.585323232419903,0,0,1.18764691578179,0.903708006530881,"CD84;SELL;CD6"
"Generation Of Neurons (GO:0048699)","3/172",0.4672349100766,0.585323232419903,0,0,1.18764691578179,0.903708006530881,"WNT7B;SOX11;RUNX2"
"Monoatomic Ion Transport (GO:0006811)","2/107",0.469908795471359,0.587351786894888,0,0,1.27417519908987,0.962278332119289,"SLC24A2;SLC20A1"
"Regulation Of Endothelial Cell Apoptotic Process (GO:2000351)","1/43",0.472522861661846,0.587351786894888,0,0,1.59240362811791,1.19377587235648,"ITGA4"
"Learning (GO:0007612)","1/43",0.472522861661846,0.587351786894888,0,0,1.59240362811791,1.19377587235648,"CNTNAP2"
"Negative Regulation Of BMP Signaling Pathway (GO:0030514)","1/43",0.472522861661846,0.587351786894888,0,0,1.59240362811791,1.19377587235648,"SKIL"
"Positive Regulation Of T Cell Mediated Immunity (GO:0002711)","1/43",0.472522861661846,0.587351786894888,0,0,1.59240362811791,1.19377587235648,"IL12RB1"
"Positive Regulation Of Biomineral Tissue Development (GO:0070169)","1/43",0.472522861661846,0.587351786894888,0,0,1.59240362811791,1.19377587235648,"ISG15"
"Positive Regulation Of miRNA Transcription (GO:1902895)","1/43",0.472522861661846,0.587351786894888,0,0,1.59240362811791,1.19377587235648,"TGFB1"
"Positive Regulation Of Stress Fiber Assembly (GO:0051496)","1/43",0.472522861661846,0.587351786894888,0,0,1.59240362811791,1.19377587235648,"GPR65"
"Regulation Of JUN Kinase Activity (GO:0043506)","1/43",0.472522861661846,0.587351786894888,0,0,1.59240362811791,1.19377587235648,"PTPN22"
"Regulation Of Cellular Component Size (GO:0032535)","1/43",0.472522861661846,0.587351786894888,0,0,1.59240362811791,1.19377587235648,"EZR"
"Regulation Of Inflammatory Response (GO:0050727)","4/240",0.473517649311396,0.588131696313068,0,0,1.13396237404625,0.847711821458835,"SEMA7A;CCN4;TLR7;LCP1"
"Regulation Of Autophagy (GO:0010506)","4/241",0.476720356101084,0.591532425727506,0,0,1.12911972392594,0.836480362872804,"LAMP3;EEF1A2;TP53INP1;PTPN22"
"Cell-Matrix Adhesion (GO:0007160)","2/109",0.479548573269509,0.591532425727506,0,0,1.25023125259162,0.91880756230915,"ITGA4;FN1"
"Autophagosome Maturation (GO:0097352)","1/44",0.480319895968618,0.591532425727506,0,0,1.55529188419554,1.14050012231974,"VMP1"
"Regulation Of Transport (GO:0051049)","1/44",0.480319895968618,0.591532425727506,0,0,1.55529188419554,1.14050012231974,"TRAT1"
"Regulation Of Viral Entry Into Host Cell (GO:0046596)","1/44",0.480319895968618,0.591532425727506,0,0,1.55529188419554,1.14050012231974,"LRRC15"
"Embryonic Organ Morphogenesis (GO:0048562)","1/44",0.480319895968618,0.591532425727506,0,0,1.55529188419554,1.14050012231974,"SOX11"
"Negative Regulation Of Immune System Process (GO:0002683)","1/44",0.480319895968618,0.591532425727506,0,0,1.55529188419554,1.14050012231974,"FOXP3"
"Nucleobase-Containing Compound Catabolic Process (GO:0034655)","1/44",0.480319895968618,0.591532425727506,0,0,1.55529188419554,1.14050012231974,"RNASE6"
"Positive Regulation Of Chemotaxis (GO:0050921)","1/44",0.480319895968618,0.591532425727506,0,0,1.55529188419554,1.14050012231974,"TGFB1"
"Positive Regulation Of Leukocyte Cell-Cell Adhesion (GO:1903039)","1/44",0.480319895968618,0.591532425727506,0,0,1.55529188419554,1.14050012231974,"SIRPG"
"Positive Regulation Of Nucleocytoplasmic Transport (GO:0046824)","1/44",0.480319895968618,0.591532425727506,0,0,1.55529188419554,1.14050012231974,"TGFB1"
"Regulation Of Protein Modification Process (GO:0031399)","1/45",0.488002061059542,0.598690651154274,0,0,1.51986703772418,1.09040679559923,"FN1"
"Epidermal Growth Factor Receptor Signaling Pathway (GO:0007173)","1/45",0.488002061059542,0.598690651154274,0,0,1.51986703772418,1.09040679559923,"TGFB1"
"Triglyceride Metabolic Process (GO:0006641)","1/45",0.488002061059542,0.598690651154274,0,0,1.51986703772418,1.09040679559923,"LCP1"
"Hexose Metabolic Process (GO:0019318)","1/45",0.488002061059542,0.598690651154274,0,0,1.51986703772418,1.09040679559923,"OAS1"
"Zymogen Activation (GO:0031638)","1/45",0.488002061059542,0.598690651154274,0,0,1.51986703772418,1.09040679559923,"CYFIP2"
"Negative Regulation Of Transmembrane Receptor Protein Serine/Threonine Kinase Signaling Pathway (GO:0090101)","2/111",0.4890805553499,0.599554340823269,0,0,1.22716598302909,0.877703555412089,"SKIL;ASPN"
"Protein Transport (GO:0015031)","5/313",0.491654667400417,0.601067606637156,0,0,1.08581504702194,0.770905560369363,"VMP1;RAB31;SYNDIG1;LAPTM5;RAB19"
"Regulation Of Cytokine Production Involved In Inflammatory Response (GO:1900015)","1/46",0.49557104357342,0.601067606637156,0,0,1.48601662887377,1.0432498873165,"CD6"
"Regulation Of Epidermal Growth Factor Receptor Signaling Pathway (GO:0042058)","1/46",0.49557104357342,0.601067606637156,0,0,1.48601662887377,1.0432498873165,"IFI6"
"Regulation Of Fibroblast Proliferation (GO:0048145)","1/46",0.49557104357342,0.601067606637156,0,0,1.48601662887377,1.0432498873165,"FN1"
"Regulation Of Nervous System Development (GO:0051960)","1/46",0.49557104357342,0.601067606637156,0,0,1.48601662887377,1.0432498873165,"LEF1"
"Development Of Primary Male Sexual Characteristics (GO:0046546)","1/46",0.49557104357342,0.601067606637156,0,0,1.48601662887377,1.0432498873165,"INHBA"
"Epithelial Cell Migration (GO:0010631)","1/46",0.49557104357342,0.601067606637156,0,0,1.48601662887377,1.0432498873165,"STAT1"
"Male Gonad Development (GO:0008584)","1/46",0.49557104357342,0.601067606637156,0,0,1.48601662887377,1.0432498873165,"INHBA"
"Mitotic G2/M Transition Checkpoint (GO:0044818)","1/46",0.49557104357342,0.601067606637156,0,0,1.48601662887377,1.0432498873165,"TNFSF13B"
"Negative Regulation Of Cold-Induced Thermogenesis (GO:0120163)","1/46",0.49557104357342,0.601067606637156,0,0,1.48601662887377,1.0432498873165,"HOXC10"
"Positive Regulation Of Blood Vessel Endothelial Cell Migration (GO:0043536)","1/46",0.49557104357342,0.601067606637156,0,0,1.48601662887377,1.0432498873165,"TGFB1"
"Positive Regulation Of Cell-Cell Adhesion (GO:0022409)","1/46",0.49557104357342,0.601067606637156,0,0,1.48601662887377,1.0432498873165,"SIRPG"
"Positive Regulation Of Peptide Hormone Secretion (GO:0090277)","1/46",0.49557104357342,0.601067606637156,0,0,1.48601662887377,1.0432498873165,"SELENOT"
"Protein Sumoylation (GO:0016925)","1/46",0.49557104357342,0.601067606637156,0,0,1.48601662887377,1.0432498873165,"CBX4"
"Regulation Of Protein Ubiquitination (GO:0031396)","2/113",0.498502774367631,0.604165739411489,0,0,1.20493189435169,0.838808668134726,"LAPTM5;ISG15"
"Golgi To Plasma Membrane Transport (GO:0006893)","1/47",0.503028505451591,0.607525366201659,0,0,1.4536379769299,0.998806922086457,"RAB31"
"Cognition (GO:0050890)","1/47",0.503028505451591,0.607525366201659,0,0,1.4536379769299,0.998806922086457,"JAKMIP1"
"Negative Regulation Of Hydrolase Activity (GO:0051346)","1/47",0.503028505451591,0.607525366201659,0,0,1.4536379769299,0.998806922086457,"CST7"
"Positive Regulation Of Lymphocyte Activation (GO:0051251)","1/47",0.503028505451591,0.607525366201659,0,0,1.4536379769299,0.998806922086457,"SIRPG"
"Negative Regulation Of Canonical Wnt Signaling Pathway (GO:0090090)","2/114",0.503172164636727,0.607525366201659,0,0,1.19411262798635,0.82014388831905,"SFRP2;PTPRO"
"Macromolecule Biosynthetic Process (GO:0009059)","3/183",0.508240744538265,0.613182691790326,0,0,1.11444063926941,0.754253465992719,"EEF1A2;INHBA;MRPL13"
"Cellular Response To Mechanical Stimulus (GO:0071260)","1/48",0.510376084362559,0.613908423038661,0,0,1.42263713996237,0.956876274548159,"TLR7"
"Cytoplasmic Microtubule Organization (GO:0031122)","1/48",0.510376084362559,0.613908423038661,0,0,1.42263713996237,0.956876274548159,"EZR"
"Positive Regulation Of Reactive Oxygen Species Metabolic Process (GO:2000379)","1/48",0.510376084362559,0.613908423038661,0,0,1.42263713996237,0.956876274548159,"TGFB1"
"Post-Translational Protein Modification (GO:0043687)","1/48",0.510376084362559,0.613908423038661,0,0,1.42263713996237,0.956876274548159,"PARP9"
"Negative Regulation Of Nucleic Acid-Templated Transcription (GO:1903507)","7/456",0.510823981853304,0.613985882092448,0,0,1.04237812422668,0.700196872461187,"SFRP2;TGFB1;CBX4;BASP1;LEF1;FOXP3;RUNX2"
"Positive Regulation Of Protein Serine/Threonine Kinase Activity (GO:0071902)","2/117",0.517011075623678,0.618896374648556,0,0,1.1627837958154,0.76707798392142,"TGFB1;SH2D1A"
"Antibacterial Humoral Response (GO:0019731)","1/49",0.517615393912815,0.618896374648556,0,0,1.39292800453515,0.91727484318882,"RNASE6"
"Erythrocyte Differentiation (GO:0030218)","1/49",0.517615393912815,0.618896374648556,0,0,1.39292800453515,0.91727484318882,"INHBA"
"Neurogenesis (GO:0022008)","1/49",0.517615393912815,0.618896374648556,0,0,1.39292800453515,0.91727484318882,"CXCR4"
"Nuclear Export (GO:0051168)","1/49",0.517615393912815,0.618896374648556,0,0,1.39292800453515,0.91727484318882,"TGFB1"
"Positive Regulation Of miRNA Metabolic Process (GO:2000630)","1/49",0.517615393912815,0.618896374648556,0,0,1.39292800453515,0.91727484318882,"TGFB1"
"Proton Transmembrane Transport (GO:1902600)","1/49",0.517615393912815,0.618896374648556,0,0,1.39292800453515,0.91727484318882,"ATP1A3"
"Regulation Of Protein Binding (GO:0043393)","2/118",0.521567032817162,0.623155835477818,0,0,1.15270095327763,0.750313193156007,"DTX3L;IFIT1"
"G Protein-Coupled Receptor Signaling Pathway, Coupled To Cyclic Nucleotide Second Messenger (GO:0007187)","1/50",0.524748024205652,0.623698282667593,0,0,1.36443148688047,0.879836023363404,"CCR1"
"Regulation Of Interleukin-12 Production (GO:0032655)","1/50",0.524748024205652,0.623698282667593,0,0,1.36443148688047,0.879836023363404,"LAPTM5"
"Cell Chemotaxis (GO:0060326)","1/50",0.524748024205652,0.623698282667593,0,0,1.36443148688047,0.879836023363404,"LEF1"
"Intracellular Iron Ion Homeostasis (GO:0006879)","1/50",0.524748024205652,0.623698282667593,0,0,1.36443148688047,0.879836023363404,"SLC40A1"
"Negative Regulation Of Cell Projection Organization (GO:0031345)","1/50",0.524748024205652,0.623698282667593,0,0,1.36443148688047,0.879836023363404,"PTPRO"
"Plasma Membrane Bounded Cell Projection Morphogenesis (GO:0120039)","1/50",0.524748024205652,0.623698282667593,0,0,1.36443148688047,0.879836023363404,"CNTNAP2"
"Positive Regulation Of Developmental Growth (GO:0048639)","1/50",0.524748024205652,0.623698282667593,0,0,1.36443148688047,0.879836023363404,"SEMA7A"
"Amide Biosynthetic Process (GO:0043604)","1/51",0.53177554188093,0.628319293395844,0,0,1.33707482993197,0.844407938108026,"CERS6"
"Regulation Of Synapse Assembly (GO:0051963)","1/51",0.53177554188093,0.628319293395844,0,0,1.33707482993197,0.844407938108026,"SYNDIG1"
"Cholesterol Transport (GO:0030301)","1/51",0.53177554188093,0.628319293395844,0,0,1.33707482993197,0.844407938108026,"MSR1"
"Negative Regulation Of MAP Kinase Activity (GO:0043407)","1/51",0.53177554188093,0.628319293395844,0,0,1.33707482993197,0.844407938108026,"PTPN22"
"Positive Regulation Of Actin Filament Bundle Assembly (GO:0032233)","1/51",0.53177554188093,0.628319293395844,0,0,1.33707482993197,0.844407938108026,"GPR65"
"Positive Regulation Of Leukocyte Mediated Cytotoxicity (GO:0001912)","1/51",0.53177554188093,0.628319293395844,0,0,1.33707482993197,0.844407938108026,"IL12RB1"
"Receptor Internalization (GO:0031623)","1/51",0.53177554188093,0.628319293395844,0,0,1.33707482993197,0.844407938108026,"RAB31"
"Regulated Exocytosis (GO:0045055)","1/51",0.53177554188093,0.628319293395844,0,0,1.33707482993197,0.844407938108026,"RAB31"
"Adenylate Cyclase-Inhibiting G Protein-Coupled Receptor Signaling Pathway (GO:0007193)","1/52",0.538699490940569,0.634160209555772,0,0,1.31079098305989,0.8108518865583,"RGS1"
"Cell Cycle G1/S Phase Transition (GO:0044843)","1/52",0.538699490940569,0.634160209555772,0,0,1.31079098305989,0.8108518865583,"GPR132"
"Sprouting Angiogenesis (GO:0002040)","1/52",0.538699490940569,0.634160209555772,0,0,1.31079098305989,0.8108518865583,"TGFB1"
"Negative Regulation Of Response To Stimulus (GO:0048585)","1/52",0.538699490940569,0.634160209555772,0,0,1.31079098305989,0.8108518865583,"FOXP3"
"Regulation Of Cell Development (GO:0060284)","1/52",0.538699490940569,0.634160209555772,0,0,1.31079098305989,0.8108518865583,"LEF1"
"Potassium Ion Transport (GO:0006813)","2/122",0.539501716450009,0.634171988279343,0,0,1.11405005688282,0.687490664951998,"SLC24A2;KCNK15"
"Receptor-Mediated Endocytosis (GO:0006898)","2/122",0.539501716450009,0.634171988279343,0,0,1.11405005688282,0.687490664951998,"MSR1;RAB31"
"Neuron Projection Development (GO:0031175)","3/192",0.540536963401458,0.634457242232943,0,0,1.06088280060883,0.652646884327467,"CNTNAP2;GPRIN1;BICDL1"
"Protein Localization To Membrane (GO:0072657)","3/192",0.540536963401458,0.634457242232943,0,0,1.06088280060883,0.652646884327467,"FYB1;ITGA4;EZR"
"Organonitrogen Compound Biosynthetic Process (GO:1901566)","2/123",0.54391245482014,0.635185272254764,0,0,1.1047866189039,0.672778563915891,"CERS6;INHBA"
"Positive Regulation Of Epithelial Cell Proliferation (GO:0050679)","2/123",0.54391245482014,0.635185272254764,0,0,1.1047866189039,0.672778563915891,"CCL11;SOX11"
"Regulation Of Cell Motility (GO:2000145)","2/123",0.54391245482014,0.635185272254764,0,0,1.1047866189039,0.672778563915891,"TGFB1;PLXNC1"
"Regulation Of Cell Differentiation (GO:0045595)","3/193",0.544050165511622,0.635185272254764,0,0,1.0552451333814,0.642342296560919,"TGFB1;LEF1;RUNX2"
"Actin Cytoskeleton Reorganization (GO:0031532)","1/53",0.545521392473642,0.635185272254764,0,0,1.2855180533752,0.779040984014915,"EZR"
"Blood Vessel Morphogenesis (GO:0048514)","1/53",0.545521392473642,0.635185272254764,0,0,1.2855180533752,0.779040984014915,"TGFB1"
"Regulation Of Proteasomal Protein Catabolic Process (GO:0061136)","1/53",0.545521392473642,0.635185272254764,0,0,1.2855180533752,0.779040984014915,"LAMP3"
"Carboxylic Acid Transport (GO:0046942)","1/53",0.545521392473642,0.635185272254764,0,0,1.2855180533752,0.779040984014915,"SLC16A6"
"Endosome Organization (GO:0007032)","1/53",0.545521392473642,0.635185272254764,0,0,1.2855180533752,0.779040984014915,"PLEKHF2"
"Mitochondrial Transport (GO:0006839)","1/53",0.545521392473642,0.635185272254764,0,0,1.2855180533752,0.779040984014915,"PMAIP1"
"Negative Regulation Of Metabolic Process (GO:0009892)","1/53",0.545521392473642,0.635185272254764,0,0,1.2855180533752,0.779040984014915,"HOXC10"
"ERBB Signaling Pathway (GO:0038127)","1/54",0.55224274552616,0.639754439643547,0,0,1.2611988191503,0.748858961894101,"TGFB1"
"Regulation Of Myoblast Differentiation (GO:0045661)","1/54",0.55224274552616,0.639754439643547,0,0,1.2611988191503,0.748858961894101,"TGFB1"
"Epidermal Cell Differentiation (GO:0009913)","1/54",0.55224274552616,0.639754439643547,0,0,1.2611988191503,0.748858961894101,"UGCG"
"Negative Regulation Of Neuron Projection Development (GO:0010977)","1/54",0.55224274552616,0.639754439643547,0,0,1.2611988191503,0.748858961894101,"PTPRO"
"Negative Regulation Of Protein Catabolic Process (GO:0042177)","1/54",0.55224274552616,0.639754439643547,0,0,1.2611988191503,0.748858961894101,"LAMP3"
"Negative Regulation Of Protein Modification By Small Protein Conjugation Or Removal (GO:1903321)","1/54",0.55224274552616,0.639754439643547,0,0,1.2611988191503,0.748858961894101,"ISG15"
"Regulation Of Blood Vessel Endothelial Cell Migration (GO:0043535)","1/54",0.55224274552616,0.639754439643547,0,0,1.2611988191503,0.748858961894101,"TGFB1"
"Positive Regulation Of Intracellular Protein Transport (GO:0090316)","2/126",0.556967919817179,0.643699934096383,0,0,1.07789276670704,0.630834192818652,"TGFB1;RAC2"
"Negative Regulation Of Signal Transduction (GO:0009968)","4/267",0.55699673542619,0.643699934096383,0,0,1.01613682986424,0.594639106742922,"SFRP2;PTPRC;SULF1;SULF2"
"Regulation Of Synaptic Transmission, Glutamatergic (GO:0051966)","1/55",0.558865027104293,0.643699934096383,0,0,1.23778029730411,0.720199110584398,"CACNG4"
"Ceramide Metabolic Process (GO:0006672)","1/55",0.558865027104293,0.643699934096383,0,0,1.23778029730411,0.720199110584398,"CERS6"
"Response To Peptide Hormone (GO:0043434)","1/55",0.558865027104293,0.643699934096383,0,0,1.23778029730411,0.720199110584398,"STAT1"
"Phosphatidylcholine Metabolic Process (GO:0046470)","1/55",0.558865027104293,0.643699934096383,0,0,1.23778029730411,0.720199110584398,"PLAAT4"
"Positive Regulation Of Tyrosine Phosphorylation Of STAT Protein (GO:0042531)","1/55",0.558865027104293,0.643699934096383,0,0,1.23778029730411,0.720199110584398,"PARP9"
"Purine Ribonucleotide Biosynthetic Process (GO:0009152)","1/55",0.558865027104293,0.643699934096383,0,0,1.23778029730411,0.720199110584398,"TGFB1"
"Regulation Of Reactive Oxygen Species Metabolic Process (GO:2000377)","1/56",0.565389692642652,0.649812561321526,0,0,1.2152133580705,0.692963343192587,"RAC2"
"Mitotic DNA Damage Checkpoint Signaling (GO:0044773)","1/56",0.565389692642652,0.649812561321526,0,0,1.2152133580705,0.692963343192587,"TNFSF13B"
"Peptide Metabolic Process (GO:0006518)","1/56",0.565389692642652,0.649812561321526,0,0,1.2152133580705,0.692963343192587,"AEBP1"
"Protein Homooligomerization (GO:0051260)","2/129",0.569756547340756,0.654361716135259,0,0,1.05226949020451,0.591950118192818,"COMP;CARD11"
"RNA Catabolic Process (GO:0006401)","1/57",0.571818176149573,0.655319183976711,0,0,1.19345238095238,0.667061366106342,"RNASE6"
"Membrane Lipid Biosynthetic Process (GO:0046467)","1/57",0.571818176149573,0.655319183976711,0,0,1.19345238095238,0.667061366106342,"CERS6"
"Post-Transcriptional Regulation Of Gene Expression (GO:0010608)","1/57",0.571818176149573,0.655319183976711,0,0,1.19345238095238,0.667061366106342,"PARP9"
"Negative Regulation Of Transcription By RNA Polymerase II (GO:0000122)","11/763",0.574007398836826,0.657357543303118,0,0,0.976190253221456,0.541895892994303,"EOMES;IFI27;CBX4;STAT1;TFEC;LEF1;IRF7;SOX11;AEBP1;EZR;PARP9"
"Synapse Organization (GO:0050808)","2/131",0.578133227633725,0.659274342673531,0,0,1.03584940603752,0.567594654943297,"WNT7B;F2R"
"Selective Autophagy (GO:0061912)","1/58",0.578151890764296,0.659274342673531,0,0,1.17245494689104,0.642409941116087,"TGFB1"
"Memory (GO:0007613)","1/58",0.578151890764296,0.659274342673531,0,0,1.17245494689104,0.642409941116087,"CAMK4"
"Muscle Organ Development (GO:0007517)","1/58",0.578151890764296,0.659274342673531,0,0,1.17245494689104,0.642409941116087,"CXCL10"
"Peptidyl-Threonine Phosphorylation (GO:0018107)","1/58",0.578151890764296,0.659274342673531,0,0,1.17245494689104,0.642409941116087,"SBK1"
"Positive Regulation Of Mitochondrion Organization (GO:0010822)","1/58",0.578151890764296,0.659274342673531,0,0,1.17245494689104,0.642409941116087,"PMAIP1"
"Circulatory System Development (GO:0072359)","2/132",0.582276714996386,0.662145759763127,0,0,1.02782882646364,0.555859582340657,"TGFB1;FN1"
"Regulation Of miRNA Transcription (GO:1902893)","1/59",0.584392228947719,0.662145759763127,0,0,1.15218156228008,0.618932229129793,"TGFB1"
"Anterior/Posterior Pattern Specification (GO:0009952)","1/59",0.584392228947719,0.662145759763127,0,0,1.15218156228008,0.618932229129793,"BASP1"
"Regulation Of Multicellular Organismal Development (GO:2000026)","1/59",0.584392228947719,0.662145759763127,0,0,1.15218156228008,0.618932229129793,"OAS2"
"Glucose Metabolic Process (GO:0006006)","1/59",0.584392228947719,0.662145759763127,0,0,1.15218156228008,0.618932229129793,"OAS1"
"Negative Regulation Of Protein-Containing Complex Assembly (GO:0031333)","1/59",0.584392228947719,0.662145759763127,0,0,1.15218156228008,0.618932229129793,"PYDC1"
"Positive Regulation Of Protein Binding (GO:0032092)","1/59",0.584392228947719,0.662145759763127,0,0,1.15218156228008,0.618932229129793,"DTX3L"
"Positive Regulation Of Proteolysis (GO:0045862)","1/59",0.584392228947719,0.662145759763127,0,0,1.15218156228008,0.618932229129793,"CYFIP2"
"Regulation Of Cell Death (GO:0010941)","1/59",0.584392228947719,0.662145759763127,0,0,1.15218156228008,0.618932229129793,"CCN4"
"Regulation Of Extrinsic Apoptotic Signaling Pathway (GO:2001236)","1/60",0.590540562608037,0.666752779080019,0,0,1.13259541104577,0.596557204719507,"TNFRSF12A"
"Response To Light Stimulus (GO:0009416)","1/60",0.590540562608037,0.666752779080019,0,0,1.13259541104577,0.596557204719507,"TNFSF13B"
"Response To Retinoic Acid (GO:0032526)","1/60",0.590540562608037,0.666752779080019,0,0,1.13259541104577,0.596557204719507,"WNT7B"
"Homophilic Cell Adhesion Via Plasma Membrane Adhesion Molecules (GO:0007156)","1/60",0.590540562608037,0.666752779080019,0,0,1.13259541104577,0.596557204719507,"CD84"
"Negative Regulation Of Peptidase Activity (GO:0010466)","1/60",0.590540562608037,0.666752779080019,0,0,1.13259541104577,0.596557204719507,"CST7"
"Negative Regulation Of Cell Differentiation (GO:0045596)","3/207",0.591552655683514,0.6669547899643,0,0,0.982121273166801,0.515618165475303,"SFRP2;TGFB1;NKX3-2"
"Regulation Of Canonical Wnt Signaling Pathway (GO:0060828)","3/207",0.591552655683514,0.6669547899643,0,0,0.982121273166801,0.515618165475303,"SFRP2;TGFB1;PTPRO"
"Negative Regulation Of Autophagy (GO:0010507)","1/61",0.59659824374392,0.672170153577773,0,0,1.11366213151927,0.575219131752946,"PTPN22"
"Protein Localization To Plasma Membrane (GO:0072659)","2/137",0.602544702687157,0.677940360960139,0,0,0.989508279610669,0.501278384513675,"FYB1;EZR"
"Protein Lipidation (GO:0006497)","1/62",0.602566604401173,0.677940360960139,0,0,1.09534961525594,0.554857095019259,"UGCG"
"Central Nervous System Development (GO:0007417)","4/283",0.602990966912239,0.67794138906355,0,0,0.957075465888236,0.484139555570562,"EOMES;CNTNAP2;CXCR4;SOX11"
"G1/S Transition Of Mitotic Cell Cycle (GO:0000082)","1/63",0.608446957280064,0.682159368771276,0,0,1.07762782532368,0.535414578774922,"GPR132"
"Inorganic Anion Transmembrane Transport (GO:0098661)","1/63",0.608446957280064,0.682159368771276,0,0,1.07762782532368,0.535414578774922,"SLC20A1"
"Positive Regulation Of Mitotic Cell Cycle Phase Transition (GO:1901992)","1/63",0.608446957280064,0.682159368771276,0,0,1.07762782532368,0.535414578774922,"TNFSF13B"
"Regulation Of Cellular Catabolic Process (GO:0031329)","1/63",0.608446957280064,0.682159368771276,0,0,1.07762782532368,0.535414578774922,"LAMP3"
"Endocytic Recycling (GO:0032456)","1/64",0.614240595683219,0.687328872673635,0,0,1.0604686318972,0.516839089078863,"DENND1C"
"Negative Regulation Of Cell Death (GO:0060548)","1/64",0.614240595683219,0.687328872673635,0,0,1.0604686318972,0.516839089078863,"CCN4"
"Negative Regulation Of Wnt Signaling Pathway (GO:0030178)","2/140",0.614345794375997,0.687328872673635,0,0,0.967848840085077,0.471533367190951,"SFRP2;PTPRO"
"Regulation Of Tyrosine Phosphorylation Of STAT Protein (GO:0042509)","1/65",0.619948794114426,0.692062741601847,0,0,1.04384566326531,0.499081812617611,"PARP9"
"Fatty Acid Biosynthetic Process (GO:0006633)","1/65",0.619948794114426,0.692062741601847,0,0,1.04384566326531,0.499081812617611,"LCP1"
"Monocarboxylic Acid Biosynthetic Process (GO:0072330)","1/65",0.619948794114426,0.692062741601847,0,0,1.04384566326531,0.499081812617611,"LCP1"
"Protein Ubiquitination (GO:0016567)","6/434",0.62030608007411,0.692062741601847,0,0,0.935080684280309,0.44654052943567,"DTX3L;UBD;ISG15;KBTBD8;HERC6;TNFSF13B"
"Protein Localization To Cell Periphery (GO:1990778)","2/142",0.622063543090034,0.693540203681855,0,0,0.953924914675768,0.452840588691194,"FYB1;EZR"
"Peptidyl-Threonine Modification (GO:0018210)","1/66",0.625572808354389,0.69682201738609,0,0,1.02773417059131,0.482097309891667,"SBK1"
"Positive Regulation Of Transferase Activity (GO:0051347)","2/143",0.625877614616613,0.69682201738609,0,0,0.94711107883717,0.443816659561132,"TGFB1;PLAAT4"
"Negative Regulation Of Cellular Catabolic Process (GO:0031330)","1/67",0.631113875704973,0.702163526757236,0,0,1.01211090496805,0.465843237778199,"PTPN22"
"Ubiquitin-Dependent Protein Catabolic Process (GO:0006511)","5/367",0.632560755068097,0.7029635209331,0,0,0.921270718232044,0.421922649220657,"IFI27;DTX3L;UBD;HERC6;TNFSF13B"
"Proteasomal Protein Catabolic Process (GO:0010498)","3/220",0.632711076617487,0.7029635209331,0,0,0.922669023420239,0.422343806899788,"IFI27;PMAIP1;TNFSF13B"
"Regulation Of DNA-templated Transcription (GO:0006355)","27/1922",0.63502746262543,0.705047827783158,0,0,0.946855432599535,0.429954773875517,"CD86;CD80;LEF1;HOXC13;IKZF2;HOXC11;HOXC10;BASP1;TP53INP1;PITX1;NKX3-2;EOMES;TGFB1;CBX4;DTX3L;STAT1;F2R;RHOH;INHBA;PARP9;MYT1;FOXP3;RUNX2;SFRP2;CAMK4;TFEC;IRF7"
"Skin Development (GO:0043588)","1/68",0.636573215467334,0.706274232822731,0,0,0.99695400548279,0.450280098161191,"UGCG"
"Regulation Of Cold-Induced Thermogenesis (GO:0120161)","2/146",0.637141129161771,0.7064147837867,0,0,0.927237390974592,0.417965323490143,"CXCR4;HOXC10"
"Regulation Of Monoatomic Ion Transmembrane Transporter Activity (GO:0032412)","1/69",0.641952029099639,0.710764314376572,0,0,0.982242897158864,0.435371010677909,"CACNG4"
"Phagocytosis (GO:0006909)","1/69",0.641952029099639,0.710764314376572,0,0,0.982242897158864,0.435371010677909,"MSR1"
"Negative Regulation Of Extrinsic Apoptotic Signaling Pathway (GO:2001237)","1/70",0.64725150030612,0.714654932406964,0,0,0.967958197771862,0.421081506607262,"IFI6"
"Positive Regulation Of Protein Polymerization (GO:0032273)","1/70",0.64725150030612,0.714654932406964,0,0,0.967958197771862,0.421081506607262,"CCL11"
"Regulation Of G Protein-Coupled Receptor Signaling Pathway (GO:0008277)","1/70",0.64725150030612,0.714654932406964,0,0,0.967958197771862,0.421081506607262,"RGS16"
"Regulation Of Actin Filament Polymerization (GO:0030833)","1/70",0.64725150030612,0.714654932406964,0,0,0.967958197771862,0.421081506607262,"CCL11"
"Protein Polyubiquitination (GO:0000209)","3/226",0.650713950039616,0.717451199059669,0,0,0.897567418146078,0.385671376518945,"IFI27;DTX3L;TNFSF13B"
"Regulation Of Hydrolase Activity (GO:0051336)","1/71",0.65247279564702,0.717451199059669,0,0,0.954081632653061,0.407379340810939,"PLXNC1"
"Cell-Cell Junction Assembly (GO:0007043)","1/71",0.65247279564702,0.717451199059669,0,0,0.954081632653061,0.407379340810939,"GJB2"
"Lipid Biosynthetic Process (GO:0008610)","1/71",0.65247279564702,0.717451199059669,0,0,0.954081632653061,0.407379340810939,"LCP1"
"Positive Regulation Of Cell-Substrate Adhesion (GO:0010811)","1/71",0.65247279564702,0.717451199059669,0,0,0.954081632653061,0.407379340810939,"FN1"
"Protein Autoubiquitination (GO:0051865)","1/71",0.65247279564702,0.717451199059669,0,0,0.954081632653061,0.407379340810939,"DTX3L"
"Regulation Of Cell Growth (GO:0001558)","3/227",0.653652750791259,0.718255356222928,0,0,0.893514554794521,0.379903652259635,"SFRP2;TGFB1;INHBA"
"Cholesterol Homeostasis (GO:0042632)","1/72",0.657617064336825,0.721620918439518,0,0,0.940595956692536,0.394234321800149,"LCP1"
"Transforming Growth Factor Beta Receptor Signaling Pathway (GO:0007179)","1/72",0.657617064336825,0.721620918439518,0,0,0.940595956692536,0.394234321800149,"TGFB1"
"Positive Regulation Of NF-kappaB Transcription Factor Activity (GO:0051092)","2/152",0.65886919815549,0.722499716607492,0,0,0.889874857792947,0.371282708966289,"RTKN2;CARD11"
"Sterol Homeostasis (GO:0055092)","1/73",0.662685438952786,0.725194386714567,0,0,0.927484882842026,0.381618155605822,"LCP1"
"Monocarboxylic Acid Transport (GO:0015718)","1/73",0.662685438952786,0.725194386714567,0,0,0.927484882842026,0.381618155605822,"SLC16A6"
"Protein Tetramerization (GO:0051262)","1/73",0.662685438952786,0.725194386714567,0,0,0.927484882842026,0.381618155605822,"MS4A1"
"Gland Development (GO:0048732)","1/74",0.667679035455559,0.72966152611901,0,0,0.914733016494269,0.369504304311227,"EZR"
"Negative Regulation Of Neuron Apoptotic Process (GO:0043524)","1/74",0.667679035455559,0.72966152611901,0,0,0.914733016494269,0.369504304311227,"F2R"
"Cellular Response To Growth Factor Stimulus (GO:0071363)","2/155",0.669337664391583,0.73097517100336,0,0,0.872292489236878,0.350196313951355,"TGFB1;RUNX2"
"Positive Regulation Of Developmental Process (GO:0051094)","3/233",0.670914409935473,0.732197662104085,0,0,0.869937462775462,0.347203964869046,"BASP1;LEF1;LCP1"
"Regulation Of Stress Fiber Assembly (GO:0051492)","1/75",0.672598953315564,0.73303670814038,0,0,0.902325795182938,0.357867856676188,"GPR65"
"Defense Response To Gram-negative Bacterium (GO:0050829)","1/75",0.672598953315564,0.73303670814038,0,0,0.902325795182938,0.357867856676188,"RNASE6"
"Peptide Biosynthetic Process (GO:0043043)","2/158",0.67954557849399,0.739600592229013,0,0,0.855386365625273,0.330462245316919,"EEF1A2;MRPL13"
"Peptidyl-Serine Phosphorylation (GO:0018105)","2/158",0.67954557849399,0.739600592229013,0,0,0.855386365625273,0.330462245316919,"SBK1;CAMK4"
"Sphingolipid Biosynthetic Process (GO:0030148)","1/77",0.682222071362454,0.740500024577145,0,0,0.878490870032223,0.335934958165637,"CERS6"
"Monoatomic Cation Homeostasis (GO:0055080)","1/77",0.682222071362454,0.740500024577145,0,0,0.878490870032223,0.335934958165637,"SLC40A1"
"Negative Regulation Of Transforming Growth Factor Beta Receptor Signaling Pathway (GO:0030512)","1/77",0.682222071362454,0.740500024577145,0,0,0.878490870032223,0.335934958165637,"ASPN"
"Positive Regulation Of JNK Cascade (GO:0046330)","1/77",0.682222071362454,0.740500024577145,0,0,0.878490870032223,0.335934958165637,"WNT7B"
"Cellular Response To Nutrient Levels (GO:0031669)","1/78",0.686927390990377,0.745102136162326,0,0,0.867037724180581,0.325595800004093,"LCP1"
"Regulation Of Neuron Differentiation (GO:0045664)","1/79",0.691563271514165,0.747093655664088,0,0,0.855878248735392,0.31564844001342,"SOX11"
"Response To Insulin (GO:0032868)","1/79",0.691563271514165,0.747093655664088,0,0,0.855878248735392,0.31564844001342,"RAB31"
"Vesicle Fusion (GO:0006906)","1/79",0.691563271514165,0.747093655664088,0,0,0.855878248735392,0.31564844001342,"SAMD9"
"Positive Regulation Of Cytoskeleton Organization (GO:0051495)","1/79",0.691563271514165,0.747093655664088,0,0,0.855878248735392,0.31564844001342,"CCL11"
"Positive Regulation Of Endocytosis (GO:0045807)","1/79",0.691563271514165,0.747093655664088,0,0,0.855878248735392,0.31564844001342,"SIRPG"
"Positive Regulation Of Protein Modification By Small Protein Conjugation Or Removal (GO:1903322)","1/79",0.691563271514165,0.747093655664088,0,0,0.855878248735392,0.31564844001342,"LAPTM5"
"Regulation Of Organelle Assembly (GO:1902115)","1/80",0.696130734193324,0.751520772382678,0,0,0.845001291655903,0.306074508693551,"EZR"
"Activation Of Protein Kinase Activity (GO:0032147)","1/81",0.700630785434156,0.754851875827782,0,0,0.834396258503401,0.296856684428659,"CD86"
"Macromolecule Modification (GO:0043412)","1/81",0.700630785434156,0.754851875827782,0,0,0.834396258503401,0.296856684428659,"PHEX"
"Positive Regulation Of Growth (GO:0045927)","1/81",0.700630785434156,0.754851875827782,0,0,0.834396258503401,0.296856684428659,"SFRP2"
"Organelle Assembly (GO:0070925)","4/322",0.702232221295998,0.756068450769935,0,0,0.838012492165381,0.296229982886327,"VMP1;TP53INP1;RAB19;AP1S3"
"Negative Regulation Of Apoptotic Signaling Pathway (GO:2001234)","1/82",0.705064416831055,0.758582055741663,0,0,0.824053078021332,0.287978622746373,"RTKN2"
"Peptidyl-Serine Modification (GO:0018209)","2/166",0.705514479075163,0.758582055741663,0,0,0.813327228835428,0.283711298185111,"SBK1;CAMK4"
"Vesicle-Mediated Transport To The Plasma Membrane (GO:0098876)","1/83",0.709432605419659,0.761771697704141,0,0,0.813962170233947,0.2794248908735,"DENND1C"
"Positive Regulation Of Ubiquitin-Dependent Protein Catabolic Process (GO:2000060)","1/83",0.709432605419659,0.761771697704141,0,0,0.813962170233947,0.2794248908735,"LAPTM5"
"Double-Strand Break Repair (GO:0006302)","2/168",0.711727186749886,0.763723341814053,0,0,0.803445865372754,0.273220287604632,"DTX3L;PARP9"
"Positive Regulation Of Protein Ubiquitination (GO:0031398)","1/84",0.713736313970123,0.765366268363139,0,0,0.804114416851078,0.271180907319604,"LAPTM5"
"Defense Response To Gram-positive Bacterium (GO:0050830)","1/85",0.717976491018015,0.767855953319868,0,0,0.794501133786848,0.263232886381945,"RNASE6"
"Epidermis Development (GO:0008544)","1/85",0.717976491018015,0.767855953319868,0,0,0.794501133786848,0.263232886381945,"UGCG"
"Negative Regulation Of Cell Cycle (GO:0045786)","1/85",0.717976491018015,0.767855953319868,0,0,0.794501133786848,0.263232886381945,"TGFB1"
"Positive Regulation Of Endothelial Cell Migration (GO:0010595)","1/85",0.717976491018015,0.767855953319868,0,0,0.794501133786848,0.263232886381945,"TGFB1"
"Heart Development (GO:0007507)","2/171",0.720840748800634,0.769890619632965,0,0,0.789062342225902,0.258289332697727,"TGFB1;FN1"
"Metal Ion Transport (GO:0030001)","2/171",0.720840748800634,0.769890619632965,0,0,0.789062342225902,0.258289332697727,"CCR1;CCR5"
"Regulation Of Mitotic Cell Cycle Phase Transition (GO:1901990)","1/86",0.722154071360556,0.7707791121655,0,0,0.785114045618247,0.25556778634162,"UBD"
"Vesicle-Mediated Transport (GO:0016192)","5/411",0.727994788645762,0.776495440787385,0,0,0.819560047562426,0.260178671285008,"CCR1;DENND1C;PLEKHF2;DTX3L;AP1S3"
"Negative Regulation Of Neuron Death (GO:1901215)","1/88",0.730325112374783,0.777944447712593,0,0,0.766987254671984,0.241037621244869,"F2R"
"Positive Regulation Of Plasma Membrane Bounded Cell Projection Assembly (GO:0120034)","1/88",0.730325112374783,0.777944447712593,0,0,0.766987254671984,0.241037621244869,"RAC2"
"Cellular Response To Peptide Hormone Stimulus (GO:0071375)","1/89",0.734320374692502,0.780124034427801,0,0,0.758232838589981,0.234149782656933,"RAB31"
"Regulation Of Vesicle-Mediated Transport (GO:0060627)","1/89",0.734320374692502,0.780124034427801,0,0,0.758232838589981,0.234149782656933,"CD22"
"Sensory Perception Of Mechanical Stimulus (GO:0050954)","1/89",0.734320374692502,0.780124034427801,0,0,0.758232838589981,0.234149782656933,"COL11A1"
"Sodium Ion Transport (GO:0006814)","1/89",0.734320374692502,0.780124034427801,0,0,0.758232838589981,0.234149782656933,"SLC24A2"
"Positive Regulation Of MAP Kinase Activity (GO:0043406)","1/91",0.742134788536323,0.787380912158153,0,0,0.741307634164777,0.22107602189586,"TGFB1"
"Regulation Of Actin Cytoskeleton Organization (GO:0032956)","1/91",0.742134788536323,0.787380912158153,0,0,0.741307634164777,0.22107602189586,"EZR"
"Sensory Perception Of Sound (GO:0007605)","1/92",0.745955663581731,0.790910607545929,0,0,0.733124018838305,0.214870668210149,"COL11A1"
"Negative Regulation Of Amide Metabolic Process (GO:0034249)","1/93",0.749720112151066,0.793850462667894,0,0,0.725118308192842,0.208874190583099,"MRPL13"
"Positive Regulation Of Protein Kinase B Signaling (GO:0051897)","1/93",0.749720112151066,0.793850462667894,0,0,0.725118308192842,0.208874190583099,"TGFB1"
"Cellular Response To Hormone Stimulus (GO:0032870)","1/94",0.753428964710298,0.795672673153817,0,0,0.717284763367713,0.203078048917957,"ATP1A3"
"Vesicle Organization (GO:0016050)","1/94",0.753428964710298,0.795672673153817,0,0,0.717284763367713,0.203078048917957,"PLEKHF2"
"Muscle Contraction (GO:0006936)","1/94",0.753428964710298,0.795672673153817,0,0,0.717284763367713,0.203078048917957,"TPM3"
"Peptidyl-Lysine Modification (GO:0018205)","1/94",0.753428964710298,0.795672673153817,0,0,0.717284763367713,0.203078048917957,"CBX4"
"Cellular Response To Transforming Growth Factor Beta Stimulus (GO:0071560)","1/96",0.760683143060586,0.80227517262187,0,0,0.702112423916935,0.192054692908044,"TGFB1"
"Positive Regulation Of Supramolecular Fiber Organization (GO:1902905)","1/96",0.760683143060586,0.80227517262187,0,0,0.702112423916935,0.192054692908044,"CCL11"
"Protein Localization (GO:0008104)","4/351",0.763592611679412,0.804813542658814,0,0,0.76682808956495,0.206829533951934,"RAB31;SYNDIG1;LAPTM5;RAB19"
"Monocarboxylic Acid Metabolic Process (GO:0032787)","1/97",0.764230069652965,0.804955487838419,0,0,0.694763321995465,0.186812406321448,"LCP1"
"Mitochondrial Translation (GO:0032543)","1/98",0.767724602271365,0.807573645359038,0,0,0.687565747948664,0.181740266917501,"MRPL13"
"Positive Regulation Of Cold-Induced Thermogenesis (GO:0120162)","1/98",0.767724602271365,0.807573645359038,0,0,0.687565747948664,0.181740266917501,"CXCR4"
"Nervous System Development (GO:0007399)","5/433",0.768491368866674,0.807849429780397,0,0,0.776546890106349,0.20448494538982,"TGFB1;FN1;CXCR4;SOX11;INHBA"
"Endocytosis (GO:0006897)","2/189",0.770549728605952,0.809481703082762,0,0,0.7124527750908,0.185701589272588,"DENND1C;MSR1"
"Cellular Response To Insulin Stimulus (GO:0032869)","1/99",0.771167512142602,0.809599466846102,0,0,0.680515063168124,0.176831609792721,"RAB31"
"Plasma Membrane Bounded Cell Projection Assembly (GO:0120031)","3/275",0.774212038013614,0.811564040969826,0,0,0.734022461724416,0.187843315287772,"RAP2C;PTPRO;EZR"
"Regulation Of Organelle Organization (GO:0033043)","1/100",0.774559559401558,0.811564040969826,0,0,0.673606816463959,0.172080083427414,"EZR"
"Response To UV (GO:0009411)","1/100",0.774559559401558,0.811564040969826,0,0,0.673606816463959,0.172080083427414,"TNFSF13B"
"Activation Of GTPase Activity (GO:0090630)","1/102",0.781194050554417,0.817445539174917,0,0,0.660200713948946,0.163024481854785,"GPR65"
"Protein Catabolic Process (GO:0030163)","1/102",0.781194050554417,0.817445539174917,0,0,0.660200713948946,0.163024481854785,"PMAIP1"
"Mitochondrial Gene Expression (GO:0140053)","1/103",0.784437959348535,0.820303836000657,0,0,0.653694811257836,0.158709120510822,"MRPL13"
"Regulation Of Programmed Cell Death (GO:0043067)","2/195",0.785323684675126,0.820694007287779,0,0,0.690091778811296,0.166767102429004,"CXCL10;STAT1"
"Macroautophagy (GO:0016236)","1/104",0.787633935694133,0.821055774759585,0,0,0.647315236774321,0.154528288054309,"TGFB1"
"Positive Regulation Of Vasculature Development (GO:1904018)","1/104",0.787633935694133,0.821055774759585,0,0,0.647315236774321,0.154528288054309,"SFRP2"
"Endomembrane System Organization (GO:0010256)","2/196",0.787703347828362,0.821055774759585,0,0,0.686499419443369,0.163821911716045,"VMP1;PLEKHF2"
"Protein Modification By Small Protein Conjugation (GO:0032446)","4/364",0.787721218007947,0.821055774759585,0,0,0.738640702558228,0.176247823250385,"CBX4;UBD;ISG15;HERC6"
"Regulation Of Neuron Apoptotic Process (GO:0043523)","1/105",0.790782685610325,0.822640077753171,0,0,0.641058346415489,0.150476960787864,"F2R"
"Cellular Response To Organonitrogen Compound (GO:0071417)","1/105",0.790782685610325,0.822640077753171,0,0,0.641058346415489,0.150476960787864,"EZR"
"Positive Regulation Of Stress-Activated MAPK Cascade (GO:0032874)","1/105",0.790782685610325,0.822640077753171,0,0,0.641058346415489,0.150476960787864,"WNT7B"
"Transmembrane Receptor Protein Tyrosine Kinase Signaling Pathway (GO:0007169)","3/284",0.792531558126914,0.82392404192285,0,0,0.710183785891873,0.16513403109898,"BLNK;SULF1;SULF2"
"Regulation Of G1/S Transition Of Mitotic Cell Cycle (GO:2000045)","1/106",0.793884904445506,0.82479541337914,0,0,0.634920634920635,0.146550339593637,"INHBA"
"Negative Regulation Of Translation (GO:0017148)","1/107",0.796941277601341,0.826897592637555,0,0,0.628898729303042,0.142743837661343,"MRPL13"
"Positive Regulation Of Autophagy (GO:0010508)","1/107",0.796941277601341,0.826897592637555,0,0,0.628898729303042,0.142743837661343,"TP53INP1"
"Organic Substance Transport (GO:0071702)","2/201",0.799257169683957,0.828411333096607,0,0,0.669079184317492,0.149922259289346,"CCR1;CCR5"
"Lipid Transport (GO:0006869)","1/108",0.799952480304406,0.828411333096607,0,0,0.622989382668955,0.139053069711171,"UGCG"
"Positive Regulation Of Metabolic Process (GO:0009893)","1/108",0.799952480304406,0.828411333096607,0,0,0.622989382668955,0.139053069711171,"CXCR4"
"Negative Regulation Of Developmental Process (GO:0051093)","1/109",0.802919177889347,0.830946091661826,0,0,0.617189468379945,0.135473841466331,"TGFB1"
"Regulation Of JNK Cascade (GO:0046328)","1/110",0.805842025916246,0.833432224477978,0,0,0.611495974536604,0.132002139880954,"WNT7B"
"RNA Metabolic Process (GO:0016070)","1/111",0.808721670365993,0.834792646199841,0,0,0.605905998763142,0.128634123886678,"RNASE6"
"Cytoskeleton Organization (GO:0007010)","1/111",0.808721670365993,0.834792646199841,0,0,0.605905998763142,0.128634123886678,"CCL11"
"Mitotic Cell Cycle Phase Transition (GO:0044772)","1/111",0.808721670365993,0.834792646199841,0,0,0.605905998763142,0.128634123886678,"GPR132"
"Regulation Of Protein Serine/Threonine Kinase Activity (GO:0071900)","1/112",0.811558747741539,0.837181414390596,0,0,0.600416743273886,0.125366115751632,"SH2D1A"
"Positive Regulation Of Cellular Component Organization (GO:0051130)","1/113",0.814353885085917,0.839523869943691,0,0,0.595025510204082,0.122194593001627,"TGFB1"
"Gene Expression (GO:0010467)","3/296",0.815022501701418,0.839672474404099,0,0,0.68067698349619,0.1392253684417,"EEF1A2;NOX4;MRPL13"
"Regulation Of Intracellular Signal Transduction (GO:1902531)","3/297",0.816800384148344,0.840198733646169,0,0,0.678326810176125,0.137266580840206,"TGFB1;PTPN22;EZR"
"Regulation Of Cytoskeleton Organization (GO:0051493)","1/114",0.817107700366699,0.840198733646169,0,0,0.58972969718861,0.119116180540707,"EZR"
"Regulation Of MAP Kinase Activity (GO:0043405)","1/114",0.817107700366699,0.840198733646169,0,0,0.58972969718861,0.119116180540707,"TGFB1"
"DNA Damage Response (GO:0006974)","4/384",0.820969846557113,0.843628192771462,0,0,0.699041417977935,0.137899130114898,"DTX3L;IRF7;CTLA4;TNFSF13B"
"Positive Regulation Of Cell Projection Organization (GO:0031346)","1/118",0.827721783951719,0.850020895514242,0,0,0.569451712308855,0.107670899500465,"PLXNC1"
"Regulation Of Protein-Containing Complex Assembly (GO:0043254)","1/119",0.830277944425893,0.851553484321495,0,0,0.564597025250778,0.105012089024976,"TGFB1"
"Positive Regulation Of Angiogenesis (GO:0045766)","1/119",0.830277944425893,0.851553484321495,0,0,0.564597025250778,0.105012089024976,"SFRP2"
"Fatty Acid Metabolic Process (GO:0006631)","1/122",0.837721842930315,0.858638073323582,0,0,0.550514420644291,0.0974791278361396,"LCP1"
"Enzyme-Linked Receptor Protein Signaling Pathway (GO:0007167)","1/124",0.842502758913729,0.862985871414511,0,0,0.541507659974559,0.0928026849932726,"BLNK"
"Regulation Of Mitotic Cell Cycle (GO:0007346)","1/125",0.844840310964329,0.864826942361823,0,0,0.53711323238973,0.0905614002148093,"UBD"
"Cellular Response To Starvation (GO:0009267)","1/126",0.847143284758288,0.866076883076641,0,0,0.532789115646259,0.088381952226066,"PMAIP1"
"Protein-Containing Complex Organization (GO:0043933)","1/126",0.847143284758288,0.866076883076641,0,0,0.532789115646259,0.088381952226066,"CAPZA1"
"Cytosolic Transport (GO:0016482)","1/127",0.849412190119654,0.867288849733142,0,0,0.528533635676493,0.0862623498098813,"LAPTM5"
"Regulation Of Anatomical Structure Morphogenesis (GO:0022603)","1/127",0.849412190119654,0.867288849733142,0,0,0.528533635676493,0.0862623498098813,"TGFB1"
"Chromatin Remodeling (GO:0006338)","2/228",0.8525035446077,0.869890487518756,0,0,0.588329457247274,0.0938843863176739,"DTX3L;FOXP3"
"Protein Targeting (GO:0006605)","1/129",0.853849797306467,0.870709251902964,0,0,0.520222151360544,0.0821950905700442,"AP1S3"
"Golgi Organization (GO:0007030)","1/130",0.856019481666183,0.872366129947523,0,0,0.516163054369034,0.0802438151598965,"VMP1"
"Epithelial Cell Differentiation (GO:0030855)","1/132",0.860263014397588,0.876133006393472,0,0,0.508230773225321,0.0764974250625357,"BASP1"
"Translation (GO:0006412)","2/234",0.862442804965153,0.877794615860909,0,0,0.572937507355537,0.0847869851265707,"EEF1A2;MRPL13"
"Protein Phosphorylation (GO:0006468)","5/500",0.86375021359076,0.87856676744524,0,0,0.669104841518635,0.0980048945878288,"CCL11;TGFB1;SBK1;CAMK4;TLR7"
"Protein-Containing Complex Assembly (GO:0065003)","3/328",0.86512434591222,0.879405763686009,0,0,0.612644889357218,0.0887612351668958,"TGFB1;CAPZA1;FN1"
"Regulation Of Protein Kinase B Signaling (GO:0051896)","1/136",0.868379750268255,0.882154809758551,0,0,0.493071302595112,0.0695852593876538,"TGFB1"
"Negative Regulation Of Cellular Biosynthetic Process (GO:0031327)","1/137",0.870334414340422,0.883019896932203,0,0,0.489420768307323,0.0679696584783376,"MRPL13"
"Protein Localization To Organelle (GO:0033365)","1/137",0.870334414340422,0.883019896932203,0,0,0.489420768307323,0.0679696584783376,"ISG15"
"Phosphorylation (GO:0016310)","4/429",0.880279340151638,0.8922106164115,0,0,0.623569840307257,0.0795151254524923,"CERKL;CCL11;TGFB1;CAMK4"
"Positive Regulation Of DNA-binding Transcription Factor Activity (GO:0051091)","2/246",0.880507666414847,0.8922106164115,0,0,0.544424550998713,0.0692816413779141,"RTKN2;CARD11"
"Ras Protein Signal Transduction (GO:0007265)","1/144",0.883230438184726,0.894403498756323,0,0,0.465296608153751,0.057775479925411,"RAP2C"
"Neuron Projection Morphogenesis (GO:0048812)","1/146",0.886674379449913,0.89732343963294,0,0,0.458831808585503,0.0551871278462828,"CNTNAP2"
"Regulation Of Transcription By RNA Polymerase II (GO:0006357)","24/2028",0.896650050786189,0.906845692551288,0,0,0.782243630819542,0.0853346650861374,"EOMES;TGFB1;CBX4;STAT1;LEF1;SOX11;HOXC13;AEBP1;INHBA;IKZF2;PARP9;HOXC11;FOXP3;RUNX2;HOXC10;HELZ2;CXCL10;SFRP2;IFI27;TFEC;IRF7;EZR;PITX1;NKX3-2"
"Regulation Of Cellular Component Organization (GO:0051128)","1/153",0.897950150432995,0.907587241693955,0,0,0.437544754744003,0.0470976341778133,"CD22"
"Regulation Of Protein Phosphorylation (GO:0001932)","2/265",0.904688598979079,0.913821102186439,0,0,0.504600371144188,0.0505430358121974,"TGFB1;FN1"
"Regulation Of Macromolecule Metabolic Process (GO:0060255)","1/162",0.910819783206374,0.918854740336109,0,0,0.412895593019817,0.0385686699714642,"PTPRC"
"Protein Autophosphorylation (GO:0046777)","1/162",0.910819783206374,0.918854740336109,0,0,0.412895593019817,0.0385686699714642,"CAMK4"
"Regulation Of Neuron Projection Development (GO:0010975)","1/174",0.925497858938326,0.933074352745756,0,0,0.384019503755259,0.029732118834925,"PTPRO"
"DNA Repair (GO:0006281)","2/291",0.930449346526535,0.937476025040266,0,0,0.458589699682322,0.0330586497355733,"DTX3L;PARP9"
"Endosomal Transport (GO:0016197)","1/180",0.931907203494458,0.938354360248194,0,0,0.371033329532931,0.0261660259411431,"DENND1C"
"Transcription By RNA Polymerase II (GO:0006366)","1/192",0.943123792166728,0.949051660125036,0,0,0.347508636962638,0.0203493169819033,"NKX3-2"
"Organelle Organization (GO:0006996)","3/418",0.947960634413858,0.952961955955873,0,0,0.477554051823733,0.025521588082953,"VMP1;CCL11;RAB31"
"DNA-templated Transcription (GO:0006351)","1/199",0.948795351526335,0.952961955955873,0,0,0.335102727959871,0.0176137198757138,"NKX3-2"
"Anterograde Trans-Synaptic Signaling (GO:0098916)","1/199",0.948795351526335,0.952961955955873,0,0,0.335102727959871,0.0176137198757138,"CHRNA6"
"Proteasome-Mediated Ubiquitin-Dependent Protein Catabolic Process (GO:0043161)","2/319",0.950782235819674,0.954029499583594,0,0,0.41748043195056,0.021070332199675,"IFI27;TNFSF13B"
"Regulation Of Translation (GO:0006417)","1/202",0.951050019572403,0.954029499583594,0,0,0.330050428131452,0.0165647758495338,"MRPL13"
"Regulation Of Nucleic Acid-Templated Transcription (GO:1903506)","3/452",0.964404627138849,0.966820167845522,0,0,0.44061384507429,0.0159697556923539,"RHOH;MYT1;FOXP3"
"Positive Regulation Of Protein Modification Process (GO:0031401)","1/225",0.965348745843713,0.967161040110003,0,0,0.295812074829932,0.0104320637485025,"TGFB1"
"Positive Regulation Of Phosphorylation (GO:0042327)","1/231",0.968337045688992,0.969548223982537,0,0,0.288006506950606,0.00926662797026972,"TGFB1"
"Chromatin Organization (GO:0006325)","1/268",0.981854828811186,0.982468488079193,0,0,0.247624143290275,0.00453444718543676,"FOXP3"
"Chemical Synaptic Transmission (GO:0007268)","1/273",0.983171206550549,0.983171206550549,0,0,0.243009703881553,0.00412436229912955,"CHRNA6"
