"Term","Overlap","P.value","Adjusted.P.value","Old.P.value","Old.Adjusted.P.value","Odds.Ratio","Combined.Score","Genes"
"Nervous System Development (GO:0007399)","22/433",0.000286474969341909,0.241995959477938,0,0,2.4343152383099,19.8588014315665,"CNTFR;NLGN1;GSN;SEMA6A;ZBTB16;SPINK5;CRIM1;VLDLR;ECRG4;KALRN;EGFR;POU3F3;SNTG2;PTPRZ1;ALDH1A2;NTF3;DNER;ADORA1;IGF2BP2;SOX6;NES;ADGRL3"
"Melanin Biosynthetic Process (GO:0042438)","3/7",0.000353536829040085,0.241995959477938,0,0,33.3289772727273,264.882809910789,"OCA2;CITED1;DCT"
"Cellular Response To Nerve Growth Factor Stimulus (GO:1990090)","4/21",0.00105369736247473,0.342599969405371,0,0,10.4730001339944,71.797128794463,"NTF4;NTRK2;NTRK3;NTF3"
"Regulation Of Peptidyl-Serine Phosphorylation (GO:0033135)","8/93",0.00107116043121051,0.342599969405371,0,0,4.21300878972279,28.8128206308492,"NTF4;MLXIPL;NTRK3;NTF3;HRC;SPRY2;DMD;EGFR"
"Negative Regulation Of Neuron Apoptotic Process (GO:0043524)","7/74",0.00125127819359157,0.342599969405371,0,0,4.6703409557716,31.2146426852887,"NTF4;CNTFR;NTRK2;CITED1;PTPRZ1;NTF3;PPARGC1A"
"Central Nervous System Development (GO:0007417)","15/283",0.00170483399704473,0.388986290325706,0,0,2.52244908634398,16.0788157698236,"VIT;GSN;ZBTB16;SPINK5;GRIN2B;ECRG4;POU3F3;SNTG2;PTPRZ1;NFIB;DNER;PHGDH;SOX6;NES;ADGRL3"
"Extracellular Structure Organization (GO:0043062)","8/109",0.00294438211808557,0.515873633510271,0,0,3.54268806190964,20.6462769086254,"VIT;ADAMTS5;HPSE2;ADAMTS18;SPINK5;ADAMTS8;ADAMTS9;MATN2"
"External Encapsulating Structure Organization (GO:0045229)","8/110",0.0031154421129112,0.515873633510271,0,0,3.5077755240027,20.2447202591951,"VIT;ADAMTS5;HPSE2;ADAMTS18;SPINK5;ADAMTS8;ADAMTS9;MATN2"
"Negative Regulation Of Neuron Death (GO:1901215)","7/88",0.00339142637077607,0.515873633510271,0,0,3.86034658511723,21.9518789525807,"NTF4;CNTFR;NTRK2;CITED1;PTPRZ1;NTF3;PPARGC1A"
"Podocyte Cell Migration (GO:0090521)","2/5",0.00468296084068693,0.55631163677951,0,0,29.5600907029478,158.555144966848,"KANK1;DAAM2"
"Positive Regulation Of Positive Chemotaxis (GO:0050927)","3/16",0.00487636204627766,0.55631163677951,0,0,10.2503496503496,54.566258462559,"NTRK3;NTF3;VEGFD"
"Regulation Of Cardiac Muscle Contraction By Regulation Of The Release Of Sequestered Calcium Ion (GO:0010881)","3/16",0.00487636204627766,0.55631163677951,0,0,10.2503496503496,54.566258462559,"HRC;ATP1A2;DMD"
"Positive Regulation Of Blood Circulation (GO:1903524)","2/6",0.00692175224100861,0.6303882619929,0,0,22.1689342403628,110.248023763495,"HRC;ATP1A2"
"Elastic Fiber Assembly (GO:0048251)","2/6",0.00692175224100861,0.6303882619929,0,0,22.1689342403628,110.248023763495,"TNXB;MYH11"
"Negative Regulation Of Cardiocyte Differentiation (GO:1905208)","2/6",0.00692175224100861,0.6303882619929,0,0,22.1689342403628,110.248023763495,"SOX6;EGFR"
"Regulation Of Vascular Endothelial Growth Factor Signaling Pathway (GO:1900746)","3/19",0.00803325135248373,0.6303882619929,0,0,8.32713068181818,40.1714601489601,"SEMA6A;TNXB;SPRY2"
"Regulation Of Neuron Apoptotic Process (GO:0043523)","7/105",0.00884579440291338,0.6303882619929,0,0,3.18790956749672,15.0718407475074,"NTF4;CNTFR;NTRK2;CITED1;PTPRZ1;NTF3;PPARGC1A"
"Regulation Of Cardiac Muscle Contraction By Calcium Ion Signaling (GO:0010882)","3/20",0.00929770056525879,0.6303882619929,0,0,7.83689839572193,36.6609179097737,"HRC;ATP1A2;DMD"
"Ethanol Oxidation (GO:0006069)","2/7",0.00954904896297951,0.6303882619929,0,0,17.7342403628118,82.4875154153735,"ADH4;ADH6"
"Intermediate Filament Bundle Assembly (GO:0045110)","2/7",0.00954904896297951,0.6303882619929,0,0,17.7342403628118,82.4875154153735,"KRT14;PKP1"
"Response To Transforming Growth Factor Beta (GO:0071559)","4/38",0.00966994412114748,0.6303882619929,0,0,5.23194425834115,24.2695911674635,"CLEC3B;SFRP1;CITED1;SOX6"
"Positive Regulation Of Cell Junction Assembly (GO:1901890)","5/61",0.0112252630607116,0.68008710811468,0,0,3.97525277234181,17.8472487750197,"ACE2;SFRP1;NLGN1;MYOC;LRRC4B"
"Regulation Of Release Of Sequestered Calcium Ion Into Cytosol By Sarcoplasmic Reticulum (GO:0010880)","3/22",0.0121568971818684,0.68008710811468,0,0,7.01124401913876,30.9185947412933,"HRC;ATP1A2;DMD"
"Schwann Cell Development (GO:0014044)","2/8",0.0125466204289188,0.68008710811468,0,0,14.7777777777778,64.7016026423092,"MYOC;LGI4"
"Peripheral Nervous System Axon Ensheathment (GO:0032292)","2/8",0.0125466204289188,0.68008710811468,0,0,14.7777777777778,64.7016026423092,"MYOC;LGI4"
"Cell-Cell Adhesion Via Plasma-Membrane Adhesion Molecules (GO:0098742)","9/172",0.0146790020942104,0.68008710811468,0,0,2.4673602668853,10.4155597676012,"CLDN10;LRFN5;NLGN1;CDH23;FAT2;CLDN18;CEACAM8;LRRC4B;ADGRL3"
"Regulation Of Ruffle Assembly (GO:1900027)","3/24",0.0154659820092541,0.68008710811468,0,0,6.34285714285714,26.4440842137451,"KANK1;NLGN1;USP17L2"
"Positive Regulation Of Cellular Response To Transforming Growth Factor Beta Stimulus (GO:1903846)","3/24",0.0154659820092541,0.68008710811468,0,0,6.34285714285714,26.4440842137451,"CDKN1C;TNXB;CITED1"
"Positive Regulation Of Lipid Metabolic Process (GO:0045834)","3/24",0.0154659820092541,0.68008710811468,0,0,6.34285714285714,26.4440842137451,"MLXIPL;SORBS1;PCK1"
"Positive Regulation Of Transforming Growth Factor Beta Receptor Signaling Pathway (GO:0030511)","3/24",0.0154659820092541,0.68008710811468,0,0,6.34285714285714,26.4440842137451,"CDKN1C;TNXB;CITED1"
"Negative Regulation Of Vascular Endothelial Growth Factor Signaling Pathway (GO:1900747)","2/9",0.0158968498609713,0.68008710811468,0,0,12.6660187884678,52.4580180023469,"SEMA6A;SPRY2"
"Nerve Growth Factor Signaling Pathway (GO:0038180)","2/9",0.0158968498609713,0.68008710811468,0,0,12.6660187884678,52.4580180023469,"NTF4;NTF3"
"Extracellular Matrix Organization (GO:0030198)","9/176",0.0168137052524533,0.687403549275395,0,0,2.40776511493143,9.83707109737686,"VIT;ADAMTS5;GSN;HPSE2;ADAMTS18;SPINK5;ADAMTS8;ADAMTS9;MATN2"
"Muscle Contraction (GO:0006936)","6/94",0.0181326724738445,0.687403549275395,0,0,3.0376014146037,12.1809027480409,"SGCA;LMOD1;HRC;MYH11;CRYAB;RYR3"
"Epithelial Cell Migration (GO:0010631)","4/46",0.0186279787235248,0.687403549275395,0,0,4.23364790107387,16.8630031417108,"KANK1;PKN3;DAAM2;FAT2"
"Phenol-Containing Compound Biosynthetic Process (GO:0046189)","2/10",0.0195827161590507,0.687403549275395,0,0,11.0821995464853,43.5874869226131,"OCA2;CITED1"
"Positive Regulation Of Chondrocyte Differentiation (GO:0032332)","2/10",0.0195827161590507,0.687403549275395,0,0,11.0821995464853,43.5874869226131,"ZBTB16;SOX6"
"Induction Of Positive Chemotaxis (GO:0050930)","2/10",0.0195827161590507,0.687403549275395,0,0,11.0821995464853,43.5874869226131,"NTF3;VEGFD"
"Mesonephros Development (GO:0001823)","2/10",0.0195827161590507,0.687403549275395,0,0,11.0821995464853,43.5874869226131,"ZBTB16;FGF10"
"Regulation Of Lipid Biosynthetic Process (GO:0046890)","3/28",0.0234608015180545,0.691571790147271,0,0,5.32690909090909,19.9888229623267,"MLXIPL;SORBS1;PCK1"
"Negative Regulation Of Heart Contraction (GO:0045822)","2/11",0.0235877762578871,0.691571790147271,0,0,9.85034013605442,36.9094870635159,"ATP1A2;SPX"
"Regulation Of Muscle System Process (GO:0090257)","2/11",0.0235877762578871,0.691571790147271,0,0,9.85034013605442,36.9094870635159,"ATP1A2;DMD"
"Tyrosine Metabolic Process (GO:0006570)","2/11",0.0235877762578871,0.691571790147271,0,0,9.85034013605442,36.9094870635159,"OCA2;TAT"
"Negative Regulation Of Cellular Response To Vascular Endothelial Growth Factor Stimulus (GO:1902548)","2/11",0.0235877762578871,0.691571790147271,0,0,9.85034013605442,36.9094870635159,"SEMA6A;SPRY2"
"Cartilage Development (GO:0051216)","4/52",0.0278893593896391,0.691571790147271,0,0,3.70330296127563,13.2560101561712,"NFIB;ZBTB16;HOXD3;SOX6"
"Relaxation Of Cardiac Muscle (GO:0055119)","2/12",0.0278961479866934,0.691571790147271,0,0,8.86485260770975,31.7296714260747,"GSN;ATP1A2"
"Synaptic Membrane Adhesion (GO:0099560)","2/12",0.0278961479866934,0.691571790147271,0,0,8.86485260770975,31.7296714260747,"LRFN5;LRRC4B"
"Positive Regulation Of Sodium Ion Transmembrane Transporter Activity (GO:2000651)","2/12",0.0278961479866934,0.691571790147271,0,0,8.86485260770975,31.7296714260747,"TESC;DMD"
"Myelination In Peripheral Nervous System (GO:0022011)","2/12",0.0278961479866934,0.691571790147271,0,0,8.86485260770975,31.7296714260747,"MYOC;LGI4"
"Embryonic Skeletal System Morphogenesis (GO:0048704)","3/30",0.0281509139989188,0.691571790147271,0,0,4.93181818181818,17.6074562264059,"HOXA3;HOXD3;HOXA4"
"Actin Filament Polymerization (GO:0030041)","3/31",0.0306685269316224,0.691571790147271,0,0,4.75543831168831,16.5704119720004,"GSN;FAM107A;ARHGAP6"
"Negative Regulation Of Cell-Matrix Adhesion (GO:0001953)","3/31",0.0306685269316224,0.691571790147271,0,0,4.75543831168831,16.5704119720004,"MYOC;FAM107A;ARHGAP6"
"Regulation Of Focal Adhesion Assembly (GO:0051893)","4/54",0.0314873538911285,0.691571790147271,0,0,3.55480637813212,12.2931222044327,"SFRP1;MYOC;FAM107A;ARHGAP6"
"ERBB2 Signaling Pathway (GO:0038128)","2/13",0.0324924933708032,0.691571790147271,0,0,8.0585446299732,27.6145871039255,"MYOC;EGFR"
"Cardiac Left Ventricle Morphogenesis (GO:0003214)","2/13",0.0324924933708032,0.691571790147271,0,0,8.0585446299732,27.6145871039255,"NPY5R;NPY2R"
"Relaxation Of Muscle (GO:0090075)","2/13",0.0324924933708032,0.691571790147271,0,0,8.0585446299732,27.6145871039255,"GSN;ATP1A2"
"Response To UV-A (GO:0070141)","2/13",0.0324924933708032,0.691571790147271,0,0,8.0585446299732,27.6145871039255,"MME;EGFR"
"Negative Regulation Of Osteoblast Differentiation (GO:0045668)","3/32",0.0333004696299903,0.691571790147271,0,0,4.59122257053292,15.6201829556703,"GDF10;CITED1;CRIM1"
"Regulation Of Synaptic Transmission, Glutamatergic (GO:0051966)","4/55",0.0333837932027169,0.691571790147271,0,0,3.48492563312341,11.8476484608642,"NLGN1;GRM6;ATP1A2;GRIN2B"
"Regulation Of Non-Canonical Wnt Signaling Pathway (GO:2000050)","2/14",0.037362002411105,0.691571790147271,0,0,7.38662131519274,24.280570823907,"SFRP1;DAAM2"
"Response To Muscle Stretch (GO:0035994)","2/14",0.037362002411105,0.691571790147271,0,0,7.38662131519274,24.280570823907,"GSN;DMD"
"Ethanol Metabolic Process (GO:0006067)","2/14",0.037362002411105,0.691571790147271,0,0,7.38662131519274,24.280570823907,"ADH4;ADH6"
"Cellular Response To Vascular Endothelial Growth Factor Stimulus (GO:0035924)","3/34",0.0389042851325965,0.691571790147271,0,0,4.29457478005865,13.9429849750504,"SEMA6A;SPRY2;VEGFD"
"Embryonic Skeletal System Development (GO:0048706)","3/34",0.0389042851325965,0.691571790147271,0,0,4.29457478005865,13.9429849750504,"HOXA3;HOXD3;HOXA4"
"Glial Cell Differentiation (GO:0010001)","3/34",0.0389042851325965,0.691571790147271,0,0,4.29457478005865,13.9429849750504,"PTPRZ1;NFIB;FGF10"
"Negative Regulation Of Ras Protein Signal Transduction (GO:0046580)","3/34",0.0389042851325965,0.691571790147271,0,0,4.29457478005865,13.9429849750504,"KANK1;MYOC;SPRY2"
"Muscle Organ Development (GO:0007517)","4/58",0.0394652398076858,0.691571790147271,0,0,3.29081245254366,10.6370082667372,"SGCA;DMD;SOX6;KY"
"Positive Regulation Of Canonical Wnt Signaling Pathway (GO:0090263)","5/85",0.0404557468472898,0.691571790147271,0,0,2.77925228310502,8.9145811353602,"KANK1;SFRP1;DAAM2;EGFR;FGF10"
"Epidermis Development (GO:0008544)","5/85",0.0404557468472898,0.691571790147271,0,0,2.77925228310502,8.9145811353602,"NTF4;DCT;SPINK5;LAMA3;KRT14"
"Negative Regulation Of Angiogenesis (GO:0016525)","5/86",0.0422051601636374,0.691571790147271,0,0,2.74479959411466,8.68787477210111,"SEMA6A;TNMD;SPINK5;SPRY2;ADAMTS9"
"Negative Regulation Of Focal Adhesion Assembly (GO:0051895)","2/15",0.0424903773232109,0.691571790147271,0,0,6.81807081807082,21.5347242582593,"FAM107A;ARHGAP6"
"Neurotrophin Signaling Pathway (GO:0038179)","2/15",0.0424903773232109,0.691571790147271,0,0,6.81807081807082,21.5347242582593,"NTF4;NTF3"
"Negative Regulation Of Cell-Substrate Junction Organization (GO:0150118)","2/15",0.0424903773232109,0.691571790147271,0,0,6.81807081807082,21.5347242582593,"FAM107A;ARHGAP6"
"Positive Regulation Of Peptidyl-Serine Phosphorylation (GO:0033138)","5/89",0.0477237662322215,0.691571790147271,0,0,2.64636333985649,8.05109936262652,"NTF4;NTRK3;NTF3;SPRY2;EGFR"
"Regulation Of Presynapse Assembly (GO:1905606)","2/16",0.0478638171743971,0.691571790147271,0,0,6.33074182053774,19.2416278375619,"LRFN5;LRRC4B"
"Regulation Of Presynapse Organization (GO:0099174)","2/16",0.0478638171743971,0.691571790147271,0,0,6.33074182053774,19.2416278375619,"LRFN5;LRRC4B"
"Dicarboxylic Acid Catabolic Process (GO:0043649)","2/16",0.0478638171743971,0.691571790147271,0,0,6.33074182053774,19.2416278375619,"PM20D2;ALDH1L1"
"Regulation Of Peptidyl-Tyrosine Phosphorylation (GO:0050730)","5/90",0.0496537556239139,0.691571790147271,0,0,2.61509535320978,7.85229778242267,"GHR;SFRP1;NTF3;EGFR;FGF10"
"Protein Polymerization (GO:0051258)","4/63",0.0509110214754222,0.691571790147271,0,0,3.0111578703525,8.96625206184685,"GSN;TPPP2;FAM107A;ARHGAP6"
"Connective Tissue Development (GO:0061448)","3/38",0.051442570498904,0.691571790147271,0,0,3.80298701298701,11.2845624034992,"ZBTB16;HOXD3;SOX6"
"Regulation Of Establishment Of Cell Polarity (GO:2000114)","2/17",0.0534690029934403,0.691571790147271,0,0,5.90839002267574,17.303625206656,"KANK1;GSN"
"Regulation Of Oxidative Phosphorylation (GO:0002082)","2/17",0.0534690029934403,0.691571790147271,0,0,5.90839002267574,17.303625206656,"MLXIPL;COX7A1"
"Cellular Response To Glucocorticoid Stimulus (GO:0071385)","2/17",0.0534690029934403,0.691571790147271,0,0,5.90839002267574,17.303625206656,"FAM107A;PCK1"
"Positive Regulation Of Cartilage Development (GO:0061036)","2/17",0.0534690029934403,0.691571790147271,0,0,5.90839002267574,17.303625206656,"ZBTB16;SOX6"
"Positive Regulation Of Fatty Acid Metabolic Process (GO:0045923)","2/17",0.0534690029934403,0.691571790147271,0,0,5.90839002267574,17.303625206656,"MLXIPL;PPARGC1A"
"Extracellular Matrix Assembly (GO:0085029)","2/17",0.0534690029934403,0.691571790147271,0,0,5.90839002267574,17.303625206656,"TNXB;MYH11"
"Positive Regulation Of Stem Cell Differentiation (GO:2000738)","2/17",0.0534690029934403,0.691571790147271,0,0,5.90839002267574,17.303625206656,"TCF15;SOX6"
"Negative Regulation Of Rho Protein Signal Transduction (GO:0035024)","2/17",0.0534690029934403,0.691571790147271,0,0,5.90839002267574,17.303625206656,"KANK1;MYOC"
"Regulation Of Cartilage Development (GO:0061035)","2/17",0.0534690029934403,0.691571790147271,0,0,5.90839002267574,17.303625206656,"ZBTB16;SOX6"
"Regulation Of Monoatomic Cation Transmembrane Transport (GO:1904062)","3/39",0.0548468981604147,0.691571790147271,0,0,3.69715909090909,10.7336279324708,"DPP6;HRC;GRIN2B"
"Positive Regulation Of Lipid Biosynthetic Process (GO:0046889)","3/39",0.0548468981604147,0.691571790147271,0,0,3.69715909090909,10.7336279324708,"MLXIPL;SORBS1;PCK1"
"Cellular Response To Growth Factor Stimulus (GO:0071363)","7/155",0.0574310100849054,0.691571790147271,0,0,2.10548909000744,6.01574210803132,"SFRP1;CLEC3B;SEMA6A;NTRK3;SPRY2;SOX6;EGFR"
"Enzyme-Linked Receptor Protein Signaling Pathway (GO:0007167)","6/124",0.0578626643627365,0.691571790147271,0,0,2.2618391963697,6.44552455294633,"NTF4;NTRK2;NTRK3;NTF3;LIFR;EGFR"
"Regulation Of Cytosolic Calcium Ion Concentration (GO:0051480)","3/40",0.0583561460951412,0.691571790147271,0,0,3.5970515970516,10.2199091646119,"CALB2;CDH23;HRC"
"Regulation Of Oligodendrocyte Differentiation (GO:0048713)","2/18",0.0592930832716992,0.691571790147271,0,0,5.53883219954649,15.6486555684066,"PTPRZ1;DAAM2"
"Response To Ethanol (GO:0045471)","2/18",0.0592930832716992,0.691571790147271,0,0,5.53883219954649,15.6486555684066,"GRIN2B;ADH6"
"Positive Regulation Of Focal Adhesion Assembly (GO:0051894)","2/18",0.0592930832716992,0.691571790147271,0,0,5.53883219954649,15.6486555684066,"SFRP1;MYOC"
"Cell Junction Assembly (GO:0034329)","5/95",0.0599839749561651,0.691571790147271,0,0,2.46917808219178,6.9474716442278,"NLGN1;DNER;PKP1;TLN2;ADGRL3"
"Positive Regulation Of Transmembrane Receptor Protein Serine/Threonine Kinase Signaling Pathway (GO:0090100)","5/95",0.0599839749561651,0.691571790147271,0,0,2.46917808219178,6.9474716442278,"CDKN1C;GDF10;TNXB;CITED1;RNF165"
"Cellular Response To Transforming Growth Factor Beta Stimulus (GO:0071560)","5/96",0.062185965357742,0.691571790147271,0,0,2.44191881178183,6.78273703994183,"GDF10;SFRP1;CLEC3B;CITED1;SOX6"
"Proteolysis (GO:0006508)","12/330",0.0647681985853338,0.691571790147271,0,0,1.68445475638051,4.61025254196436,"PM20D2;ADAMTS5;CAPN11;TINAGL1;MME;TMPRSS5;ADAMTS18;PRSS48;ADAM33;ADAMTS8;ADAMTS9;PAPPA2"
"Negative Regulation Of Peptidyl-Serine Phosphorylation (GO:0033137)","2/19",0.0653236598396217,0.691571790147271,0,0,5.21275176737362,14.2224770465577,"MLXIPL;DMD"
"Calcium-Independent Cell-Cell Adhesion Via Plasma Membrane Cell-Adhesion Molecules (GO:0016338)","2/19",0.0653236598396217,0.691571790147271,0,0,5.21275176737362,14.2224770465577,"CLDN10;CLDN18"
"Oligodendrocyte Differentiation (GO:0048709)","2/19",0.0653236598396217,0.691571790147271,0,0,5.21275176737362,14.2224770465577,"PTPRZ1;SOX6"
"Monoatomic Cation Transport (GO:0006812)","3/42",0.0656827129453306,0.691571790147271,0,0,3.41223776223776,9.29124877279078,"ATP1A2;GRIN2B;TRPM3"
"Skeletal System Morphogenesis (GO:0048705)","3/43",0.0694964916422295,0.691571790147271,0,0,3.32676136363636,8.87073933960899,"HOXA3;HOXD3;HOXA4"
"Negative Regulation Of Epithelial Cell Proliferation (GO:0050680)","4/70",0.0696548222581298,0.691571790147271,0,0,2.69082625802444,7.16890831898503,"CDKN1C;SFRP1;NFIB;TNMD"
"Regulation Of Actin Filament Polymerization (GO:0030833)","4/70",0.0696548222581298,0.691571790147271,0,0,2.69082625802444,7.16890831898503,"KANK1;CDC42EP5;DAAM2;LMOD1"
"Synapse Organization (GO:0050808)","6/131",0.0714657259267199,0.691571790147271,0,0,2.13440732265446,5.63171333822758,"LRFN5;NLGN1;DNER;KY;LRRC4B;ADGRL3"
"Ameboidal-Type Cell Migration (GO:0001667)","2/20",0.0715487741700721,0.691571790147271,0,0,4.92290249433107,12.9835444242663,"PKN3;FAT2"
"Cellular Response To Estradiol Stimulus (GO:0071392)","2/20",0.0715487741700721,0.691571790147271,0,0,4.92290249433107,12.9835444242663,"SFRP1;EGFR"
"Positive Regulation Of Protein Processing (GO:0010954)","2/20",0.0715487741700721,0.691571790147271,0,0,4.92290249433107,12.9835444242663,"CLEC3B;GSN"
"Regulation Of Calcium Ion Transmembrane Transport (GO:1903169)","2/20",0.0715487741700721,0.691571790147271,0,0,4.92290249433107,12.9835444242663,"HRC;ATP1A2"
"Positive Regulation Of Cell-Substrate Adhesion (GO:0010811)","4/71",0.0725857880966333,0.691571790147271,0,0,2.65052867779553,6.95229996580726,"VIT;SFRP1;MYOC;LIMS2"
"Kidney Development (GO:0001822)","4/71",0.0725857880966333,0.691571790147271,0,0,2.65052867779553,6.95229996580726,"CITED1;MME;ZBTB16;FGF10"
"Positive Regulation Of Biosynthetic Process (GO:0009891)","3/44",0.0734081231278533,0.691571790147271,0,0,3.24545454545455,8.47622075290972,"MLXIPL;SORBS1;PCK1"
"Embryonic Organ Morphogenesis (GO:0048562)","3/44",0.0734081231278533,0.691571790147271,0,0,3.24545454545455,8.47622075290972,"HOXA3;HOXD3;HOXA4"
"Positive Regulation Of Heart Contraction (GO:0045823)","2/21",0.0779568941119894,0.691571790147271,0,0,4.66356367108247,11.8995455404831,"HRC;ATP1A2"
"Positive Regulation Of Smoothened Signaling Pathway (GO:0045880)","2/21",0.0779568941119894,0.691571790147271,0,0,4.66356367108247,11.8995455404831,"TTC23;SFRP1"
"Protein Mannosylation (GO:0035268)","2/21",0.0779568941119894,0.691571790147271,0,0,4.66356367108247,11.8995455404831,"DPY19L2;TMTC1"
"Regulation Of Rho Protein Signal Transduction (GO:0035023)","4/73",0.0786328376051067,0.691571790147271,0,0,2.57343765474894,6.54416416463642,"KANK1;GPR17;MYOC;SLC6A2"
"Regulation Of Protein Kinase B Signaling (GO:0051896)","6/136",0.0822146737170489,0.691571790147271,0,0,2.05178665727865,5.12622785790432,"NTRK2;PHLPP1;MYOC;NTRK3;SPRY2;EGFR"
"Regulation Of Neural Precursor Cell Proliferation (GO:2000177)","2/22",0.0845369008541881,0.691571790147271,0,0,4.43015873015873,10.9450045989713,"PTPRZ1;NES"
"Positive Regulation Of Excitatory Postsynaptic Potential (GO:2000463)","2/22",0.0845369008541881,0.691571790147271,0,0,4.43015873015873,10.9450045989713,"NLGN1;GRIN2B"
"Positive Regulation Of Synaptic Transmission, Glutamatergic (GO:0051968)","2/22",0.0845369008541881,0.691571790147271,0,0,4.43015873015873,10.9450045989713,"NLGN1;GRIN2B"
"Positive Regulation Of Neurogenesis (GO:0050769)","4/75",0.0849227554656819,0.691571790147271,0,0,2.50068978793032,6.16673401336557,"NTRK2;MME;DCT;PLXNA4"
"Cognition (GO:0050890)","3/47",0.0857104909573182,0.691571790147271,0,0,3.02370867768595,7.42858714415298,"PTCHD1;FAM107A;SOBP"
"Myelination (GO:0042552)","3/48",0.0899936315083943,0.691571790147271,0,0,2.95636363636364,7.1189720384617,"MYOC;LGI4;PLLP"
"Actin Nucleation (GO:0045010)","2/23",0.0912780764222013,0.691571790147271,0,0,4.21898283122773,10.0995894664324,"WIPF3;LMOD1"
"Positive Regulation Of Cell-Substrate Junction Organization (GO:0150117)","2/23",0.0912780764222013,0.691571790147271,0,0,4.21898283122773,10.0995894664324,"SFRP1;MYOC"
"Negative Regulation Of Actin Filament Polymerization (GO:0030837)","2/23",0.0912780764222013,0.691571790147271,0,0,4.21898283122773,10.0995894664324,"KANK1;GSN"
"Negative Regulation Of Blood Vessel Morphogenesis (GO:2000181)","4/77",0.0914503375015912,0.691571790147271,0,0,2.43192810559491,5.81707283897447,"SEMA6A;TNMD;SPINK5;SPRY2"
"Positive Regulation Of Nervous System Development (GO:0051962)","3/49",0.0943644333096985,0.691571790147271,0,0,2.89194664031621,6.82670333484183,"NLGN1;MME;LRRC4B"
"Positive Regulation Of Wnt Signaling Pathway (GO:0030177)","5/109",0.0948648136420846,0.691571790147271,0,0,2.13525201966983,5.02916423882211,"KANK1;SFRP1;DAAM2;EGFR;FGF10"
"Regulation Of Wnt Signaling Pathway (GO:0030111)","5/109",0.0948648136420846,0.691571790147271,0,0,2.13525201966983,5.02916423882211,"KANK1;SFRP1;CITED1;DAAM2;APCDD1"
"Regulation Of Ryanodine-Sensitive Calcium-Release Channel Activity (GO:0060314)","2/24",0.09817009136173,0.691571790147271,0,0,4.02700474129046,9.34689416863258,"HRC;DMD"
"Response To Purine-Containing Compound (GO:0014074)","2/24",0.09817009136173,0.691571790147271,0,0,4.02700474129046,9.34689416863258,"CITED1;ADORA1"
"Negative Regulation Of Cell Junction Assembly (GO:1901889)","2/24",0.09817009136173,0.691571790147271,0,0,4.02700474129046,9.34689416863258,"FAM107A;ARHGAP6"
"Regulation Of Neuron Differentiation (GO:0045664)","4/79",0.0982098939500431,0.691571790147271,0,0,2.36683371298405,5.49258866944005,"NTF4;NLGN1;NTF3;HOXD3"
"Positive Regulation Of Cytoskeleton Organization (GO:0051495)","4/79",0.0982098939500431,0.691571790147271,0,0,2.36683371298405,5.49258866944005,"GSN;CDC42EP5;LMOD1;NES"
"Plasma Membrane Bounded Cell Projection Morphogenesis (GO:0120039)","3/50",0.0988207313023241,0.691571790147271,0,0,2.83027079303675,6.55051419500798,"NTF4;NLGN1;NTF3"
"Negative Regulation Of Cell Projection Organization (GO:0031345)","3/50",0.0988207313023241,0.691571790147271,0,0,2.83027079303675,6.55051419500798,"KANK1;SPRY2;GRIN2B"
"Transmembrane Receptor Protein Tyrosine Kinase Signaling Pathway (GO:0007169)","10/284",0.101452816243344,0.691571790147271,0,0,1.62530975539859,3.718971131782,"NTF4;GHR;KL;NTRK2;NTRK3;NTF3;VEGFD;SORBS1;KALRN;EGFR"
"Regulation Of Stress-Activated MAPK Cascade (GO:0032872)","3/51",0.103360329214685,0.691571790147271,0,0,2.77116477272727,6.28925282046843,"PHLPP1;IGFBP6;EGFR"
"Regulation Of Substrate Adhesion-Dependent Cell Spreading (GO:1900024)","3/51",0.103360329214685,0.691571790147271,0,0,2.77116477272727,6.28925282046843,"KANK1;MYOC;LIMS2"
"Regulation Of Synapse Assembly (GO:0051963)","3/51",0.103360329214685,0.691571790147271,0,0,2.77116477272727,6.28925282046843,"NLGN1;LRFN5;LRRC4B"
"Positive Regulation Of Ras Protein Signal Transduction (GO:0046579)","3/51",0.103360329214685,0.691571790147271,0,0,2.77116477272727,6.28925282046843,"GPR17;SLC6A2;FGF10"
"Regulation Of Chondrocyte Differentiation (GO:0032330)","2/25",0.105202992914423,0.691571790147271,0,0,3.85172039830425,8.67354869010365,"ZBTB16;SOX6"
"Activation Of Protein Kinase B Activity (GO:0032148)","2/25",0.105202992914423,0.691571790147271,0,0,3.85172039830425,8.67354869010365,"NTRK3;NTF3"
"Negative Regulation Of Stress Fiber Assembly (GO:0051497)","2/25",0.105202992914423,0.691571790147271,0,0,3.85172039830425,8.67354869010365,"MYOC;ARHGAP6"
"Regulation Of Myelination (GO:0031641)","2/25",0.105202992914423,0.691571790147271,0,0,3.85172039830425,8.67354869010365,"PTPRZ1;LGI4"
"Inner Ear Morphogenesis (GO:0042472)","2/25",0.105202992914423,0.691571790147271,0,0,3.85172039830425,8.67354869010365,"SOBP;TBX18"
"Metanephros Development (GO:0001656)","2/25",0.105202992914423,0.691571790147271,0,0,3.85172039830425,8.67354869010365,"CITED1;FGF10"
"ERBB2-EGFR Signaling Pathway (GO:0038134)","1/5",0.105961056197431,0.691571790147271,0,0,11.0593891402715,24.8248299460988,"EGFR"
"Negative Regulation Of Lamellipodium Organization (GO:1902744)","1/5",0.105961056197431,0.691571790147271,0,0,11.0593891402715,24.8248299460988,"KANK1"
"Negative Regulation Of Lens Fiber Cell Differentiation (GO:1902747)","1/5",0.105961056197431,0.691571790147271,0,0,11.0593891402715,24.8248299460988,"SPRY2"
"Regulation Of Establishment Of T Cell Polarity (GO:1903903)","1/5",0.105961056197431,0.691571790147271,0,0,11.0593891402715,24.8248299460988,"GSN"
"Regulation Of Excitatory Synapse Assembly (GO:1904889)","1/5",0.105961056197431,0.691571790147271,0,0,11.0593891402715,24.8248299460988,"LRRC4B"
"L-phenylalanine Catabolic Process (GO:0006559)","1/5",0.105961056197431,0.691571790147271,0,0,11.0593891402715,24.8248299460988,"TAT"
"L-phenylalanine Metabolic Process (GO:0006558)","1/5",0.105961056197431,0.691571790147271,0,0,11.0593891402715,24.8248299460988,"TAT"
"Negative Regulation Of Protein Targeting To Membrane (GO:0090315)","1/5",0.105961056197431,0.691571790147271,0,0,11.0593891402715,24.8248299460988,"USP17L2"
"Regulation Of Mast Cell Chemotaxis (GO:0060753)","1/5",0.105961056197431,0.691571790147271,0,0,11.0593891402715,24.8248299460988,"VEGFD"
"Ammonium Homeostasis (GO:0097272)","1/5",0.105961056197431,0.691571790147271,0,0,11.0593891402715,24.8248299460988,"RHAG"
"Neurotransmitter-Gated Ion Channel Clustering (GO:0072578)","1/5",0.105961056197431,0.691571790147271,0,0,11.0593891402715,24.8248299460988,"NLGN1"
"Regulation Of Nitric Oxide Mediated Signal Transduction (GO:0010749)","1/5",0.105961056197431,0.691571790147271,0,0,11.0593891402715,24.8248299460988,"EGFR"
"Regulation Of Peptidyl-Cysteine S-nitrosylation (GO:2000169)","1/5",0.105961056197431,0.691571790147271,0,0,11.0593891402715,24.8248299460988,"DMD"
"Bradykinin Catabolic Process (GO:0010815)","1/5",0.105961056197431,0.691571790147271,0,0,11.0593891402715,24.8248299460988,"MME"
"Regulation Of Relaxation Of Cardiac Muscle (GO:1901897)","1/5",0.105961056197431,0.691571790147271,0,0,11.0593891402715,24.8248299460988,"HRC"
"Regulation Of Renal Sodium Excretion (GO:0035813)","1/5",0.105961056197431,0.691571790147271,0,0,11.0593891402715,24.8248299460988,"SPX"
"Cellular Response To Magnesium Ion (GO:0071286)","1/5",0.105961056197431,0.691571790147271,0,0,11.0593891402715,24.8248299460988,"RYR3"
"Choline Metabolic Process (GO:0019695)","1/5",0.105961056197431,0.691571790147271,0,0,11.0593891402715,24.8248299460988,"ENPP6"
"Response To Heparin (GO:0071503)","1/5",0.105961056197431,0.691571790147271,0,0,11.0593891402715,24.8248299460988,"SFRP1"
"Short-Chain Fatty Acid Catabolic Process (GO:0019626)","1/5",0.105961056197431,0.691571790147271,0,0,11.0593891402715,24.8248299460988,"PCK1"
"Positive Regulation Of Extrinsic Apoptotic Signaling Pathway Via Death Domain Receptors (GO:1902043)","1/5",0.105961056197431,0.691571790147271,0,0,11.0593891402715,24.8248299460988,"SFRP1"
"Epithelial Tube Branching Involved In Lung Morphogenesis (GO:0060441)","1/5",0.105961056197431,0.691571790147271,0,0,11.0593891402715,24.8248299460988,"FGF10"
"Positive Regulation Of Granulocyte Differentiation (GO:0030854)","1/5",0.105961056197431,0.691571790147271,0,0,11.0593891402715,24.8248299460988,"TESC"
"Erythrose 4-Phosphate/Phosphoenolpyruvate Family Amino Acid Catabolic Process (GO:1902222)","1/5",0.105961056197431,0.691571790147271,0,0,11.0593891402715,24.8248299460988,"TAT"
"Striated Muscle Hypertrophy (GO:0014897)","1/5",0.105961056197431,0.691571790147271,0,0,11.0593891402715,24.8248299460988,"MYOC"
"Hepatocyte Differentiation (GO:0070365)","1/5",0.105961056197431,0.691571790147271,0,0,11.0593891402715,24.8248299460988,"PCK1"
"Protein C-linked Glycosylation Via 2'-alpha-mannosyl-L-tryptophan (GO:0018406)","1/5",0.105961056197431,0.691571790147271,0,0,11.0593891402715,24.8248299460988,"DPY19L2"
"Protein C-linked Glycosylation Via Tryptophan (GO:0018317)","1/5",0.105961056197431,0.691571790147271,0,0,11.0593891402715,24.8248299460988,"DPY19L2"
"Negative Regulation Of Cardiac Muscle Cell Differentiation (GO:2000726)","1/5",0.105961056197431,0.691571790147271,0,0,11.0593891402715,24.8248299460988,"SOX6"
"Fatty Acid Oxidation (GO:0019395)","3/52",0.10798100384017,0.691571790147271,0,0,2.71447124304267,6.04186997793476,"ADH4;ECHDC2;PPARGC1A"
"Cellular Response To Organic Substance (GO:0071310)","4/82",0.10877065013195,0.691571790147271,0,0,2.27545120028036,5.0481197542705,"GHR;CLEC3B;MME;AKAP6"
"Regulation Of MAP Kinase Activity (GO:0043405)","5/114",0.109369061660125,0.691571790147271,0,0,2.03678103137698,4.50745188229715,"GHR;NTRK3;NTF3;SPRY2;EGFR"
"Positive Regulation Of Macromolecule Metabolic Process (GO:0010604)","12/364",0.112059574660632,0.691571790147271,0,0,1.51906243408564,3.32480936777612,"NTRK2;GSN;RHOXF1;CITED1;TESC;NTRK3;PKP1;SPRY2;HOXD3;PPARGC1A;POU3F3;FGF10"
"Cardiac Muscle Cell Development (GO:0055013)","2/26",0.112367193468879,0.691571790147271,0,0,3.69104308390023,8.06855838293022,"MYH11;SORBS2"
"Actin Polymerization Or Depolymerization (GO:0008154)","3/53",0.112680509082549,0.691571790147271,0,0,2.66004545454545,5.80740809228215,"GSN;FAM107A;ARHGAP6"
"Negative Regulation Of Protein Phosphorylation (GO:0001933)","6/149",0.114091173019885,0.691571790147271,0,0,1.86401241778816,4.04631872517878,"MLXIPL;SFRP1;NTRK3;NTF3;SPRY2;DMD"
"Skeletal System Development (GO:0001501)","6/149",0.114091173019885,0.691571790147271,0,0,1.86401241778816,4.04631872517878,"GDF10;MYOC;ZBTB16;ALX4;HOXD3;SOX6"
"Neuron Development (GO:0048666)","6/150",0.116770653445355,0.691571790147271,0,0,1.85097254004577,3.97504403762575,"NTRK2;NLGN1;TNXB;MYOC;LGI4;DMD"
"Activation Of Phospholipase C Activity (GO:0007202)","2/27",0.119653459249382,0.691571790147271,0,0,3.54321995464853,7.5228071244892,"ARHGAP6;EGFR"
"Regulation Of Kinase Activity (GO:0043549)","4/85",0.119817084093734,0.691571790147271,0,0,2.19083776259175,4.64849546182582,"CDKN1C;NTRK2;NTRK3;EGFR"
"Regulation Of Intracellular Signal Transduction (GO:1902531)","10/297",0.125438134997648,0.691571790147271,0,0,1.55064335202903,3.219046576649,"NTRK2;NLGN1;PHLPP1;MYOC;NTRK3;AKAP6;KALRN;ARHGAP6;SLC6A2;EGFR"
"Negative Regulation Of Dendritic Spine Development (GO:0061000)","1/6",0.125768940001691,0.691571790147271,0,0,8.84705882352941,18.3426854882491,"NLGN1"
"Regulation Of Collagen Fibril Organization (GO:1904026)","1/6",0.125768940001691,0.691571790147271,0,0,8.84705882352941,18.3426854882491,"TNXB"
"Negative Regulation Of Heart Rate (GO:0010459)","1/6",0.125768940001691,0.691571790147271,0,0,8.84705882352941,18.3426854882491,"SPX"
"Negative Regulation Of Hematopoietic Progenitor Cell Differentiation (GO:1901533)","1/6",0.125768940001691,0.691571790147271,0,0,8.84705882352941,18.3426854882491,"TCF15"
"Regulation Of Digestive System Process (GO:0044058)","1/6",0.125768940001691,0.691571790147271,0,0,8.84705882352941,18.3426854882491,"FGF10"
"Negative Regulation Of Lymphocyte Differentiation (GO:0045620)","1/6",0.125768940001691,0.691571790147271,0,0,8.84705882352941,18.3426854882491,"SFRP1"
"Regulation Of Lens Fiber Cell Differentiation (GO:1902746)","1/6",0.125768940001691,0.691571790147271,0,0,8.84705882352941,18.3426854882491,"SPRY2"
"Negative Regulation Of Ruffle Assembly (GO:1900028)","1/6",0.125768940001691,0.691571790147271,0,0,8.84705882352941,18.3426854882491,"KANK1"
"Norepinephrine Transport (GO:0015874)","1/6",0.125768940001691,0.691571790147271,0,0,8.84705882352941,18.3426854882491,"SLC6A2"
"Cardiac Pacemaker Cell Development (GO:0060926)","1/6",0.125768940001691,0.691571790147271,0,0,8.84705882352941,18.3426854882491,"TBX18"
"Catecholamine Uptake (GO:0090493)","1/6",0.125768940001691,0.691571790147271,0,0,8.84705882352941,18.3426854882491,"SLC6A2"
"Regulation Of Saliva Secretion (GO:0046877)","1/6",0.125768940001691,0.691571790147271,0,0,8.84705882352941,18.3426854882491,"FGF10"
"Regulation Of Skeletal Muscle Contraction (GO:0014819)","1/6",0.125768940001691,0.691571790147271,0,0,8.84705882352941,18.3426854882491,"DMD"
"Cellular Response To Caffeine (GO:0071313)","1/6",0.125768940001691,0.691571790147271,0,0,8.84705882352941,18.3426854882491,"RYR3"
"Regulation Of Systemic Arterial Blood Pressure By Renin-Angiotensin (GO:0003081)","1/6",0.125768940001691,0.691571790147271,0,0,8.84705882352941,18.3426854882491,"ACE2"
"Cellular Response To Prostaglandin E Stimulus (GO:0071380)","1/6",0.125768940001691,0.691571790147271,0,0,8.84705882352941,18.3426854882491,"SFRP1"
"Release Of Sequestered Calcium Ion Into Cytosol By Sarcoplasmic Reticulum (GO:0014808)","1/6",0.125768940001691,0.691571790147271,0,0,8.84705882352941,18.3426854882491,"RYR3"
"Response To Caffeine (GO:0031000)","1/6",0.125768940001691,0.691571790147271,0,0,8.84705882352941,18.3426854882491,"RYR3"
"Positive Regulation Of Cysteine-Type Endopeptidase Activity Involved In Apoptotic Signaling Pathway (GO:2001269)","1/6",0.125768940001691,0.691571790147271,0,0,8.84705882352941,18.3426854882491,"GSN"
"Positive Regulation Of Fibroblast Apoptotic Process (GO:2000271)","1/6",0.125768940001691,0.691571790147271,0,0,8.84705882352941,18.3426854882491,"SFRP1"
"Excitatory Chemical Synaptic Transmission (GO:0098976)","1/6",0.125768940001691,0.691571790147271,0,0,8.84705882352941,18.3426854882491,"GRIN2B"
"Synaptic Transmission, Dopaminergic (GO:0001963)","1/6",0.125768940001691,0.691571790147271,0,0,8.84705882352941,18.3426854882491,"SLC6A2"
"Positive Regulation Of Membrane Depolarization (GO:1904181)","1/6",0.125768940001691,0.691571790147271,0,0,8.84705882352941,18.3426854882491,"MYOC"
"Positive Regulation Of Multicellular Organism Growth (GO:0040018)","1/6",0.125768940001691,0.691571790147271,0,0,8.84705882352941,18.3426854882491,"GHR"
"Ureter Development (GO:0072189)","1/6",0.125768940001691,0.691571790147271,0,0,8.84705882352941,18.3426854882491,"TBX18"
"Positive Regulation Of Neurotransmitter Secretion (GO:0001956)","1/6",0.125768940001691,0.691571790147271,0,0,8.84705882352941,18.3426854882491,"NLGN1"
"Metanephric Nephron Tubule Development (GO:0072234)","1/6",0.125768940001691,0.691571790147271,0,0,8.84705882352941,18.3426854882491,"POU3F3"
"Regulation Of MDA-5 Signaling Pathway (GO:0039533)","1/6",0.125768940001691,0.691571790147271,0,0,8.84705882352941,18.3426854882491,"USP17L2"
"Regulation Of SA Node Cell Action Potential (GO:0098907)","1/6",0.125768940001691,0.691571790147271,0,0,8.84705882352941,18.3426854882491,"TBX18"
"Regulation Of Monoatomic Ion Transport (GO:0043269)","2/28",0.127052899468191,0.691571790147271,0,0,3.40676783533926,7.0286790145206,"CLDN10;KCNJ16"
"Regulation Of Protein Transport (GO:0051223)","2/28",0.127052899468191,0.691571790147271,0,0,3.40676783533926,7.0286790145206,"SH3TC2;SAA1"
"Negative Regulation Of Actin Filament Bundle Assembly (GO:0032232)","2/28",0.127052899468191,0.691571790147271,0,0,3.40676783533926,7.0286790145206,"MYOC;ARHGAP6"
"Striated Muscle Contraction (GO:0006941)","3/57",0.132221324019128,0.691571790147271,0,0,2.4625,4.98232223104492,"ATP1A2;DMD;RYR3"
"Regulation Of Monoatomic Ion Transmembrane Transport (GO:0034765)","2/29",0.134556955730548,0.691571790147271,0,0,3.28042328042328,6.57976708081829,"KCNJ16;GRIN2B"
"Cardiac Muscle Cell Action Potential (GO:0086001)","2/29",0.134556955730548,0.691571790147271,0,0,3.28042328042328,6.57976708081829,"ATP1A2;DMD"
"Regulation Of Striated Muscle Contraction (GO:0006942)","2/29",0.134556955730548,0.691571790147271,0,0,3.28042328042328,6.57976708081829,"ATP1A2;DMD"
"Chondrocyte Differentiation (GO:0002062)","2/29",0.134556955730548,0.691571790147271,0,0,3.28042328042328,6.57976708081829,"NFIB;SOX6"
"Response To Alcohol (GO:0097305)","2/29",0.134556955730548,0.691571790147271,0,0,3.28042328042328,6.57976708081829,"GRIN2B;ADH6"
"Positive Regulation Of Neural Precursor Cell Proliferation (GO:2000179)","2/29",0.134556955730548,0.691571790147271,0,0,3.28042328042328,6.57976708081829,"DCT;NES"
"Memory (GO:0007613)","3/58",0.137280749171465,0.691571790147271,0,0,2.41760330578512,4.80070060927556,"NTF4;NTF3;VLDLR"
"Regulation Of Phosphatidylinositol 3-Kinase Signaling (GO:0014066)","4/90",0.139240910605125,0.691571790147271,0,0,2.06293372887641,4.06717632526274,"NTRK2;MYOC;NTRK3;EGFR"
"Negative Regulation Of Epithelial To Mesenchymal Transition (GO:0010719)","2/30",0.142157391667252,0.691571790147271,0,0,3.16310333657272,6.17064665284812,"SFRP1;SPRY2"
"Negative Regulation Of Peptidyl-Tyrosine Phosphorylation (GO:0050732)","2/30",0.142157391667252,0.691571790147271,0,0,3.16310333657272,6.17064665284812,"SFRP1;NTF3"
"Anterior/Posterior Pattern Specification (GO:0009952)","3/59",0.142405250373247,0.691571790147271,0,0,2.37431006493506,4.62771648641322,"HOXA3;HOXD3;HOXA4"
"Regulation Of Epithelial Cell Proliferation (GO:0050678)","4/91",0.14326904226253,0.691571790147271,0,0,2.03911711570183,3.9620677723998,"CDKN1C;SFRP1;EGFR;FGF10"
"Positive Regulation Of MAP Kinase Activity (GO:0043406)","4/91",0.14326904226253,0.691571790147271,0,0,2.03911711570183,3.9620677723998,"GHR;NTRK3;NTF3;EGFR"
"Response To Cytokine (GO:0034097)","5/125",0.144749679651587,0.691571790147271,0,0,1.8490296803653,3.57371096027806,"CITED1;MME;ALDH1A2;LIFR;AKAP6"
"Negative Regulation Of Intracellular Transport (GO:0032387)","1/7",0.145138940309084,0.691571790147271,0,0,7.37217194570136,14.2287620989417,"CRYAB"
"Negative Regulation Of Osteoblast Proliferation (GO:0033689)","1/7",0.145138940309084,0.691571790147271,0,0,7.37217194570136,14.2287620989417,"SFRP1"
"Regulation Of Mesenchymal Stem Cell Differentiation (GO:2000739)","1/7",0.145138940309084,0.691571790147271,0,0,7.37217194570136,14.2287620989417,"SOX6"
"Regulation Of Microvillus Organization (GO:0032530)","1/7",0.145138940309084,0.691571790147271,0,0,7.37217194570136,14.2287620989417,"CDHR5"
"Neuron Projection Arborization (GO:0140058)","1/7",0.145138940309084,0.691571790147271,0,0,7.37217194570136,14.2287620989417,"NLGN1"
"Regulation Of Positive Chemotaxis (GO:0050926)","1/7",0.145138940309084,0.691571790147271,0,0,7.37217194570136,14.2287620989417,"NTRK3"
"Catecholamine Catabolic Process (GO:0042424)","1/7",0.145138940309084,0.691571790147271,0,0,7.37217194570136,14.2287620989417,"MAOA"
"Catecholamine Transport (GO:0051937)","1/7",0.145138940309084,0.691571790147271,0,0,7.37217194570136,14.2287620989417,"SLC6A2"
"Regulation Of Transforming Growth Factor Beta Activation (GO:1901388)","1/7",0.145138940309084,0.691571790147271,0,0,7.37217194570136,14.2287620989417,"TNXB"
"Release Of Sequestered Calcium Ion Into Cytosol By Endoplasmic Reticulum (GO:1903514)","1/7",0.145138940309084,0.691571790147271,0,0,7.37217194570136,14.2287620989417,"RYR3"
"Response To Auditory Stimulus (GO:0010996)","1/7",0.145138940309084,0.691571790147271,0,0,7.37217194570136,14.2287620989417,"ATP1A2"
"Dopamine Catabolic Process (GO:0042420)","1/7",0.145138940309084,0.691571790147271,0,0,7.37217194570136,14.2287620989417,"MAOA"
"Dopamine Uptake (GO:0090494)","1/7",0.145138940309084,0.691571790147271,0,0,7.37217194570136,14.2287620989417,"SLC6A2"
"Sinoatrial Node Development (GO:0003163)","1/7",0.145138940309084,0.691571790147271,0,0,7.37217194570136,14.2287620989417,"TBX18"
"Positive Regulation Of Gluconeogenesis (GO:0045722)","1/7",0.145138940309084,0.691571790147271,0,0,7.37217194570136,14.2287620989417,"PPARGC1A"
"Taurine Metabolic Process (GO:0019530)","1/7",0.145138940309084,0.691571790147271,0,0,7.37217194570136,14.2287620989417,"GHR"
"Fructose Metabolic Process (GO:0006000)","1/7",0.145138940309084,0.691571790147271,0,0,7.37217194570136,14.2287620989417,"ALDOC"
"Thyroid Gland Development (GO:0030878)","1/7",0.145138940309084,0.691571790147271,0,0,7.37217194570136,14.2287620989417,"HOXD3"
"Hair Cell Differentiation (GO:0035315)","1/7",0.145138940309084,0.691571790147271,0,0,7.37217194570136,14.2287620989417,"SPINK5"
"Positive Regulation Of Oligodendrocyte Differentiation (GO:0048714)","1/7",0.145138940309084,0.691571790147271,0,0,7.37217194570136,14.2287620989417,"PTPRZ1"
"Positive Regulation Of Plasminogen Activation (GO:0010756)","1/7",0.145138940309084,0.691571790147271,0,0,7.37217194570136,14.2287620989417,"CLEC3B"
"Positive Regulation Of Synaptic Transmission, GABAergic (GO:0032230)","1/7",0.145138940309084,0.691571790147271,0,0,7.37217194570136,14.2287620989417,"NLGN1"
"Intracellular pH Elevation (GO:0051454)","1/7",0.145138940309084,0.691571790147271,0,0,7.37217194570136,14.2287620989417,"OCA2"
"Positive Regulation Of Vascular Endothelial Growth Factor Signaling Pathway (GO:1900748)","1/7",0.145138940309084,0.691571790147271,0,0,7.37217194570136,14.2287620989417,"TNXB"
"Postsynaptic Density Organization (GO:0097106)","1/7",0.145138940309084,0.691571790147271,0,0,7.37217194570136,14.2287620989417,"NLGN1"
"Postsynaptic Membrane Assembly (GO:0097104)","1/7",0.145138940309084,0.691571790147271,0,0,7.37217194570136,14.2287620989417,"NLGN1"
"Negative Regulation Of RNA Catabolic Process (GO:1902369)","1/7",0.145138940309084,0.691571790147271,0,0,7.37217194570136,14.2287620989417,"PKP1"
"Negative Regulation Of Appetite (GO:0032099)","1/7",0.145138940309084,0.691571790147271,0,0,7.37217194570136,14.2287620989417,"SPX"
"Positive Regulation Of Neuron Projection Development (GO:0010976)","4/92",0.147342647085049,0.691571790147271,0,0,2.01584178919031,3.86032588284936,"NTRK2;NLGN1;NTRK3;VLDLR"
"Regulation Of Long-Term Synaptic Potentiation (GO:1900271)","2/31",0.149846282951578,0.691571790147271,0,0,3.05387442333255,5.79669735490061,"CALB2;FAM107A"
"Positive Regulation Of G1/S Transition Of Mitotic Cell Cycle (GO:1900087)","2/31",0.149846282951578,0.691571790147271,0,0,3.05387442333255,5.79669735490061,"EGFR;FGF10"
"Positive Regulation Of Rho Protein Signal Transduction (GO:0035025)","2/31",0.149846282951578,0.691571790147271,0,0,3.05387442333255,5.79669735490061,"GPR17;SLC6A2"
"Response To Estradiol (GO:0032355)","2/31",0.149846282951578,0.691571790147271,0,0,3.05387442333255,5.79669735490061,"SFRP1;EGFR"
"Presynaptic Endocytosis (GO:0140238)","2/31",0.149846282951578,0.691571790147271,0,0,3.05387442333255,5.79669735490061,"NLGN1;SYT2"
"Modulation Of Excitatory Postsynaptic Potential (GO:0098815)","2/31",0.149846282951578,0.691571790147271,0,0,3.05387442333255,5.79669735490061,"NLGN1;GRIN2B"
"Positive Regulation Of Cell Migration (GO:0030335)","9/272",0.151590387480105,0.691571790147271,0,0,1.52131555430954,2.87007317618254,"SEMA6A;MYOC;DAAM2;NTRK3;NTF3;FAM107A;SPRY2;EGFR;FGF10"
"Anterograde Trans-Synaptic Signaling (GO:0098916)","7/199",0.154095646900155,0.691571790147271,0,0,1.61930189220183,3.02838890417372,"NLGN1;PTCHD1;NPY5R;KCNC4;GRIN2B;SLC6A2;SYN2"
"Gluconeogenesis (GO:0006094)","2/32",0.157616007606927,0.691571790147271,0,0,2.95192743764172,5.45396205136605,"PCK1;PPARGC1A"
"Positive Regulation Of Synapse Assembly (GO:0051965)","2/32",0.157616007606927,0.691571790147271,0,0,2.95192743764172,5.45396205136605,"NLGN1;LRRC4B"
"Muscle Cell Development (GO:0055001)","2/32",0.157616007606927,0.691571790147271,0,0,2.95192743764172,5.45396205136605,"DMD;MYH11"
"Regulation Of Calcium Ion Transmembrane Transporter Activity (GO:1901019)","2/32",0.157616007606927,0.691571790147271,0,0,2.95192743764172,5.45396205136605,"HRC;DMD"
"Positive Regulation Of Supramolecular Fiber Organization (GO:1902905)","4/96",0.164071298949867,0.691571790147271,0,0,1.92780033673368,3.48441080756364,"TNXB;GSN;CDC42EP5;LMOD1"
"Regulation Of Dendritic Spine Maintenance (GO:1902950)","1/8",0.164080715199804,0.691571790147271,0,0,6.31868131868132,11.4203644359136,"GRIN2B"
"Negative Regulation Of Long-Term Synaptic Potentiation (GO:1900272)","1/8",0.164080715199804,0.691571790147271,0,0,6.31868131868132,11.4203644359136,"FAM107A"
"Regulation Of Fibroblast Apoptotic Process (GO:2000269)","1/8",0.164080715199804,0.691571790147271,0,0,6.31868131868132,11.4203644359136,"SFRP1"
"Regulation Of Gap Junction Assembly (GO:1903596)","1/8",0.164080715199804,0.691571790147271,0,0,6.31868131868132,11.4203644359136,"ACE2"
"Angiotensin Maturation (GO:0002003)","1/8",0.164080715199804,0.691571790147271,0,0,6.31868131868132,11.4203644359136,"ACE2"
"Neuronal Ion Channel Clustering (GO:0045161)","1/8",0.164080715199804,0.691571790147271,0,0,6.31868131868132,11.4203644359136,"MYOC"
"Nicotinamide Nucleotide Biosynthetic Process (GO:0019359)","1/8",0.164080715199804,0.691571790147271,0,0,6.31868131868132,11.4203644359136,"NMNAT2"
"Brown Fat Cell Differentiation (GO:0050873)","1/8",0.164080715199804,0.691571790147271,0,0,6.31868131868132,11.4203644359136,"PPARGC1A"
"Regulation Of Podosome Assembly (GO:0071801)","1/8",0.164080715199804,0.691571790147271,0,0,6.31868131868132,11.4203644359136,"GSN"
"Positive Regulation Of ATP Biosynthetic Process (GO:2001171)","1/8",0.164080715199804,0.691571790147271,0,0,6.31868131868132,11.4203644359136,"PPARGC1A"
"Commissural Neuron Axon Guidance (GO:0071679)","1/8",0.164080715199804,0.691571790147271,0,0,6.31868131868132,11.4203644359136,"NFIB"
"Positive Regulation Of Blood Pressure (GO:0045777)","1/8",0.164080715199804,0.691571790147271,0,0,6.31868131868132,11.4203644359136,"SPX"
"Positive Regulation Of Calcium Ion Import Across Plasma Membrane (GO:1905665)","1/8",0.164080715199804,0.691571790147271,0,0,6.31868131868132,11.4203644359136,"GRM6"
"Response To Magnesium Ion (GO:0032026)","1/8",0.164080715199804,0.691571790147271,0,0,6.31868131868132,11.4203644359136,"RYR3"
"Response To Vitamin D (GO:0033280)","1/8",0.164080715199804,0.691571790147271,0,0,6.31868131868132,11.4203644359136,"SFRP1"
"Semaphorin-Plexin Signaling Pathway Involved In Axon Guidance (GO:1902287)","1/8",0.164080715199804,0.691571790147271,0,0,6.31868131868132,11.4203644359136,"PLXNA4"
"Skeletal Myofibril Assembly (GO:0014866)","1/8",0.164080715199804,0.691571790147271,0,0,6.31868131868132,11.4203644359136,"MYH11"
"Positive Regulation Of Epithelial Cell Proliferation Involved In Wound Healing (GO:0060054)","1/8",0.164080715199804,0.691571790147271,0,0,6.31868131868132,11.4203644359136,"FGF10"
"Fructose 1,6-Bisphosphate Metabolic Process (GO:0030388)","1/8",0.164080715199804,0.691571790147271,0,0,6.31868131868132,11.4203644359136,"ALDOC"
"Positive Regulation Of Megakaryocyte Differentiation (GO:0045654)","1/8",0.164080715199804,0.691571790147271,0,0,6.31868131868132,11.4203644359136,"TESC"
"Positive Regulation Of Memory T Cell Differentiation (GO:0043382)","1/8",0.164080715199804,0.691571790147271,0,0,6.31868131868132,11.4203644359136,"PCK1"
"Tricarboxylic Acid Metabolic Process (GO:0072350)","1/8",0.164080715199804,0.691571790147271,0,0,6.31868131868132,11.4203644359136,"PCK1"
"Intermembrane Lipid Transfer (GO:0120009)","1/8",0.164080715199804,0.691571790147271,0,0,6.31868131868132,11.4203644359136,"TTPA"
"Presynaptic Membrane Assembly (GO:0097105)","1/8",0.164080715199804,0.691571790147271,0,0,6.31868131868132,11.4203644359136,"NLGN1"
"Regulation Of Angiotensin Levels In Blood (GO:0002002)","1/8",0.164080715199804,0.691571790147271,0,0,6.31868131868132,11.4203644359136,"ACE2"
"Negative Regulation Of Cytoplasmic Translation (GO:2000766)","1/8",0.164080715199804,0.691571790147271,0,0,6.31868131868132,11.4203644359136,"NMNAT2"
"Cardiac Muscle Contraction (GO:0060048)","2/33",0.165459236516943,0.691571790147271,0,0,2.85655767683417,5.13903415578566,"GSN;DMD"
"Regulation Of Protein Polymerization (GO:0032271)","2/33",0.165459236516943,0.691571790147271,0,0,2.85655767683417,5.13903415578566,"TPPP2;DAAM2"
"Epithelial Cell Differentiation (GO:0030855)","5/132",0.169511578088778,0.691571790147271,0,0,1.74648545644123,3.09972185100716,"CITED1;SPINK5;KRT14;ALDOC;PCK1"
"Regulation Of Angiogenesis (GO:0045765)","7/205",0.171071933516479,0.691571790147271,0,0,1.56974562135113,2.77165455189784,"SFRP1;SEMA6A;HSPB6;TNMD;SPINK5;SPRY2;VEGFD"
"Brain Development (GO:0007420)","6/169",0.17330305986737,0.691571790147271,0,0,1.63361457792253,2.86325820353612,"NFIB;PHGDH;SOX6;GRIN2B;NES;ADGRL3"
"Cellular Response To Glucose Stimulus (GO:0071333)","2/34",0.173368924154649,0.691571790147271,0,0,2.7671485260771,4.84896691088602,"MLXIPL;PCK1"
"Response To Estrogen (GO:0043627)","2/34",0.173368924154649,0.691571790147271,0,0,2.7671485260771,4.84896691088602,"SFRP1;CITED1"
"Semaphorin-Plexin Signaling Pathway (GO:0071526)","2/34",0.173368924154649,0.691571790147271,0,0,2.7671485260771,4.84896691088602,"SEMA6A;PLXNA4"
"Negative Regulation Of Cell Differentiation (GO:0045596)","7/207",0.176905670738026,0.691571790147271,0,0,1.5538876146789,2.69154875186804,"GDF10;SFRP1;CITED1;ZBTB16;CRIM1;SPRY2;EGFR"
"Metal Ion Transport (GO:0030001)","6/171",0.179823773345858,0.691571790147271,0,0,1.61364676513418,2.76865953003934,"KCNC4;CDH23;KCNQ4;KCNJ16;ATP1A2;RYR3"
"Cellular Response To BMP Stimulus (GO:0071773)","3/66",0.179905604557436,0.691571790147271,0,0,2.10974025974026,3.6188859594336,"GDF10;SFRP1;RGMA"
"Cellular Response To Metal Ion (GO:0071248)","5/135",0.180599935558767,0.691571790147271,0,0,1.70591851071303,2.91963005060638,"NLGN1;SYT2;MT1L;RYR3;EGFR"
"Glutamate Receptor Signaling Pathway (GO:0007215)","2/35",0.181338299877292,0.691571790147271,0,0,2.68315811172954,4.58119982946542,"GRM6;GRIN2B"
"Hexose Biosynthetic Process (GO:0019319)","2/35",0.181338299877292,0.691571790147271,0,0,2.68315811172954,4.58119982946542,"PCK1;PPARGC1A"
"Positive Regulation Of Substrate Adhesion-Dependent Cell Spreading (GO:1900026)","2/35",0.181338299877292,0.691571790147271,0,0,2.68315811172954,4.58119982946542,"MYOC;LIMS2"
"Regulation Of Granulocyte Differentiation (GO:0030852)","1/9",0.182603710326196,0.691571790147271,0,0,5.52856334841629,9.40097362809046,"TESC"
"Negative Regulation Of Protein Maturation (GO:1903318)","1/9",0.182603710326196,0.691571790147271,0,0,5.52856334841629,9.40097362809046,"USP17L2"
"Actin-Mediated Cell Contraction (GO:0070252)","1/9",0.182603710326196,0.691571790147271,0,0,5.52856334841629,9.40097362809046,"GSN"
"Amine Metabolic Process (GO:0009308)","1/9",0.182603710326196,0.691571790147271,0,0,5.52856334841629,9.40097362809046,"MAOA"
"Regulation Of Memory T Cell Differentiation (GO:0043380)","1/9",0.182603710326196,0.691571790147271,0,0,5.52856334841629,9.40097362809046,"PCK1"
"Nucleoside Metabolic Process (GO:0009116)","1/9",0.182603710326196,0.691571790147271,0,0,5.52856334841629,9.40097362809046,"UPP2"
"Cell Differentiation In Spinal Cord (GO:0021515)","1/9",0.182603710326196,0.691571790147271,0,0,5.52856334841629,9.40097362809046,"SOX6"
"Cell Differentiation Involved In Metanephros Development (GO:0072202)","1/9",0.182603710326196,0.691571790147271,0,0,5.52856334841629,9.40097362809046,"POU3F3"
"Positive Regulation Of ATP Metabolic Process (GO:1903580)","1/9",0.182603710326196,0.691571790147271,0,0,5.52856334841629,9.40097362809046,"PPARGC1A"
"Cellular Response To Prostaglandin Stimulus (GO:0071379)","1/9",0.182603710326196,0.691571790147271,0,0,5.52856334841629,9.40097362809046,"SFRP1"
"Cellular Response To Purine-Containing Compound (GO:0071415)","1/9",0.182603710326196,0.691571790147271,0,0,5.52856334841629,9.40097362809046,"RYR3"
"Positive Regulation Of RIG-I Signaling Pathway (GO:1900246)","1/9",0.182603710326196,0.691571790147271,0,0,5.52856334841629,9.40097362809046,"USP17L2"
"Excitatory Synapse Assembly (GO:1904861)","1/9",0.182603710326196,0.691571790147271,0,0,5.52856334841629,9.40097362809046,"NLGN1"
"Positive Regulation Of Keratinocyte Migration (GO:0051549)","1/9",0.182603710326196,0.691571790147271,0,0,5.52856334841629,9.40097362809046,"FGF10"
"Positive Regulation Of miRNA-mediated Gene Silencing (GO:2000637)","1/9",0.182603710326196,0.691571790147271,0,0,5.52856334841629,9.40097362809046,"WTIP"
"Glucan Biosynthetic Process (GO:0009250)","1/9",0.182603710326196,0.691571790147271,0,0,5.52856334841629,9.40097362809046,"GYG2"
"Positive Regulation Of Myoblast Fusion (GO:1901741)","1/9",0.182603710326196,0.691571790147271,0,0,5.52856334841629,9.40097362809046,"SCGB3A1"
"Glycogen Biosynthetic Process (GO:0005978)","1/9",0.182603710326196,0.691571790147271,0,0,5.52856334841629,9.40097362809046,"GYG2"
"Hematopoietic Stem Cell Differentiation (GO:0060218)","1/9",0.182603710326196,0.691571790147271,0,0,5.52856334841629,9.40097362809046,"SFRP1"
"Positive Regulation Of Smooth Muscle Contraction (GO:0045987)","1/9",0.182603710326196,0.691571790147271,0,0,5.52856334841629,9.40097362809046,"SPX"
"Positive Regulation Of Sodium Ion Transmembrane Transport (GO:1902307)","1/9",0.182603710326196,0.691571790147271,0,0,5.52856334841629,9.40097362809046,"DMD"
"Postsynapse Assembly (GO:0099068)","1/9",0.182603710326196,0.691571790147271,0,0,5.52856334841629,9.40097362809046,"NLGN1"
"Lipid Import Into Cell (GO:0140354)","1/9",0.182603710326196,0.691571790147271,0,0,5.52856334841629,9.40097362809046,"SPX"
"Long-Chain Fatty Acid Import Into Cell (GO:0044539)","1/9",0.182603710326196,0.691571790147271,0,0,5.52856334841629,9.40097362809046,"SPX"
"Presynaptic Membrane Organization (GO:0097090)","1/9",0.182603710326196,0.691571790147271,0,0,5.52856334841629,9.40097362809046,"NLGN1"
"Lung Epithelium Development (GO:0060428)","1/9",0.182603710326196,0.691571790147271,0,0,5.52856334841629,9.40097362809046,"FGF10"
"Mesenchymal To Epithelial Transition (GO:0060231)","1/9",0.182603710326196,0.691571790147271,0,0,5.52856334841629,9.40097362809046,"CITED1"
"Motor Neuron Axon Guidance (GO:0008045)","1/9",0.182603710326196,0.691571790147271,0,0,5.52856334841629,9.40097362809046,"RNF165"
"Regulation Of Cardiac Muscle Cell Differentiation (GO:2000725)","1/9",0.182603710326196,0.691571790147271,0,0,5.52856334841629,9.40097362809046,"SOX6"
"Positive Regulation Of Phospholipase C Activity (GO:0010863)","2/36",0.189360859006,0.691571790147271,0,0,2.60410830999066,4.33349866314681,"ARHGAP6;EGFR"
"Cell-Cell Junction Organization (GO:0045216)","3/68",0.191075244577918,0.691571790147271,0,0,2.04461538461538,3.38401834239174,"PKP1;TLN2;LIMS2"
"Regulation Of Heart Contraction (GO:0008016)","3/69",0.196724744005943,0.691571790147271,0,0,2.01353305785124,3.27390360392565,"ACE2;HRC;ATP1A2"
"Cellular Response To Calcium Ion (GO:0071277)","3/69",0.196724744005943,0.691571790147271,0,0,2.01353305785124,3.27390360392565,"NLGN1;SYT2;RYR3"
"Positive Regulation Of Phosphatidylinositol 3-Kinase Signaling (GO:0014068)","3/69",0.196724744005943,0.691571790147271,0,0,2.01353305785124,3.27390360392565,"NTRK2;MYOC;NTRK3"
"Regulation Of Ossification (GO:0030278)","2/37",0.19743035461732,0.691571790147271,0,0,2.52957563977972,4.10390609191864,"SFRP1;ZBTB16"
"Positive Regulation Of Immune Effector Process (GO:0002699)","2/37",0.19743035461732,0.691571790147271,0,0,2.52957563977972,4.10390609191864,"PCK1;USP17L2"
"Muscle Cell Differentiation (GO:0042692)","2/37",0.19743035461732,0.691571790147271,0,0,2.52957563977972,4.10390609191864,"DMD;TBX18"
"CRD-mediated mRNA Stabilization (GO:0070934)","1/10",0.200717163689818,0.691571790147271,0,0,4.91402714932127,7.89123230482731,"IGF2BP2"
"Regulation Of Cysteine-Type Endopeptidase Activity Involved In Apoptotic Signaling Pathway (GO:2001267)","1/10",0.200717163689818,0.691571790147271,0,0,4.91402714932127,7.89123230482731,"GSN"
"Actin Filament Depolymerization (GO:0030042)","1/10",0.200717163689818,0.691571790147271,0,0,4.91402714932127,7.89123230482731,"GSN"
"Regulation Of Lamellipodium Morphogenesis (GO:2000392)","1/10",0.200717163689818,0.691571790147271,0,0,4.91402714932127,7.89123230482731,"KANK1"
"Negative Regulation Of Sprouting Angiogenesis (GO:1903671)","1/10",0.200717163689818,0.691571790147271,0,0,4.91402714932127,7.89123230482731,"SEMA6A"
"Ammonium Transmembrane Transport (GO:0072488)","1/10",0.200717163689818,0.691571790147271,0,0,4.91402714932127,7.89123230482731,"RHAG"
"Regulation Of Mitochondrial Depolarization (GO:0051900)","1/10",0.200717163689818,0.691571790147271,0,0,4.91402714932127,7.89123230482731,"MYOC"
"Aromatic Amino Acid Family Catabolic Process (GO:0009074)","1/10",0.200717163689818,0.691571790147271,0,0,4.91402714932127,7.89123230482731,"TAT"
"Cellular Response To UV-A (GO:0071492)","1/10",0.200717163689818,0.691571790147271,0,0,4.91402714932127,7.89123230482731,"MME"
"Positive Regulation Of Actin Nucleation (GO:0051127)","1/10",0.200717163689818,0.691571790147271,0,0,4.91402714932127,7.89123230482731,"GSN"
"Response To Prostaglandin E (GO:0034695)","1/10",0.200717163689818,0.691571790147271,0,0,4.91402714932127,7.89123230482731,"SFRP1"
"Sarcoplasmic Reticulum Calcium Ion Transport (GO:0070296)","1/10",0.200717163689818,0.691571790147271,0,0,4.91402714932127,7.89123230482731,"RYR3"
"Positive Regulation Of Dendrite Development (GO:1900006)","1/10",0.200717163689818,0.691571790147271,0,0,4.91402714932127,7.89123230482731,"VLDLR"
"Epithelial Cell Apoptotic Process (GO:1904019)","1/10",0.200717163689818,0.691571790147271,0,0,4.91402714932127,7.89123230482731,"GSN"
"Fatty Acid Homeostasis (GO:0055089)","1/10",0.200717163689818,0.691571790147271,0,0,4.91402714932127,7.89123230482731,"MLXIPL"
"Glycine Transport (GO:0015816)","1/10",0.200717163689818,0.691571790147271,0,0,4.91402714932127,7.89123230482731,"SLC6A2"
"Positive Regulation Of Non-Canonical Wnt Signaling Pathway (GO:2000052)","1/10",0.200717163689818,0.691571790147271,0,0,4.91402714932127,7.89123230482731,"SFRP1"
"Positive Regulation Of Post-Transcriptional Gene Silencing By RNA (GO:1900370)","1/10",0.200717163689818,0.691571790147271,0,0,4.91402714932127,7.89123230482731,"WTIP"
"Positive Regulation Of Protein Depolymerization (GO:1901881)","1/10",0.200717163689818,0.691571790147271,0,0,4.91402714932127,7.89123230482731,"NES"
"Insulin-Like Growth Factor Receptor Signaling Pathway (GO:0048009)","1/10",0.200717163689818,0.691571790147271,0,0,4.91402714932127,7.89123230482731,"GHR"
"Positive Regulation Of Transforming Growth Factor Beta Production (GO:0071636)","1/10",0.200717163689818,0.691571790147271,0,0,4.91402714932127,7.89123230482731,"TNXB"
"Maintenance Of Synapse Structure (GO:0099558)","1/10",0.200717163689818,0.691571790147271,0,0,4.91402714932127,7.89123230482731,"NLGN1"
"Monoamine Transport (GO:0015844)","1/10",0.200717163689818,0.691571790147271,0,0,4.91402714932127,7.89123230482731,"SLC6A2"
"Regulation Of Biosynthetic Process (GO:0009889)","1/10",0.200717163689818,0.691571790147271,0,0,4.91402714932127,7.89123230482731,"PCK1"
"Regulation Of Calcium Ion Import Across Plasma Membrane (GO:1905664)","1/10",0.200717163689818,0.691571790147271,0,0,4.91402714932127,7.89123230482731,"GRM6"
"Sensory Organ Development (GO:0007423)","3/70",0.202414443088633,0.691571790147271,0,0,1.98337856173677,3.16832425311571,"NTF4;ADAMTS18;MAB21L1"
"Positive Regulation Of Protein Polymerization (GO:0032273)","3/70",0.202414443088633,0.691571790147271,0,0,1.98337856173677,3.16832425311571,"TPPP2;CDC42EP5;LMOD1"
"Regulation Of Intracellular Transport (GO:0032386)","2/38",0.205540789198534,0.691571790147271,0,0,2.45918367346939,3.89070099280641,"SH3TC2;CRYAB"
"Calcium-Dependent Cell-Cell Adhesion Via Plasma Membrane Cell Adhesion Molecules (GO:0016339)","2/38",0.205540789198534,0.691571790147271,0,0,2.45918367346939,3.89070099280641,"NLGN1;CDH23"
"Response To cAMP (GO:0051591)","2/38",0.205540789198534,0.691571790147271,0,0,2.45918367346939,3.89070099280641,"CITED1;AKAP6"
"Positive Regulation Of Axonogenesis (GO:0050772)","2/38",0.205540789198534,0.691571790147271,0,0,2.45918367346939,3.89070099280641,"NTRK2;PLXNA4"
"Synapse Assembly (GO:0007416)","3/71",0.208142178876019,0.691571790147271,0,0,1.95411096256684,3.06704336202023,"NLGN1;DNER;ADGRL3"
"Positive Regulation Of Cell Growth (GO:0030307)","4/106",0.208562910918975,0.691571790147271,0,0,1.73790700790567,2.72419452531233,"SFRP1;SYT2;AKAP6;EGFR"
"Fibroblast Growth Factor Receptor Signaling Pathway (GO:0008543)","2/39",0.213686406808201,0.691571790147271,0,0,2.39259667831096,3.69236460128853,"KL;FGF10"
"Negative Regulation Of Cell-Substrate Adhesion (GO:0010812)","2/39",0.213686406808201,0.691571790147271,0,0,2.39259667831096,3.69236460128853,"KANK1;MYOC"
"Positive Regulation Of Protein Phosphorylation (GO:0001934)","11/377",0.21664088125499,0.691571790147271,0,0,1.33513585306618,2.04210927481264,"NTF4;GDF10;GHR;NTRK2;TNXB;NTRK3;NTF3;SPRY2;VEGFD;EGFR;FGF10"
"Regulation Of Keratinocyte Migration (GO:0051547)","1/11",0.21843011000581,0.691571790147271,0,0,4.42239819004525,6.72774650859233,"FGF10"
"Nucleoside Phosphate Biosynthetic Process (GO:1901293)","1/11",0.21843011000581,0.691571790147271,0,0,4.42239819004525,6.72774650859233,"NMNAT2"
"Carbon Dioxide Transport (GO:0015670)","1/11",0.21843011000581,0.691571790147271,0,0,4.42239819004525,6.72774650859233,"RHAG"
"Regulation Of Pseudopodium Assembly (GO:0031272)","1/11",0.21843011000581,0.691571790147271,0,0,4.42239819004525,6.72774650859233,"CDC42EP5"
"Cellular Response To UV-B (GO:0071493)","1/11",0.21843011000581,0.691571790147271,0,0,4.42239819004525,6.72774650859233,"MME"
"Cellular Response To Growth Hormone Stimulus (GO:0071378)","1/11",0.21843011000581,0.691571790147271,0,0,4.42239819004525,6.72774650859233,"GHR"
"Central Nervous System Projection Neuron Axonogenesis (GO:0021952)","1/11",0.21843011000581,0.691571790147271,0,0,4.42239819004525,6.72774650859233,"NFIB"
"Cochlea Morphogenesis (GO:0090103)","1/11",0.21843011000581,0.691571790147271,0,0,4.42239819004525,6.72774650859233,"TBX18"
"Positive Regulation Of Behavior (GO:0048520)","1/11",0.21843011000581,0.691571790147271,0,0,4.42239819004525,6.72774650859233,"NLGN1"
"Detection Of Light Stimulus Involved In Sensory Perception (GO:0050962)","1/11",0.21843011000581,0.691571790147271,0,0,4.42239819004525,6.72774650859233,"GRM6"
"Detection Of Light Stimulus Involved In Visual Perception (GO:0050908)","1/11",0.21843011000581,0.691571790147271,0,0,4.42239819004525,6.72774650859233,"GRM6"
"Positive Regulation Of Circadian Rhythm (GO:0042753)","1/11",0.21843011000581,0.691571790147271,0,0,4.42239819004525,6.72774650859233,"NLGN1"
"Smooth Muscle Cell Differentiation (GO:0051145)","1/11",0.21843011000581,0.691571790147271,0,0,4.42239819004525,6.72774650859233,"TBX18"
"Positive Regulation Of Keratinocyte Proliferation (GO:0010838)","1/11",0.21843011000581,0.691571790147271,0,0,4.42239819004525,6.72774650859233,"FGF10"
"Positive Regulation Of Pseudopodium Assembly (GO:0031274)","1/11",0.21843011000581,0.691571790147271,0,0,4.42239819004525,6.72774650859233,"CDC42EP5"
"Presynapse Organization (GO:0099172)","1/11",0.21843011000581,0.691571790147271,0,0,4.42239819004525,6.72774650859233,"NLGN1"
"Macrophage Chemotaxis (GO:0048246)","1/11",0.21843011000581,0.691571790147271,0,0,4.42239819004525,6.72774650859233,"SAA1"
"Melanocyte Differentiation (GO:0030318)","1/11",0.21843011000581,0.691571790147271,0,0,4.42239819004525,6.72774650859233,"OCA2"
"Negative Regulation Of Amyloid Fibril Formation (GO:1905907)","1/11",0.21843011000581,0.691571790147271,0,0,4.42239819004525,6.72774650859233,"CRYAB"
"Negative Regulation Of Bone Remodeling (GO:0046851)","1/11",0.21843011000581,0.691571790147271,0,0,4.42239819004525,6.72774650859233,"SFRP1"
"Regulation Of Cell Communication By Electrical Coupling Involved In Cardiac Conduction (GO:1901844)","1/11",0.21843011000581,0.691571790147271,0,0,4.42239819004525,6.72774650859233,"HRC"
"Protein Tetramerization (GO:0051262)","3/73",0.219703225489575,0.691571790147271,0,0,1.89808441558442,2.87650444958196,"ALDH1A2;GRIN2B;RYR3"
"Positive Regulation Of Cell Motility (GO:2000147)","7/221",0.219961226917315,0.691571790147271,0,0,1.45118108548401,2.19752930715851,"MYOC;DAAM2;NTRK3;NTF3;FAM107A;SPRY2;EGFR"
"Cellular Component Assembly (GO:0022607)","8/260",0.220618007140455,0.691571790147271,0,0,1.40886699507389,2.12925245605212,"NLGN1;GSN;KRT14;FAM107A;PKP1;DMD;PALS2;PPARGC1A"
"Notch Signaling Pathway (GO:0007219)","2/40",0.221861685306986,0.691571790147271,0,0,2.32951426184509,3.50755225742956,"SORBS2;HOXD3"
"Positive Regulation Of Cell Cycle G1/S Phase Transition (GO:1902808)","2/40",0.221861685306986,0.691571790147271,0,0,2.32951426184509,3.50755225742956,"EGFR;FGF10"
"Retinoid Metabolic Process (GO:0001523)","2/40",0.221861685306986,0.691571790147271,0,0,2.32951426184509,3.50755225742956,"ADH4;ALDH1A2"
"Synaptic Vesicle Endocytosis (GO:0048488)","2/40",0.221861685306986,0.691571790147271,0,0,2.32951426184509,3.50755225742956,"NLGN1;SYT2"
"Cell-Matrix Adhesion (GO:0007160)","4/109",0.222535242122794,0.691571790147271,0,0,1.6879921900423,2.53649488383626,"HOXD3;SORBS1;ADAMTS9;ITGA9"
"Positive Regulation Of Actin Filament Polymerization (GO:0030838)","2/41",0.230061328929489,0.691571790147271,0,0,2.26966684109541,3.33506969603754,"CDC42EP5;LMOD1"
"Heart Contraction (GO:0060047)","2/41",0.230061328929489,0.691571790147271,0,0,2.26966684109541,3.33506969603754,"ATP1A2;DMD"
"Positive Regulation Of Ossification (GO:0045778)","2/41",0.230061328929489,0.691571790147271,0,0,2.26966684109541,3.33506969603754,"KL;ZBTB16"
"Visual System Development (GO:0150063)","2/41",0.230061328929489,0.691571790147271,0,0,2.26966684109541,3.33506969603754,"ADAMTS18;MAB21L1"
"Regulation Of Stress Fiber Assembly (GO:0051492)","3/75",0.231391063655964,0.691571790147271,0,0,1.84517045454545,2.70067650931132,"SFRP1;MYOC;ARHGAP6"
"Regulation Of Transforming Growth Factor Beta Receptor Signaling Pathway (GO:0017015)","4/111",0.231983281759872,0.691571790147271,0,0,1.6562706235497,2.4199603978144,"CDKN1C;TNXB;CITED1;SPRY2"
"Axon Guidance (GO:0007411)","5/149",0.235530483605787,0.691571790147271,0,0,1.53895547945205,2.22519870717636,"SEMA6A;NFIB;KALRN;PLXNA4;RNF165"
"Negative Regulation Of Hippo Signaling (GO:0035331)","1/12",0.235751385144278,0.691571790147271,0,0,4.02015631427396,5.80903534827169,"WTIP"
"G Protein-Coupled Glutamate Receptor Signaling Pathway (GO:0007216)","1/12",0.235751385144278,0.691571790147271,0,0,4.02015631427396,5.80903534827169,"GRM6"
"Regulation Of Hematopoietic Stem Cell Differentiation (GO:1902036)","1/12",0.235751385144278,0.691571790147271,0,0,4.02015631427396,5.80903534827169,"TCF15"
"Adult Locomotory Behavior (GO:0008344)","1/12",0.235751385144278,0.691571790147271,0,0,4.02015631427396,5.80903534827169,"NTF4"
"Negative Regulation Of Stem Cell Differentiation (GO:2000737)","1/12",0.235751385144278,0.691571790147271,0,0,4.02015631427396,5.80903534827169,"TCF15"
"Negative Regulation Of Substrate Adhesion-Dependent Cell Spreading (GO:1900025)","1/12",0.235751385144278,0.691571790147271,0,0,4.02015631427396,5.80903534827169,"KANK1"
"Regulation Of Monooxygenase Activity (GO:0032768)","1/12",0.235751385144278,0.691571790147271,0,0,4.02015631427396,5.80903534827169,"EGFR"
"Atrial Cardiac Muscle Tissue Development (GO:0003228)","1/12",0.235751385144278,0.691571790147271,0,0,4.02015631427396,5.80903534827169,"TBX18"
"Biogenic Amine Metabolic Process (GO:0006576)","1/12",0.235751385144278,0.691571790147271,0,0,4.02015631427396,5.80903534827169,"MAOA"
"Nucleotide Metabolic Process (GO:0009117)","1/12",0.235751385144278,0.691571790147271,0,0,4.02015631427396,5.80903534827169,"NMNAT2"
"Cell Projection Assembly (GO:0030031)","1/12",0.235751385144278,0.691571790147271,0,0,4.02015631427396,5.80903534827169,"GSN"
"Regulation Of Sensory Perception (GO:0051931)","1/12",0.235751385144278,0.691571790147271,0,0,4.02015631427396,5.80903534827169,"SPX"
"Regulation Of Tube Diameter (GO:0035296)","1/12",0.235751385144278,0.691571790147271,0,0,4.02015631427396,5.80903534827169,"ACE2"
"Response To Interleukin-6 (GO:0070741)","1/12",0.235751385144278,0.691571790147271,0,0,4.02015631427396,5.80903534827169,"CITED1"
"Semaphorin-Plexin Signaling Pathway Involved In Neuron Projection Guidance (GO:1902285)","1/12",0.235751385144278,0.691571790147271,0,0,4.02015631427396,5.80903534827169,"PLXNA4"
"Positive Regulation Of Fatty Acid Oxidation (GO:0046321)","1/12",0.235751385144278,0.691571790147271,0,0,4.02015631427396,5.80903534827169,"PPARGC1A"
"Sodium Ion Export Across Plasma Membrane (GO:0036376)","1/12",0.235751385144278,0.691571790147271,0,0,4.02015631427396,5.80903534827169,"ATP1A2"
"Spinal Cord Development (GO:0021510)","1/12",0.235751385144278,0.691571790147271,0,0,4.02015631427396,5.80903534827169,"VIT"
"Positive Regulation Of Insulin Receptor Signaling Pathway (GO:0046628)","1/12",0.235751385144278,0.691571790147271,0,0,4.02015631427396,5.80903534827169,"SORBS1"
"Positive Regulation Of Integrin-Mediated Signaling Pathway (GO:2001046)","1/12",0.235751385144278,0.691571790147271,0,0,4.02015631427396,5.80903534827169,"LIMS2"
"Folic Acid Metabolic Process (GO:0046655)","1/12",0.235751385144278,0.691571790147271,0,0,4.02015631427396,5.80903534827169,"PM20D2"
"Positive Regulation Of Neuron Migration (GO:2001224)","1/12",0.235751385144278,0.691571790147271,0,0,4.02015631427396,5.80903534827169,"SEMA6A"
"Vascular Process In Circulatory System (GO:0003018)","1/12",0.235751385144278,0.691571790147271,0,0,4.02015631427396,5.80903534827169,"ACE2"
"Positive Regulation Of Purine Nucleotide Biosynthetic Process (GO:1900373)","1/12",0.235751385144278,0.691571790147271,0,0,4.02015631427396,5.80903534827169,"PPARGC1A"
"Positive Regulation Of Regulated Secretory Pathway (GO:1903307)","1/12",0.235751385144278,0.691571790147271,0,0,4.02015631427396,5.80903534827169,"NLGN1"
"Positive Regulation Of Ruffle Assembly (GO:1900029)","1/12",0.235751385144278,0.691571790147271,0,0,4.02015631427396,5.80903534827169,"NLGN1"
"Ionotropic Glutamate Receptor Signaling Pathway (GO:0035235)","1/12",0.235751385144278,0.691571790147271,0,0,4.02015631427396,5.80903534827169,"GRIN2B"
"Macrophage Migration (GO:1905517)","1/12",0.235751385144278,0.691571790147271,0,0,4.02015631427396,5.80903534827169,"SAA1"
"Protein Heterotetramerization (GO:0051290)","1/12",0.235751385144278,0.691571790147271,0,0,4.02015631427396,5.80903534827169,"GRIN2B"
"Pyrimidine Deoxyribonucleotide Catabolic Process (GO:0009223)","1/12",0.235751385144278,0.691571790147271,0,0,4.02015631427396,5.80903534827169,"UPP2"
"Regulation Of Cell Communication By Electrical Coupling (GO:0010649)","1/12",0.235751385144278,0.691571790147271,0,0,4.02015631427396,5.80903534827169,"HRC"
"Regulation Of Ras Protein Signal Transduction (GO:0046578)","3/76",0.237277388038243,0.691571790147271,0,0,1.81980074719801,2.61782961340382,"KANK1;SPRY2;FGF10"
"Branching Morphogenesis Of An Epithelial Tube (GO:0048754)","2/42",0.238280260916611,0.691571790147271,0,0,2.21281179138322,3.17385306012061,"CITED1;FGF10"
"Cardiac Ventricle Morphogenesis (GO:0003208)","2/42",0.238280260916611,0.691571790147271,0,0,2.21281179138322,3.17385306012061,"NPY5R;NPY2R"
"Positive Regulation Of Calcium Ion Transmembrane Transport (GO:1904427)","2/42",0.238280260916611,0.691571790147271,0,0,2.21281179138322,3.17385306012061,"GRM6;AKAP6"
"Potassium Ion Import Across Plasma Membrane (GO:1990573)","2/42",0.238280260916611,0.691571790147271,0,0,2.21281179138322,3.17385306012061,"KCNJ16;ATP1A2"
"Regulation Of Axonogenesis (GO:0050770)","2/42",0.238280260916611,0.691571790147271,0,0,2.21281179138322,3.17385306012061,"NTRK2;PLXNA4"
"Positive Regulation Of Signal Transduction (GO:0009967)","8/266",0.238550280033874,0.691571790147271,0,0,1.37567495322106,1.97158318924025,"KANK1;SFRP1;TTC23;NLGN1;TNXB;SORBS1;GRIN2B;LIMS2"
"Regulation Of Cell Growth (GO:0001558)","7/227",0.239468924520122,0.691571790147271,0,0,1.41116555462886,2.01702355115245,"SFRP1;FAM107A;SCGB3A1;AKAP6;SLC6A2;EGFR;PAPPA2"
"Actomyosin Structure Organization (GO:0031032)","3/77",0.243189295891385,0.691571790147271,0,0,1.79511670761671,2.53814269718316,"LMOD1;MYH11;SORBS1"
"Regulation Of Filopodium Assembly (GO:0051489)","2/43",0.24651361646715,0.691571790147271,0,0,2.15873015873016,3.02295197621909,"NLGN1;DAAM2"
"Positive Regulation Of Cell-Matrix Adhesion (GO:0001954)","2/43",0.24651361646715,0.691571790147271,0,0,2.15873015873016,3.02295197621909,"SFRP1;MYOC"
"Positive Regulation Of Stress Fiber Assembly (GO:0051496)","2/43",0.24651361646715,0.691571790147271,0,0,2.15873015873016,3.02295197621909,"SFRP1;MYOC"
"Intracellular Glucose Homeostasis (GO:0001678)","2/43",0.24651361646715,0.691571790147271,0,0,2.15873015873016,3.02295197621909,"PCK1;PPARGC1A"
"Cellular Response To Organic Cyclic Compound (GO:0071407)","5/152",0.247873397224339,0.691571790147271,0,0,1.50731525486907,2.10245932665419,"SFRP1;AKAP6;ATP1A2;RYR3;EGFR"
"Negative Regulation Of Fibroblast Growth Factor Receptor Signaling Pathway (GO:0040037)","1/13",0.252689630535636,0.691571790147271,0,0,3.68495475113122,5.068999066875,"SPRY2"
"Regulation Of Flagellated Sperm Motility (GO:1901317)","1/13",0.252689630535636,0.691571790147271,0,0,3.68495475113122,5.068999066875,"TPPP2"
"Negative Regulation Of Secretion (GO:0051048)","1/13",0.252689630535636,0.691571790147271,0,0,3.68495475113122,5.068999066875,"SPX"
"Regulation Of Myoblast Fusion (GO:1901739)","1/13",0.252689630535636,0.691571790147271,0,0,3.68495475113122,5.068999066875,"SCGB3A1"
"Regulation Of Nitrogen Compound Metabolic Process (GO:0051171)","1/13",0.252689630535636,0.691571790147271,0,0,3.68495475113122,5.068999066875,"PM20D2"
"Peptidyl-Tyrosine Autophosphorylation (GO:0038083)","1/13",0.252689630535636,0.691571790147271,0,0,3.68495475113122,5.068999066875,"EGFR"
"Plasma Membrane Tubulation (GO:0097320)","1/13",0.252689630535636,0.691571790147271,0,0,3.68495475113122,5.068999066875,"CAVIN2"
"Response To Nerve Growth Factor (GO:1990089)","1/13",0.252689630535636,0.691571790147271,0,0,3.68495475113122,5.068999066875,"NTRK3"
"Positive Regulation Of Cellular Response To Insulin Stimulus (GO:1900078)","1/13",0.252689630535636,0.691571790147271,0,0,3.68495475113122,5.068999066875,"SORBS1"
"Positive Regulation Of Fatty Acid Biosynthetic Process (GO:0045723)","1/13",0.252689630535636,0.691571790147271,0,0,3.68495475113122,5.068999066875,"MLXIPL"
"Positive Regulation Of Glycogen Biosynthetic Process (GO:0045725)","1/13",0.252689630535636,0.691571790147271,0,0,3.68495475113122,5.068999066875,"SORBS1"
"Synaptic Vesicle Localization (GO:0097479)","1/13",0.252689630535636,0.691571790147271,0,0,3.68495475113122,5.068999066875,"NLGN1"
"Thymus Development (GO:0048538)","1/13",0.252689630535636,0.691571790147271,0,0,3.68495475113122,5.068999066875,"FGF10"
"Intracellular Potassium Ion Homeostasis (GO:0030007)","1/13",0.252689630535636,0.691571790147271,0,0,3.68495475113122,5.068999066875,"ATP1A2"
"Lipid Oxidation (GO:0034440)","1/13",0.252689630535636,0.691571790147271,0,0,3.68495475113122,5.068999066875,"PPARGC1A"
"Protein Localization To Synapse (GO:0035418)","1/13",0.252689630535636,0.691571790147271,0,0,3.68495475113122,5.068999066875,"NLGN1"
"Microtubule-Based Transport (GO:0099111)","1/13",0.252689630535636,0.691571790147271,0,0,3.68495475113122,5.068999066875,"DYNC1I1"
"Regulation Of ERBB Signaling Pathway (GO:1901184)","1/13",0.252689630535636,0.691571790147271,0,0,3.68495475113122,5.068999066875,"SH3TC2"
"Regulation Of Cell Projection Organization (GO:0031344)","1/13",0.252689630535636,0.691571790147271,0,0,3.68495475113122,5.068999066875,"SPRY2"
"Negative Regulation Of Multicellular Organismal Process (GO:0051241)","7/231",0.252774552304952,0.691571790147271,0,0,1.38567947247706,1.90566578937501,"ADAMTS5;SFRP1;NFIB;SPRY2;SPX;EGFR;TBX18"
"Neuron Projection Development (GO:0031175)","6/192",0.253506899344017,0.691571790147271,0,0,1.42991068133166,1.9623582854165,"NTF4;NLGN1;TNXB;MYOC;NTF3;NMNAT2"
"Regulation Of Insulin Receptor Signaling Pathway (GO:0046626)","2/44",0.25475673596261,0.691571790147271,0,0,2.10722384191772,2.88151516304155,"KANK1;SORBS1"
"Cellular Response To Ketone (GO:1901655)","2/44",0.25475673596261,0.691571790147271,0,0,2.10722384191772,2.88151516304155,"SFRP1;PCK1"
"Extracellular Matrix Disassembly (GO:0022617)","2/44",0.25475673596261,0.691571790147271,0,0,2.10722384191772,2.88151516304155,"ADAMTS5;GSN"
"Synaptic Vesicle Recycling (GO:0036465)","2/44",0.25475673596261,0.691571790147271,0,0,2.10722384191772,2.88151516304155,"NLGN1;SYT2"
"Response To Insulin (GO:0032868)","3/79",0.255081976286237,0.691571790147271,0,0,1.74769736842105,2.38765225534616,"CITED1;SORBS1;PCK1"
"Epithelium Development (GO:0060429)","5/154",0.256193275945762,0.691571790147271,0,0,1.4869296068156,2.0249351389703,"ALDH1A2;SPINK5;KRT14;ALDOC;FGF10"
"Regulation Of Cell Migration (GO:0030334)","12/434",0.256777458365549,0.691571790147271,0,0,1.26246687412718,1.71638114495548,"KANK1;SFRP1;TNXB;MYOC;DAAM2;NTRK3;NTF3;FAM107A;SPRY2;USP17L2;EGFR;PLXNA4"
"Positive Regulation Of Protein Serine/Threonine Kinase Activity (GO:0071902)","4/117",0.260872249449276,0.691571790147271,0,0,1.56784324792872,2.10674931729531,"GHR;NTRK3;NTF3;EGFR"
"Calcium Ion Transmembrane Transport (GO:0070588)","3/80",0.261058880884346,0.691571790147271,0,0,1.72491145218418,2.31657212169189,"GRIN2B;RYR3;TRPM3"
"Hexose Metabolic Process (GO:0019318)","2/45",0.263005158132399,0.691571790147271,0,0,2.05811316774772,2.74877814820832,"ALDOC;PCK1"
"Positive Regulation Of Cell Projection Organization (GO:0031346)","4/118",0.26575543519311,0.691571790147271,0,0,1.55401031051433,2.05934153353391,"NTRK2;NLGN1;NTRK3;PLXNA4"
"Positive Regulation Of Growth (GO:0045927)","3/81",0.267053634418014,0.691571790147271,0,0,1.70270979020979,2.24809754836455,"SFRP1;AKAP6;EGFR"
"Positive Regulation Of Gene Expression (GO:0010628)","13/480",0.268360728041793,0.691571790147271,0,0,1.2358448284448,1.62565896309061,"NTRK2;GSN;RHOXF1;CITED1;TESC;NTRK3;POU3F3;SAA1;PKP1;SPRY2;HOXD3;PPARGC1A;FGF10"
"2-Oxoglutarate Metabolic Process (GO:0006103)","1/14",0.269253297405767,0.691571790147271,0,0,3.40132265924121,4.4628847005033,"TAT"
"Negative Regulation Of Peptidyl-Threonine Phosphorylation (GO:0010801)","1/14",0.269253297405767,0.691571790147271,0,0,3.40132265924121,4.4628847005033,"SPRY2"
"Neuron Cell-Cell Adhesion (GO:0007158)","1/14",0.269253297405767,0.691571790147271,0,0,3.40132265924121,4.4628847005033,"NLGN1"
"Calcium Ion-Regulated Exocytosis Of Neurotransmitter (GO:0048791)","1/14",0.269253297405767,0.691571790147271,0,0,3.40132265924121,4.4628847005033,"SYT2"
"Cardiac Cell Development (GO:0055006)","1/14",0.269253297405767,0.691571790147271,0,0,3.40132265924121,4.4628847005033,"MYH11"
"Regulation Of Sensory Perception Of Pain (GO:0051930)","1/14",0.269253297405767,0.691571790147271,0,0,3.40132265924121,4.4628847005033,"SPX"
"Cellular Response To ATP (GO:0071318)","1/14",0.269253297405767,0.691571790147271,0,0,3.40132265924121,4.4628847005033,"RYR3"
"Respiratory Electron Transport Chain (GO:0022904)","1/14",0.269253297405767,0.691571790147271,0,0,3.40132265924121,4.4628847005033,"PPARGC1A"
"Contractile Actin Filament Bundle Assembly (GO:0030038)","1/14",0.269253297405767,0.691571790147271,0,0,3.40132265924121,4.4628847005033,"SORBS1"
"Electron Transport Chain (GO:0022900)","1/14",0.269253297405767,0.691571790147271,0,0,3.40132265924121,4.4628847005033,"PPARGC1A"
"Smooth Muscle Contraction (GO:0006939)","1/14",0.269253297405767,0.691571790147271,0,0,3.40132265924121,4.4628847005033,"MYH11"
"Positive Regulation Of Glycogen Metabolic Process (GO:0070875)","1/14",0.269253297405767,0.691571790147271,0,0,3.40132265924121,4.4628847005033,"SORBS1"
"Positive Regulation Of Histone Acetylation (GO:0035066)","1/14",0.269253297405767,0.691571790147271,0,0,3.40132265924121,4.4628847005033,"PPARGC1A"
"Stress Fiber Assembly (GO:0043149)","1/14",0.269253297405767,0.691571790147271,0,0,3.40132265924121,4.4628847005033,"SORBS1"
"Striated Muscle Cell Development (GO:0055002)","1/14",0.269253297405767,0.691571790147271,0,0,3.40132265924121,4.4628847005033,"LMOD1"
"Vascular Endothelial Growth Factor Signaling Pathway (GO:0038084)","1/14",0.269253297405767,0.691571790147271,0,0,3.40132265924121,4.4628847005033,"VEGFD"
"Positive Regulation Of Transporter Activity (GO:0032411)","1/14",0.269253297405767,0.691571790147271,0,0,3.40132265924121,4.4628847005033,"PPARGC1A"
"Regulation Of ATP Biosynthetic Process (GO:2001169)","1/14",0.269253297405767,0.691571790147271,0,0,3.40132265924121,4.4628847005033,"PPARGC1A"
"Monosaccharide Transmembrane Transport (GO:0015749)","1/14",0.269253297405767,0.691571790147271,0,0,3.40132265924121,4.4628847005033,"SLC5A9"
"Negative Regulation Of Androgen Receptor Signaling Pathway (GO:0060766)","1/14",0.269253297405767,0.691571790147271,0,0,3.40132265924121,4.4628847005033,"SFRP1"
"Regulation Of Bone Remodeling (GO:0046850)","1/14",0.269253297405767,0.691571790147271,0,0,3.40132265924121,4.4628847005033,"SFRP1"
"Regulation Of Nervous System Development (GO:0051960)","2/46",0.271254613795745,0.694107600535281,0,0,2.01123479694908,2.62405273974829,"PTPRZ1;LGI4"
"Cellular Component Disassembly (GO:0022411)","2/46",0.271254613795745,0.694107600535281,0,0,2.01123479694908,2.62405273974829,"ADAMTS5;GSN"
"Regulation Of Epithelial To Mesenchymal Transition (GO:0010717)","3/83",0.27908929518733,0.694808899688263,0,0,1.65997159090909,2.11849474357851,"SFRP1;TNXB;SPRY2"
"Bicellular Tight Junction Assembly (GO:0070830)","2/47",0.279501019426302,0.694808899688263,0,0,1.96643990929705,2.50671797470189,"CLDN10;CLDN18"
"Potassium Ion Transport (GO:0006813)","4/122",0.285445488338898,0.694808899688263,0,0,1.50102312652021,1.88183900121369,"KCNC4;KCNQ4;KCNJ16;ATP1A2"
"Negative Regulation Of Epithelial Cell Differentiation (GO:0030857)","1/15",0.285450650888006,0.694808899688263,0,0,3.1582094376212,3.95940332449412,"SPRY2"
"Negative Regulation Of Macrophage Activation (GO:0043031)","1/15",0.285450650888006,0.694808899688263,0,0,3.1582094376212,3.95940332449412,"LRFN5"
"Negative Regulation Of Protein Processing (GO:0010955)","1/15",0.285450650888006,0.694808899688263,0,0,3.1582094376212,3.95940332449412,"USP17L2"
"Regulation Of miRNA-mediated Gene Silencing (GO:0060964)","1/15",0.285450650888006,0.694808899688263,0,0,3.1582094376212,3.95940332449412,"WTIP"
"Amyloid-Beta Metabolic Process (GO:0050435)","1/15",0.285450650888006,0.694808899688263,0,0,3.1582094376212,3.95940332449412,"MME"
"Regulation Of Multicellular Organism Growth (GO:0040014)","1/15",0.285450650888006,0.694808899688263,0,0,3.1582094376212,3.95940332449412,"GHR"
"Cellular Response To Corticosteroid Stimulus (GO:0071384)","1/15",0.285450650888006,0.694808899688263,0,0,3.1582094376212,3.95940332449412,"FAM107A"
"Cellular Response To Estrogen Stimulus (GO:0071391)","1/15",0.285450650888006,0.694808899688263,0,0,3.1582094376212,3.95940332449412,"SFRP1"
"Regulation Of Systemic Arterial Blood Pressure (GO:0003073)","1/15",0.285450650888006,0.694808899688263,0,0,3.1582094376212,3.95940332449412,"SPX"
"Regulation Of Systemic Arterial Blood Pressure By Hormone (GO:0001990)","1/15",0.285450650888006,0.694808899688263,0,0,3.1582094376212,3.95940332449412,"ACE2"
"Cellular Response To Zinc Ion (GO:0071294)","1/15",0.285450650888006,0.694808899688263,0,0,3.1582094376212,3.95940332449412,"MT1L"
"Positive Regulation Of Cyclin-Dependent Protein Serine/Threonine Kinase Activity (GO:0045737)","1/15",0.285450650888006,0.694808899688263,0,0,3.1582094376212,3.95940332449412,"EGFR"
"Positive Regulation Of Glucose Metabolic Process (GO:0010907)","1/15",0.285450650888006,0.694808899688263,0,0,3.1582094376212,3.95940332449412,"PPARGC1A"
"Gas Transport (GO:0015669)","1/15",0.285450650888006,0.694808899688263,0,0,3.1582094376212,3.95940332449412,"RHAG"
"Positive Regulation Of Potassium Ion Transport (GO:0043268)","1/15",0.285450650888006,0.694808899688263,0,0,3.1582094376212,3.95940332449412,"AKAP6"
"Positive Regulation Of Syncytium Formation By Plasma Membrane Fusion (GO:0060143)","1/15",0.285450650888006,0.694808899688263,0,0,3.1582094376212,3.95940332449412,"SCGB3A1"
"Presynapse Assembly (GO:0099054)","1/15",0.285450650888006,0.694808899688263,0,0,3.1582094376212,3.95940332449412,"NLGN1"
"Regulation Of Amyloid Fibril Formation (GO:1905906)","1/15",0.285450650888006,0.694808899688263,0,0,3.1582094376212,3.95940332449412,"CRYAB"
"Negative Regulation Of ERK1 And ERK2 Cascade (GO:0070373)","2/48",0.287740471040462,0.694808899688263,0,0,1.92359262545598,2.39621230729981,"SEMA6A;SPRY2"
"Positive Regulation Of Epithelial Cell Proliferation (GO:0050679)","4/123",0.290402262389543,0.694808899688263,0,0,1.48833291858885,1.84030609963929,"SFRP1;VEGFD;EGFR;FGF10"
"Regulation Of Osteoblast Differentiation (GO:0045667)","3/85",0.29117449454863,0.694808899688263,0,0,1.61931818181818,1.99796748784504,"GDF10;CITED1;CRIM1"
"Positive Regulation Of Pathway-Restricted SMAD Protein Phosphorylation (GO:0010862)","2/49",0.29596923837862,0.694808899688263,0,0,1.882568630289,2.29202684512181,"GDF10;TNXB"
"Heterophilic Cell-Cell Adhesion Via Plasma Membrane Cell Adhesion Molecules (GO:0007157)","2/49",0.29596923837862,0.694808899688263,0,0,1.882568630289,2.29202684512181,"NLGN1;CEACAM8"
"Regulation Of MAPK Cascade (GO:0043408)","6/204",0.298864479133507,0.694808899688263,0,0,1.34241730809237,1.6213247144567,"NTRK2;PHLPP1;MYOC;IGFBP6;EGFR;FGF10"
"Regulation Of Fatty Acid Oxidation (GO:0046320)","1/16",0.301289774240729,0.694808899688263,0,0,2.94751131221719,3.53607854218445,"PPARGC1A"
"Regulation Of Interleukin-1 Production (GO:0032652)","1/16",0.301289774240729,0.694808899688263,0,0,2.94751131221719,3.53607854218445,"SAA1"
"Regulation Of Osteoblast Proliferation (GO:0033688)","1/16",0.301289774240729,0.694808899688263,0,0,2.94751131221719,3.53607854218445,"SFRP1"
"Regulation Of Plasminogen Activation (GO:0010755)","1/16",0.301289774240729,0.694808899688263,0,0,2.94751131221719,3.53607854218445,"CLEC3B"
"Regulation Of Protein Kinase A Signaling (GO:0010738)","1/16",0.301289774240729,0.694808899688263,0,0,2.94751131221719,3.53607854218445,"AKAP6"
"Cell Communication By Electrical Coupling Involved In Cardiac Conduction (GO:0086064)","1/16",0.301289774240729,0.694808899688263,0,0,2.94751131221719,3.53607854218445,"ATP1A2"
"Regulation Of Secretion (GO:0051046)","1/16",0.301289774240729,0.694808899688263,0,0,2.94751131221719,3.53607854218445,"FGF10"
"Cellular Response To Gamma Radiation (GO:0071480)","1/16",0.301289774240729,0.694808899688263,0,0,2.94751131221719,3.53607854218445,"CRYAB"
"Regulation Of Synaptic Transmission, GABAergic (GO:0032228)","1/16",0.301289774240729,0.694808899688263,0,0,2.94751131221719,3.53607854218445,"NLGN1"
"Response To UV-B (GO:0010224)","1/16",0.301289774240729,0.694808899688263,0,0,2.94751131221719,3.53607854218445,"MME"
"Positive Regulation Of Stem Cell Proliferation (GO:2000648)","1/16",0.301289774240729,0.694808899688263,0,0,2.94751131221719,3.53607854218445,"CITED1"
"Protein O-linked Mannosylation (GO:0035269)","1/16",0.301289774240729,0.694808899688263,0,0,2.94751131221719,3.53607854218445,"TMTC1"
"Membrane Depolarization During Cardiac Muscle Cell Action Potential (GO:0086012)","1/16",0.301289774240729,0.694808899688263,0,0,2.94751131221719,3.53607854218445,"ATP1A2"
"Regulation Of NMDA Receptor Activity (GO:2000310)","1/16",0.301289774240729,0.694808899688263,0,0,2.94751131221719,3.53607854218445,"NLGN1"
"Negative Regulation Of Amyloid-Beta Formation (GO:1902430)","1/16",0.301289774240729,0.694808899688263,0,0,2.94751131221719,3.53607854218445,"NTRK2"
"Glucose Homeostasis (GO:0042593)","3/87",0.303295291596795,0.694808899688263,0,0,1.58060064935065,1.88573305728912,"MLXIPL;PCK1;PPARGC1A"
"Dicarboxylic Acid Metabolic Process (GO:0043648)","2/50",0.304183759140449,0.694808899688263,0,0,1.84325396825397,2.19369947578391,"TAT;PCK1"
"Positive Regulation Of Developmental Growth (GO:0048639)","2/50",0.304183759140449,0.694808899688263,0,0,1.84325396825397,2.19369947578391,"GHR;SYT2"
"Positive Regulation Of Fat Cell Differentiation (GO:0045600)","2/50",0.304183759140449,0.694808899688263,0,0,1.84325396825397,2.19369947578391,"SFRP1;ZBTB16"
"Pyruvate Metabolic Process (GO:0006090)","2/50",0.304183759140449,0.694808899688263,0,0,1.84325396825397,2.19369947578391,"ALDOC;PCK1"
"Regulation Of Canonical Wnt Signaling Pathway (GO:0060828)","6/207",0.310450566392578,0.694808899688263,0,0,1.32217630383551,1.54659007689214,"KANK1;SFRP1;DAAM2;IGFBP6;EGFR;FGF10"
"SMAD Protein Signal Transduction (GO:0060395)","2/51",0.312380633248995,0.694808899688263,0,0,1.805543986302,2.10080975170061,"GDF10;CITED1"
"Regulation Of Release Of Sequestered Calcium Ion Into Cytosol (GO:0051279)","2/51",0.312380633248995,0.694808899688263,0,0,1.805543986302,2.10080975170061,"HRC;DMD"
"Regulation Of Smoothened Signaling Pathway (GO:0008589)","2/51",0.312380633248995,0.694808899688263,0,0,1.805543986302,2.10080975170061,"TTC23;SFRP1"
"Positive Regulation Of Actin Filament Bundle Assembly (GO:0032233)","2/51",0.312380633248995,0.694808899688263,0,0,1.805543986302,2.10080975170061,"SFRP1;MYOC"
"Sensory Perception (GO:0007600)","2/51",0.312380633248995,0.694808899688263,0,0,1.805543986302,2.10080975170061,"MME;CDH23"
"Positive Regulation Of Protein Localization To Cell Periphery (GO:1904377)","2/51",0.312380633248995,0.694808899688263,0,0,1.805543986302,2.10080975170061,"SORBS1;EGFR"
"Positive Regulation Of Protein Localization To Plasma Membrane (GO:1903078)","2/51",0.312380633248995,0.694808899688263,0,0,1.805543986302,2.10080975170061,"SORBS1;EGFR"
"Negative Regulation Of Fibroblast Proliferation (GO:0048147)","1/17",0.316778572699847,0.694808899688263,0,0,2.76315045248869,3.17638584187725,"SFRP1"
"Negative Regulation Of Insulin Secretion (GO:0046676)","1/17",0.316778572699847,0.694808899688263,0,0,2.76315045248869,3.17638584187725,"SFRP1"
"Negative Regulation Of Leukocyte Activation (GO:0002695)","1/17",0.316778572699847,0.694808899688263,0,0,2.76315045248869,3.17638584187725,"LRFN5"
"NAD Biosynthetic Process (GO:0009435)","1/17",0.316778572699847,0.694808899688263,0,0,2.76315045248869,3.17638584187725,"NMNAT2"
"Negative Regulation Of Striated Muscle Cell Differentiation (GO:0051154)","1/17",0.316778572699847,0.694808899688263,0,0,2.76315045248869,3.17638584187725,"SOX6"
"Androgen Receptor Signaling Pathway (GO:0030521)","1/17",0.316778572699847,0.694808899688263,0,0,2.76315045248869,3.17638584187725,"RHOXF1"
"Aorta Morphogenesis (GO:0035909)","1/17",0.316778572699847,0.694808899688263,0,0,2.76315045248869,3.17638584187725,"ADAMTS9"
"Neuron Maturation (GO:0042551)","1/17",0.316778572699847,0.694808899688263,0,0,2.76315045248869,3.17638584187725,"LGI4"
"Carbohydrate Derivative Transport (GO:1901264)","1/17",0.316778572699847,0.694808899688263,0,0,2.76315045248869,3.17638584187725,"VLDLR"
"Cellular Response To Alkaloid (GO:0071312)","1/17",0.316778572699847,0.694808899688263,0,0,2.76315045248869,3.17638584187725,"RYR3"
"Positive Chemotaxis (GO:0050918)","1/17",0.316778572699847,0.694808899688263,0,0,2.76315045248869,3.17638584187725,"FGF10"
"Cellular Response To Unfolded Protein (GO:0034620)","1/17",0.316778572699847,0.694808899688263,0,0,2.76315045248869,3.17638584187725,"PACRG"
"Central Nervous System Neuron Development (GO:0021954)","1/17",0.316778572699847,0.694808899688263,0,0,2.76315045248869,3.17638584187725,"NTRK2"
"Positive Regulation Of Cardiac Muscle Hypertrophy (GO:0010613)","1/17",0.316778572699847,0.694808899688263,0,0,2.76315045248869,3.17638584187725,"AKAP6"
"Detection Of Visible Light (GO:0009584)","1/17",0.316778572699847,0.694808899688263,0,0,2.76315045248869,3.17638584187725,"GRM6"
"Positive Regulation Of Dendrite Extension (GO:1903861)","1/17",0.316778572699847,0.694808899688263,0,0,2.76315045248869,3.17638584187725,"SYT2"
"Positive Regulation Of Glial Cell Differentiation (GO:0045687)","1/17",0.316778572699847,0.694808899688263,0,0,2.76315045248869,3.17638584187725,"PTPRZ1"
"Positive Regulation Of Heart Rate (GO:0010460)","1/17",0.316778572699847,0.694808899688263,0,0,2.76315045248869,3.17638584187725,"HRC"
"Triglyceride Biosynthetic Process (GO:0019432)","1/17",0.316778572699847,0.694808899688263,0,0,2.76315045248869,3.17638584187725,"PCK1"
"Growth Hormone Receptor Signaling Pathway (GO:0060396)","1/17",0.316778572699847,0.694808899688263,0,0,2.76315045248869,3.17638584187725,"GHR"
"Positive Regulation Of Peptidyl-Lysine Acetylation (GO:2000758)","1/17",0.316778572699847,0.694808899688263,0,0,2.76315045248869,3.17638584187725,"PPARGC1A"
"Positive Regulation Of Potassium Ion Transmembrane Transport (GO:1901381)","1/17",0.316778572699847,0.694808899688263,0,0,2.76315045248869,3.17638584187725,"AKAP6"
"Positive Regulation Of Small GTPase Mediated Signal Transduction (GO:0051057)","1/17",0.316778572699847,0.694808899688263,0,0,2.76315045248869,3.17638584187725,"FGF10"
"Postsynaptic Membrane Organization (GO:0001941)","1/17",0.316778572699847,0.694808899688263,0,0,2.76315045248869,3.17638584187725,"NLGN1"
"Regulation Of Aerobic Respiration (GO:1903715)","1/17",0.316778572699847,0.694808899688263,0,0,2.76315045248869,3.17638584187725,"COX7A1"
"Negative Regulation Of Calcium Ion Transport (GO:0051926)","1/17",0.316778572699847,0.694808899688263,0,0,2.76315045248869,3.17638584187725,"ATP1A2"
"Neurotransmitter Transport (GO:0006836)","2/52",0.320556617706813,0.694808899688263,0,0,1.76934240362812,2.01297441912217,"SLC6A2;SYN2"
"Cellular Response To Ionizing Radiation (GO:0071479)","2/52",0.320556617706813,0.694808899688263,0,0,1.76934240362812,2.01297441912217,"SLC6A2;CRYAB"
"Carboxylic Acid Transport (GO:0046942)","2/53",0.32870862108068,0.694808899688263,0,0,1.73456049086301,1.92984350477506,"SLC7A14;SLC16A12"
"Tight Junction Assembly (GO:0120192)","2/53",0.32870862108068,0.694808899688263,0,0,1.73456049086301,1.92984350477506,"CLDN10;CLDN18"
"Protein Homotetramerization (GO:0051289)","2/53",0.32870862108068,0.694808899688263,0,0,1.73456049086301,1.92984350477506,"ALDH1A2;RYR3"
"Regulation Of Defense Response To Virus (GO:0050688)","1/18",0.331924777498995,0.694808899688263,0,0,2.60047910566942,2.86793034499936,"USP17L2"
"Regulation Of Dendrite Extension (GO:1903859)","1/18",0.331924777498995,0.694808899688263,0,0,2.60047910566942,2.86793034499936,"SYT2"
"Regulation Of Establishment Or Maintenance Of Cell Polarity (GO:0032878)","1/18",0.331924777498995,0.694808899688263,0,0,2.60047910566942,2.86793034499936,"KANK1"
"Negative Regulation Of Peptide Hormone Secretion (GO:0090278)","1/18",0.331924777498995,0.694808899688263,0,0,2.60047910566942,2.86793034499936,"SFRP1"
"Actin Filament Capping (GO:0051693)","1/18",0.331924777498995,0.694808899688263,0,0,2.60047910566942,2.86793034499936,"GSN"
"Regulation Of Lymphocyte Proliferation (GO:0050670)","1/18",0.331924777498995,0.694808899688263,0,0,2.60047910566942,2.86793034499936,"FGF10"
"Negative Regulation Of Viral Entry Into Host Cell (GO:0046597)","1/18",0.331924777498995,0.694808899688263,0,0,2.60047910566942,2.86793034499936,"GSN"
"Barbed-End Actin Filament Capping (GO:0051016)","1/18",0.331924777498995,0.694808899688263,0,0,2.60047910566942,2.86793034499936,"GSN"
"Branching Involved In Ureteric Bud Morphogenesis (GO:0001658)","1/18",0.331924777498995,0.694808899688263,0,0,2.60047910566942,2.86793034499936,"CITED1"
"Cardiac Muscle Cell Contraction (GO:0086003)","1/18",0.331924777498995,0.694808899688263,0,0,2.60047910566942,2.86793034499936,"GSN"
"Cell Junction Maintenance (GO:0034331)","1/18",0.331924777498995,0.694808899688263,0,0,2.60047910566942,2.86793034499936,"NLGN1"
"Regulation Of Synaptic Vesicle Exocytosis (GO:2000300)","1/18",0.331924777498995,0.694808899688263,0,0,2.60047910566942,2.86793034499936,"NLGN1"
"Positive Regulation Of DNA Replication (GO:0045740)","1/18",0.331924777498995,0.694808899688263,0,0,2.60047910566942,2.86793034499936,"EGFR"
"Renal Absorption (GO:0070293)","1/18",0.331924777498995,0.694808899688263,0,0,2.60047910566942,2.86793034499936,"GSN"
"Positive Regulation Of Cation Transmembrane Transport (GO:1904064)","1/18",0.331924777498995,0.694808899688263,0,0,2.60047910566942,2.86793034499936,"AKAP6"
"Response To Organophosphorus (GO:0046683)","1/18",0.331924777498995,0.694808899688263,0,0,2.60047910566942,2.86793034499936,"CITED1"
"Positive Regulation Of Cyclin-Dependent Protein Kinase Activity (GO:1904031)","1/18",0.331924777498995,0.694808899688263,0,0,2.60047910566942,2.86793034499936,"EGFR"
"Positive Regulation Of Extracellular Matrix Organization (GO:1903055)","1/18",0.331924777498995,0.694808899688263,0,0,2.60047910566942,2.86793034499936,"TNXB"
"Positive Regulation Of Glycolytic Process (GO:0045821)","1/18",0.331924777498995,0.694808899688263,0,0,2.60047910566942,2.86793034499936,"MLXIPL"
"Excitatory Postsynaptic Potential (GO:0060079)","1/18",0.331924777498995,0.694808899688263,0,0,2.60047910566942,2.86793034499936,"GRIN2B"
"Glycerolipid Catabolic Process (GO:0046503)","1/18",0.331924777498995,0.694808899688263,0,0,2.60047910566942,2.86793034499936,"ENPP6"
"Positive Regulation Of Neuroblast Proliferation (GO:0002052)","1/18",0.331924777498995,0.694808899688263,0,0,2.60047910566942,2.86793034499936,"DCT"
"Ureteric Bud Morphogenesis (GO:0060675)","1/18",0.331924777498995,0.694808899688263,0,0,2.60047910566942,2.86793034499936,"CITED1"
"Positive Regulation Of Stress-Activated Protein Kinase Signaling Cascade (GO:0070304)","1/18",0.331924777498995,0.694808899688263,0,0,2.60047910566942,2.86793034499936,"IGFBP6"
"Intracellular Sodium Ion Homeostasis (GO:0006883)","1/18",0.331924777498995,0.694808899688263,0,0,2.60047910566942,2.86793034499936,"ATP1A2"
"Membrane Repolarization (GO:0086009)","1/18",0.331924777498995,0.694808899688263,0,0,2.60047910566942,2.86793034499936,"ATP1A2"
"Mesenchyme Morphogenesis (GO:0072132)","1/18",0.331924777498995,0.694808899688263,0,0,2.60047910566942,2.86793034499936,"ADAMTS5"
"Myoblast Fusion (GO:0007520)","1/18",0.331924777498995,0.694808899688263,0,0,2.60047910566942,2.86793034499936,"ADAMTS5"
"ncRNA-mediated Post-Transcriptional Gene Silencing (GO:0035194)","1/18",0.331924777498995,0.694808899688263,0,0,2.60047910566942,2.86793034499936,"WTIP"
"Regulation Of RIG-I Signaling Pathway (GO:0039535)","1/18",0.331924777498995,0.694808899688263,0,0,2.60047910566942,2.86793034499936,"USP17L2"
"Negative Regulation Of ERBB Signaling Pathway (GO:1901185)","1/18",0.331924777498995,0.694808899688263,0,0,2.60047910566942,2.86793034499936,"EGFR"
"Negative Regulation Of Amyloid Precursor Protein Catabolic Process (GO:1902992)","1/18",0.331924777498995,0.694808899688263,0,0,2.60047910566942,2.86793034499936,"NTRK2"
"Regulation Of Cell Cycle G2/M Phase Transition (GO:1902749)","1/18",0.331924777498995,0.694808899688263,0,0,2.60047910566942,2.86793034499936,"USP17L2"
"Generation Of Neurons (GO:0048699)","5/172",0.333453592767451,0.694994897547863,0,0,1.32543132912258,1.45565704533394,"IRX1;NTRK2;IRX6;DNER;ADGRL3"
"Negative Regulation Of Neuron Projection Development (GO:0010977)","2/54",0.336833698554593,0.694994897547863,0,0,1.70111634397349,1.85109687659469,"KANK1;NLGN1"
"Apical Junction Assembly (GO:0043297)","2/54",0.336833698554593,0.694994897547863,0,0,1.70111634397349,1.85109687659469,"CLDN10;CLDN18"
"Regulation Of GTPase Activity (GO:0043087)","6/214",0.337752170502283,0.694994897547863,0,0,1.27721791938039,1.38634709144176,"NTRK2;SFRP1;USP17L2;SLC6A2;RGS6;PLXNA4"
"Neuron Differentiation (GO:0030182)","5/173",0.337828949180035,0.694994897547863,0,0,1.31747390737117,1.42974320934905,"IRX1;NTRK2;IRX6;SPINK5;DMD"
"Positive Regulation Of Protein Kinase B Signaling (GO:0051897)","3/93",0.339739874389341,0.694994897547863,0,0,1.47477272727273,1.59212781057615,"MYOC;SPRY2;EGFR"
"Neuron Migration (GO:0001764)","2/55",0.344929046929369,0.694994897547863,0,0,1.66893424036281,1.77644121658433,"NTRK2;DNER"
"Cellular Response To Fibroblast Growth Factor Stimulus (GO:0044344)","2/55",0.344929046929369,0.694994897547863,0,0,1.66893424036281,1.77644121658433,"KL;SFRP1"
"Response To Peptide Hormone (GO:0043434)","2/55",0.344929046929369,0.694994897547863,0,0,1.66893424036281,1.77644121658433,"CITED1;PCK1"
"Cellular Response To Hormone Stimulus (GO:0032870)","3/94",0.345809686906344,0.694994897547863,0,0,1.45849150849151,1.54872355502706,"GHR;SFRP1;ATP1A2"
"Arp2/3 Complex-Mediated Actin Nucleation (GO:0034314)","1/19",0.346735949616647,0.694994897547863,0,0,2.45588235294118,2.60125030466016,"WIPF3"
"Regulation Of Fibroblast Growth Factor Receptor Signaling Pathway (GO:0040036)","1/19",0.346735949616647,0.694994897547863,0,0,2.45588235294118,2.60125030466016,"SPRY2"
"Regulation Of Insulin-Like Growth Factor Receptor Signaling Pathway (GO:0043567)","1/19",0.346735949616647,0.694994897547863,0,0,2.45588235294118,2.60125030466016,"IGFBP6"
"Regulation Of Integrin-Mediated Signaling Pathway (GO:2001044)","1/19",0.346735949616647,0.694994897547863,0,0,2.45588235294118,2.60125030466016,"LIMS2"
"Regulation Of Lymphocyte Differentiation (GO:0045619)","1/19",0.346735949616647,0.694994897547863,0,0,2.45588235294118,2.60125030466016,"SPINK5"
"Regulation Of Megakaryocyte Differentiation (GO:0045652)","1/19",0.346735949616647,0.694994897547863,0,0,2.45588235294118,2.60125030466016,"TESC"
"Bicarbonate Transport (GO:0015701)","1/19",0.346735949616647,0.694994897547863,0,0,2.45588235294118,2.60125030466016,"RHAG"
"Nucleotide Biosynthetic Process (GO:0009165)","1/19",0.346735949616647,0.694994897547863,0,0,2.45588235294118,2.60125030466016,"NMNAT2"
"Positive Regulation Of calcineurin-NFAT Signaling Cascade (GO:0070886)","1/19",0.346735949616647,0.694994897547863,0,0,2.45588235294118,2.60125030466016,"AKAP6"
"Positive Regulation Of Calcineurin-Mediated Signaling (GO:0106058)","1/19",0.346735949616647,0.694994897547863,0,0,2.45588235294118,2.60125030466016,"AKAP6"
"Dopamine Metabolic Process (GO:0042417)","1/19",0.346735949616647,0.694994897547863,0,0,2.45588235294118,2.60125030466016,"MAOA"
"Glycogen Metabolic Process (GO:0005977)","1/19",0.346735949616647,0.694994897547863,0,0,2.45588235294118,2.60125030466016,"GYG2"
"Protein Heterooligomerization (GO:0051291)","1/19",0.346735949616647,0.694994897547863,0,0,2.45588235294118,2.60125030466016,"GRIN2B"
"Protein Insertion Into Membrane (GO:0051205)","1/19",0.346735949616647,0.694994897547863,0,0,2.45588235294118,2.60125030466016,"EGFR"
"Mesoderm Development (GO:0007498)","1/19",0.346735949616647,0.694994897547863,0,0,2.45588235294118,2.60125030466016,"TCF15"
"Receptor Clustering (GO:0043113)","1/19",0.346735949616647,0.694994897547863,0,0,2.45588235294118,2.60125030466016,"NLGN1"
"Regulation Of B Cell Differentiation (GO:0045577)","1/19",0.346735949616647,0.694994897547863,0,0,2.45588235294118,2.60125030466016,"SFRP1"
"Negative Regulation Of Axon Extension Involved In Axon Guidance (GO:0048843)","1/19",0.346735949616647,0.694994897547863,0,0,2.45588235294118,2.60125030466016,"SEMA6A"
"Negative Regulation Of Calcium Ion Transmembrane Transport (GO:1903170)","1/19",0.346735949616647,0.694994897547863,0,0,2.45588235294118,2.60125030466016,"ATP1A2"
"Peptide Metabolic Process (GO:0006518)","2/56",0.352991999767343,0.704429448440552,0,0,1.6379440665155,1.70560734893892,"MME;DMD"
"Regulation Of Cation Channel Activity (GO:2001257)","2/56",0.352991999767343,0.704429448440552,0,0,1.6379440665155,1.70560734893892,"HRC;DMD"
"Potassium Ion Transmembrane Transport (GO:0071805)","4/137",0.360593940857324,0.704429448440552,0,0,1.3307071779677,1.35732500931726,"KCNC4;KCNQ4;KCNJ16;ATP1A2"
"Negative Regulation Of miRNA Transcription (GO:1902894)","1/20",0.361219483422402,0.704429448440552,0,0,2.32650631102644,2.36901046013663,"NFIB"
"Negative Regulation Of Phosphate Metabolic Process (GO:0045936)","1/20",0.361219483422402,0.704429448440552,0,0,2.32650631102644,2.36901046013663,"CDKN1C"
"Negative Regulation Of Small GTPase Mediated Signal Transduction (GO:0051058)","1/20",0.361219483422402,0.704429448440552,0,0,2.32650631102644,2.36901046013663,"SPRY2"
"Negative Regulation Of Viral Life Cycle (GO:1903901)","1/20",0.361219483422402,0.704429448440552,0,0,2.32650631102644,2.36901046013663,"GSN"
"Cell Projection Organization (GO:0030030)","1/20",0.361219483422402,0.704429448440552,0,0,2.32650631102644,2.36901046013663,"GSN"
"Cellular Response To Copper Ion (GO:0071280)","1/20",0.361219483422402,0.704429448440552,0,0,2.32650631102644,2.36901046013663,"MT1L"
"Response To ATP (GO:0033198)","1/20",0.361219483422402,0.704429448440552,0,0,2.32650631102644,2.36901046013663,"RYR3"
"Response To Fibroblast Growth Factor (GO:0071774)","1/20",0.361219483422402,0.704429448440552,0,0,2.32650631102644,2.36901046013663,"SFRP1"
"Sensory Perception Of Pain (GO:0019233)","1/20",0.361219483422402,0.704429448440552,0,0,2.32650631102644,2.36901046013663,"MME"
"Transport Along Microtubule (GO:0010970)","1/20",0.361219483422402,0.704429448440552,0,0,2.32650631102644,2.36901046013663,"DYNC1I1"
"Glutamate Metabolic Process (GO:0006536)","1/20",0.361219483422402,0.704429448440552,0,0,2.32650631102644,2.36901046013663,"TAT"
"Intracellular Monoatomic Ion Homeostasis (GO:0006873)","1/20",0.361219483422402,0.704429448440552,0,0,2.32650631102644,2.36901046013663,"RHAG"
"Long-Term Memory (GO:0007616)","1/20",0.361219483422402,0.704429448440552,0,0,2.32650631102644,2.36901046013663,"NTF4"
"Long-Term Synaptic Potentiation (GO:0060291)","1/20",0.361219483422402,0.704429448440552,0,0,2.32650631102644,2.36901046013663,"GRIN2B"
"Negative Regulation Of B Cell Activation (GO:0050869)","1/20",0.361219483422402,0.704429448440552,0,0,2.32650631102644,2.36901046013663,"SFRP1"
"Negative Regulation Of Cyclin-Dependent Protein Kinase Activity (GO:1904030)","1/20",0.361219483422402,0.704429448440552,0,0,2.32650631102644,2.36901046013663,"CDKN1C"
"Positive Regulation Of ERK1 And ERK2 Cascade (GO:0070374)","5/179",0.364157305624541,0.709148437268843,0,0,1.27165013383719,1.28458198453472,"NTRK2;NTRK3;SPRY2;EGFR;FGF10"
"Renal System Development (GO:0072001)","2/58",0.369010709637866,0.715546262739715,0,0,1.57928409459022,1.57443507958484,"MME;TBX18"
"Response To Organic Cyclic Compound (GO:0014070)","2/58",0.369010709637866,0.715546262739715,0,0,1.57928409459022,1.57443507958484,"SFRP1;ADORA1"
"Eye Development (GO:0001654)","2/58",0.369010709637866,0.715546262739715,0,0,1.57928409459022,1.57443507958484,"ADAMTS18;MAB21L1"
"Regulation Of Dendritic Spine Development (GO:0060998)","1/21",0.375382610670452,0.716750933641194,0,0,2.21006787330317,2.16544544936932,"NLGN1"
"Negative Regulation Of miRNA Metabolic Process (GO:2000629)","1/21",0.375382610670452,0.716750933641194,0,0,2.21006787330317,2.16544544936932,"NFIB"
"Anaphase-Promoting Complex-Dependent Catabolic Process (GO:0031145)","1/21",0.375382610670452,0.716750933641194,0,0,2.21006787330317,2.16544544936932,"ECRG4"
"Peptide Catabolic Process (GO:0043171)","1/21",0.375382610670452,0.716750933641194,0,0,2.21006787330317,2.16544544936932,"MME"
"Response To Cadmium Ion (GO:0046686)","1/21",0.375382610670452,0.716750933641194,0,0,2.21006787330317,2.16544544936932,"EGFR"
"Positive Regulation Of Dendritic Spine Development (GO:0060999)","1/21",0.375382610670452,0.716750933641194,0,0,2.21006787330317,2.16544544936932,"NLGN1"
"Endocardial Cushion Morphogenesis (GO:0003203)","1/21",0.375382610670452,0.716750933641194,0,0,2.21006787330317,2.16544544936932,"ADAMTS5"
"Focal Adhesion Assembly (GO:0048041)","1/21",0.375382610670452,0.716750933641194,0,0,2.21006787330317,2.16544544936932,"SORBS1"
"Purine Nucleotide Biosynthetic Process (GO:0006164)","1/21",0.375382610670452,0.716750933641194,0,0,2.21006787330317,2.16544544936932,"NMNAT2"
"Negative Regulation Of GTPase Activity (GO:0034260)","1/21",0.375382610670452,0.716750933641194,0,0,2.21006787330317,2.16544544936932,"USP17L2"
"Negative Regulation Of Wnt Signaling Pathway (GO:0030178)","4/140",0.375689939558695,0.716750933641194,0,0,1.30115235160123,1.27381657797156,"SFRP1;CITED1;IGFBP6;APCDD1"
"Regulation Of miRNA Transcription (GO:1902893)","2/59",0.376961776641096,0.716750933641194,0,0,1.5514977920993,1.51365906476001,"NFIB;EGFR"
"Glucose Metabolic Process (GO:0006006)","2/59",0.376961776641096,0.716750933641194,0,0,1.5514977920993,1.51365906476001,"PCK1;PPARGC1A"
"Regulation Of Cell Death (GO:0010941)","2/59",0.376961776641096,0.716750933641194,0,0,1.5514977920993,1.51365906476001,"PACRG;CRYAB"
"Positive Regulation Of MAPK Cascade (GO:0043410)","8/310",0.380984753095323,0.722796792892414,0,0,1.17256603486336,1.13152144283192,"GHR;NTRK2;NTRK3;NTF3;SPRY2;IGFBP6;EGFR;FGF10"
"Negative Regulation Of Apoptotic Process (GO:0043066)","12/482",0.381197432044064,0.722796792892414,0,0,1.1306906254628,1.09048082874751,"NTF4;CNTFR;NTRK2;SFRP1;PTPRZ1;CITED1;NTF3;SPRY2;PPARGC1A;CRYAB;EGFR;POU3F3"
"Positive Regulation Of Cell Population Proliferation (GO:0008284)","12/483",0.383890363504044,0.723011072815156,0,0,1.12823089541431,1.08016631743633,"MLXIPL;NTRK2;SFRP1;TNXB;NTRK3;NTF3;VEGFD;LIFR;NES;EGFR;POU3F3;FGF10"
"Response To Retinoic Acid (GO:0032526)","2/60",0.384871059518125,0.723011072815156,0,0,1.52466963797013,1.45582609431234,"TESC;ALDH1A2"
"Regulation Of Dopamine Secretion (GO:0014059)","1/22",0.389232403699613,0.723011072815156,0,0,2.10471881060116,1.98596778643407,"SYT2"
"NAD Metabolic Process (GO:0019674)","1/22",0.389232403699613,0.723011072815156,0,0,2.10471881060116,1.98596778643407,"NMNAT2"
"Negative Regulation Of Myeloid Cell Differentiation (GO:0045638)","1/22",0.389232403699613,0.723011072815156,0,0,2.10471881060116,1.98596778643407,"ZBTB16"
"Regulation Of Histone Acetylation (GO:0035065)","1/22",0.389232403699613,0.723011072815156,0,0,2.10471881060116,1.98596778643407,"PPARGC1A"
"Cellular Response To Cadmium Ion (GO:0071276)","1/22",0.389232403699613,0.723011072815156,0,0,2.10471881060116,1.98596778643407,"EGFR"
"Placenta Development (GO:0001890)","1/22",0.389232403699613,0.723011072815156,0,0,2.10471881060116,1.98596778643407,"CITED1"
"Cellular Response To Topologically Incorrect Protein (GO:0035967)","1/22",0.389232403699613,0.723011072815156,0,0,2.10471881060116,1.98596778643407,"PACRG"
"Response To Gamma Radiation (GO:0010332)","1/22",0.389232403699613,0.723011072815156,0,0,2.10471881060116,1.98596778643407,"CRYAB"
"Cytoskeleton-Dependent Intracellular Transport (GO:0030705)","1/22",0.389232403699613,0.723011072815156,0,0,2.10471881060116,1.98596778643407,"DYNC1I1"
"Positive Regulation Of Cholesterol Efflux (GO:0010875)","1/22",0.389232403699613,0.723011072815156,0,0,2.10471881060116,1.98596778643407,"EEPD1"
"Vesicle Transport Along Microtubule (GO:0047496)","1/22",0.389232403699613,0.723011072815156,0,0,2.10471881060116,1.98596778643407,"DYNC1I1"
"Hexose Transmembrane Transport (GO:0008645)","1/22",0.389232403699613,0.723011072815156,0,0,2.10471881060116,1.98596778643407,"SLC5A9"
"Positive Regulation Of Receptor Internalization (GO:0002092)","1/22",0.389232403699613,0.723011072815156,0,0,2.10471881060116,1.98596778643407,"NTF3"
"BMP Signaling Pathway (GO:0030509)","2/61",0.392736508756803,0.727545711079923,0,0,1.4987509127945,1.40075711239788,"GDF10;RGMA"
"Regulation Of Pathway-Restricted SMAD Protein Phosphorylation (GO:0060393)","2/61",0.392736508756803,0.727545711079923,0,0,1.4987509127945,1.40075711239788,"GDF10;TNXB"
"Regulation Of Cell Adhesion (GO:0030155)","4/144",0.395765780908309,0.732166694680373,0,0,1.26371623820371,1.17137991111054,"TNXB;TESC;SAA1;PLXNA4"
"Chemical Synaptic Transmission (GO:0007268)","7/273",0.401340269701347,0.735200055453527,0,0,1.16435296957991,1.06299098868142,"NLGN1;PTCHD1;NPY5R;KCNC4;GRIN2B;SLC6A2;SYN2"
"Negative Regulation Of Epidermal Growth Factor Receptor Signaling Pathway (GO:0042059)","1/23",0.40277577910164,0.735200055453527,0,0,2.00894693541752,1.82688662418804,"EGFR"
"Response To BMP (GO:0071772)","1/23",0.40277577910164,0.735200055453527,0,0,2.00894693541752,1.82688662418804,"SFRP1"
"Endocardial Cushion Development (GO:0003197)","1/23",0.40277577910164,0.735200055453527,0,0,2.00894693541752,1.82688662418804,"ADAMTS5"
"Endocrine System Development (GO:0035270)","1/23",0.40277577910164,0.735200055453527,0,0,2.00894693541752,1.82688662418804,"HOXD3"
"Positive Regulation Of Epithelial Cell Apoptotic Process (GO:1904037)","1/23",0.40277577910164,0.735200055453527,0,0,2.00894693541752,1.82688662418804,"GSN"
"Potassium Ion Homeostasis (GO:0055075)","1/23",0.40277577910164,0.735200055453527,0,0,2.00894693541752,1.82688662418804,"ATP1A2"
"Long-Chain Fatty Acid Transport (GO:0015909)","1/23",0.40277577910164,0.735200055453527,0,0,2.00894693541752,1.82688662418804,"SPX"
"Protein Localization To Cell Junction (GO:1902414)","1/23",0.40277577910164,0.735200055453527,0,0,2.00894693541752,1.82688662418804,"NLGN1"
"Regulation Of Axon Extension Involved In Axon Guidance (GO:0048841)","1/23",0.40277577910164,0.735200055453527,0,0,2.00894693541752,1.82688662418804,"SEMA6A"
"Positive Regulation Of Kinase Activity (GO:0033674)","3/104",0.406007490201367,0.740112189195302,0,0,1.31341134113411,1.18388753591389,"NTRK2;NTRK3;EGFR"
"Positive Regulation Of Mitotic Cell Cycle Phase Transition (GO:1901992)","2/63",0.408328258510886,0.740612089866885,0,0,1.44946284524739,1.29826049483446,"EGFR;FGF10"
"Cellular Response To Organonitrogen Compound (GO:0071417)","3/105",0.411949971872371,0.740612089866885,0,0,1.3004679144385,1.15332434534379,"SFRP1;AKAP6;RYR3"
"Regulation Of Cysteine-Type Endopeptidase Activity (GO:2000116)","1/24",0.416019501174313,0.740612089866885,0,0,1.92150304938029,1.68520264172381,"GRIN2B"
"Regulation Of Cytoplasmic Translation (GO:2000765)","1/24",0.416019501174313,0.740612089866885,0,0,1.92150304938029,1.68520264172381,"NMNAT2"
"ERK1 And ERK2 Cascade (GO:0070371)","1/24",0.416019501174313,0.740612089866885,0,0,1.92150304938029,1.68520264172381,"FGF10"
"Negative Regulation Of Ossification (GO:0030279)","1/24",0.416019501174313,0.740612089866885,0,0,1.92150304938029,1.68520264172381,"SFRP1"
"Acylglycerol Homeostasis (GO:0055090)","1/24",0.416019501174313,0.740612089866885,0,0,1.92150304938029,1.68520264172381,"MLXIPL"
"Amyloid Fibril Formation (GO:1990000)","1/24",0.416019501174313,0.740612089866885,0,0,1.92150304938029,1.68520264172381,"GSN"
"Neuromuscular Junction Development (GO:0007528)","1/24",0.416019501174313,0.740612089866885,0,0,1.92150304938029,1.68520264172381,"KY"
"Regulation Of Neuroblast Proliferation (GO:1902692)","1/24",0.416019501174313,0.740612089866885,0,0,1.92150304938029,1.68520264172381,"DCT"
"Positive Regulation Of BMP Signaling Pathway (GO:0030513)","1/24",0.416019501174313,0.740612089866885,0,0,1.92150304938029,1.68520264172381,"RNF165"
"Response To Copper Ion (GO:0046688)","1/24",0.416019501174313,0.740612089866885,0,0,1.92150304938029,1.68520264172381,"MT1L"
"Ear Morphogenesis (GO:0042471)","1/24",0.416019501174313,0.740612089866885,0,0,1.92150304938029,1.68520264172381,"SOBP"
"Fat-Soluble Vitamin Metabolic Process (GO:0006775)","1/24",0.416019501174313,0.740612089866885,0,0,1.92150304938029,1.68520264172381,"ALDH1A2"
"Gliogenesis (GO:0042063)","1/24",0.416019501174313,0.740612089866885,0,0,1.92150304938029,1.68520264172381,"NFIB"
"Protein K48-linked Deubiquitination (GO:0071108)","1/24",0.416019501174313,0.740612089866885,0,0,1.92150304938029,1.68520264172381,"USP17L2"
"Regulation Of AMPA Receptor Activity (GO:2000311)","1/24",0.416019501174313,0.740612089866885,0,0,1.92150304938029,1.68520264172381,"NLGN1"
"Regulation Of Actin Nucleation (GO:0051125)","1/24",0.416019501174313,0.740612089866885,0,0,1.92150304938029,1.68520264172381,"GSN"
"Positive Regulation Of GTPase Activity (GO:0043547)","6/234",0.416650620119455,0.740772336290303,0,0,1.16397687582801,1.01907019339723,"SFRP1;NTRK3;NTF3;USP17L2;SLC6A2;RGS6"
"Response To Calcium Ion (GO:0051592)","3/106",0.417873865040511,0.741022436839974,0,0,1.28777581641659,1.12368182041408,"NLGN1;SYT2;RYR3"
"Regulation Of G1/S Transition Of Mitotic Cell Cycle (GO:2000045)","3/106",0.417873865040511,0.741022436839974,0,0,1.28777581641659,1.12368182041408,"FAM107A;EGFR;FGF10"
"Monocarboxylic Acid Biosynthetic Process (GO:0072330)","2/65",0.423722777457214,0.742427539169622,0,0,1.40330417881438,1.20498342867532,"CYP39A1;ALDH1A2"
"Regulation Of Cell-Matrix Adhesion (GO:0001952)","2/65",0.423722777457214,0.742427539169622,0,0,1.40330417881438,1.20498342867532,"SFRP1;MYOC"
"Negative Regulation Of Intracellular Protein Transport (GO:0090317)","1/25",0.428970185159365,0.742427539169622,0,0,1.84134615384615,1.55845620546663,"USP17L2"
"Regulation Of Glycogen Biosynthetic Process (GO:0005979)","1/25",0.428970185159365,0.742427539169622,0,0,1.84134615384615,1.55845620546663,"SORBS1"
"Regulation Of Hippo Signaling (GO:0035330)","1/25",0.428970185159365,0.742427539169622,0,0,1.84134615384615,1.55845620546663,"WTIP"
"Negative Regulation Of Protein Localization To Membrane (GO:1905476)","1/25",0.428970185159365,0.742427539169622,0,0,1.84134615384615,1.55845620546663,"USP17L2"
"Regulation Of Keratinocyte Proliferation (GO:0010837)","1/25",0.428970185159365,0.742427539169622,0,0,1.84134615384615,1.55845620546663,"FGF10"
"Regulation Of Lysosomal Lumen pH (GO:0035751)","1/25",0.428970185159365,0.742427539169622,0,0,1.84134615384615,1.55845620546663,"OCA2"
"Bile Acid Biosynthetic Process (GO:0006699)","1/25",0.428970185159365,0.742427539169622,0,0,1.84134615384615,1.55845620546663,"CYP39A1"
"Cardiac Conduction System Development (GO:0003161)","1/25",0.428970185159365,0.742427539169622,0,0,1.84134615384615,1.55845620546663,"TBX18"
"Regulation Of Protein Processing (GO:0070613)","1/25",0.428970185159365,0.742427539169622,0,0,1.84134615384615,1.55845620546663,"USP17L2"
"Cellular Response To Hexose Stimulus (GO:0071331)","1/25",0.428970185159365,0.742427539169622,0,0,1.84134615384615,1.55845620546663,"PCK1"
"Cellular Response To Steroid Hormone Stimulus (GO:0071383)","1/25",0.428970185159365,0.742427539169622,0,0,1.84134615384615,1.55845620546663,"ATP1A2"
"Chemical Synaptic Transmission, Postsynaptic (GO:0099565)","1/25",0.428970185159365,0.742427539169622,0,0,1.84134615384615,1.55845620546663,"GRIN2B"
"Response To Zinc Ion (GO:0010043)","1/25",0.428970185159365,0.742427539169622,0,0,1.84134615384615,1.55845620546663,"MT1L"
"Sodium Ion Homeostasis (GO:0055078)","1/25",0.428970185159365,0.742427539169622,0,0,1.84134615384615,1.55845620546663,"ATP1A2"
"Positive Regulation Of Glucose Import (GO:0046326)","1/25",0.428970185159365,0.742427539169622,0,0,1.84134615384615,1.55845620546663,"SORBS1"
"Lamellipodium Assembly (GO:0030032)","1/25",0.428970185159365,0.742427539169622,0,0,1.84134615384615,1.55845620546663,"ABLIM3"
"Myotube Differentiation (GO:0014902)","1/25",0.428970185159365,0.742427539169622,0,0,1.84134615384615,1.55845620546663,"ADAMTS5"
"Monoatomic Cation Transmembrane Transport (GO:0098655)","7/281",0.430277135504067,0.743749240536702,0,0,1.12988850197549,0.952864098539959,"KCNC4;KCNQ4;ATP1A2;GRIN2B;SLC6A2;TRPM3;RYR3"
"Regulation Of Cell Population Proliferation (GO:0042127)","18/766",0.432630347321903,0.746416490971263,0,0,1.06499528153507,0.892329318557559,"NTRK2;TNXB;TESC;NTRK3;VEGFD;LIFR;USP17L2;ECRG4;EGFR;POU3F3;ACE2;MLXIPL;SFRP1;ALDH1A2;NTF3;SCGB3A1;IGFBP6;ADAMTS8"
"Regulation Of Programmed Cell Death (GO:0043067)","5/195",0.43424868608111,0.746416490971263,0,0,1.16360249939918,0.970604944801219,"PHLPP1;CITED1;NTF3;USP17L2;CRYAB"
"Negative Regulation Of Developmental Process (GO:0051093)","3/109",0.435523866440958,0.746416490971263,0,0,1.25113636363636,1.03995165416228,"KANK1;SFRP1;NFIB"
"Cellular Response To Salt (GO:1902075)","3/109",0.435523866440958,0.746416490971263,0,0,1.25113636363636,1.03995165416228,"NLGN1;SYT2;RYR3"
"Inorganic Cation Transmembrane Transport (GO:0098662)","7/284",0.441090232444053,0.746416490971263,0,0,1.11747756102408,0.91466188266624,"KCNC4;KCNQ4;RHAG;ATP1A2;SLC6A2;TRPM3;RYR3"
"Negative Regulation Of Insulin Receptor Signaling Pathway (GO:0046627)","1/26",0.441634300720762,0.746416490971263,0,0,1.76760180995475,1.44461343430013,"KANK1"
"Regulation Of Fatty Acid Biosynthetic Process (GO:0042304)","1/26",0.441634300720762,0.746416490971263,0,0,1.76760180995475,1.44461343430013,"MLXIPL"
"Negative Regulation Of Protein Polymerization (GO:0032272)","1/26",0.441634300720762,0.746416490971263,0,0,1.76760180995475,1.44461343430013,"KANK1"
"Regulation Of Myeloid Cell Differentiation (GO:0045637)","1/26",0.441634300720762,0.746416490971263,0,0,1.76760180995475,1.44461343430013,"ZBTB16"
"cAMP-mediated Signaling (GO:0019933)","1/26",0.441634300720762,0.746416490971263,0,0,1.76760180995475,1.44461343430013,"AKAP6"
"Calcium-Ion Regulated Exocytosis (GO:0017156)","1/26",0.441634300720762,0.746416490971263,0,0,1.76760180995475,1.44461343430013,"SYT2"
"Camera-Type Eye Development (GO:0043010)","1/26",0.441634300720762,0.746416490971263,0,0,1.76760180995475,1.44461343430013,"NES"
"Plasma Membrane Invagination (GO:0099024)","1/26",0.441634300720762,0.746416490971263,0,0,1.76760180995475,1.44461343430013,"GSN"
"Regulation Of Vasoconstriction (GO:0019229)","1/26",0.441634300720762,0.746416490971263,0,0,1.76760180995475,1.44461343430013,"ACE2"
"Response To Glucocorticoid (GO:0051384)","1/26",0.441634300720762,0.746416490971263,0,0,1.76760180995475,1.44461343430013,"FAM107A"
"Protein Localization To Cell Surface (GO:0034394)","1/26",0.441634300720762,0.746416490971263,0,0,1.76760180995475,1.44461343430013,"FGF10"
"miRNA-mediated Gene Silencing (GO:0035195)","1/26",0.441634300720762,0.746416490971263,0,0,1.76760180995475,1.44461343430013,"WTIP"
"Negative Regulation Of Catalytic Activity (GO:0043086)","1/26",0.441634300720762,0.746416490971263,0,0,1.76760180995475,1.44461343430013,"NES"
"Intermediate Filament Organization (GO:0045109)","2/68",0.446417473557237,0.748856483544355,0,0,1.33931148216862,1.0801556819159,"KRT14;PKP1"
"Cytoskeleton Organization (GO:0007010)","3/111",0.447179524708599,0.748856483544355,0,0,1.22784090909091,0.98816040090297,"SEMA6A;ARAP3;WTIP"
"Calcium Ion Transport (GO:0006816)","3/112",0.452971325502058,0.748856483544355,0,0,1.21651376146789,0.963389430109661,"CDH23;TRPM3;RYR3"
"Phagocytosis (GO:0006909)","2/69",0.453870984998537,0.748856483544355,0,0,1.31925406978712,1.04213458802151,"GSN;ADORA1"
"Amino Acid Import Across Plasma Membrane (GO:0089718)","1/27",0.454018174829667,0.748856483544355,0,0,1.69953010790115,1.34197964814956,"SLC6A2"
"Cardiac Muscle Cell Differentiation (GO:0055007)","1/27",0.454018174829667,0.748856483544355,0,0,1.69953010790115,1.34197964814956,"MYH11"
"Cellular Response To Epidermal Growth Factor Stimulus (GO:0071364)","1/27",0.454018174829667,0.748856483544355,0,0,1.69953010790115,1.34197964814956,"EGFR"
"Cortical Cytoskeleton Organization (GO:0030865)","1/27",0.454018174829667,0.748856483544355,0,0,1.69953010790115,1.34197964814956,"NLGN1"
"Positive Regulation Of Calcium Ion Transmembrane Transporter Activity (GO:1901021)","1/27",0.454018174829667,0.748856483544355,0,0,1.69953010790115,1.34197964814956,"AKAP6"
"Dorsal/Ventral Pattern Formation (GO:0009953)","1/27",0.454018174829667,0.748856483544355,0,0,1.69953010790115,1.34197964814956,"SFRP1"
"Positive Regulation Of Cytosolic Calcium Ion Concentration Involved In Phospholipase C-activating G Protein-Coupled Signaling Pathway (GO:0051482)","1/27",0.454018174829667,0.748856483544355,0,0,1.69953010790115,1.34197964814956,"GPR17"
"Positive Regulation Of Filopodium Assembly (GO:0051491)","1/27",0.454018174829667,0.748856483544355,0,0,1.69953010790115,1.34197964814956,"NLGN1"
"Synaptic Transmission, Glutamatergic (GO:0035249)","1/27",0.454018174829667,0.748856483544355,0,0,1.69953010790115,1.34197964814956,"GRIN2B"
"Glycerophospholipid Catabolic Process (GO:0046475)","1/27",0.454018174829667,0.748856483544355,0,0,1.69953010790115,1.34197964814956,"ENPP6"
"Positive Regulation Of Response To Wounding (GO:1903036)","1/27",0.454018174829667,0.748856483544355,0,0,1.69953010790115,1.34197964814956,"KANK1"
"Microtubule Polymerization Or Depolymerization (GO:0031109)","1/27",0.454018174829667,0.748856483544355,0,0,1.69953010790115,1.34197964814956,"TPPP2"
"Regulation Of Actin Polymerization Or Depolymerization (GO:0008064)","1/27",0.454018174829667,0.748856483544355,0,0,1.69953010790115,1.34197964814956,"DAAM2"
"Regulation Of Androgen Receptor Signaling Pathway (GO:0060765)","1/27",0.454018174829667,0.748856483544355,0,0,1.69953010790115,1.34197964814956,"SFRP1"
"Regulation Of Catecholamine Secretion (GO:0050433)","1/27",0.454018174829667,0.748856483544355,0,0,1.69953010790115,1.34197964814956,"SYT2"
"Negative Regulation Of Cellular Response To Insulin Stimulus (GO:1900077)","1/27",0.454018174829667,0.748856483544355,0,0,1.69953010790115,1.34197964814956,"KANK1"
"Regulation Of ERK1 And ERK2 Cascade (GO:0070372)","6/244",0.455851215811828,0.750975107637055,0,0,1.11449339461185,0.875533532742233,"NTRK2;SEMA6A;NTRK3;SPRY2;EGFR;FGF10"
"Regulation Of Actin Filament-Based Process (GO:0032970)","2/70",0.461266762708363,0.754289864525899,0,0,1.29978658129919,1.00574722623047,"DAAM2;FAM107A"
"Negative Regulation Of Canonical Wnt Signaling Pathway (GO:0090090)","3/114",0.464478621605905,0.754289864525899,0,0,1.19447174447174,0.915968409513789,"SFRP1;IGFBP6;TBX18"
"Regulation Of Nitric-Oxide Synthase Activity (GO:0050999)","1/28",0.466127995170863,0.754289864525899,0,0,1.63650075414781,1.2491328673937,"EGFR"
"Regulation Of Protein Localization To Membrane (GO:1905475)","1/28",0.466127995170863,0.754289864525899,0,0,1.63650075414781,1.2491328673937,"GSN"
"Regulation Of Protein Targeting To Membrane (GO:0090313)","1/28",0.466127995170863,0.754289864525899,0,0,1.63650075414781,1.2491328673937,"USP17L2"
"Cell-Substrate Junction Assembly (GO:0007044)","1/28",0.466127995170863,0.754289864525899,0,0,1.63650075414781,1.2491328673937,"SORBS1"
"Phospholipid Catabolic Process (GO:0009395)","1/28",0.466127995170863,0.754289864525899,0,0,1.63650075414781,1.2491328673937,"ENPP6"
"Diterpenoid Metabolic Process (GO:0016101)","1/28",0.466127995170863,0.754289864525899,0,0,1.63650075414781,1.2491328673937,"ADH4"
"Vascular Endothelial Growth Factor Receptor Signaling Pathway (GO:0048010)","1/28",0.466127995170863,0.754289864525899,0,0,1.63650075414781,1.2491328673937,"VEGFD"
"Hematopoietic Progenitor Cell Differentiation (GO:0002244)","1/28",0.466127995170863,0.754289864525899,0,0,1.63650075414781,1.2491328673937,"SFRP1"
"Limb Development (GO:0060173)","1/28",0.466127995170863,0.754289864525899,0,0,1.63650075414781,1.2491328673937,"FGF10"
"Protein Depolymerization (GO:0051261)","1/28",0.466127995170863,0.754289864525899,0,0,1.63650075414781,1.2491328673937,"GSN"
"Regulation Of Calcium Ion-Dependent Exocytosis (GO:0017158)","1/28",0.466127995170863,0.754289864525899,0,0,1.63650075414781,1.2491328673937,"SYT2"
"Regulation Of Cardiac Muscle Cell Action Potential (GO:0098901)","1/28",0.466127995170863,0.754289864525899,0,0,1.63650075414781,1.2491328673937,"TBX18"
"Negative Regulation Of Cytoskeleton Organization (GO:0051494)","1/28",0.466127995170863,0.754289864525899,0,0,1.63650075414781,1.2491328673937,"KANK1"
"Regulation Of Hydrolase Activity (GO:0051336)","2/71",0.468603704144337,0.754727612910115,0,0,1.28088336783989,0.970906836663396,"NTRK2;PLXNA4"
"Negative Regulation Of Supramolecular Fiber Organization (GO:1902904)","2/71",0.468603704144337,0.754727612910115,0,0,1.28088336783989,0.970906836663396,"KANK1;CRYAB"
"Cell-Cell Junction Assembly (GO:0007043)","2/71",0.468603704144337,0.754727612910115,0,0,1.28088336783989,0.970906836663396,"PKP1;TLN2"
"Negative Regulation Of Cellular Response To Growth Factor Stimulus (GO:0090288)","2/71",0.468603704144337,0.754727612910115,0,0,1.28088336783989,0.970906836663396,"CRIM1;SPRY2"
"Transforming Growth Factor Beta Receptor Signaling Pathway (GO:0007179)","2/72",0.475880783658174,0.7564632071332,0,0,1.26252024619372,0.937532271735577,"GDF10;CITED1"
"Negative Regulation Of Cell Adhesion (GO:0007162)","2/72",0.475880783658174,0.7564632071332,0,0,1.26252024619372,0.937532271735577,"SEMA6A;PLXNA4"
"Regulation Of Developmental Growth (GO:0048638)","1/29",0.477969813126529,0.7564632071332,0,0,1.57797349709114,1.16487218743165,"GHR"
"Negative Regulation Of Plasma Membrane Bounded Cell Projection Assembly (GO:0120033)","1/29",0.477969813126529,0.7564632071332,0,0,1.57797349709114,1.16487218743165,"KANK1"
"Alpha-Amino Acid Catabolic Process (GO:1901606)","1/29",0.477969813126529,0.7564632071332,0,0,1.57797349709114,1.16487218743165,"TAT"
"Regulation Of Muscle Contraction (GO:0006937)","1/29",0.477969813126529,0.7564632071332,0,0,1.57797349709114,1.16487218743165,"ATP1A2"
"Regulation Of Neuron Migration (GO:2001222)","1/29",0.477969813126529,0.7564632071332,0,0,1.57797349709114,1.16487218743165,"SEMA6A"
"Peptidyl-Tyrosine Dephosphorylation (GO:0035335)","1/29",0.477969813126529,0.7564632071332,0,0,1.57797349709114,1.16487218743165,"PTPRZ1"
"Regulation Of Voltage-Gated Calcium Channel Activity (GO:1901385)","1/29",0.477969813126529,0.7564632071332,0,0,1.57797349709114,1.16487218743165,"DMD"
"Response To Steroid Hormone (GO:0048545)","1/29",0.477969813126529,0.7564632071332,0,0,1.57797349709114,1.16487218743165,"ATP1A2"
"Positive Regulation Of Endopeptidase Activity (GO:0010950)","1/29",0.477969813126529,0.7564632071332,0,0,1.57797349709114,1.16487218743165,"GRIN2B"
"Glycolytic Process (GO:0006096)","1/29",0.477969813126529,0.7564632071332,0,0,1.57797349709114,1.16487218743165,"ALDOC"
"Maintenance Of Blood-Brain Barrier (GO:0035633)","1/29",0.477969813126529,0.7564632071332,0,0,1.57797349709114,1.16487218743165,"DMD"
"Modified Amino Acid Transport (GO:0072337)","1/29",0.477969813126529,0.7564632071332,0,0,1.57797349709114,1.16487218743165,"SLC16A12"
"Morphogenesis Of An Epithelium (GO:0002009)","1/29",0.477969813126529,0.7564632071332,0,0,1.57797349709114,1.16487218743165,"TBX18"
"Cellular Response To Reactive Oxygen Species (GO:0034614)","2/73",0.48309704973081,0.761037862793264,0,0,1.24467439557983,0.905547564924669,"SLC6A2;EGFR"
"Monocarboxylic Acid Transport (GO:0015718)","2/73",0.48309704973081,0.761037862793264,0,0,1.24467439557983,0.905547564924669,"RBP7;SLC16A12"
"Regulation Of Small GTPase Mediated Signal Transduction (GO:0051056)","3/118",0.487165991379888,0.761037862793264,0,0,1.15268774703557,0.828955818912141,"KALRN;ARHGAP6;SLC6A2"
"Regulation Of Dendritic Spine Morphogenesis (GO:0061001)","1/30",0.489549546689782,0.761037862793264,0,0,1.52348260259011,1.08817731396674,"NLGN1"
"Regulation Of Potassium Ion Transport (GO:0043266)","1/30",0.489549546689782,0.761037862793264,0,0,1.52348260259011,1.08817731396674,"DPP6"
"Phagocytosis, Engulfment (GO:0006911)","1/30",0.489549546689782,0.761037862793264,0,0,1.52348260259011,1.08817731396674,"GSN"
"Regulation Of Vasculature Development (GO:1901342)","1/30",0.489549546689782,0.761037862793264,0,0,1.52348260259011,1.08817731396674,"SFRP1"
"Response To Epidermal Growth Factor (GO:0070849)","1/30",0.489549546689782,0.761037862793264,0,0,1.52348260259011,1.08817731396674,"EGFR"
"Positive Regulation Of Cell Communication (GO:0010647)","1/30",0.489549546689782,0.761037862793264,0,0,1.52348260259011,1.08817731396674,"TNXB"
"Positive Regulation Of Phosphate Metabolic Process (GO:0045937)","1/30",0.489549546689782,0.761037862793264,0,0,1.52348260259011,1.08817731396674,"EGFR"
"Lamellipodium Organization (GO:0097581)","1/30",0.489549546689782,0.761037862793264,0,0,1.52348260259011,1.08817731396674,"ABLIM3"
"Negative Regulation Of Axon Extension (GO:0030517)","1/30",0.489549546689782,0.761037862793264,0,0,1.52348260259011,1.08817731396674,"SEMA6A"
"Negative Regulation Of Calcium Ion Transmembrane Transporter Activity (GO:1901020)","1/30",0.489549546689782,0.761037862793264,0,0,1.52348260259011,1.08817731396674,"ATP1A2"
"Gland Development (GO:0048732)","2/74",0.490251621940804,0.761037862793264,0,0,1.22732426303855,0.874881538799201,"HOXD3;FGF10"
"Regulation Of Fat Cell Differentiation (GO:0045598)","2/75",0.497343688733957,0.761037862793264,0,0,1.21044947659429,0.845467445654256,"SFRP1;ZBTB16"
"Negative Regulation Of Phosphorylation (GO:0042326)","2/75",0.497343688733957,0.761037862793264,0,0,1.21044947659429,0.845467445654256,"CDKN1C;NTRK3"
"Regulation Of Plasma Membrane Bounded Cell Projection Assembly (GO:0120032)","2/75",0.497343688733957,0.761037862793264,0,0,1.21044947659429,0.845467445654256,"DAAM2;USP17L2"
"Regulation Of BMP Signaling Pathway (GO:0030510)","2/75",0.497343688733957,0.761037862793264,0,0,1.21044947659429,0.845467445654256,"CRIM1;RNF165"
"Negative Regulation Of Intracellular Steroid Hormone Receptor Signaling Pathway (GO:0033144)","1/31",0.500872983474602,0.761037862793264,0,0,1.47262443438914,1.01817656309486,"SFRP1"
"Regulation Of Extrinsic Apoptotic Signaling Pathway Via Death Domain Receptors (GO:1902041)","1/31",0.500872983474602,0.761037862793264,0,0,1.47262443438914,1.01817656309486,"SFRP1"
"Regulation Of Gluconeogenesis (GO:0006111)","1/31",0.500872983474602,0.761037862793264,0,0,1.47262443438914,1.01817656309486,"PPARGC1A"
"Regulation Of Macrophage Activation (GO:0043030)","1/31",0.500872983474602,0.761037862793264,0,0,1.47262443438914,1.01817656309486,"LRFN5"
"Bile Acid Metabolic Process (GO:0008206)","1/31",0.500872983474602,0.761037862793264,0,0,1.47262443438914,1.01817656309486,"CYP39A1"
"Organic Cation Transport (GO:0015695)","1/31",0.500872983474602,0.761037862793264,0,0,1.47262443438914,1.01817656309486,"SLC6A2"
"Cellular Response To cAMP (GO:0071320)","1/31",0.500872983474602,0.761037862793264,0,0,1.47262443438914,1.01817656309486,"AKAP6"
"Central Nervous System Neuron Differentiation (GO:0021953)","1/31",0.500872983474602,0.761037862793264,0,0,1.47262443438914,1.01817656309486,"NTRK2"
"Positive Regulation Of Cholesterol Transport (GO:0032376)","1/31",0.500872983474602,0.761037862793264,0,0,1.47262443438914,1.01817656309486,"EEPD1"
"Endodermal Cell Differentiation (GO:0035987)","1/31",0.500872983474602,0.761037862793264,0,0,1.47262443438914,1.01817656309486,"LAMA3"
"Positive Regulation Of Extrinsic Apoptotic Signaling Pathway (GO:2001238)","1/31",0.500872983474602,0.761037862793264,0,0,1.47262443438914,1.01817656309486,"SFRP1"
"Positive Regulation Of Glucose Transmembrane Transport (GO:0010828)","1/31",0.500872983474602,0.761037862793264,0,0,1.47262443438914,1.01817656309486,"SORBS1"
"Triglyceride Homeostasis (GO:0070328)","1/31",0.500872983474602,0.761037862793264,0,0,1.47262443438914,1.01817656309486,"MLXIPL"
"Glutamine Family Amino Acid Metabolic Process (GO:0009064)","1/31",0.500872983474602,0.761037862793264,0,0,1.47262443438914,1.01817656309486,"TAT"
"Receptor Signaling Pathway Via STAT (GO:0097696)","1/31",0.500872983474602,0.761037862793264,0,0,1.47262443438914,1.01817656309486,"GHR"
"Negative Chemotaxis (GO:0050919)","1/31",0.500872983474602,0.761037862793264,0,0,1.47262443438914,1.01817656309486,"SEMA6A"
"Negative Regulation Of Chemotaxis (GO:0050922)","1/31",0.500872983474602,0.761037862793264,0,0,1.47262443438914,1.01817656309486,"SEMA6A"
"Regulation Of Cell Morphogenesis (GO:0022604)","1/31",0.500872983474602,0.761037862793264,0,0,1.47262443438914,1.01817656309486,"WTIP"
"Positive Regulation Of Response To Stimulus (GO:0048584)","2/77",0.51133738625666,0.771865394128185,0,0,1.17804988662132,0.790148287208125,"EGFR;FGF10"
"Positive Regulation Of Synaptic Transmission (GO:0050806)","2/77",0.51133738625666,0.771865394128185,0,0,1.17804988662132,0.790148287208125,"NLGN1;GRIN2B"
"Regulation Of Cholesterol Efflux (GO:0010874)","1/32",0.51194578368765,0.771865394128185,0,0,1.42504743833017,0.954121346563957,"EEPD1"
"Regulation Of Transmembrane Transport (GO:0034762)","1/32",0.51194578368765,0.771865394128185,0,0,1.42504743833017,0.954121346563957,"KCNJ16"
"Mesenchymal Cell Migration (GO:0090497)","1/32",0.51194578368765,0.771865394128185,0,0,1.42504743833017,0.954121346563957,"SEMA6A"
"Purine Ribonucleoside Triphosphate Metabolic Process (GO:0009205)","1/32",0.51194578368765,0.771865394128185,0,0,1.42504743833017,0.954121346563957,"ATP1A2"
"Negative Regulation Of G1/S Transition Of Mitotic Cell Cycle (GO:2000134)","1/32",0.51194578368765,0.771865394128185,0,0,1.42504743833017,0.954121346563957,"FAM107A"
"Modulation Of Chemical Synaptic Transmission (GO:0050804)","3/123",0.51485359482064,0.7728692200292,0,0,1.104375,0.733164413764695,"NLGN1;GRM6;ATP1A2"
"Regulation Of Cell Motility (GO:2000145)","3/123",0.51485359482064,0.7728692200292,0,0,1.104375,0.733164413764695,"TNXB;USP17L2;PLXNA4"
"Negative Regulation Of Protein Modification Process (GO:0031400)","2/78",0.518237713718394,0.7728692200292,0,0,1.1624895572264,0.764129071658399,"NTRK3;DMD"
"Cellular Response To Nutrient Levels (GO:0031669)","2/78",0.518237713718394,0.7728692200292,0,0,1.1624895572264,0.764129071658399,"SFRP1;FAM107A"
"Negative Regulation Of Growth (GO:0045926)","3/124",0.52029531560351,0.7728692200292,0,0,1.09519158527423,0.715552965724163,"SFRP1;MT1L;SCGB3A1"
"Negative Regulation Of Epithelial Cell Migration (GO:0010633)","1/33",0.522773482649408,0.7728692200292,0,0,1.38044400452489,0.895365672474349,"ADAMTS9"
"Actin Filament Bundle Assembly (GO:0051017)","1/33",0.522773482649408,0.7728692200292,0,0,1.38044400452489,0.895365672474349,"FAM107A"
"Actin Filament Bundle Organization (GO:0061572)","1/33",0.522773482649408,0.7728692200292,0,0,1.38044400452489,0.895365672474349,"FAM107A"
"Regulation Of Potassium Ion Transmembrane Transport (GO:1901379)","1/33",0.522773482649408,0.7728692200292,0,0,1.38044400452489,0.895365672474349,"DPP6"
"Carboxylic Acid Metabolic Process (GO:0019752)","1/33",0.522773482649408,0.7728692200292,0,0,1.38044400452489,0.895365672474349,"PCK1"
"Regulation Of Sprouting Angiogenesis (GO:1903670)","1/33",0.522773482649408,0.7728692200292,0,0,1.38044400452489,0.895365672474349,"SEMA6A"
"Epithelial Tube Morphogenesis (GO:0060562)","1/33",0.522773482649408,0.7728692200292,0,0,1.38044400452489,0.895365672474349,"FGF10"
"Positive Regulation Of Ion Transmembrane Transporter Activity (GO:0032414)","1/33",0.522773482649408,0.7728692200292,0,0,1.38044400452489,0.895365672474349,"DMD"
"Positive Regulation Of Small Molecule Metabolic Process (GO:0062013)","1/33",0.522773482649408,0.7728692200292,0,0,1.38044400452489,0.895365672474349,"MLXIPL"
"Lung Development (GO:0030324)","1/33",0.522773482649408,0.7728692200292,0,0,1.38044400452489,0.895365672474349,"FGF10"
"Protein K63-linked Deubiquitination (GO:0070536)","1/33",0.522773482649408,0.7728692200292,0,0,1.38044400452489,0.895365672474349,"USP17L2"
"Regulation Of Amyloid-Beta Formation (GO:1902003)","1/33",0.522773482649408,0.7728692200292,0,0,1.38044400452489,0.895365672474349,"NTRK2"
"Regulation Of Cell Adhesion Mediated By Integrin (GO:0033628)","1/33",0.522773482649408,0.7728692200292,0,0,1.38044400452489,0.895365672474349,"TESC"
"Positive Regulation Of Protein Localization To Membrane (GO:1905477)","2/79",0.525072924034499,0.774595725218996,0,0,1.14733339223135,0.739132964529044,"SORBS1;EGFR"
"Negative Regulation Of Cellular Component Organization (GO:0051129)","2/79",0.525072924034499,0.774595725218996,0,0,1.14733339223135,0.739132964529044,"SPRY2;CRYAB"
"Protein-Containing Complex Organization (GO:0043933)","3/126",0.531078555901553,0.775953118962538,0,0,1.07727272727273,0.681747013655005,"DMD;PALS2;PPARGC1A"
"Regulation Of Protein Localization To Plasma Membrane (GO:1903076)","2/80",0.531842511146506,0.775953118962538,0,0,1.13256584685156,0.715110983497837,"SORBS1;EGFR"
"ATP Metabolic Process (GO:0046034)","1/34",0.533361493749999,0.775953118962538,0,0,1.33854380913204,0.841349555143568,"ATP1A2"
"Negative Regulation Of Mitotic Cell Cycle (GO:0045930)","1/34",0.533361493749999,0.775953118962538,0,0,1.33854380913204,0.841349555143568,"CDKN1C"
"Regulation Of Neuronal Synaptic Plasticity (GO:0048168)","1/34",0.533361493749999,0.775953118962538,0,0,1.33854380913204,0.841349555143568,"GRIN2B"
"Cellular Response To Hydrogen Peroxide (GO:0070301)","1/34",0.533361493749999,0.775953118962538,0,0,1.33854380913204,0.841349555143568,"SLC6A2"
"Positive Regulation Of Carbohydrate Metabolic Process (GO:0045913)","1/34",0.533361493749999,0.775953118962538,0,0,1.33854380913204,0.841349555143568,"MLXIPL"
"Smoothened Signaling Pathway (GO:0007224)","1/34",0.533361493749999,0.775953118962538,0,0,1.33854380913204,0.841349555143568,"PTCHD1"
"Positive Regulation Of Neuron Death (GO:1901216)","1/34",0.533361493749999,0.775953118962538,0,0,1.33854380913204,0.841349555143568,"GRIN2B"
"Positive Regulation Of Organelle Organization (GO:0010638)","1/34",0.533361493749999,0.775953118962538,0,0,1.33854380913204,0.841349555143568,"PPARGC1A"
"Microtubule Polymerization (GO:0046785)","1/34",0.533361493749999,0.775953118962538,0,0,1.33854380913204,0.841349555143568,"TPPP2"
"Regulation Of Blood Circulation (GO:1903522)","1/34",0.533361493749999,0.775953118962538,0,0,1.33854380913204,0.841349555143568,"ACE2"
"Regulation Of calcineurin-NFAT Signaling Cascade (GO:0070884)","1/34",0.533361493749999,0.775953118962538,0,0,1.33854380913204,0.841349555143568,"AKAP6"
"Regulation Of Protein Phosphorylation (GO:0001932)","6/265",0.535713920168039,0.778548149373721,0,0,1.02301582393116,0.638520432814639,"NTRK2;NTRK3;HRC;VEGFD;EGFR;FGF10"
"Activation Of Protein Kinase Activity (GO:0032147)","2/81",0.538546023232205,0.779419881934346,0,0,1.11817216338012,0.692016983107784,"NTRK3;NTF3"
"Regulation Of Neuron Projection Development (GO:0010975)","4/174",0.540197582454873,0.779419881934346,0,0,1.03909955781857,0.639898614842083,"KANK1;NTRK2;NLGN1;NTRK3"
"Negative Regulation Of Signal Transduction (GO:0009968)","6/267",0.543073133937745,0.779419881934346,0,0,1.01507141166259,0.619712550022182,"KANK1;SFRP1;SEMA6A;CITED1;SPRY2;APCDD1"
"Action Potential (GO:0001508)","1/35",0.543715111210592,0.779419881934346,0,0,1.29910833111525,0.791585500028829,"DMD"
"Regulation Of Postsynaptic Membrane Potential (GO:0060078)","1/35",0.543715111210592,0.779419881934346,0,0,1.29910833111525,0.791585500028829,"GRIN2B"
"One-Carbon Compound Transport (GO:0019755)","1/35",0.543715111210592,0.779419881934346,0,0,1.29910833111525,0.791585500028829,"RHAG"
"Regulation Of Regulated Secretory Pathway (GO:1903305)","1/35",0.543715111210592,0.779419881934346,0,0,1.29910833111525,0.791585500028829,"SYT2"
"Response To Nutrient Levels (GO:0031667)","1/35",0.543715111210592,0.779419881934346,0,0,1.29910833111525,0.791585500028829,"FAM107A"
"Positive Regulation Of Cell Development (GO:0010720)","1/35",0.543715111210592,0.779419881934346,0,0,1.29910833111525,0.791585500028829,"MME"
"Endoderm Formation (GO:0001706)","1/35",0.543715111210592,0.779419881934346,0,0,1.29910833111525,0.791585500028829,"LAMA3"
"Skeletal Muscle Organ Development (GO:0060538)","1/35",0.543715111210592,0.779419881934346,0,0,1.29910833111525,0.791585500028829,"DMD"
"Liver Development (GO:0001889)","1/35",0.543715111210592,0.779419881934346,0,0,1.29910833111525,0.791585500028829,"PCK1"
"Negative Regulation Of Cell Cycle G1/S Phase Transition (GO:1902807)","1/35",0.543715111210592,0.779419881934346,0,0,1.29910833111525,0.791585500028829,"FAM107A"
"Regulation Of Phosphorylation (GO:0042325)","2/82",0.545183060407674,0.779890919224771,0,0,1.10413832199546,0.66980746044461,"CDKN1C;EGFR"
"Sodium Ion Transmembrane Transport (GO:0035725)","2/82",0.545183060407674,0.779890919224771,0,0,1.10413832199546,0.66980746044461,"ATP1A2;SLC6A2"
"Positive Regulation Of Hydrolase Activity (GO:0051345)","4/176",0.549232063169719,0.780047625866881,0,0,1.02691105578217,0.615360250862549,"SFRP1;USP17L2;SLC6A2;RGS6"
"Vascular Transport (GO:0010232)","2/83",0.551753272932976,0.780047625866881,0,0,1.0904509952129,0.648441375368928,"SLC16A12;ATP1A2"
"Transmembrane Receptor Protein Serine/Threonine Kinase Signaling Pathway (GO:0007178)","3/130",0.552230810450567,0.780047625866881,0,0,1.04312813171081,0.619398203413683,"GDF10;CITED1;RGMA"
"Positive Regulation Of Peptidyl-Tyrosine Phosphorylation (GO:0050731)","3/130",0.552230810450567,0.780047625866881,0,0,1.04312813171081,0.619398203413683,"GHR;NTF3;FGF10"
"Regulation Of Glucose Import (GO:0046324)","1/36",0.553839512302855,0.780047625866881,0,0,1.26192630898513,0.745647425291096,"SORBS1"
"Negative Regulation Of Protein Kinase B Signaling (GO:0051898)","1/36",0.553839512302855,0.780047625866881,0,0,1.26192630898513,0.745647425291096,"PHLPP1"
"Regulation Of Intracellular Protein Transport (GO:0033157)","1/36",0.553839512302855,0.780047625866881,0,0,1.26192630898513,0.745647425291096,"SH3TC2"
"Neural Crest Cell Migration (GO:0001755)","1/36",0.553839512302855,0.780047625866881,0,0,1.26192630898513,0.745647425291096,"SEMA6A"
"Blood Vessel Diameter Maintenance (GO:0097746)","1/36",0.553839512302855,0.780047625866881,0,0,1.26192630898513,0.745647425291096,"ACE2"
"Regulation Of Peptidyl-Threonine Phosphorylation (GO:0010799)","1/36",0.553839512302855,0.780047625866881,0,0,1.26192630898513,0.745647425291096,"SPRY2"
"Regulation Of Receptor Internalization (GO:0002090)","1/36",0.553839512302855,0.780047625866881,0,0,1.26192630898513,0.745647425291096,"NTF3"
"Regulation Of Trans-Synaptic Signaling (GO:0099177)","1/36",0.553839512302855,0.780047625866881,0,0,1.26192630898513,0.745647425291096,"NLGN1"
"Positive Regulation Of Myeloid Cell Differentiation (GO:0045639)","1/36",0.553839512302855,0.780047625866881,0,0,1.26192630898513,0.745647425291096,"TESC"
"Protein Destabilization (GO:0031648)","1/36",0.553839512302855,0.780047625866881,0,0,1.26192630898513,0.745647425291096,"GSN"
"Receptor Signaling Pathway Via JAK-STAT (GO:0007259)","1/36",0.553839512302855,0.780047625866881,0,0,1.26192630898513,0.745647425291096,"GHR"
"Positive Regulation Of Protein Modification Process (GO:0031401)","5/225",0.559559834130436,0.782452867934257,0,0,1.00337276878373,0.582563060597556,"NTRK2;NTRK3;VEGFD;EGFR;FGF10"
"Plasma Membrane Bounded Cell Projection Organization (GO:0120036)","3/132",0.562592962149436,0.782452867934257,0,0,1.02684989429175,0.590642921975812,"NLGN1;TNXB;MYOC"
"Negative Regulation Of Endothelial Cell Migration (GO:0010596)","1/37",0.563739760506157,0.782452867934257,0,0,1.22680995475113,0.703161523885706,"ADAMTS9"
"Negative Regulation Of Endothelial Cell Proliferation (GO:0001937)","1/37",0.563739760506157,0.782452867934257,0,0,1.22680995475113,0.703161523885706,"TNMD"
"Regulation Of Defense Response To Virus By Host (GO:0050691)","1/37",0.563739760506157,0.782452867934257,0,0,1.22680995475113,0.703161523885706,"USP17L2"
"Negative Regulation Of Smooth Muscle Cell Proliferation (GO:0048662)","1/37",0.563739760506157,0.782452867934257,0,0,1.22680995475113,0.703161523885706,"PPARGC1A"
"Negative Regulation Of Transferase Activity (GO:0051348)","1/37",0.563739760506157,0.782452867934257,0,0,1.22680995475113,0.703161523885706,"CDKN1C"
"Regulation Of p38MAPK Cascade (GO:1900744)","1/37",0.563739760506157,0.782452867934257,0,0,1.22680995475113,0.703161523885706,"PHLPP1"
"Regulation Of Sodium Ion Transmembrane Transporter Activity (GO:2000649)","1/37",0.563739760506157,0.782452867934257,0,0,1.22680995475113,0.703161523885706,"DMD"
"Synaptic Vesicle Cycle (GO:0099504)","1/37",0.563739760506157,0.782452867934257,0,0,1.22680995475113,0.703161523885706,"NLGN1"
"Positive Regulation Of Receptor Signaling Pathway Via JAK-STAT (GO:0046427)","1/37",0.563739760506157,0.782452867934257,0,0,1.22680995475113,0.703161523885706,"GHR"
"Positive Regulation Of Receptor Signaling Pathway Via STAT (GO:1904894)","1/37",0.563739760506157,0.782452867934257,0,0,1.22680995475113,0.703161523885706,"GHR"
"Positive Regulation Of Signaling (GO:0023056)","1/37",0.563739760506157,0.782452867934257,0,0,1.22680995475113,0.703161523885706,"TNXB"
"Muscle Tissue Development (GO:0060537)","1/37",0.563739760506157,0.782452867934257,0,0,1.22680995475113,0.703161523885706,"DMD"
"Response To Interleukin-1 (GO:0070555)","2/85",0.564692062468258,0.782452867934257,0,0,1.06406578695735,0.608086696167325,"SFRP1;CITED1"
"Transport Across Blood-Brain Barrier (GO:0150104)","2/85",0.564692062468258,0.782452867934257,0,0,1.06406578695735,0.608086696167325,"SLC16A12;ATP1A2"
"G2/M Transition Of Mitotic Cell Cycle (GO:0000086)","1/38",0.573420807462968,0.789751594986723,0,0,1.19359178182708,0.663798688766568,"NES"
"Positive Regulation Of Bone Mineralization (GO:0030501)","1/38",0.573420807462968,0.789751594986723,0,0,1.19359178182708,0.663798688766568,"KL"
"Positive Regulation Of Cation Channel Activity (GO:2001259)","1/38",0.573420807462968,0.789751594986723,0,0,1.19359178182708,0.663798688766568,"AKAP6"
"Signal Release From Synapse (GO:0099643)","1/38",0.573420807462968,0.789751594986723,0,0,1.19359178182708,0.663798688766568,"SYN2"
"Fatty Acid Transport (GO:0015908)","1/38",0.573420807462968,0.789751594986723,0,0,1.19359178182708,0.663798688766568,"RBP7"
"Membrane Assembly (GO:0071709)","1/38",0.573420807462968,0.789751594986723,0,0,1.19359178182708,0.663798688766568,"NLGN1"
"Negative Regulation Of Protein Secretion (GO:0050709)","1/39",0.582887495820458,0.794173735715174,0,0,1.16212193379376,0.627268196854411,"SFRP1"
"Negative Regulation Of Transport (GO:0051051)","1/39",0.582887495820458,0.794173735715174,0,0,1.16212193379376,0.627268196854411,"CRYAB"
"Nuclear Transport (GO:0051169)","1/39",0.582887495820458,0.794173735715174,0,0,1.16212193379376,0.627268196854411,"CITED1"
"Organelle Transport Along Microtubule (GO:0072384)","1/39",0.582887495820458,0.794173735715174,0,0,1.16212193379376,0.627268196854411,"DYNC1I1"
"Carboxylic Acid Transmembrane Transport (GO:1905039)","1/39",0.582887495820458,0.794173735715174,0,0,1.16212193379376,0.627268196854411,"SLC16A12"
"Positive Regulation Of ATP-dependent Activity (GO:0032781)","1/39",0.582887495820458,0.794173735715174,0,0,1.16212193379376,0.627268196854411,"FGF10"
"Positive Regulation Of Pattern Recognition Receptor Signaling Pathway (GO:0062208)","1/39",0.582887495820458,0.794173735715174,0,0,1.16212193379376,0.627268196854411,"USP17L2"
"Vesicle Cytoskeletal Trafficking (GO:0099518)","1/39",0.582887495820458,0.794173735715174,0,0,1.16212193379376,0.627268196854411,"DYNC1I1"
"Vitamin Transport (GO:0051180)","1/39",0.582887495820458,0.794173735715174,0,0,1.16212193379376,0.627268196854411,"TTPA"
"Positive Regulation Of Phosphorylation (GO:0042327)","5/231",0.582974733047709,0.794173735715174,0,0,0.976431486644846,0.526893593843752,"NTRK2;NTRK3;VEGFD;EGFR;FGF10"
"Positive Regulation Of Cell Adhesion (GO:0045785)","2/88",0.583592971606621,0.794173735715174,0,0,1.02678901017771,0.552978767339011,"VIT;SAA1"
"Positive Regulation Of Plasma Membrane Bounded Cell Projection Assembly (GO:0120034)","2/88",0.583592971606621,0.794173735715174,0,0,1.02678901017771,0.552978767339011,"NLGN1;CDC42EP5"
"Cellular Response To Peptide Hormone Stimulus (GO:0071375)","2/89",0.589757443031226,0.79475088670683,0,0,1.01493470951599,0.535930122976453,"SORBS1;PCK1"
"Positive Regulation Of DNA Repair (GO:0045739)","2/89",0.589757443031226,0.79475088670683,0,0,1.01493470951599,0.535930122976453,"EGFR;FGF10"
"Sodium Ion Transport (GO:0006814)","2/89",0.589757443031226,0.79475088670683,0,0,1.01493470951599,0.535930122976453,"ATP1A2;SLC6A2"
"Positive Regulation Of Developmental Process (GO:0051094)","5/233",0.590630052811438,0.79475088670683,0,0,0.967766161980293,0.50959220110579,"NLGN1;TNXB;ZBTB16;VLDLR;SOX6"
"L-alpha-amino Acid Transmembrane Transport (GO:1902475)","1/40",0.592144561315535,0.79475088670683,0,0,1.13226592412113,0.593312419617654,"SLC6A2"
"Negative Regulation Of Mitotic Cell Cycle Phase Transition (GO:1901991)","1/40",0.592144561315535,0.79475088670683,0,0,1.13226592412113,0.593312419617654,"FAM107A"
"Regulation Of Glycolytic Process (GO:0006110)","1/40",0.592144561315535,0.79475088670683,0,0,1.13226592412113,0.593312419617654,"MLXIPL"
"Regulation Of Microtubule Cytoskeleton Organization (GO:0070507)","1/40",0.592144561315535,0.79475088670683,0,0,1.13226592412113,0.593312419617654,"FAM107A"
"Nucleic Acid-Templated Transcription (GO:0097659)","1/40",0.592144561315535,0.79475088670683,0,0,1.13226592412113,0.593312419617654,"HOXD3"
"Cell Cycle G2/M Phase Transition (GO:0044839)","1/40",0.592144561315535,0.79475088670683,0,0,1.13226592412113,0.593312419617654,"NES"
"Cyclic-Nucleotide-Mediated Signaling (GO:0019935)","1/40",0.592144561315535,0.79475088670683,0,0,1.13226592412113,0.593312419617654,"AKAP6"
"Positive Regulation Of Myeloid Leukocyte Differentiation (GO:0002763)","1/40",0.592144561315535,0.79475088670683,0,0,1.13226592412113,0.593312419617654,"TESC"
"Positive Regulation Of Wound Healing (GO:0090303)","1/40",0.592144561315535,0.79475088670683,0,0,1.13226592412113,0.593312419617654,"KANK1"
"Protein Localization To Cilium (GO:0061512)","1/40",0.592144561315535,0.79475088670683,0,0,1.13226592412113,0.593312419617654,"FSIP2"
"Positive Regulation Of Cell Differentiation (GO:0045597)","6/283",0.599967298675403,0.798291167821462,0,0,0.955646060686168,0.488220581288995,"SFRP1;TNXB;TCF15;ZBTB16;HOXD3;SOX6"
"Regulation Of Dendrite Development (GO:0050773)","1/41",0.601196635517844,0.798291167821462,0,0,1.10390271493213,0.561702370131847,"VLDLR"
"Negative Regulation Of mRNA Catabolic Process (GO:1902373)","1/41",0.601196635517844,0.798291167821462,0,0,1.10390271493213,0.561702370131847,"PKP1"
"Negative Regulation Of Proteolysis (GO:0045861)","1/41",0.601196635517844,0.798291167821462,0,0,1.10390271493213,0.561702370131847,"USP17L2"
"Regulation Of Microtubule-Based Process (GO:0032886)","1/41",0.601196635517844,0.798291167821462,0,0,1.10390271493213,0.561702370131847,"FAM107A"
"Non-Canonical Wnt Signaling Pathway (GO:0035567)","1/41",0.601196635517844,0.798291167821462,0,0,1.10390271493213,0.561702370131847,"SFRP1"
"Carbohydrate Catabolic Process (GO:0016052)","1/41",0.601196635517844,0.798291167821462,0,0,1.10390271493213,0.561702370131847,"ALDOC"
"Cellular Response To Retinoic Acid (GO:0071300)","1/41",0.601196635517844,0.798291167821462,0,0,1.10390271493213,0.561702370131847,"TESC"
"Stem Cell Differentiation (GO:0048863)","1/41",0.601196635517844,0.798291167821462,0,0,1.10390271493213,0.561702370131847,"SFRP1"
"Synaptic Vesicle Exocytosis (GO:0016079)","1/41",0.601196635517844,0.798291167821462,0,0,1.10390271493213,0.561702370131847,"SYT2"
"Lymphocyte Migration (GO:0072676)","1/41",0.601196635517844,0.798291167821462,0,0,1.10390271493213,0.561702370131847,"SAA1"
"Regulation Of Actin Cytoskeleton Organization (GO:0032956)","2/91",0.601882263887914,0.798427150448212,0,0,0.992025274529287,0.503644712028115,"DAAM2;FAM107A"
"Regulation Of Neurotransmitter Receptor Activity (GO:0099601)","1/42",0.610048247730925,0.805357812096081,0,0,1.07692307692308,0.532233940324947,"NLGN1"
"Organic Hydroxy Compound Biosynthetic Process (GO:1901617)","1/42",0.610048247730925,0.805357812096081,0,0,1.07692307692308,0.532233940324947,"CYP39A1"
"Skeletal Muscle Tissue Development (GO:0007519)","1/42",0.610048247730925,0.805357812096081,0,0,1.07692307692308,0.532233940324947,"DMD"
"Substantia Nigra Development (GO:0021762)","1/42",0.610048247730925,0.805357812096081,0,0,1.07692307692308,0.532233940324947,"NDRG2"
"Positive Regulation Of Neuron Differentiation (GO:0045666)","1/42",0.610048247730925,0.805357812096081,0,0,1.07692307692308,0.532233940324947,"HOXD3"
"Regulation Of Endothelial Cell Proliferation (GO:0001936)","2/93",0.613734976470072,0.806671942536806,0,0,0.970122847673868,0.473606289337856,"TNMD;VEGFD"
"Negative Regulation Of Amide Metabolic Process (GO:0034249)","2/93",0.613734976470072,0.806671942536806,0,0,0.970122847673868,0.473606289337856,"NTRK2;IGF2BP2"
"Positive Regulation Of Transferase Activity (GO:0051347)","3/143",0.616900929442159,0.806671942536806,0,0,0.945633116883117,0.456785085254164,"NTRK2;NTRK3;EGFR"
"Neurotransmitter Secretion (GO:0007269)","1/43",0.618703827365703,0.806671942536806,0,0,1.05122818358112,0.504724705890506,"SYN2"
"Regulation Of Primary Metabolic Process (GO:0080090)","1/43",0.618703827365703,0.806671942536806,0,0,1.05122818358112,0.504724705890506,"PM20D2"
"Positive Regulation Of Biomineral Tissue Development (GO:0070169)","1/43",0.618703827365703,0.806671942536806,0,0,1.05122818358112,0.504724705890506,"KL"
"Energy Derivation By Oxidation Of Organic Compounds (GO:0015980)","1/43",0.618703827365703,0.806671942536806,0,0,1.05122818358112,0.504724705890506,"PPARGC1A"
"Ephrin Receptor Signaling Pathway (GO:0048013)","1/43",0.618703827365703,0.806671942536806,0,0,1.05122818358112,0.504724705890506,"KALRN"
"Positive Regulation Of miRNA Transcription (GO:1902895)","1/43",0.618703827365703,0.806671942536806,0,0,1.05122818358112,0.504724705890506,"EGFR"
"Positive Regulation Of Receptor-Mediated Endocytosis (GO:0048260)","1/43",0.618703827365703,0.806671942536806,0,0,1.05122818358112,0.504724705890506,"NTF3"
"Intracellular Steroid Hormone Receptor Signaling Pathway (GO:0030518)","1/43",0.618703827365703,0.806671942536806,0,0,1.05122818358112,0.504724705890506,"RHOXF1"
"Learning (GO:0007612)","1/43",0.618703827365703,0.806671942536806,0,0,1.05122818358112,0.504724705890506,"NTRK2"
"Negative Regulation Of BMP Signaling Pathway (GO:0030514)","1/43",0.618703827365703,0.806671942536806,0,0,1.05122818358112,0.504724705890506,"CRIM1"
"Retrograde Transport, Endosome To Golgi (GO:0042147)","2/94",0.619559434772487,0.807018902191755,0,0,0.959528739031845,0.459371162297112,"WIPF3;DENND2A"
"Regulation Of Cell Differentiation (GO:0045595)","4/193",0.622024678272168,0.80922958542793,0,0,0.933723831218136,0.443309209427476,"NTF4;NLGN1;TNXB;NTF3"
"Negative Regulation Of Immune System Process (GO:0002683)","1/44",0.627167706456562,0.80922958542793,0,0,1.0267284015574,0.479011202903281,"SPINK5"
"Neural Crest Cell Development (GO:0014032)","1/44",0.627167706456562,0.80922958542793,0,0,1.0267284015574,0.479011202903281,"SEMA6A"
"Bone Development (GO:0060348)","1/44",0.627167706456562,0.80922958542793,0,0,1.0267284015574,0.479011202903281,"MYOC"
"Regulation Of Transport (GO:0051049)","1/44",0.627167706456562,0.80922958542793,0,0,1.0267284015574,0.479011202903281,"CLDN10"
"Regulation Of Viral Entry Into Host Cell (GO:0046596)","1/44",0.627167706456562,0.80922958542793,0,0,1.0267284015574,0.479011202903281,"GSN"
"Response To Unfolded Protein (GO:0006986)","1/44",0.627167706456562,0.80922958542793,0,0,1.0267284015574,0.479011202903281,"PACRG"
"Positive Regulation Of Chemotaxis (GO:0050921)","1/44",0.627167706456562,0.80922958542793,0,0,1.0267284015574,0.479011202903281,"NTRK3"
"Lymphocyte Chemotaxis (GO:0048247)","1/44",0.627167706456562,0.80922958542793,0,0,1.0267284015574,0.479011202903281,"SAA1"
"Regulation Of Cell-Substrate Adhesion (GO:0010810)","1/44",0.627167706456562,0.80922958542793,0,0,1.0267284015574,0.479011202903281,"VIT"
"Regulation Of Cold-Induced Thermogenesis (GO:0120161)","3/146",0.630897419980342,0.812510411997261,0,0,0.925651621106167,0.426366241761945,"ADAMTS5;EBF2;PPARGC1A"
"Neuron Projection Morphogenesis (GO:0048812)","3/146",0.630897419980342,0.812510411997261,0,0,0.925651621106167,0.426366241761945,"NTF4;NLGN1;NTF3"
"Regulation Of Stem Cell Differentiation (GO:2000736)","1/45",0.635444120979918,0.81611365500932,0,0,1.0033422459893,0.454946599786902,"TCF15"
"Epidermal Growth Factor Receptor Signaling Pathway (GO:0007173)","1/45",0.635444120979918,0.81611365500932,0,0,1.0033422459893,0.454946599786902,"EGFR"
"Negative Regulation Of Protein Metabolic Process (GO:0051248)","3/147",0.63548367877278,0.81611365500932,0,0,0.919176136363636,0.416725847358796,"IGF2BP2;CRYAB;EGFR"
"MAPK Cascade (GO:0000165)","2/98",0.642180841528076,0.818015270379993,0,0,0.919359410430839,0.40717079618495,"USP17L2;FGF10"
"Positive Regulation Of Cold-Induced Thermogenesis (GO:0120162)","2/98",0.642180841528076,0.818015270379993,0,0,0.919359410430839,0.40717079618495,"EBF2;PPARGC1A"
"Regulation Of Epidermal Growth Factor Receptor Signaling Pathway (GO:0042058)","1/46",0.643537214170382,0.818015270379993,0,0,0.980995475113122,0.432398695248516,"EGFR"
"Regulation Of Fibroblast Proliferation (GO:0048145)","1/46",0.643537214170382,0.818015270379993,0,0,0.980995475113122,0.432398695248516,"SFRP1"
"Regulation Of mRNA Catabolic Process (GO:0061013)","1/46",0.643537214170382,0.818015270379993,0,0,0.980995475113122,0.432398695248516,"PKP1"
"Amino Acid Transport (GO:0006865)","1/46",0.643537214170382,0.818015270379993,0,0,0.980995475113122,0.432398695248516,"SLC7A14"
"Response To Glucose (GO:0009749)","1/46",0.643537214170382,0.818015270379993,0,0,0.980995475113122,0.432398695248516,"PCK1"
"Response To Hydrogen Peroxide (GO:0042542)","1/46",0.643537214170382,0.818015270379993,0,0,0.980995475113122,0.432398695248516,"SLC6A2"
"Homotypic Cell-Cell Adhesion (GO:0034109)","1/46",0.643537214170382,0.818015270379993,0,0,0.980995475113122,0.432398695248516,"CDHR5"
"Myofibril Assembly (GO:0030239)","1/46",0.643537214170382,0.818015270379993,0,0,0.980995475113122,0.432398695248516,"LMOD1"
"Negative Regulation Of Cold-Induced Thermogenesis (GO:0120163)","1/46",0.643537214170382,0.818015270379993,0,0,0.980995475113122,0.432398695248516,"ADAMTS5"
"Cellular Response To Insulin Stimulus (GO:0032869)","2/99",0.647667977546674,0.821969097031351,0,0,0.909834724267714,0.395211363794017,"SORBS1;PCK1"
"Negative Regulation Of Hydrolase Activity (GO:0051346)","1/47",0.65145103745728,0.821969097031351,0,0,0.959620302970687,0.411248196931229,"USP17L2"
"Regulation Of Wound Healing (GO:0061041)","1/47",0.65145103745728,0.821969097031351,0,0,0.959620302970687,0.411248196931229,"KANK1"
"Response To Organonitrogen Compound (GO:0010243)","1/47",0.65145103745728,0.821969097031351,0,0,0.959620302970687,0.411248196931229,"ADORA1"
"Positive Regulation Of Epithelial To Mesenchymal Transition (GO:0010718)","1/47",0.65145103745728,0.821969097031351,0,0,0.959620302970687,0.411248196931229,"TNXB"
"Positive Regulation Of Lymphocyte Activation (GO:0051251)","1/47",0.65145103745728,0.821969097031351,0,0,0.959620302970687,0.411248196931229,"FGF10"
"Insulin Receptor Signaling Pathway (GO:0008286)","1/47",0.65145103745728,0.821969097031351,0,0,0.959620302970687,0.411248196931229,"SORBS1"
"Regulation Of T Cell Differentiation (GO:0045580)","1/47",0.65145103745728,0.821969097031351,0,0,0.959620302970687,0.411248196931229,"SPINK5"
"Hemopoiesis (GO:0030097)","2/101",0.658441982672577,0.8300249302751,0,0,0.89136260564832,0.372481595699835,"SFRP1;ZBTB16"
"Cellular Response To Radiation (GO:0071478)","1/48",0.659189552986254,0.830202850081124,0,0,0.939154712621546,0.391387231050231,"SLC6A2"
"Regulation Of Cellular Component Organization (GO:0051128)","3/153",0.662163358629318,0.833181652540014,0,0,0.882136363636364,0.363654530532628,"FAM107A;SLC6A2;PAPPA2"
"Activation Of GTPase Activity (GO:0090630)","2/102",0.663729396737512,0.834359994784558,0,0,0.882403628117914,0.36168025878193,"NTRK3;NTF3"
"Neurogenesis (GO:0022008)","1/49",0.666756635715344,0.834359994784558,0,0,0.91954185520362,0.37271805064403,"EGFR"
"Fatty Acid Beta-Oxidation (GO:0006635)","1/49",0.666756635715344,0.834359994784558,0,0,0.91954185520362,0.37271805064403,"ECHDC2"
"Positive Regulation Of miRNA Metabolic Process (GO:2000630)","1/49",0.666756635715344,0.834359994784558,0,0,0.91954185520362,0.37271805064403,"EGFR"
"Proton Transmembrane Transport (GO:1902600)","1/49",0.666756635715344,0.834359994784558,0,0,0.91954185520362,0.37271805064403,"ATP1A2"
"Regulation Of Cell Communication (GO:0010646)","1/49",0.666756635715344,0.834359994784558,0,0,0.91954185520362,0.37271805064403,"TBX18"
"Positive Regulation Of Cellular Process (GO:0048522)","12/594",0.668198934744938,0.83540122526559,0,0,0.907742722510584,0.365974037298749,"MLXIPL;NTRK2;SFRP1;TNXB;NTRK3;NTF3;SAA1;AKAP6;VEGFD;LIFR;EGFR;POU3F3"
"Inorganic Cation Import Across Plasma Membrane (GO:0098659)","2/103",0.668950815928949,0.83557816332731,0,0,0.873622056083159,0.351235152699677,"KCNJ16;ATP1A2"
"Positive Regulation Of Vasculature Development (GO:1904018)","2/104",0.674106562523173,0.836735871833062,0,0,0.865012671735361,0.341132517997494,"HSPB6;VEGFD"
"Regulation Of Epithelial Cell Migration (GO:0010632)","1/50",0.674156074968493,0.836735871833062,0,0,0.900729522578262,0.35515191278288,"FGF10"
"Regulation Of Mitochondrion Organization (GO:0010821)","1/50",0.674156074968493,0.836735871833062,0,0,0.900729522578262,0.35515191278288,"PPARGC1A"
"Blood Circulation (GO:0008015)","1/50",0.674156074968493,0.836735871833062,0,0,0.900729522578262,0.35515191278288,"ACE2"
"Nucleocytoplasmic Transport (GO:0006913)","1/50",0.674156074968493,0.836735871833062,0,0,0.900729522578262,0.35515191278288,"CITED1"
"Positive Regulation Of Cell Death (GO:0010942)","1/50",0.674156074968493,0.836735871833062,0,0,0.900729522578262,0.35515191278288,"GRIN2B"
"Steroid Biosynthetic Process (GO:0006694)","1/50",0.674156074968493,0.836735871833062,0,0,0.900729522578262,0.35515191278288,"CYP39A1"
"Negative Regulation Of MAPK Cascade (GO:0043409)","2/105",0.679196976836892,0.842228859863863,0,0,0.85657045989917,0.331359224414439,"SEMA6A;SPRY2"
"Amide Biosynthetic Process (GO:0043604)","1/51",0.681391576529676,0.842660404940494,0,0,0.882669683257919,0.338608098451108,"DMD"
"Microtubule Bundle Formation (GO:0001578)","1/51",0.681391576529676,0.842660404940494,0,0,0.882669683257919,0.338608098451108,"TPPP2"
"Negative Regulation Of MAP Kinase Activity (GO:0043407)","1/51",0.681391576529676,0.842660404940494,0,0,0.882669683257919,0.338608098451108,"SPRY2"
"Rho Protein Signal Transduction (GO:0007266)","1/52",0.688466764441578,0.844800361964212,0,0,0.86531807293053,0.323013055633963,"ARHGAP6"
"Negative Regulation Of Response To Stimulus (GO:0048585)","1/52",0.688466764441578,0.844800361964212,0,0,0.86531807293053,0.323013055633963,"SPINK5"
"Cardiac Muscle Tissue Development (GO:0048738)","1/52",0.688466764441578,0.844800361964212,0,0,0.86531807293053,0.323013055633963,"ADAMTS9"
"Sprouting Angiogenesis (GO:0002040)","1/52",0.688466764441578,0.844800361964212,0,0,0.86531807293053,0.323013055633963,"VEGFD"
"Negative Regulation Of Translation (GO:0017148)","2/107",0.689183254671601,0.844800361964212,0,0,0.840168448331714,0.312751084530491,"IGF2BP2;NMNAT2"
"Positive Regulation Of Nucleic Acid-Templated Transcription (GO:1903508)","11/557",0.692984296165313,0.844800361964212,0,0,0.886586792836793,0.325153880529237,"CDKN1C;MLXIPL;SFRP1;CITED1;NFIB;IRX6;TESC;ZBTB16;PPARGC1A;EGFR;POU3F3"
"Positive Regulation Of DNA Metabolic Process (GO:0051054)","2/108",0.694079880949837,0.844800361964212,0,0,0.832199546485261,0.303892829459824,"EGFR;FGF10"
"Positive Regulation Of Metabolic Process (GO:0009893)","2/108",0.694079880949837,0.844800361964212,0,0,0.832199546485261,0.303892829459824,"EBF2;PPARGC1A"
"Lipid Transport (GO:0006869)","2/108",0.694079880949837,0.844800361964212,0,0,0.832199546485261,0.303892829459824,"RBP7;TTPA"
"Regulation Of Cyclin-Dependent Protein Kinase Activity (GO:1904029)","1/53",0.695385182893342,0.844800361964212,0,0,0.848633832231117,0.308299647683683,"CDKN1C"
"Negative Regulation Of Metabolic Process (GO:0009892)","1/53",0.695385182893342,0.844800361964212,0,0,0.848633832231117,0.308299647683683,"ADAMTS5"
"Actin Cytoskeleton Reorganization (GO:0031532)","1/53",0.695385182893342,0.844800361964212,0,0,0.848633832231117,0.308299647683683,"FGF10"
"Regulation Of Receptor Signaling Pathway Via JAK-STAT (GO:0046425)","1/53",0.695385182893342,0.844800361964212,0,0,0.848633832231117,0.308299647683683,"GHR"
"Cellular Response To Alcohol (GO:0097306)","1/53",0.695385182893342,0.844800361964212,0,0,0.848633832231117,0.308299647683683,"SFRP1"
"Positive Regulation Of NIK/NF-kappaB Signaling (GO:1901224)","1/53",0.695385182893342,0.844800361964212,0,0,0.848633832231117,0.308299647683683,"EGFR"
"Spermatid Development (GO:0007286)","1/53",0.695385182893342,0.844800361964212,0,0,0.848633832231117,0.308299647683683,"DPY19L2"
"mRNA Stabilization (GO:0048255)","1/53",0.695385182893342,0.844800361964212,0,0,0.848633832231117,0.308299647683683,"IGF2BP2"
"Regulation Of Macromolecule Metabolic Process (GO:0060255)","3/162",0.699481792210464,0.844800361964212,0,0,0.831818181818182,0.297304723787628,"PM20D2;ZNF462;IGF2BP2"
"Mitochondrion Organization (GO:0007005)","3/162",0.699481792210464,0.844800361964212,0,0,0.831818181818182,0.297304723787628,"PYROXD2;COX7A1;PPARGC1A"
"ERBB Signaling Pathway (GO:0038127)","1/54",0.702150297821555,0.844800361964212,0,0,0.832579185520362,0.294406492795045,"EGFR"
"Negative Regulation Of Protein Catabolic Process (GO:0042177)","1/54",0.702150297821555,0.844800361964212,0,0,0.832579185520362,0.294406492795045,"EGFR"
"Negative Regulation Of Protein Modification By Small Protein Conjugation Or Removal (GO:1903321)","1/54",0.702150297821555,0.844800361964212,0,0,0.832579185520362,0.294406492795045,"SPRY2"
"Negative Regulation Of Protein Ubiquitination (GO:0031397)","1/54",0.702150297821555,0.844800361964212,0,0,0.832579185520362,0.294406492795045,"SPRY2"
"Regulation Of Lipid Metabolic Process (GO:0019216)","1/54",0.702150297821555,0.844800361964212,0,0,0.832579185520362,0.294406492795045,"PCK1"
"Peptidyl-Tyrosine Modification (GO:0018212)","1/54",0.702150297821555,0.844800361964212,0,0,0.832579185520362,0.294406492795045,"EGFR"
"Regulation Of Smooth Muscle Cell Proliferation (GO:0048660)","1/54",0.702150297821555,0.844800361964212,0,0,0.832579185520362,0.294406492795045,"PPARGC1A"
"Epidermal Cell Differentiation (GO:0009913)","1/54",0.702150297821555,0.844800361964212,0,0,0.832579185520362,0.294406492795045,"SPINK5"
"Positive Regulation Of Leukocyte Chemotaxis (GO:0002690)","1/54",0.702150297821555,0.844800361964212,0,0,0.832579185520362,0.294406492795045,"VEGFD"
"Adenylate Cyclase-Modulating G Protein-Coupled Receptor Signaling Pathway (GO:0007188)","3/163",0.703428937664756,0.844800361964212,0,0,0.826576704545455,0.290780112974242,"ADCYAP1R1;ADGRD2;ADGRL3"
"Nitrogen Compound Transport (GO:0071705)","3/163",0.703428937664756,0.844800361964212,0,0,0.826576704545455,0.290780112974242,"SLC7A14;RHAG;SLC6A2"
"Adenylate Cyclase-Activating G Protein-Coupled Receptor Signaling Pathway (GO:0007189)","2/110",0.703682124730347,0.844800361964212,0,0,0.816704459561602,0.287013265770384,"ADGRD2;ADGRL3"
"Response To Lipid (GO:0033993)","2/110",0.703682124730347,0.844800361964212,0,0,0.816704459561602,0.287013265770384,"CITED1;ALDH1A2"
"Regulation Of JNK Cascade (GO:0046328)","2/110",0.703682124730347,0.844800361964212,0,0,0.816704459561602,0.287013265770384,"PHLPP1;EGFR"
"Supramolecular Fiber Organization (GO:0097435)","6/316",0.704103150475651,0.844800361964212,0,0,0.852454417952314,0.299066935509776,"TNXB;GSN;TPPP2;KRT14;LMOD1;MYH11"
"Negative Regulation Of Inflammatory Response (GO:0050728)","2/111",0.708388589367743,0.848164307466292,0,0,0.809170151240925,0.278971508743326,"LRFN5;SAA1"
"Negative Regulation Of Transmembrane Receptor Protein Serine/Threonine Kinase Signaling Pathway (GO:0090101)","2/111",0.708388589367743,0.848164307466292,0,0,0.809170151240925,0.278971508743326,"CRIM1;SPRY2"
"Positive Regulation Of Tyrosine Phosphorylation Of STAT Protein (GO:0042531)","1/55",0.70876549871544,0.848164307466292,0,0,0.817119155354449,0.281277381577057,"GHR"
"Negative Regulation Of Defense Response (GO:0031348)","2/112",0.713032534465735,0.852525362169075,0,0,0.801772830344259,0.27118220464577,"LRFN5;SAA1"
"Regulation Of Reactive Oxygen Species Metabolic Process (GO:2000377)","1/56",0.715234100250128,0.853666506750152,0,0,0.802221308103661,0.268860762692744,"ACE2"
"Positive Regulation Of Cellular Metabolic Process (GO:0031325)","1/56",0.715234100250128,0.853666506750152,0,0,0.802221308103661,0.268860762692744,"ACE2"
"Regulation Of Protein Ubiquitination (GO:0031396)","2/113",0.717614413474132,0.855711314162611,0,0,0.794508794508795,0.263636198582387,"FAM107A;SPRY2"
"Regulation Of Cytokine Production (GO:0001817)","3/167",0.718822506418556,0.855711314162611,0,0,0.80625,0.266176030854615,"BTNL9;SAA1;IGF2BP2"
"Membrane Organization (GO:0061024)","3/167",0.718822506418556,0.855711314162611,0,0,0.80625,0.266176030854615,"ACE2;TTPA;EGFR"
"Myeloid Cell Differentiation (GO:0030099)","1/57",0.72155934408524,0.85741751161922,0,0,0.787855526826115,0.25710928722507,"ZBTB16"
"Regulation Of Calcium Ion Transport (GO:0051924)","1/57",0.72155934408524,0.85741751161922,0,0,0.787855526826115,0.25710928722507,"HRC"
"Regulation Of Cytoskeleton Organization (GO:0051493)","2/114",0.722134690209613,0.85741751161922,0,0,0.787374473598963,0.256324725369197,"DAAM2;FAM107A"
"Regulation Of Neuron Death (GO:1901214)","1/58",0.727744400294663,0.861835712805704,0,0,0.773993808049536,0.245979404745589,"GRIN2B"
"Positive Regulation Of Mitochondrion Organization (GO:0010822)","1/58",0.727744400294663,0.861835712805704,0,0,0.773993808049536,0.245979404745589,"PPARGC1A"
"Regulation Of Bone Mineralization (GO:0030500)","1/58",0.727744400294663,0.861835712805704,0,0,0.773993808049536,0.245979404745589,"KL"
"DNA-templated Transcription Initiation (GO:0006352)","1/59",0.733792368927074,0.865578433050102,0,0,0.760610079575597,0.235431003966922,"PPARGC1A"
"Negative Regulation Of Protein-Containing Complex Assembly (GO:0031333)","1/59",0.733792368927074,0.865578433050102,0,0,0.760610079575597,0.235431003966922,"CRYAB"
"Chordate Embryonic Development (GO:0043009)","1/59",0.733792368927074,0.865578433050102,0,0,0.760610079575597,0.235431003966922,"ALDH1A2"
"Heart Morphogenesis (GO:0003007)","1/59",0.733792368927074,0.865578433050102,0,0,0.760610079575597,0.235431003966922,"ADAMTS5"
"Cellular Response To Oxidative Stress (GO:0034599)","2/117",0.735330692211299,0.865578433050102,0,0,0.766715961747018,0.235715290707238,"PPARGC1A;EGFR"
"Protein Maturation (GO:0051604)","2/117",0.735330692211299,0.865578433050102,0,0,0.766715961747018,0.235715290707238,"MME;TESC"
"Protein Processing (GO:0016485)","2/117",0.735330692211299,0.865578433050102,0,0,0.766715961747018,0.235715290707238,"MME;USP17L2"
"Negative Regulation Of Cell Population Proliferation (GO:0008285)","7/379",0.737898024520971,0.867001626461793,0,0,0.828000147972773,0.25167034862266,"CDKN1C;SFRP1;TESC;ALDH1A2;IGFBP6;ADAMTS8;PPARGC1A"
"Negative Regulation Of Peptidase Activity (GO:0010466)","1/60",0.739706281743882,0.867001626461793,0,0,0.747680036812639,0.225427092358461,"SPINK5"
"Response To Light Stimulus (GO:0009416)","1/60",0.739706281743882,0.867001626461793,0,0,0.747680036812639,0.225427092358461,"DCT"
"Sterol Metabolic Process (GO:0016125)","1/60",0.739706281743882,0.867001626461793,0,0,0.747680036812639,0.225427092358461,"CYP39A1"
"Homophilic Cell Adhesion Via Plasma Membrane Adhesion Molecules (GO:0007156)","1/60",0.739706281743882,0.867001626461793,0,0,0.747680036812639,0.225427092358461,"FAT2"
"Regulation Of Protein-Containing Complex Assembly (GO:0043254)","2/119",0.743828938585981,0.870103654416578,0,0,0.753532182103611,0.223003472658379,"GSN;CRYAB"
"Positive Regulation Of Angiogenesis (GO:0045766)","2/119",0.743828938585981,0.870103654416578,0,0,0.753532182103611,0.223003472658379,"HSPB6;VEGFD"
"Positive Regulation Of Cellular Biosynthetic Process (GO:0031328)","3/174",0.744259590446905,0.870103654416578,0,0,0.772966507177034,0.228307556256024,"MLXIPL;SORBS1;PPARGC1A"
"Fatty Acid Catabolic Process (GO:0009062)","1/61",0.745489103605321,0.870797425627716,0,0,0.735180995475113,0.215933510456925,"ECHDC2"
"Cellular Response To Lipid (GO:0071396)","4/228",0.746712993936827,0.87148345157674,0,0,0.786405792385291,0.229688983669036,"SFRP1;TESC;ATP1A2;EGFR"
"Negative Regulation Of Kinase Activity (GO:0033673)","1/62",0.751143733903134,0.87293359228641,0,0,0.723091758771604,0.206918676266087,"CDKN1C"
"Cell Junction Organization (GO:0034330)","1/62",0.751143733903134,0.87293359228641,0,0,0.723091758771604,0.206918676266087,"LIMS2"
"Fat Cell Differentiation (GO:0045444)","1/62",0.751143733903134,0.87293359228641,0,0,0.723091758771604,0.206918676266087,"PPARGC1A"
"Glycerophospholipid Metabolic Process (GO:0006650)","1/62",0.751143733903134,0.87293359228641,0,0,0.723091758771604,0.206918676266087,"ENPP6"
"Regulation Of T Cell Activation (GO:0050863)","1/62",0.751143733903134,0.87293359228641,0,0,0.723091758771604,0.206918676266087,"SPINK5"
"Receptor-Mediated Endocytosis (GO:0006898)","2/122",0.756137881106922,0.877545682978337,0,0,0.734580498866213,0.205338415909826,"ACE2;VLDLR"
"Phosphatidylinositol Metabolic Process (GO:0046488)","1/63",0.756673008024851,0.877545682978337,0,0,0.711392497445628,0.198353356172226,"PITPNM3"
"Positive Regulation Of Multicellular Organismal Process (GO:0051240)","7/387",0.757035391963051,0.877545682978337,0,0,0.810230564944471,0.225523848371018,"GHR;TNXB;ZBTB16;SAA1;EBF2;SOX6;PPARGC1A"
"Regulation Of Secretion By Cell (GO:1903530)","1/64",0.762079698792904,0.878187801050072,0,0,0.700064641241112,0.190210459313793,"SAA1"
"Cellular Response To Virus (GO:0098586)","1/64",0.762079698792904,0.878187801050072,0,0,0.700064641241112,0.190210459313793,"VWCE"
"Positive Regulation Of T Cell Differentiation (GO:0045582)","1/64",0.762079698792904,0.878187801050072,0,0,0.700064641241112,0.190210459313793,"PCK1"
"Positive Regulation Of Cysteine-Type Endopeptidase Activity (GO:2001056)","1/64",0.762079698792904,0.878187801050072,0,0,0.700064641241112,0.190210459313793,"GRIN2B"
"Endocytic Recycling (GO:0032456)","1/64",0.762079698792904,0.878187801050072,0,0,0.700064641241112,0.190210459313793,"WIPF3"
"Positive Regulation Of Interleukin-1 Production (GO:0032732)","1/64",0.762079698792904,0.878187801050072,0,0,0.700064641241112,0.190210459313793,"SAA1"
"Negative Regulation Of Cell Death (GO:0060548)","1/64",0.762079698792904,0.878187801050072,0,0,0.700064641241112,0.190210459313793,"PACRG"
"Neuron Projection Guidance (GO:0097485)","2/124",0.764057691551617,0.879583921409302,0,0,0.722463848927549,0.194423676982105,"SEMA6A;KALRN"
"Endosomal Transport (GO:0016197)","3/180",0.764576235556661,0.879583921409302,0,0,0.74653312788906,0.200394529564279,"TINAGL1;WIPF3;DENND2A"
"Canonical Wnt Signaling Pathway (GO:0060070)","1/65",0.767366517946065,0.880486405845563,0,0,0.689090780542986,0.182464852629834,"SFRP1"
"Regulation Of Tyrosine Phosphorylation Of STAT Protein (GO:0042509)","1/65",0.767366517946065,0.880486405845563,0,0,0.689090780542986,0.182464852629834,"GHR"
"Positive Regulation Of Cell Cycle (GO:0045787)","1/65",0.767366517946065,0.880486405845563,0,0,0.689090780542986,0.182464852629834,"EGFR"
"Negative Regulation Of Cell Growth (GO:0030308)","2/125",0.767933359079329,0.880486405845563,0,0,0.716553287981859,0.189207559264294,"SFRP1;SCGB3A1"
"Negative Regulation Of Immune Response (GO:0050777)","1/66",0.772536117072379,0.884282562100407,0,0,0.678454577097111,0.175093194750425,"SPINK5"
"Response To Reactive Oxygen Species (GO:0000302)","1/66",0.772536117072379,0.884282562100407,0,0,0.678454577097111,0.175093194750425,"EGFR"
"Cytosolic Transport (GO:0016482)","2/127",0.775518939090207,0.886214881147324,0,0,0.705015873015873,0.179231162076938,"WIPF3;DENND2A"
"Regulation Of Anatomical Structure Morphogenesis (GO:0022603)","2/127",0.775518939090207,0.886214881147324,0,0,0.705015873015873,0.179231162076938,"SFRP1;WTIP"
"Regulation Of Neurogenesis (GO:0050767)","1/67",0.777591089651948,0.887101834777931,0,0,0.668140682846565,0.168073785168875,"MME"
"Peptidyl-Tyrosine Phosphorylation (GO:0018108)","1/67",0.777591089651948,0.887101834777931,0,0,0.668140682846565,0.168073785168875,"EGFR"
"Neuropeptide Signaling Pathway (GO:0007218)","1/68",0.782533971571167,0.890176533177739,0,0,0.658134666036334,0.161386429260495,"GALR1"
"Protein Homooligomerization (GO:0051260)","2/129",0.78288717746238,0.890176533177739,0,0,0.693841841198422,0.169829366315687,"ALDH1A2;RYR3"
"Protein Targeting (GO:0006605)","2/129",0.78288717746238,0.890176533177739,0,0,0.693841841198422,0.169829366315687,"NLGN1;AKAP6"
"Regulation Of DNA Repair (GO:0006282)","2/129",0.78288717746238,0.890176533177739,0,0,0.693841841198422,0.169829366315687,"EGFR;FGF10"
"Regulation Of Monoatomic Ion Transmembrane Transporter Activity (GO:0032412)","1/69",0.787367242869183,0.893045364944417,0,0,0.648422943838169,0.155012315095918,"NLGN1"
"Response To Molecule Of Bacterial Origin (GO:0002237)","1/69",0.787367242869183,0.893045364944417,0,0,0.648422943838169,0.155012315095918,"CITED1"
"Establishment Of Protein Localization To Membrane (GO:0090150)","1/69",0.787367242869183,0.893045364944417,0,0,0.648422943838169,0.155012315095918,"EGFR"
"Neutrophil Chemotaxis (GO:0030593)","1/70",0.792093328888274,0.896722841210471,0,0,0.638992720834153,0.148933902293239,"SAA1"
"Regulation Of G Protein-Coupled Receptor Signaling Pathway (GO:0008277)","1/70",0.792093328888274,0.896722841210471,0,0,0.638992720834153,0.148933902293239,"RGS6"
"Endocytosis (GO:0006897)","3/189",0.792574607644025,0.896722841210471,0,0,0.71008064516129,0.165071478692805,"DNER;ADORA1;VLDLR"
"Negative Regulation Of Protein Binding (GO:0032091)","1/71",0.796714601313713,0.89839484464565,0,0,0.629831932773109,0.143134821229872,"NES"
"Lipid Biosynthetic Process (GO:0008610)","1/71",0.796714601313713,0.89839484464565,0,0,0.629831932773109,0.143134821229872,"MLXIPL"
"Negative Regulation Of Cell Motility (GO:2000146)","2/133",0.796989392121678,0.89839484464565,0,0,0.672517352997179,0.15260354213834,"KANK1;SFRP1"
"Cellular Response To Oxygen-Containing Compound (GO:1901701)","7/406",0.798413388443067,0.89839484464565,0,0,0.770883631096089,0.173548095270848,"NLGN1;SFRP1;SYT2;TESC;AKAP6;EGFR;RYR3"
"Regulation Of Cellular Localization (GO:0060341)","1/72",0.801233379470659,0.89839484464565,0,0,0.620929195079982,0.13759978124242,"GSN"
"Cellular Response To Hypoxia (GO:0071456)","1/72",0.801233379470659,0.89839484464565,0,0,0.620929195079982,0.13759978124242,"SFRP1"
"Plasma Membrane Organization (GO:0007009)","1/72",0.801233379470659,0.89839484464565,0,0,0.620929195079982,0.13759978124242,"CAVIN2"
"Cholesterol Homeostasis (GO:0042632)","1/72",0.801233379470659,0.89839484464565,0,0,0.620929195079982,0.13759978124242,"CYP39A1"
"Response To Ionizing Radiation (GO:0010212)","1/72",0.801233379470659,0.89839484464565,0,0,0.620929195079982,0.13759978124242,"SLC6A2"
"Negative Regulation Of Catabolic Process (GO:0009895)","1/72",0.801233379470659,0.89839484464565,0,0,0.620929195079982,0.13759978124242,"EGFR"
"Protein Localization To Membrane (GO:0072657)","3/192",0.801271077656932,0.89839484464565,0,0,0.698701298701299,0.154801440567972,"DPP6;NLGN1;TESC"
"Regulation Of Signal Transduction (GO:0009966)","3/193",0.80410127953154,0.900357138335562,0,0,0.694988038277512,0.151528275463274,"SH3TC2;IGFBP6;RGS6"
"Cellular Response To Decreased Oxygen Levels (GO:0036294)","1/73",0.805651931673531,0.900357138335562,0,0,0.612273755656109,0.132314487048817,"SFRP1"
"Sterol Homeostasis (GO:0055092)","1/73",0.805651931673531,0.900357138335562,0,0,0.612273755656109,0.132314487048817,"CYP39A1"
"Granulocyte Chemotaxis (GO:0071621)","1/73",0.805651931673531,0.900357138335562,0,0,0.612273755656109,0.132314487048817,"SAA1"
"Positive Regulation Of Lymphocyte Proliferation (GO:0050671)","1/74",0.809972475864673,0.904048502764167,0,0,0.603855451558917,0.127265563124938,"FGF10"
"Protein Localization To Plasma Membrane (GO:0072659)","2/137",0.810275758138519,0.904048502764167,0,0,0.652456538170824,0.137264228709317,"DPP6;TESC"
"Regulation Of DNA Replication (GO:0006275)","1/75",0.814197181283348,0.907683991186404,0,0,0.595664669194081,0.122440483945668,"EGFR"
"Cellular Response To Cytokine Stimulus (GO:0071345)","5/308",0.815397855473357,0.908282883761616,0,0,0.725394457253945,0.148037861495954,"GHR;SFRP1;MME;AKAP6;LIFR"
"Intracellular Calcium Ion Homeostasis (GO:0006874)","2/139",0.816624217559786,0.908909393365323,0,0,0.642865418673552,0.130229261887062,"CDH23;HRC"
"Wnt Signaling Pathway (GO:0016055)","1/76",0.818328169009231,0.909327324166913,0,0,0.587692307692308,0.117827511079662,"SFRP1"
"Transcription Initiation At RNA Polymerase II Promoter (GO:0006367)","1/76",0.818328169009231,0.909327324166913,0,0,0.587692307692308,0.117827511079662,"PPARGC1A"
"Regulation Of Immune Response (GO:0050776)","1/77",0.822367513346369,0.910122171197397,0,0,0.579929745177423,0.113415635055707,"SPINK5"
"Negative Regulation Of Transforming Growth Factor Beta Receptor Signaling Pathway (GO:0030512)","1/77",0.822367513346369,0.910122171197397,0,0,0.579929745177423,0.113415635055707,"SPRY2"
"Neutrophil Migration (GO:1990266)","1/77",0.822367513346369,0.910122171197397,0,0,0.579929745177423,0.113415635055707,"SAA1"
"Embryonic Organ Development (GO:0048568)","1/77",0.822367513346369,0.910122171197397,0,0,0.579929745177423,0.113415635055707,"NES"
"Positive Regulation Of Endothelial Cell Proliferation (GO:0001938)","1/77",0.822367513346369,0.910122171197397,0,0,0.579929745177423,0.113415635055707,"VEGFD"
"Organic Substance Transport (GO:0071702)","3/201",0.825544269321713,0.912435848823929,0,0,0.666632231404959,0.127801658185242,"CDH23;SLC6A2;RYR3"
"Protein Localization To Cell Periphery (GO:1990778)","2/142",0.825791100579144,0.912435848823929,0,0,0.628992549400713,0.120397629071186,"DPP6;TESC"
"Regulation Of Cyclin-Dependent Protein Serine/Threonine Kinase Activity (GO:0000079)","1/79",0.830179341676106,0.913348336538902,0,0,0.565001740341107,0.105154466782369,"EGFR"
"Cellular Response To UV (GO:0034644)","1/79",0.830179341676106,0.913348336538902,0,0,0.565001740341107,0.105154466782369,"MME"
"Positive Regulation Of Endocytosis (GO:0045807)","1/79",0.830179341676106,0.913348336538902,0,0,0.565001740341107,0.105154466782369,"NLGN1"
"Positive Regulation Of Protein Modification By Small Protein Conjugation Or Removal (GO:1903322)","1/79",0.830179341676106,0.913348336538902,0,0,0.565001740341107,0.105154466782369,"FAM107A"
"Ras Protein Signal Transduction (GO:0007265)","2/144",0.831671649896554,0.913348336538902,0,0,0.620069624093769,0.114289724869868,"MRAS;ARHGAP6"
"Actin Filament Organization (GO:0007015)","2/144",0.831671649896554,0.913348336538902,0,0,0.620069624093769,0.114289724869868,"GSN;LMOD1"
"Negative Regulation Of Protein Serine/Threonine Kinase Activity (GO:0071901)","1/80",0.833955749213753,0.913348336538902,0,0,0.557821181052752,0.101286345543483,"SPRY2"
"Regulation Of Organelle Assembly (GO:1902115)","1/80",0.833955749213753,0.913348336538902,0,0,0.557821181052752,0.101286345543483,"GSN"
"Response To Type II Interferon (GO:0034341)","1/80",0.833955749213753,0.913348336538902,0,0,0.557821181052752,0.101286345543483,"CITED1"
"Positive Regulation Of Immune Response (GO:0050778)","1/80",0.833955749213753,0.913348336538902,0,0,0.557821181052752,0.101286345543483,"PCK1"
"Wound Healing (GO:0042060)","1/80",0.833955749213753,0.913348336538902,0,0,0.557821181052752,0.101286345543483,"FGF10"
"Negative Regulation Of Response To External Stimulus (GO:0032102)","2/146",0.837372798289449,0.915927003676872,0,0,0.611394557823129,0.108513919132736,"LRFN5;SAA1"
"Cellular Response To Interleukin-1 (GO:0071347)","1/81",0.837648362749045,0.915927003676872,0,0,0.550820135746606,0.0975815774727306,"SFRP1"
"Protein Stabilization (GO:0050821)","3/208",0.842632370499045,0.919329845198419,0,0,0.643636363636364,0.110206322769682,"TESC;PPARGC1A;CRYAB"
"Negative Regulation Of Cellular Process (GO:0048523)","9/537",0.844453335204826,0.919329845198419,0,0,0.747368558860494,0.126354464469968,"SFRP1;PACRG;TESC;ALDH1A2;SCGB3A1;IGFBP6;ADAMTS8;CRYAB;PLXNA4"
"Calcium Ion Transmembrane Import Into Cytosol (GO:0097553)","1/83",0.844789587479629,0.919329845198419,0,0,0.537330316742081,0.0906302641154077,"GRIN2B"
"Phospholipase C-activating G Protein-Coupled Receptor Signaling Pathway (GO:0007200)","1/83",0.844789587479629,0.919329845198419,0,0,0.537330316742081,0.0906302641154077,"GPR17"
"Vesicle-Mediated Transport To The Plasma Membrane (GO:0098876)","1/83",0.844789587479629,0.919329845198419,0,0,0.537330316742081,0.0906302641154077,"WIPF3"
"Regulation Of NIK/NF-kappaB Signaling (GO:1901222)","1/83",0.844789587479629,0.919329845198419,0,0,0.537330316742081,0.0906302641154077,"EGFR"
"Positive Regulation Of Protein Ubiquitination (GO:0031398)","1/84",0.848241787010554,0.921621433664642,0,0,0.530829199149539,0.0873689430700414,"FAM107A"
"Purine Ribonucleotide Metabolic Process (GO:0009150)","1/84",0.848241787010554,0.921621433664642,0,0,0.530829199149539,0.0873689430700414,"ATP1A2"
"Cellular Respiration (GO:0045333)","1/85",0.851617370938515,0.922360902543376,0,0,0.524482870071105,0.0842413624405227,"PPARGC1A"
"Integrin-Mediated Signaling Pathway (GO:0007229)","1/85",0.851617370938515,0.922360902543376,0,0,0.524482870071105,0.0842413624405227,"ITGA9"
"mRNA Metabolic Process (GO:0016071)","1/85",0.851617370938515,0.922360902543376,0,0,0.524482870071105,0.0842413624405227,"PPARGC1A"
"Negative Regulation Of Cell Cycle (GO:0045786)","1/85",0.851617370938515,0.922360902543376,0,0,0.524482870071105,0.0842413624405227,"CDKN1C"
"Exocytosis (GO:0006887)","1/86",0.854918035804975,0.924472978686422,0,0,0.518285866382752,0.0812411432874531,"WIPF3"
"Negative Regulation Of Binding (GO:0051100)","1/86",0.854918035804975,0.924472978686422,0,0,0.518285866382752,0.0812411432874531,"NES"
"Regulation Of Insulin Secretion (GO:0050796)","1/87",0.858145440708949,0.927230551168548,0,0,0.512232979059244,0.078362262990908,"SFRP1"
"Regulation Of Endothelial Cell Migration (GO:0010594)","1/88",0.861301208214276,0.929173643849759,0,0,0.50631923857076,0.0755990320368944,"ADAMTS9"
"Negative Regulation Of Protein Kinase Activity (GO:0006469)","1/88",0.861301208214276,0.929173643849759,0,0,0.50631923857076,0.0755990320368944,"CDKN1C"
"Organic Anion Transport (GO:0015711)","1/89",0.864386924732032,0.930303223237541,0,0,0.500539901275195,0.0729460728304556,"RHAG"
"Cellular Response To Chemical Stress (GO:0062197)","1/89",0.864386924732032,0.930303223237541,0,0,0.500539901275195,0.0729460728304556,"PPARGC1A"
"Sensory Perception Of Mechanical Stimulus (GO:0050954)","1/89",0.864386924732032,0.930303223237541,0,0,0.500539901275195,0.0729460728304556,"CDH23"
"Peptidyl-Serine Phosphorylation (GO:0018105)","2/158",0.868055028187525,0.933517151287291,0,0,0.564015349729635,0.0798082677575965,"PKN3;PCK1"
"Sensory Perception Of Sound (GO:0007605)","1/92",0.873239113570852,0.937619095277252,0,0,0.483963999801104,0.0655993175006557,"CDH23"
"Steroid Metabolic Process (GO:0008202)","1/92",0.873239113570852,0.937619095277252,0,0,0.483963999801104,0.0655993175006557,"CYP39A1"
"Regulation Of Gene Expression (GO:0010468)","20/1127",0.874807182403826,0.938566640055516,0,0,0.788022064617809,0.105399353723455,"BTNL9;ZNF462;NTRK2;GSN;RHOXF1;CITED1;TESC;NTRK3;WTIP;POU3F3;ACE2;MLXIPL;SFRP1;PKP1;SPRY2;HOXD3;IGF2BP2;SOX6;PPARGC1A;FGF10"
"Protein O-linked Glycosylation (GO:0006493)","1/93",0.876059802622532,0.939174526069104,0,0,0.478678929765886,0.0633392375880141,"TMTC1"
"Protein Autophosphorylation (GO:0046777)","2/162",0.877040808564375,0.939490506200806,0,0,0.549801587301587,0.072134933536275,"NTRK2;EGFR"
"Negative Regulation Of Cell Migration (GO:0030336)","2/163",0.87919747205246,0.941064377826284,0,0,0.54635850199293,0.0703413357517908,"KANK1;SFRP1"
"T Cell Receptor Signaling Pathway (GO:0050852)","1/95",0.881514682349362,0.941483005399209,0,0,0.468446134591316,0.0590774383639354,"BTNL9"
"Positive Regulation Of Epithelial Cell Migration (GO:0010634)","1/95",0.881514682349362,0.941483005399209,0,0,0.468446134591316,0.0590774383639354,"FGF10"
"Negative Regulation Of Nucleic Acid-Templated Transcription (GO:1903507)","7/456",0.881651726020296,0.941483005399209,0,0,0.6832512617233,0.0860610781765669,"CDKN1C;MLXIPL;SFRP1;CITED1;ZBTB16;CRYAB;POU3F3"
"Apoptotic Process (GO:0006915)","3/228",0.883694582356048,0.942681903343415,0,0,0.585818181818182,0.0724327691871532,"SEMA6A;PLAGL1;ZBTB16"
"Regulation Of Protein Metabolic Process (GO:0051246)","1/96",0.884151617160661,0.942681903343415,0,0,0.463491307454156,0.0570681637057694,"PM20D2"
"Peptidyl-Serine Modification (GO:0018209)","2/166",0.88545982588571,0.943342024620651,0,0,0.536281179138322,0.0652376356504661,"PKN3;PCK1"
"Negative Regulation Of Macromolecule Biosynthetic Process (GO:0010558)","1/98",0.889251111799676,0.94444125062355,0,0,0.453888137332649,0.0532754005712894,"IGF2BP2"
"RNA Splicing (GO:0008380)","1/98",0.889251111799676,0.94444125062355,0,0,0.453888137332649,0.0532754005712894,"PPARGC1A"
"Phosphatidylinositol Biosynthetic Process (GO:0006661)","1/98",0.889251111799676,0.94444125062355,0,0,0.453888137332649,0.0532754005712894,"PITPNM3"
"Positive Regulation Of Protein-Containing Complex Assembly (GO:0031334)","1/98",0.889251111799676,0.94444125062355,0,0,0.453888137332649,0.0532754005712894,"TPPP2"
"Axon Development (GO:0061564)","1/99",0.891716237806913,0.946325216711367,0,0,0.449233539569674,0.0514854502556845,"NMNAT2"
"Response To UV (GO:0009411)","1/100",0.894126613334542,0.948148205774584,0,0,0.444672974084739,0.049762413461761,"EGFR"
"Visual Perception (GO:0007601)","1/101",0.896483451605248,0.949911644928471,0,0,0.440203619909502,0.0481034464549752,"GRM6"
"Positive Regulation Of Intracellular Signal Transduction (GO:1902533)","8/525",0.898668397511249,0.950147250003967,0,0,0.67729384824029,0.0723628669128753,"NTRK2;NLGN1;MYOC;NTRK3;SPRY2;IGFBP6;EGFR;FGF10"
"Regulation Of Protein Secretion (GO:0050708)","1/102",0.898787939192942,0.950147250003967,0,0,0.435822767797142,0.0465058445697324,"SAA1"
"Sensory Perception Of Light Stimulus (GO:0050953)","1/102",0.898787939192942,0.950147250003967,0,0,0.435822767797142,0.0465058445697324,"CDH23"
"Regulation Of Inflammatory Response (GO:0050727)","3/240",0.903485630773215,0.954376410901645,0,0,0.555811277330265,0.0564121061863857,"ACE2;LRFN5;SAA1"
"Positive Regulation Of Stress-Activated MAPK Cascade (GO:0032874)","1/105",0.905398772612655,0.955659922672879,0,0,0.423185694396102,0.0420561095073835,"IGFBP6"
"Monoatomic Ion Transport (GO:0006811)","1/107",0.909564839263103,0.959317615524798,0,0,0.415158371040724,0.0393524437008886,"TRPM3"
"Response To Tumor Necrosis Factor (GO:0034612)","1/108",0.911578709489514,0.95996250253165,0,0,0.411257241933438,0.0380731002739099,"SFRP1"
"Glycerophospholipid Biosynthetic Process (GO:0046474)","1/108",0.911578709489514,0.95996250253165,0,0,0.411257241933438,0.0380731002739099,"PITPNM3"
"Positive Regulation Of Cysteine-Type Endopeptidase Activity Involved In Apoptotic Process (GO:0043280)","1/109",0.913547831311932,0.961296680296722,0,0,0.407428355957768,0.0368394861747139,"GSN"
"Mitotic Cell Cycle Phase Transition (GO:0044772)","1/111",0.917355776421372,0.964562256467633,0,0,0.399979432332373,0.0345021871632455,"NES"
"Small GTPase Mediated Signal Transduction (GO:0007264)","1/112",0.919196518497517,0.965015363361274,0,0,0.396355631649749,0.0333950785016413,"MRAS"
"Protein Deubiquitination (GO:0016579)","1/112",0.919196518497517,0.965015363361274,0,0,0.396355631649749,0.0333950785016413,"USP17L2"
"Protein Modification By Small Protein Removal (GO:0070646)","1/114",0.92275618072415,0.96747868342572,0,0,0.389300444480038,0.031295955750304,"USP17L2"
"Axonogenesis (GO:0007409)","2/188",0.922956289666903,0.96747868342572,0,0,0.472313656645454,0.0378669928569873,"SEMA6A;KALRN"
"Cytokine-Mediated Signaling Pathway (GO:0019221)","3/257",0.926334542662235,0.970276961671462,0,0,0.518154974946314,0.0396491318441604,"GHR;CNTFR;LIFR"
"Negative Regulation Of Programmed Cell Death (GO:0043069)","5/381",0.927057053369019,0.970291365490969,0,0,0.582343583017585,0.0441068014318316,"SFRP1;SPRY2;CRYAB;EGFR;POU3F3"
"Regulation Of Protein Binding (GO:0043393)","1/118",0.92941292568452,0.972013976518035,0,0,0.3759136790811,0.027517691353788,"NES"
"Cellular Response To Tumor Necrosis Factor (GO:0071356)","1/119",0.930985663540126,0.972915552203384,0,0,0.372708796686862,0.0266529281467155,"SFRP1"
"Protein-Containing Complex Assembly (GO:0065003)","4/328",0.934706424013262,0.974654203560393,0,0,0.540875727663883,0.0365214349350938,"DMD;PALS2;PPARGC1A;COX7A1"
"Regulation Of Protein Catabolic Process (GO:0042176)","1/122",0.935497168355264,0.974654203560393,0,0,0.363411989080438,0.0242312793966973,"EGFR"
"Fatty Acid Metabolic Process (GO:0006631)","1/122",0.935497168355264,0.974654203560393,0,0,0.363411989080438,0.0242312793966973,"PPARGC1A"
"Positive Regulation Of Macromolecule Biosynthetic Process (GO:0010557)","1/122",0.935497168355264,0.974654203560393,0,0,0.363411989080438,0.0242312793966973,"SORBS1"
"Organonitrogen Compound Biosynthetic Process (GO:1901566)","1/123",0.936934628892424,0.975409510991429,0,0,0.360414657666345,0.0234780471368488,"DMD"
"Protein Dephosphorylation (GO:0006470)","1/124",0.938340124785334,0.976130418564682,0,0,0.357466063348416,0.0227501373590067,"PTPRZ1"
"Regulation Of Mitotic Cell Cycle (GO:0007346)","1/125",0.939714365311412,0.976817741922037,0,0,0.354565027003357,0.0220466110639798,"CDKN1C"
"Cellular Response To Starvation (GO:0009267)","1/126",0.941058043918102,0.977472277787467,0,0,0.351710407239819,0.0213665683479814,"SFRP1"
"Regulation Of Cell Cycle Process (GO:0010564)","1/130",0.946140479227125,0.982006304823301,0,0,0.340734504893192,0.0188645010544661,"SFRP1"
"Circulatory System Development (GO:0072359)","1/132",0.948515259908042,0.983725296071295,0,0,0.335497910262167,0.0177335476688298,"NTRK3"
"Antigen Receptor-Mediated Signaling Pathway (GO:0050851)","1/134",0.950785552610377,0.984880115648747,0,0,0.330418807198993,0.016675159569558,"BTNL9"
"Vesicle-Mediated Transport (GO:0016192)","5/411",0.951866691202896,0.984880115648747,0,0,0.538469757293565,0.0265628661846178,"TINAGL1;WIPF3;DNER;ARAP3;KALRN"
"Non-Membrane-Bounded Organelle Assembly (GO:0140694)","1/135",0.95188295747211,0.984880115648747,0,0,0.32793611129871,0.0161715775944806,"LMOD1"
"Regulation Of Apoptotic Process (GO:0042981)","10/705",0.952506408414128,0.984880115648747,0,0,0.626779869407015,0.0304981331821859,"SFRP1;PHLPP1;CITED1;NTF3;SPRY2;USP17L2;SLC6A2;CRYAB;EGFR;POU3F3"
"Protein Localization To Organelle (GO:0033365)","1/137",0.954005056304027,0.984941871855364,0,0,0.323080250199627,0.0152126559883212,"FSIP2"
"Negative Regulation Of Cellular Biosynthetic Process (GO:0031327)","1/137",0.954005056304027,0.984941871855364,0,0,0.323080250199627,0.0152126559883212,"IGF2BP2"
"Organelle Organization (GO:0006996)","5/418",0.956424183793734,0.986695333544553,0,0,0.52914966776123,0.0235756059481187,"SEMA6A;ARAP3;PYROXD2;WTIP;PPARGC1A"
"Positive Regulation Of Cellular Catabolic Process (GO:0031331)","1/146",0.962456368787697,0.991654772051546,0,0,0.30288656576689,0.0115904223919538,"MLXIPL"
"Dephosphorylation (GO:0016311)","1/147",0.963294025298038,0.991654772051546,0,0,0.300796504060001,0.0112487640065631,"PTPRZ1"
"Cilium Organization (GO:0044782)","2/228",0.963404563059574,0.991654772051546,0,0,0.387915638231694,0.0144622120107133,"GSN;ABLIM3"
"Negative Regulation Of Intracellular Signal Transduction (GO:1902532)","2/231",0.965427523363545,0.992990442888574,0,0,0.382774361564131,0.0134676274373431,"PHLPP1;WTIP"
"Peptide Biosynthetic Process (GO:0043043)","1/158",0.971364139203312,0.997576538063276,0,0,0.279563074617402,0.0081223882101625,"DMD"
"Response To Lipopolysaccharide (GO:0032496)","1/159",0.972003422234045,0.997576538063276,0,0,0.277779368806919,0.00788781009850564,"CITED1"
"Cilium Assembly (GO:0060271)","2/243",0.97249600586091,0.997576538063276,0,0,0.363489240786218,0.0101374643294537,"GSN;ABLIM3"
"Regulation Of Nucleic Acid-Templated Transcription (GO:1903506)","5/452",0.973447426872548,0.997576538063276,0,0,0.488032852195765,0.0131336765161178,"MLXIPL;RHOXF1;WTIP;SOX6;PPARGC1A"
"Positive Regulation Of Programmed Cell Death (GO:0043068)","2/245",0.973529769797324,0.997576538063276,0,0,0.360460233476107,0.00967002143329291,"SFRP1;SLC6A2"
"Heart Development (GO:0007507)","1/171",0.978649690922279,0.999994521035396,0,0,0.258011711471919,0.00556828590577923,"NTRK3"
"Positive Regulation Of Apoptotic Process (GO:0043065)","2/270",0.983671174552698,0.999994521035396,0,0,0.326412156902562,0.00537392244410458,"SFRP1;SLC6A2"
"RNA Processing (GO:0006396)","1/183",0.983720713756333,0.999994521035396,0,0,0.240850778181095,0.00395314396270846,"PPARGC1A"
"Phosphate-Containing Compound Metabolic Process (GO:0006796)","1/184",0.984084574349561,0.999994521035396,0,0,0.239522290631259,0.00384276055974054,"ALDOC"
"Negative Regulation Of Macromolecule Metabolic Process (GO:0010605)","1/186",0.984788127832116,0.999994521035396,0,0,0.236908401614284,0.00363151193430481,"SFRP1"
"Protein Localization (GO:0008104)","3/351",0.985032012825304,0.999994521035396,0,0,0.376351880877743,0.00567581465505558,"DMD;EGFR;FGF10"
"Plasma Membrane Bounded Cell Projection Assembly (GO:0120031)","2/275",0.98518799270524,0.999994521035396,0,0,0.320350850963096,0.00478053183326825,"GSN;ABLIM3"
"Intracellular Monoatomic Cation Homeostasis (GO:0030003)","1/190",0.986103483025415,0.999994521035396,0,0,0.231846584787761,0.00324445589750569,"ATP1A2"
"Transcription By RNA Polymerase II (GO:0006366)","1/192",0.986717957595558,0.999994521035396,0,0,0.229395181350833,0.00306725160283432,"PPARGC1A"
"Modification-Dependent Protein Catabolic Process (GO:0019941)","1/192",0.986717957595558,0.999994521035396,0,0,0.229395181350833,0.00306725160283432,"RNF150"
"DNA-templated Transcription (GO:0006351)","1/199",0.988662775858209,0.999994521035396,0,0,0.221205265322912,0.0025221780929263,"HOXD3"
"Regulation Of Translation (GO:0006417)","1/202",0.989406676459003,0.999994521035396,0,0,0.217869926386169,0.00232027816258592,"IGF2BP2"
"Regulation Of Cell Cycle (GO:0051726)","2/298",0.990573023615474,0.999994521035396,0,0,0.295106330820617,0.00279515614517914,"SFRP1;PLAGL1"
"mRNA Processing (GO:0006397)","1/214",0.991925887857115,0.999994521035396,0,0,0.205468102734051,0.00166570613818599,"PPARGC1A"
"Organelle Assembly (GO:0070925)","2/322",0.994148661072157,0.999994521035396,0,0,0.272633219954649,0.00159995489047596,"GSN;ABLIM3"
"Intracellular Protein Transport (GO:0006886)","2/325",0.994489232150852,0.999994521035396,0,0,0.270058900753284,0.00149234768561755,"NLGN1;AKAP6"
"Positive Regulation Of DNA-templated Transcription (GO:0045893)","16/1243",0.994799300893744,0.999994521035396,0,0,0.559770503255212,0.00291879443774862,"CDKN1C;TCF15;CITED1;IRX6;TESC;ZBTB16;EGFR;POU3F3;RGMA;MLXIPL;SFRP1;NFIB;GALR1;PLAGL1;HOXD3;PPARGC1A"
"Inflammatory Response (GO:0006954)","1/236",0.995094080041011,0.999994521035396,0,0,0.186020987773178,0.000914850006563616,"ADORA1"
"Negative Regulation Of Gene Expression (GO:0010629)","2/336",0.995579735295257,0.999994521035396,0,0,0.261015384197591,0.00115631458535516,"SFRP1;IGF2BP2"
"Protein Phosphorylation (GO:0006468)","4/500",0.995989503914195,0.999994521035396,0,0,0.350154309648027,0.00140711599467095,"NTRK2;PKN3;PCK1;EGFR"
"Positive Regulation Of DNA-binding Transcription Factor Activity (GO:0051091)","1/246",0.996088821845609,0.999994521035396,0,0,0.178335949764521,0.000698871268531775,"PPARGC1A"
"Positive Regulation Of Transcription By RNA Polymerase II (GO:0045944)","10/938",0.997542795996943,0.999994521035396,0,0,0.46361093414032,0.00114058854720068,"MLXIPL;TCF15;CITED1;NFIB;GALR1;PLAGL1;HOXD3;PPARGC1A;EGFR;RGMA"
"Gene Expression (GO:0010467)","1/296",0.998741496799596,0.999994521035396,0,0,0.147726052611397,0.000186030794738664,"TESC"
"Protein Transport (GO:0015031)","1/313",0.999144164504671,0.999994521035396,0,0,0.139553602506091,0.000119486064029375,"VLDLR"
"Regulation Of DNA-templated Transcription (GO:0006355)","25/1922",0.999176241444632,0.999994521035396,0,0,0.55678444686019,0.000458844966287611,"CDKN1C;RHOXF1;CITED1;HIF3A;EGFR;HOXA3;ALX4;SOX6;PPARGC1A;HOXA4;IRX1;TCF15;IRX6;TESC;ZBTB16;EBF2;WTIP;POU3F3;TBX18;KLF8;MLXIPL;SFRP1;NFIB;HOXD3;CRYAB"
"Proteasome-Mediated Ubiquitin-Dependent Protein Catabolic Process (GO:0043161)","1/319",0.999253029414787,0.999994521035396,0,0,0.136877828054299,0.000102281916873629,"ECRG4"
"Positive Regulation Of Cytokine Production (GO:0001819)","1/320",0.999269774213363,0.999994521035396,0,0,0.136441651654633,9.96696074988973e-05,"SAA1"
"Negative Regulation Of DNA-templated Transcription (GO:0045892)","10/1025",0.999298138579223,0.999994521035396,0,0,0.421893309366432,0.000296214600492429,"CDKN1C;IRX1;KLF8;MLXIPL;SFRP1;CITED1;NFIB;ZBTB16;CRYAB;POU3F3"
"Ubiquitin-Dependent Protein Catabolic Process (GO:0006511)","1/367",0.999747793859143,0.999994521035396,0,0,0.118629923596172,2.99229687571633e-05,"RNF150"
"Phosphorylation (GO:0016310)","1/429",0.999936363548709,0.999994521035396,0,0,0.101117477904174,6.43496220856158e-06,"PKN3"
"Regulation Of Transcription By RNA Polymerase II (GO:0006357)","23/2028",0.999942877510082,0.999994521035396,0,0,0.479391996199976,2.73848466223366e-05,"IRX1;RHOXF1;TCF15;CITED1;IRX6;ZBTB16;EBF2;HIF3A;EGFR;POU3F3;TBX18;RGMA;KLF8;MLXIPL;NFIB;GALR1;PLAGL1;HOXA3;ALX4;HOXD3;SOX6;PPARGC1A;HOXA4"
"Negative Regulation Of Transcription By RNA Polymerase II (GO:0000122)","3/763",0.999991173656917,0.999994521035396,0,0,0.168633373205742,1.48842257575103e-06,"IRX1;KLF8;ZBTB16"
"Protein Modification Process (GO:0036211)","2/711",0.999994521035396,0.999994521035396,0,0,0.120562000070362,6.60556740572821e-07,"PTPRZ1;PKN3"
